label,radius_norm,radius_rank,log_volume,volume_rank,recent_speed_relcentroid,recent_radial_relcentroid,recent_tangential_relcentroid,recent_speed_abs,accel_mag_relcentroid,accel_radial_relcentroid,accel_tangential_relcentroid,recent_log_volume_change,old_speed_relcentroid,old_radial_relcentroid,old_tangential_relcentroid,old_log_volume_change_rate,future_radial_velocity,future_speed,knn3_mean_distance,knn3_max_distance,knn3_distance_sd,knn3_log_density,knn3_neighbor_logvol_mean,knn3_neighbor_logvol_sd,knn3_focal_minus_neighbor_logvol,knn3_shape_eigfrac1,knn3_shape_eigfrac2,knn5_mean_distance,knn5_max_distance,knn5_distance_sd,knn5_log_density,knn5_neighbor_logvol_mean,knn5_neighbor_logvol_sd,knn5_focal_minus_neighbor_logvol,knn5_shape_eigfrac1,knn5_shape_eigfrac2,knn10_mean_distance,knn10_max_distance,knn10_distance_sd,knn10_log_density,knn10_neighbor_logvol_mean,knn10_neighbor_logvol_sd,knn10_focal_minus_neighbor_logvol,knn10_shape_eigfrac1,knn10_shape_eigfrac2,neighbor_velocity_mean_speed,neighbor_velocity_speed_sd,neighbor_velocity_consensus_mag,focal_minus_neighbor_consensus_speed,focal_neighbor_velocity_alignment,neighbor_radial_velocity_mean,neighbor_radial_velocity_sd,sequence,organism,r8_eigfrac1,r8_eigfrac2,r8_eigfrac3,r8_axis_ratio21,r8_axis_ratio31,r8_bbox_major,r8_bbox_mid,r8_bbox_minor,r8_bbox_ratio_minor_major,r8_projected_area_px,r8_perimeter_px,r8_roundness,r8_intensity_mean,r8_intensity_var,r8_intensity_q25,r8_intensity_median,r8_intensity_q75,r8_gradient_mean_inplane,r8_gradient_q75_inplane,r8_boundary_mean_intensity,r8_outside_neighbor_mean_intensity,r8_boundary_contrast_norm,r8_intensity_polarity_norm,r8_intensity_axis_asym_abs,r8_d23_25_eigfrac1,r8_d24_25_eigfrac1,r8_d23_25_axis_ratio21,r8_d24_25_axis_ratio21,r8_d23_25_bbox_ratio_minor_major,r8_d24_25_bbox_ratio_minor_major,r8_d23_25_roundness,r8_d24_25_roundness,r8_d23_25_intensity_mean,r8_d24_25_intensity_mean,r8_d23_25_intensity_var,r8_d24_25_intensity_var,r8_d23_25_intensity_median,r8_d24_25_intensity_median,r8_d23_25_gradient_mean_inplane,r8_d24_25_gradient_mean_inplane,r8_d23_25_boundary_contrast_norm,r8_d24_25_boundary_contrast_norm,r8_d23_25_intensity_polarity_norm,r8_d24_25_intensity_polarity_norm,r8_d23_25_intensity_axis_asym_abs,r8_d24_25_intensity_axis_asym_abs,r8_rank_eigfrac1,r8_rank_eigfrac2,r8_rank_eigfrac3,r8_rank_axis_ratio21,r8_rank_axis_ratio31,r8_rank_bbox_major,r8_rank_bbox_mid,r8_rank_bbox_minor,r8_rank_bbox_ratio_minor_major,r8_rank_projected_area_px,r8_rank_perimeter_px,r8_rank_roundness,r8_rank_intensity_mean,r8_rank_intensity_var,r8_rank_intensity_q25,r8_rank_intensity_median,r8_rank_intensity_q75,r8_rank_gradient_mean_inplane,r8_rank_gradient_q75_inplane,r8_rank_boundary_mean_intensity,r8_rank_outside_neighbor_mean_intensity,r8_rank_boundary_contrast_norm,r8_rank_intensity_polarity_norm,r8_rank_intensity_axis_asym_abs,r8_knn5_eigfrac1_mean,r8_knn5_eigfrac1_sd,r8_knn5_eigfrac1_contrast,r8_knn5_axis_ratio21_mean,r8_knn5_axis_ratio21_sd,r8_knn5_axis_ratio21_contrast,r8_knn5_bbox_ratio_minor_major_mean,r8_knn5_bbox_ratio_minor_major_sd,r8_knn5_bbox_ratio_minor_major_contrast,r8_knn5_roundness_mean,r8_knn5_roundness_sd,r8_knn5_roundness_contrast,r8_knn5_intensity_mean_mean,r8_knn5_intensity_mean_sd,r8_knn5_intensity_mean_contrast,r8_knn5_intensity_var_mean,r8_knn5_intensity_var_sd,r8_knn5_intensity_var_contrast,r8_knn5_boundary_contrast_norm_mean,r8_knn5_boundary_contrast_norm_sd,r8_knn5_boundary_contrast_norm_contrast,r8_knn5_intensity_polarity_norm_mean,r8_knn5_intensity_polarity_norm_sd,r8_knn5_intensity_polarity_norm_contrast
1,0.8017983844332699,0.4692307692307692,2.302585092994046,0.5038461538461538,0.0044736911569742,-0.004462419727496,0.000317368466682,0.003420271223211,0.0031105030628786,-0.0011066900553081,0.002906968597295,0.0,0.0026854642906445,-0.0010180236230863,0.0024850244182231,0.0,0.0014381720360114,0.0020394557217563,0.097849135261316,0.1279062545522909,0.0243973349132468,5.21152762800456,2.302585092994046,0.0,0.0,0.7737398427796393,0.2262601571220291,0.115741069799055,0.1482402525259309,0.0291571602430494,5.427279899414027,2.302585092994046,0.0,0.0,0.6087903945546159,0.3912096053751895,0.1638951855523011,0.253481097732136,0.0579169795981798,5.047517140759073,2.302585092994046,0.0,0.0,0.7064273589433675,0.2935726410235375,0.0030093217753565,0.0018611018932398,0.0009984670214561,0.004413342834535,0.1716265144461757,-0.0002747714391038,0.0028161868419547,01,Tribolium,0.5,0.5,0.0,1.0,0.0,3.0,3.0,0.0,0.9999999999996666,9.0,12.0,0.7853981633974483,750.5555555555555,77.58024691358025,747.0,749.0,755.0,11.203279606414974,17.867568385205637,750.0,752.9166666666666,-0.0038860103626942,0.0054468307606783,0.0068897564932541,0.0,0.0,0.0,0.0,0.0,0.0,0.0,0.0,-43.0,0.4444444444444571,-366.0,-206.2962962962963,-42.0,2.0,-7.045572908589012,-7.083346838670703,-0.0092941593405714,-0.00788541785788,-0.012792339597941701,-0.0090511987624694,-0.0066575474608854,-0.0036324183757905004,0.5038461538461538,0.5038461538461538,0.5038461538461538,0.5038461538461538,0.5038461538461538,0.5038461538461538,0.5038461538461538,0.5038461538461538,0.5038461538461538,0.5038461538461538,0.5038461538461538,0.5038461538461538,0.2153846153846154,0.07692307692307693,0.23076923076923078,0.2153846153846154,0.2153846153846154,0.06923076923076923,0.13076923076923078,0.2153846153846154,0.23461538461538461,0.1,0.16923076923076924,0.46923076923076923,0.5,0.0,0.0,1.0,0.0,0.0,0.9999999999996666,0.0,0.0,0.7853981633974483,0.0,0.0,719.6666666666666,16.034992599135204,30.888888888888914,164.43456790123454,42.190592730151415,-86.85432098765429,0.01175002610647638,0.016984720189978854,-0.01563603646917058,0.009058515037848719,0.0023154276131709967,-0.003611684277170419
3,0.7636163591105136,0.4384615384615384,2.302585092994046,0.5038461538461538,0.0010021216505299,0.0009669675682199,0.0002630998374603,0.0024184969754297,0.0003352161417463,-4.03503536836e-05,0.0003327787713255,0.0,0.0037947722331527,0.0015507938662752,0.0034634281695785,0.0,6.812483856221808e-05,0.0020202453496384,0.0815514249146911,0.0956759359795075,0.0112496354138923,5.792189218184148,2.302585092994046,0.0,0.0,0.6588972657138438,0.3411027341386023,0.0924565479846214,0.1167159724603246,0.0167119759189975,5.9054616750757525,2.302585092994046,0.0,0.0,0.6981859638500075,0.3018140360367101,0.1360440784070495,0.2307859530153488,0.0512908953874375,5.235114309679844,2.302585092994046,0.0,0.0,0.8258543598107125,0.174145640141981,0.0032738032486771,0.0017423347700673,0.0013922213794169,0.0023941898562477,-0.9997371379227104,-0.0013238506614532,0.0027355890571121,01,Tribolium,0.5,0.5,0.0,1.0,0.0,3.0,3.0,0.0,0.9999999999996666,9.0,12.0,0.7853981633974483,732.6666666666666,123.77777777777776,725.0,729.0,741.0,13.72280834374826,18.66815470259447,734.25,735.6666666666666,-0.0019335759781619,0.0085287127878472,0.00204309881494,0.0,0.0,0.0,0.0,0.0,0.0,0.0,0.0,-30.1111111111112,-5.6666666666667425,29.827160493827137,4.0,-32.0,-7.0,0.7980327013699089,0.9809166572190211,-0.0173924252134131,-0.0086491515989294,0.0006982109716301005,0.0025322371246428,0.0015078861981953002,-0.0036705341442337,0.5038461538461538,0.5038461538461538,0.5038461538461538,0.5038461538461538,0.5038461538461538,0.5038461538461538,0.5038461538461538,0.5038461538461538,0.5038461538461538,0.5038461538461538,0.5038461538461538,0.5038461538461538,0.18461538461538463,0.16153846153846155,0.17692307692307693,0.16923076923076924,0.19230769230769232,0.13846153846153847,0.1576923076923077,0.19230769230769232,0.2,0.13076923076923078,0.34615384615384615,0.13076923076923078,0.5,0.0,0.0,1.0,0.0,0.0,0.9999999999996666,0.0,0.0,0.7853981633974483,0.0,0.0,723.2444444444445,20.03360140327208,9.422222222222103,155.19506172839505,53.598669188892195,-31.41728395061729,0.011359539229569919,0.01731407444889106,-0.013293115207731819,0.00844213863241494,0.0027448132427234356,8.65741554322598e-05
6,0.7988753889707356,0.4538461538461538,2.302585092994046,0.5038461538461538,0.0010021216505299,0.0009971062657008,0.0001001343964925,0.0024184969754297,0.0025712643875641,0.0017572393484647,0.0018771016016622,0.0,0.0013786626045626,0.000410580637981,0.0013161056632864,0.0,0.0024197361884455,0.0026688832187303,0.0767081778177076,0.0800664965619107,0.0028065421068707,6.148407853603692,2.302585092994046,0.0,0.0,0.7099224120136164,0.2900775878166625,0.0976236405540189,0.1338938988744412,0.0258940799130553,5.630853096607409,2.302585092994046,0.0,0.0,0.7583191266902505,0.2416808732117186,0.1440884257757079,0.2325784431783519,0.054035993127096,5.219640534662702,2.302585092994046,0.0,0.0,0.8704915069012418,0.1295084930565309,0.0036030575589248,0.002051306136576,0.0004768758123536,0.0007647958956586,0.67667126443302,0.0003966737715754,0.0035770111884679,01,Tribolium,0.5,0.5,0.0,1.0,0.0,3.0,3.0,0.0,0.9999999999996666,9.0,12.0,0.7853981633974483,794.0,125.11111111111111,782.0,798.0,803.0,12.114248293822747,17.804493814764857,792.125,785.0,0.0089735516372795,0.0078165351490459,0.0013711109670384,0.0,0.0,0.0,0.0,0.0,0.0,0.0,0.0,-17.888888888888914,-24.888888888888914,-82.32098765432102,-109.43209876543213,-14.0,-23.0,-10.993008770143305,-10.310697983748092,-0.0178158284092511,-0.0218100304522727,-0.00297138642913,-0.0048551487030283995,-0.013881630691158199,-0.0061069784783654,0.5038461538461538,0.5038461538461538,0.5038461538461538,0.5038461538461538,0.5038461538461538,0.5038461538461538,0.5038461538461538,0.5038461538461538,0.5038461538461538,0.5038461538461538,0.5038461538461538,0.5038461538461538,0.2846153846153846,0.16923076923076924,0.2846153846153846,0.2846153846153846,0.2846153846153846,0.1,0.12307692307692308,0.2846153846153846,0.2692307692307692,0.3384615384615385,0.3076923076923077,0.09230769230769231,0.5,0.0,0.0,1.0,0.0,0.0,0.9999999999996666,0.0,0.0,0.7853981633974483,0.0,0.0,705.7777777777777,33.23778899511744,88.22222222222229,121.11111111111109,29.50274064443324,4.000000000000028,0.018004015736005276,0.014335153612320505,-0.009030464098725776,0.008640504901961001,0.0010399023376597956,-0.0008239697529151008
7,0.8643574047982242,0.5,2.302585092994046,0.5038461538461538,0.0055988032053337,0.0046340830935929,0.0031419534073138,0.0054079236404385,0.003312859103854,0.003271196517275,0.0005237449640389,0.0,0.0029192332971593,-0.0012455781962096,0.0026401624950693,0.0,0.0013762149509412,0.0023085071290852,0.0862772481078596,0.1132827700872346,0.0192021157757588,5.454348680354545,2.302585092994046,0.0,0.0,0.7008435860119002,0.2991564138600995,0.1079488160798621,0.1415389066619412,0.0304333200107759,5.519799194287259,2.302585092994046,0.0,0.0,0.5416188906934036,0.4583811092270997,0.1459229919273151,0.2117946168320356,0.0460937379676097,5.406861617806194,2.302585092994046,0.0,0.0,0.7861054890238814,0.2138945109334166,0.0036344110011721,0.0018796578092887,0.0002684084350339,0.0056460380382961,-0.1527533587655344,-8.23705514892838e-05,0.0032386896315652,01,Tribolium,0.5,0.5,0.0,1.0,0.0,3.0,3.0,0.0,0.9999999999996666,9.0,12.0,0.7853981633974483,847.8888888888889,55.20987654320988,841.0,848.0,853.0,8.286948928410121,9.82344135219425,848.125,843.25,0.0057495741056217,0.0059578392985083,0.0080247993146333,0.0,0.0,0.0,0.0,0.0,0.0,0.0,0.0,-19.777777777777715,-20.888888888888914,-16.345679012345677,-117.18518518518519,-23.0,-12.0,-5.587303826329373,-8.295366351199581,-0.0029423198628761,-0.0091660161233078,6.270575906000032e-06,-0.0035216127287994994,0.0004965941888591995,-0.0016866960205265003,0.5038461538461538,0.5038461538461538,0.5038461538461538,0.5038461538461538,0.5038461538461538,0.5038461538461538,0.5038461538461538,0.5038461538461538,0.5038461538461538,0.5038461538461538,0.5038461538461538,0.5038461538461538,0.34615384615384615,0.046153846153846156,0.36153846153846153,0.34615384615384615,0.33076923076923076,0.023076923076923078,0.023076923076923078,0.34615384615384615,0.4076923076923077,0.2846153846153846,0.19230769230769232,0.5384615384615384,0.5,0.0,0.0,1.0,0.0,0.0,0.9999999999996666,0.0,0.0,0.7853981633974483,0.0,0.0,756.0666666666666,84.48392644261092,91.82222222222231,140.79506172839507,42.38436098119421,-85.5851851851852,0.01778211953104808,0.016907042950690912,-0.01203254542542638,0.00884782350388678,0.0017158451390512015,-0.0028899842053784807
8,0.3165160202847796,0.1153846153846153,2.302585092994046,0.5038461538461538,0.0018386016148562,0.0012691225761774,0.0013303322084309,0.003420271223211,0.0021156570499304,-0.0006418859874408,0.0020159333153771,0.0,0.0012259567280489,-0.0007031196077849,0.0010042871681929,0.0,0.0019197491901196,0.0019614857042378,0.0694886095011779,0.0721507004951783,0.0025713775025749,6.356608858349362,2.302585092994046,0.0,0.0,0.5907482049982032,0.4092517947949832,0.0759487784139393,0.0988038157059319,0.0116572928771091,6.238676021269231,2.302585092994046,0.0,0.0,0.6504564764409828,0.3495435233896436,0.1018580666147393,0.1397924725404198,0.0279563997718933,6.237777683185418,2.302585092994046,0.0,0.0,0.7444191876766001,0.255580812233767,0.0028833900374809,0.0010865928424938,0.0012170937819167,0.0008720014854466,0.9164083331249948,0.000399045944195,0.0022388725564222,01,Tribolium,0.5,0.5,0.0,1.0,0.0,3.0,3.0,0.0,0.9999999999996666,9.0,12.0,0.7853981633974483,810.5555555555555,139.58024691358025,803.0,806.0,819.0,15.5044582393019,18.97366596101028,811.625,819.8333333333334,-0.0101267991775188,0.008511123551139,0.0110806252930279,0.0,0.0,0.0,0.0,0.0,0.0,0.0,0.0,5.777777777777715,12.888888888888914,-585.2592592592592,-174.41975308641975,0.0,18.0,-14.661314889751718,-5.589498727779876,-0.008935994262428401,-0.0071493649944850005,-0.014587642617879199,-0.0048813298010457005,-0.020878063191446198,-0.005467675657709999,0.5038461538461538,0.5038461538461538,0.5038461538461538,0.5038461538461538,0.5038461538461538,0.5038461538461538,0.5038461538461538,0.5038461538461538,0.5038461538461538,0.5038461538461538,0.5038461538461538,0.5038461538461538,0.3076923076923077,0.2,0.3076923076923077,0.29615384615384616,0.3076923076923077,0.19230769230769232,0.18461538461538463,0.3076923076923077,0.3230769230769231,0.038461538461538464,0.3384615384615385,0.6615384615384615,0.5,0.0,0.0,1.0,0.0,0.0,0.9999999999996666,0.0,0.0,0.7853981633974483,0.0,0.0,859.9555555555555,72.15082282668646,-49.39999999999998,317.76790123456783,114.61182065798191,-178.18765432098758,0.01886924910542932,0.02152772540308296,-0.02899604828294812,0.0100280986724057,0.003822091603699722,-0.0015169751212667
9,0.3440961401614176,0.1307692307692307,2.302585092994046,0.5038461538461538,0.0018386016148562,0.0015041827199708,0.0010573032881311,0.003420271223211,0.0003352161417463,0.0002784863117831,0.0001865884129219,0.0,0.0012067215412377,-0.0004777354364001,0.0011081271275872,0.0,0.0026458599960912,0.0026688832187303,0.0697183163274991,0.0717849666250772,0.0019699845754529,6.3667726951374055,2.302585092994046,0.0,0.0,0.517034068029986,0.4829659317644439,0.0827756171107659,0.1308896283112491,0.0241579850708387,5.676239598147398,2.302585092994046,0.0,0.0,0.7663325666677189,0.2336674331977894,0.1163167034316674,0.1874920184892643,0.0400848719375141,5.650623098035647,2.302585092994046,0.0,0.0,0.7316110190363669,0.2683889808975669,0.0027808688962288,0.0010059676034827,0.0017358161105112,0.0003420271223211,0.9833278161803702,0.001251573816066,0.0013910133489295,01,Tribolium,0.5,0.5,0.0,1.0,0.0,3.0,3.0,0.0,0.9999999999996666,9.0,12.0,0.7853981633974483,872.5555555555555,256.2469135802469,857.0,876.0,884.0,20.508408537452954,26.004807247891687,871.25,859.5,0.0134661912644848,0.0114106045289407,0.0132565024916695,0.0,0.0,0.0,0.0,0.0,0.0,0.0,0.0,23.22222222222217,27.111111111111086,-210.8641975308642,194.4444444444444,31.0,27.0,-8.64209412375071,1.065640576713566,-0.012779884088733302,0.0335739583823714,-0.004114503137060301,0.0073689369471963,0.012775833389755801,0.0076229014272867004,0.5038461538461538,0.5038461538461538,0.5038461538461538,0.5038461538461538,0.5038461538461538,0.5038461538461538,0.5038461538461538,0.5038461538461538,0.5038461538461538,0.5038461538461538,0.5038461538461538,0.5038461538461538,0.4153846153846154,0.47692307692307695,0.4076923076923077,0.4,0.3923076923076923,0.4076923076923077,0.38461538461538464,0.4153846153846154,0.45384615384615384,0.4846153846153846,0.5923076923076923,0.7153846153846154,0.5,0.0,0.0,1.0,0.0,0.0,0.9999999999996666,0.0,0.0,0.7853981633974483,0.0,0.0,844.4,69.45831328178518,28.155555555555566,315.91604938271604,125.96075490264396,-59.66913580246916,0.009879450700567902,0.0203953843436335,0.0035867405639168973,0.01028787222969336,0.0032907116154605323,0.00112273229924734
10,0.4337524781515475,0.2230769230769231,2.302585092994046,0.5038461538461538,0.0018632897029761,-0.0018482225176853,0.0002364784183341,0.0,0.005073176464084,-0.0034033058130989,0.003762263810296,0.0,0.0014510100082098,-0.0004208404477515,0.001388640832419,0.0,0.0019938007477656,0.0019943436969867,0.0771459696398981,0.0818367345700355,0.0038222429130028,6.10467040512999,2.302585092994046,0.0,0.0,0.7109830849605492,0.2890169148718374,0.0880576070493776,0.1233433457469171,0.0181802650510511,5.795004679519119,2.302585092994046,0.0,0.0,0.6834995951831939,0.3165004046931149,0.1252903034709169,0.1874140105730567,0.0415699514331524,5.651455391050792,2.302585092994046,0.0,0.0,0.6404216849972235,0.3595783149453901,0.002365707624539,0.001045129725682,0.0005597495889494,0.0018889065218531,0.1041252843334976,7.425043535729241e-06,0.0023268023410464,01,Tribolium,0.5,0.5,0.0,1.0,0.0,3.0,3.0,0.0,0.9999999999996666,9.0,12.0,0.7853981633974483,873.2222222222222,183.95061728395063,861.0,879.0,882.0,23.272137656450727,28.5,871.75,842.5,0.0334966280697289,0.0097028258128607,0.0137139010920176,0.0,0.0,0.0,0.0,0.0,0.0,0.0,0.0,25.0,-18.33333333333337,-19.111111111111057,-261.85185185185185,37.0,-12.0,7.391652574942876,7.786545827038248,0.030893143657887097,0.0345247935732183,-0.00017715880968869994,-0.005223070955632899,-0.00024376249330949895,-0.006891851355430698,0.5038461538461538,0.5038461538461538,0.5038461538461538,0.5038461538461538,0.5038461538461538,0.5038461538461538,0.5038461538461538,0.5038461538461538,0.5038461538461538,0.5038461538461538,0.5038461538461538,0.5038461538461538,0.4230769230769231,0.33076923076923076,0.4153846153846154,0.4153846153846154,0.38461538461538464,0.46923076923076923,0.43846153846153846,0.4230769230769231,0.4,0.7846153846153846,0.46153846153846156,0.7230769230769231,0.5,0.0,0.0,1.0,0.0,0.0,0.9999999999996666,0.0,0.0,0.7853981633974483,0.0,0.0,828.4222222222222,43.02163681879041,44.799999999999955,346.4049382716049,248.47542454773304,-162.45432098765428,0.009183707323859522,0.019220803381694913,0.024312920745869375,0.01069412748923524,0.006120528285829576,-0.0009913016763745397
11,0.3572490137663562,0.1538461538461538,2.302585092994046,0.5038461538461538,0.0018386016148562,0.0010145430308006,0.001533348732939,0.003420271223211,0.0027289174063683,0.0006585550013689,0.00264826273639,0.0,0.001284211076713,-0.0011836684000572,0.0004981236877106,0.0,0.0026557344008079,0.0026591249293156,0.0719385382869571,0.0759038253704014,0.0033276416594521,6.255188679921986,2.302585092994046,0.0,0.0,0.6784162363500398,0.3215837634571417,0.0750164064877136,0.0818367345700355,0.0047745197399756,6.615496028895847,2.302585092994046,0.0,0.0,0.5913400210011583,0.4086599788218584,0.1039519221531132,0.1435699332501545,0.0294267233430435,6.184451138488762,2.302585092994046,0.0,0.0,0.724613094853222,0.2753869050611023,0.002466046941995,0.00115698839264,0.0010502151356036,0.0017440029708933,0.3733598381293259,-0.0003162018511462,0.0023085291439546,01,Tribolium,0.5,0.5,0.0,1.0,0.0,3.0,3.0,0.0,0.9999999999996666,9.0,12.0,0.7853981633974483,907.3333333333334,531.111111111111,894.0,913.0,924.0,32.28153672112093,36.9120576505835,908.125,869.25,0.042845334313005,0.0053153402924342,0.0035995440745525,0.0,0.0,0.0,0.0,0.0,0.0,0.0,0.0,17.444444444444457,0.11111111111119953,-62.32098765432113,-822.1728395061731,17.0,16.0,-5.716987778660062,-20.17454872095682,-0.0005121385300464951,-0.0133242921413734,-0.008188984484121,-0.0180251114489911,-0.0041994306341207,-0.0232503434917296,0.5038461538461538,0.5038461538461538,0.5038461538461538,0.5038461538461538,0.5038461538461538,0.5038461538461538,0.5038461538461538,0.5038461538461538,0.5038461538461538,0.5038461538461538,0.5038461538461538,0.5038461538461538,0.5,0.6692307692307692,0.5,0.5,0.49230769230769234,0.7384615384615385,0.6384615384615384,0.5,0.46923076923076923,0.8615384615384616,0.15384615384615385,0.26153846153846155,0.5,0.0,0.0,1.0,0.0,0.0,0.9999999999996666,0.0,0.0,0.7853981633974483,0.0,0.0,802.9777777777778,52.995150022675894,104.35555555555561,308.69135802469134,213.54869273797024,222.41975308641963,0.0040258029543324796,0.016818543412063035,0.03881953135867253,0.01316941035182742,0.004475460622745699,-0.00785407005939322
13,0.4265447422400208,0.2153846153846154,2.302585092994046,0.5038461538461538,0.0057913746373047,0.0049464541913686,0.0030120775425456,0.0076479589565862,0.0003352161417463,5.455237678393614e-05,0.0003307474865732,0.0,0.0007684438758315,4.283935034770645e-06,0.0007684319346588,0.0,0.0019148780858161,0.001941504004544,0.0777595468107174,0.0826545888644435,0.0041289844627924,6.0847821577330965,2.302585092994046,0.0,0.0,0.6126802067841363,0.387319793050945,0.0918930320077592,0.1356300348942376,0.0226500486961572,5.6050867758446,2.302585092994046,0.0,0.0,0.655124566595986,0.3448754332923738,0.122479149564799,0.1805955027403173,0.036149835956192,5.725576173122326,2.302585092994046,0.0,0.0,0.573791782787094,0.4262082171515864,0.0023721415318663,0.0012323864476805,0.000356200308024,0.006118367165269,-0.913165258826962,-0.0002698017913062,0.0023454384373834,01,Tribolium,0.5,0.5,0.0,1.0,0.0,3.0,3.0,0.0,0.9999999999996666,9.0,12.0,0.7853981633974483,657.1111111111111,408.0987654320988,638.0,659.0,676.0,18.485342894628463,23.264780248263683,657.25,656.75,0.000760906323977,0.0215241716523921,0.0035205720008873,0.0,0.0,0.0,0.0,0.0,0.0,0.0,0.0,37.55555555555554,3.0,243.40740740740745,218.66666666666669,37.0,5.0,6.025716864442927,3.1742711501735545,-0.0019291941064390002,-0.0094310420368178,0.0107895810165296,0.0091872472188756,-0.0043866760927287005,0.0010240647039908,0.5038461538461538,0.5038461538461538,0.5038461538461538,0.5038461538461538,0.5038461538461538,0.5038461538461538,0.5038461538461538,0.5038461538461538,0.5038461538461538,0.5038461538461538,0.5038461538461538,0.5038461538461538,0.05384615384615385,0.6230769230769231,0.05384615384615385,0.05384615384615385,0.06153846153846154,0.3153846153846154,0.3153846153846154,0.05384615384615385,0.06153846153846154,0.15384615384615385,0.8461538461538461,0.23846153846153847,0.5,0.0,0.0,1.0,0.0,0.0,0.9999999999996666,0.0,0.0,0.7853981633974483,0.0,0.0,810.0666666666667,79.17879751113075,-152.95555555555563,779.1358024691358,628.7607739329503,-371.037037037037,0.0157598603419569,0.015861844309310914,-0.0149989540179799,0.020118233982010143,0.007520896008556663,0.0014059376703819577
16,0.6078954496320105,0.3384615384615385,2.302585092994046,0.5038461538461538,0.0035512125286613,0.0026560083692594,0.0023572717208979,0.0054079236404385,0.0027289174063683,-0.0004812439551473,0.0026861486307377,0.0,0.0011896356520994,0.001072825794803,0.0005140795646115,0.0,0.0031300139127339,0.0031305811407975,0.0822289412896482,0.094445326092657,0.0144433939367089,5.818080632114024,2.302585092994046,0.0,0.0,0.8450251002958866,0.1549748995606456,0.0963011773959475,0.1303747094500816,0.02212345035771,5.684123100844441,2.302585092994046,0.0,0.0,0.5941805858324343,0.4058194140651421,0.1295645530505783,0.1817094532923898,0.0388546355205558,5.713277648979298,2.302585092994046,0.0,0.0,0.5938307535126205,0.4061692464327247,0.0028762814510449,0.0015315862177749,0.001013006431883,0.0026048009596491,0.9523964888749302,0.0003095432793597,0.0025576538748012,01,Tribolium,0.5,0.5,0.0,1.0,0.0,3.0,3.0,0.0,0.9999999999996666,9.0,12.0,0.7853981633974483,614.0,41.55555555555556,611.0,614.0,620.0,11.420950467712904,16.194134740701646,613.0,609.8333333333334,0.0051574375678609,0.0060554950712172,0.0015514321570124,0.0,0.0,0.0,0.0,0.0,0.0,0.0,0.0,30.888888888888914,26.22222222222217,-175.87654320987656,4.049382716049379,30.0,26.0,-4.339283061714207,2.3078211500094383,0.0160187180556658,0.0060080991935697,-0.008302200645663201,-0.0007281029877730999,0.0013180585154215,0.00016230753911519995,0.5038461538461538,0.5038461538461538,0.5038461538461538,0.5038461538461538,0.5038461538461538,0.5038461538461538,0.5038461538461538,0.5038461538461538,0.5038461538461538,0.5038461538461538,0.5038461538461538,0.5038461538461538,0.015384615384615385,0.03076923076923077,0.019230769230769232,0.015384615384615385,0.015384615384615385,0.07692307692307693,0.1,0.015384615384615385,0.023076923076923078,0.26153846153846155,0.2,0.1,0.5,0.0,0.0,1.0,0.0,0.0,0.9999999999996666,0.0,0.0,0.7853981633974483,0.0,0.0,711.3777777777779,94.3100638752204,-97.37777777777785,375.80246913580254,370.2639461912386,-334.246913580247,0.014325516513689721,0.01190462098724137,-0.009168078945828821,0.01495864203363688,0.010734978715521707,-0.00890314696241968
17,0.5633185107191917,0.3,2.302585092994046,0.5038461538461538,0.0010021216505299,0.0007622575871244,0.0006505468263945,0.0024184969754297,0.0025712643875641,0.0025137184992851,0.0005409434879055,0.0,0.0008164218574763,-0.0007945761072464,0.0001875991981813,0.0,0.0022207781077454,0.0025493196521954,0.089075082198913,0.1043322888712934,0.0129854223800816,5.618961064533527,2.302585092994046,0.0,0.0,0.6243093023834881,0.3756906974931006,0.1025348059401138,0.124499751780602,0.0193437256751196,5.776341025988718,2.302585092994046,0.0,0.0,0.547248672033293,0.452751327874859,0.1355175303964623,0.1843935434227743,0.0374058977137846,5.683951057862585,2.302585092994046,0.0,0.0,0.583120667661397,0.4168793322880066,0.0030472555574095,0.001505054686848,0.0008544413059219,0.0012092484877148,0.1588522802938092,0.0005342603457506,0.002919406871036,01,Tribolium,0.5,0.5,0.0,1.0,0.0,3.0,3.0,0.0,0.9999999999996666,9.0,12.0,0.7853981633974483,662.7777777777778,175.50617283950618,657.0,668.0,673.0,16.587025927550354,21.31900560532784,661.5,645.0,0.0248952221290862,0.0123747944253677,0.0162204266286225,0.0,0.0,0.0,0.0,0.0,0.0,0.0,0.0,12.222222222222285,-12.666666666666629,29.703703703703724,-191.40740740740745,13.0,-7.0,4.948810845838091,-2.073162461115963,0.0172094834442015,0.003181124415646601,0.0023647392506467007,-0.006912347395682899,0.0028329506647409002,0.005743911854365602,0.5038461538461538,0.5038461538461538,0.5038461538461538,0.5038461538461538,0.5038461538461538,0.5038461538461538,0.5038461538461538,0.5038461538461538,0.5038461538461538,0.5038461538461538,0.5038461538461538,0.5038461538461538,0.06153846153846154,0.3,0.08461538461538462,0.06153846153846154,0.05384615384615385,0.24615384615384617,0.23846153846153847,0.06153846153846154,0.05384615384615385,0.6846153846153846,0.6384615384615384,0.8153846153846154,0.5,0.0,0.0,1.0,0.0,0.0,0.9999999999996666,0.0,0.0,0.7853981633974483,0.0,0.0,713.8222222222223,95.99896089972623,-51.04444444444448,257.4567901234568,286.221348480804,-81.95061728395063,0.00818244873459056,0.01241733748990798,0.01671277339449564,0.01111701210536702,0.006823414812341412,0.0012577823200006812
18,0.4913788975693308,0.2615384615384615,2.302585092994046,0.5038461538461538,0.0031992033896003,0.0031778454718645,0.0003690534988052,0.0048369939508594,0.003312859103854,0.0027705594579519,0.0018163247870194,0.0,0.0012425432758618,5.665034836570652e-05,0.0012412511955359,0.0,0.0018339749563336,0.0018871854221592,0.0660823345319662,0.072595206355287,0.0091821120527474,6.344325063469556,2.302585092994046,0.0,0.0,0.5942723261089897,0.4057276736663511,0.0813630474290954,0.1180117488371717,0.021822377089408,5.883380098474834,2.302585092994046,0.0,0.0,0.6313197888482864,0.3686802110107923,0.1091780524047355,0.1669463779483577,0.0337391506283479,5.882750309469165,2.302585092994046,0.0,0.0,0.6906857803606555,0.309314219562764,0.0028001509392052,0.0015966917354669,0.0005208445042036,0.0028307781332388,0.7480331218426436,0.0003443538029459,0.002702372253035,01,Tribolium,0.5,0.5,0.0,1.0,0.0,3.0,3.0,0.0,0.9999999999996666,9.0,12.0,0.7853981633974483,718.5555555555555,134.02469135802468,710.0,716.0,724.0,14.14031996453139,18.66815470259447,718.75,718.1666666666666,0.0008118138240297,0.0096882342258405,0.0089010374139816,0.0,0.0,0.0,0.0,0.0,0.0,0.0,0.0,27.888888888888914,13.888888888888914,-657.9753086419752,-218.19753086419755,31.0,16.0,-18.454482520241722,-13.84949360146734,-0.007332491195275299,-0.0075845910955539,-0.0182335721761018,-0.0083332713240976,0.0027930755393773994,0.0058111733424501995,0.5038461538461538,0.5038461538461538,0.5038461538461538,0.5038461538461538,0.5038461538461538,0.5038461538461538,0.5038461538461538,0.5038461538461538,0.5038461538461538,0.5038461538461538,0.5038461538461538,0.5038461538461538,0.16153846153846155,0.18461538461538463,0.16153846153846155,0.13846153846153847,0.1423076923076923,0.14615384615384616,0.1576923076923077,0.16153846153846155,0.15384615384615385,0.16153846153846155,0.45384615384615384,0.5769230769230769,0.5,0.0,0.0,1.0,0.0,0.0,0.9999999999996666,0.0,0.0,0.7853981633974483,0.0,0.0,751.1555555555557,93.10584975853698,-32.600000000000136,482.00987654321,238.59718233537748,-347.9851851851853,0.013519868002973839,0.013464208303893662,-0.012708054178944139,0.018495350473991017,0.003841730537512465,-0.008807116248150518
19,0.5715201101749668,0.3230769230769231,2.302585092994046,0.5038461538461538,0.0010021216505299,0.0008855644857595,0.0004690664601336,0.0024184969754297,0.0021156570499304,0.0007752457920929,0.0019685016420522,0.0,0.0018402143877115,0.0001199414725872,0.0018363014556151,0.0,0.0028170187666507,0.0030803546558865,0.0680497353341718,0.0737145817266249,0.0048155370824092,6.313721582269774,2.302585092994046,0.0,0.0,0.6313036615051683,0.3686963382799608,0.0813551344431157,0.1145918474729575,0.0187080930723728,5.942195144780993,2.302585092994046,0.0,0.0,0.6238716264959856,0.3761283733605145,0.1118158800162606,0.1586651986958099,0.0342840183750386,5.984503023712003,2.302585092994046,0.0,0.0,0.7693805619074884,0.2306194380194024,0.003131190538858,0.0014053766041866,0.0013549614887341,0.0017101356116055,-0.0310771538439209,0.0004865876677097,0.0026509731093749,01,Tribolium,0.5,0.5,0.0,1.0,0.0,3.0,3.0,0.0,0.9999999999996666,9.0,12.0,0.7853981633974483,635.2222222222222,11.728395061728396,634.0,635.0,638.0,6.540416567659499,8.32165848854662,634.875,631.5833333333334,0.0051819135910441,0.0025752023551238,0.0017138287512366,0.0,0.0,0.0,0.0,0.0,0.0,0.0,0.0,9.333333333333258,-32.888888888888914,-33.03703703703704,-172.81481481481478,11.0,-37.0,-1.2077024064329276,-9.613162872899672,0.0018533142656402,-0.0124049814696576,-0.004094411489779199,-0.0089872748270847,-0.006765675950406901,-0.0109145068593593,0.5038461538461538,0.5038461538461538,0.5038461538461538,0.5038461538461538,0.5038461538461538,0.5038461538461538,0.5038461538461538,0.5038461538461538,0.5038461538461538,0.5038461538461538,0.5038461538461538,0.5038461538461538,0.03076923076923077,0.007692307692307693,0.046153846153846156,0.03076923076923077,0.023076923076923078,0.007692307692307693,0.007692307692307693,0.03076923076923077,0.038461538461538464,0.2692307692307692,0.038461538461538464,0.11538461538461539,0.5,0.0,0.0,1.0,0.0,0.0,0.9999999999996666,0.0,0.0,0.7853981633974483,0.0,0.0,757.1777777777777,123.2526382659056,-121.95555555555552,852.9333333333332,909.1285288031935,-841.2049382716048,0.0183412117864852,0.01707344388765898,-0.0131592981954411,0.02074224007740802,0.013042142788317333,-0.01816703772228422
21,0.7228697653260728,0.4076923076923077,2.302585092994046,0.5038461538461538,0.0018632897029761,-0.0013229318122728,0.0013121356398228,0.0,0.0023046896565361,-0.0022318529499609,0.0005748276460778,0.0,0.0039673349400478,0.00267260596059,0.0029320511431322,0.0,0.0025857731329788,0.003319993380816,0.0870563949659849,0.0974927298969754,0.0117530053913002,5.754567226398597,2.302585092994046,0.0,0.0,0.6296283971172374,0.3703716027531776,0.1038351790171803,0.1412907377276223,0.0237815723110565,5.523308996076701,2.302585092994046,0.0,0.0,0.5660206056282697,0.4339793942836035,0.1408980612042232,0.2084963224449059,0.0429066529404343,5.4382528450766685,2.302585092994046,0.0,0.0,0.6274158889632835,0.3725841109906193,0.0035252710085695,0.0017050146005236,0.001474473915162,0.002912256006816,-0.5160045927648242,-0.0004735499612262,0.0031560700459954,01,Tribolium,0.5,0.5,0.0,1.0,0.0,3.0,3.0,0.0,0.9999999999996666,9.0,12.0,0.7853981633974483,710.5555555555555,203.1358024691358,699.0,711.0,719.0,16.635897903965642,22.38861317723811,711.375,716.8333333333334,-0.0076817826426896,0.0130188632432316,0.0174279567313408,0.0,0.0,0.0,0.0,0.0,0.0,0.0,0.0,3.111111111111086,-6.666666666666629,151.77777777777777,63.40740740740739,1.0,-10.0,5.88689278829637,1.6441154078624987,0.006159115739593901,-0.0002456865931156002,0.0080249530514114,0.0046996442414450005,0.011272493265839997,0.005664334418937498,0.5038461538461538,0.5038461538461538,0.5038461538461538,0.5038461538461538,0.5038461538461538,0.5038461538461538,0.5038461538461538,0.5038461538461538,0.5038461538461538,0.5038461538461538,0.5038461538461538,0.5038461538461538,0.13076923076923078,0.36153846153846153,0.11538461538461539,0.13076923076923078,0.13076923076923078,0.25384615384615383,0.2923076923076923,0.13076923076923078,0.14615384615384616,0.06923076923076923,0.6615384615384615,0.8384615384615385,0.5,0.0,0.0,1.0,0.0,0.0,0.9999999999996666,0.0,0.0,0.7853981633974483,0.0,0.0,748.2444444444444,90.5470180024489,-37.68888888888887,761.3333333333333,928.571067766,-558.1975308641975,0.01348992612071238,0.01862655609542053,-0.02117170876340198,0.01810803431904704,0.013884448990985421,-0.005089171075815441
22,0.8358129224924045,0.4769230769230769,2.302585092994046,0.5038461538461538,0.0044223239900152,0.0043534337345257,0.0007775372606879,0.0054079236404385,0.003312859103854,0.0033024351387077,0.0002625977848672,0.0,0.0020521003842852,0.0006415717505466,0.0019492310473836,0.0,0.0019030392163696,0.0021631694561754,0.0914067044107239,0.0984776806907534,0.0080999044808137,5.734462985469288,2.302585092994046,0.0,0.0,0.6546715406051649,0.3453284592760814,0.107321743661011,0.1344823505205925,0.0205820865532308,5.622082535270895,2.302585092994046,0.0,0.0,0.704573344652238,0.295426655264021,0.1508330789251432,0.2305704251192246,0.0508417012765782,5.236982955455766,2.302585092994046,0.0,0.0,0.8241066498768747,0.175893350083655,0.0032635061337883,0.0021663973431695,0.0006978291900978,0.0044986644202211,-0.0314427788733437,6.313862498932582e-06,0.003357283545658,01,Tribolium,0.5,0.5,0.0,1.0,0.0,3.0,3.0,0.0,0.9999999999996666,9.0,12.0,0.7853981633974483,705.4444444444445,110.69135802469135,701.0,708.0,712.0,10.442362856208154,13.901438774457844,705.5,701.1666666666666,0.0061426996377382,0.0100578457558083,0.0050154932518704,0.0,0.0,0.0,0.0,0.0,0.0,0.0,0.0,20.444444444444457,-29.444444444444457,87.58024691358024,-7.851851851851862,24.0,-21.0,2.435441343382191,-3.1168151990234705,0.006203526888346416,0.0033078039618990997,0.005660297755316701,0.0006302937339794003,-0.0005470138686888004,0.0050154932518704,0.5038461538461538,0.5038461538461538,0.5038461538461538,0.5038461538461538,0.5038461538461538,0.5038461538461538,0.5038461538461538,0.5038461538461538,0.5038461538461538,0.5038461538461538,0.5038461538461538,0.5038461538461538,0.12307692307692308,0.12307692307692308,0.12692307692307692,0.11538461538461539,0.11538461538461539,0.046153846153846156,0.04230769230769231,0.12307692307692308,0.12307692307692308,0.2923076923076923,0.4846153846153846,0.34615384615384615,0.5,0.0,0.0,1.0,0.0,0.0,0.9999999999996666,0.0,0.0,0.7853981633974483,0.0,0.0,734.1555555555556,47.35433024119961,-28.71111111111111,113.69876543209875,34.10717447559579,-3.007407407407399,0.013621669322338858,0.01639117422814403,-0.0074789696846006585,0.007415025108639378,0.0011214427197603532,0.0026428206471689223
23,0.4805841714392825,0.2384615384615384,2.302585092994046,0.5038461538461538,0.0018386016148562,0.0009200029615576,0.0015918701105545,0.003420271223211,0.0037344371597134,0.002894092524879,0.0023601375716868,0.0,0.0010733229904547,-0.0006676319201823,0.000840410531224,0.0,0.0015763399142547,0.0016203729195417,0.0843167334260773,0.0979416627236185,0.0096392050493274,5.7453788003451525,2.302585092994046,0.0,0.0,0.6334769599508602,0.3665230399102937,0.0995853490701088,0.1258548274616471,0.020247912898471,5.754690310938202,2.302585092994046,0.0,0.0,0.5126184515950769,0.4873815483080916,0.1312895779387745,0.1805955027403173,0.0362752618605701,5.725576173122326,2.302585092994046,0.0,0.0,0.5898528428777292,0.4101471570683707,0.0026798057391632,0.0015149207207434,2.751081835628307e-05,0.0018418724222091,-0.1115159781783445,2.4143143845905147e-05,0.0027906906438259,01,Tribolium,0.5,0.5,0.0,1.0,0.0,3.0,3.0,0.0,0.9999999999996666,9.0,12.0,0.7853981633974483,809.2222222222222,59.506172839506185,805.0,806.0,811.0,13.548257563548212,15.0,809.625,801.5,0.0100405052862831,0.0049114512214301,0.0068947603635809,0.0,0.0,0.0,0.0,0.0,0.0,0.0,0.0,-44.1111111111112,-7.555555555555657,-261.82716049382714,-449.77777777777766,-49.0,-9.0,-5.5157884820823,-8.622006572610545,-0.00016457283871689973,-0.005365561915458101,-0.0048730357711724995,-0.011538210336874698,-0.0053845827479381,-0.011432261246183198,0.5038461538461538,0.5038461538461538,0.5038461538461538,0.5038461538461538,0.5038461538461538,0.5038461538461538,0.5038461538461538,0.5038461538461538,0.5038461538461538,0.5038461538461538,0.5038461538461538,0.5038461538461538,0.3,0.05384615384615385,0.3153846153846154,0.29615384615384616,0.2923076923076923,0.13076923076923078,0.07692307692307693,0.3,0.3,0.36923076923076925,0.11538461538461539,0.47692307692307695,0.5,0.0,0.0,1.0,0.0,0.0,0.9999999999996666,0.0,0.0,0.7853981633974483,0.0,0.0,809.6444444444445,79.42908631657814,-0.42222222222233086,376.89382716049386,222.179963279577,-317.3876543209877,0.01735404233506966,0.01793086190763594,-0.00731353704878656,0.012310708683284521,0.005550312945875021,-0.007399257461854421
24,0.4072719409956837,0.1923076923076923,2.302585092994046,0.5038461538461538,0.0041997267140016,-0.0041798894397798,0.0004077115935505,0.0024184969754297,0.0035561516787163,-0.0020747230271402,0.0028882069044117,0.0,0.0007253727224546,0.0006946669721024,0.0002088142340724,0.0,0.0020661808695046,0.002120690745214,0.0713636215209659,0.0778816110651857,0.004617442218519,6.2037431128732505,2.302585092994046,0.0,0.0,0.6635599592772612,0.3364400405272004,0.0779790793026666,0.0902977513701586,0.0089852226565602,6.418723353590389,2.302585092994046,0.0,0.0,0.5709371207520766,0.4290628790856244,0.1016032841023166,0.1397924725404198,0.0260235849733307,6.237777683185418,2.302585092994046,0.0,0.0,0.6992979705427652,0.3007020293663294,0.0025273412256813,0.0013786899110808,0.0006711248251455,0.0047515926397186,-0.7964262075713068,0.0005848188828849,0.0024263100699676,01,Tribolium,0.5,0.5,0.0,1.0,0.0,3.0,3.0,0.0,0.9999999999996666,9.0,12.0,0.7853981633974483,834.5555555555555,726.4691358024692,813.0,827.0,854.0,26.8494275426069,33.61547262794322,835.5,825.3333333333334,0.0121821328717879,0.0213116574175417,0.0068485267737306,0.0,0.0,0.0,0.0,0.0,0.0,0.0,0.0,10.888888888888914,-18.444444444444457,626.4691358024692,-15.753086419753004,7.0,-15.0,13.875953270089946,-3.3938667173047037,0.0161279038147259,0.0026080805075832,0.0147527766506424,0.0025662066812574998,-0.002403559129215099,-0.011816987092659197,0.5038461538461538,0.5038461538461538,0.5038461538461538,0.5038461538461538,0.5038461538461538,0.5038461538461538,0.5038461538461538,0.5038461538461538,0.5038461538461538,0.5038461538461538,0.5038461538461538,0.5038461538461538,0.33076923076923076,0.7692307692307693,0.3230769230769231,0.3230769230769231,0.3384615384615385,0.5846153846153846,0.5538461538461539,0.33076923076923076,0.36153846153846153,0.45384615384615384,0.823076923076923,0.46153846153846156,0.5,0.0,0.0,1.0,0.0,0.0,0.9999999999996666,0.0,0.0,0.7853981633974483,0.0,0.0,804.0888888888888,79.02087237942226,30.466666666666697,260.3160493827161,157.24520359214728,466.1530864197531,0.01548329198954756,0.01953173638980072,-0.0033011591177596594,0.009673096601687001,0.00415805614173631,0.011638560815854699
25,0.2723112433243904,0.0769230769230769,2.302585092994046,0.5038461538461538,0.0041779084760402,0.0028043420735303,0.0030968669278476,0.0054079236404385,0.0037344371597134,0.0036180022822993,0.0009252461213778,0.0,0.0012067215412377,-0.0004773730518435,0.0011082832884515,0.0,0.0020016092584895,0.002599806130586,0.0691311090831021,0.0717849666250772,0.0018778820587855,6.3667726951374055,2.302585092994046,0.0,0.0,0.6587495713327384,0.3412504284581719,0.070524749328656,0.0727561715337425,0.0022443623621944,6.850721001144663,2.302585092994046,0.0,0.0,0.5771313977508865,0.4228686020482609,0.1026769360468139,0.1738123820622139,0.0359930020210324,5.802142744006507,2.302585092994046,0.0,0.0,0.7742518298035274,0.2257481701119991,0.0025469382101104,0.0009224218435984,0.001538180037099,0.002912256006816,0.8822766551712242,0.0011346862471027,0.0012676200727478,01,Tribolium,0.5,0.5,0.0,1.0,0.0,3.0,3.0,0.0,0.9999999999996666,9.0,12.0,0.7853981633974483,777.2222222222222,328.6172839506173,761.0,775.0,798.0,16.803105038462768,23.90083680543424,776.875,775.0,0.0024124374553252,0.014321456830123,0.0166334185534562,0.0,0.0,0.0,0.0,0.0,0.0,0.0,0.0,4.3333333333332575,-27.0,167.18518518518522,148.8888888888889,3.0,-30.0,-0.3086295643523087,-1.4531679732237812,-0.011334687329033599,-0.0179488501931964,0.006458188852775999,0.0139830360311954,0.012231661540168401,0.0162949977545635,0.5038461538461538,0.5038461538461538,0.5038461538461538,0.5038461538461538,0.5038461538461538,0.5038461538461538,0.5038461538461538,0.5038461538461538,0.5038461538461538,0.5038461538461538,0.5038461538461538,0.5038461538461538,0.25384615384615383,0.5769230769230769,0.24615384615384617,0.24615384615384617,0.27692307692307694,0.27692307692307694,0.33076923076923076,0.25384615384615383,0.26153846153846155,0.18461538461538463,0.7076923076923077,0.823076923076923,0.5,0.0,0.0,1.0,0.0,0.0,0.9999999999996666,0.0,0.0,0.7853981633974483,0.0,0.0,919.4888888888888,69.352084359003,-142.26666666666665,364.36049382716055,285.0572302763879,-35.74320987654323,0.01623508991818668,0.01788628587029778,-0.01382265246286148,0.011185099679079021,0.0050074470259354464,0.0031363571510439787
26,0.3821043535222289,0.1692307692307692,2.302585092994046,0.5038461538461538,0.0018386016148562,0.0012973959273518,0.0013027738506136,0.003420271223211,0.0037344371597134,0.0034024755927137,0.0015392143258285,0.0,0.0003664342177395,-0.0003537941235847,9.541359466701324e-05,0.0,0.0026552842613373,0.0027598666575742,0.0707732922676562,0.0738335082600831,0.0034120827808464,6.3104975063986135,2.302585092994046,0.0,0.0,0.8221118103537769,0.1778881894470397,0.0826185811115094,0.1233433457469171,0.0206943985089417,5.795004679519119,2.302585092994046,0.0,0.0,0.7486157695125663,0.2513842303495803,0.1145113677384774,0.164528911216581,0.0361200959246033,5.911923037242838,2.302585092994046,0.0,0.0,0.6168260017681174,0.3831739981625225,0.0027121289461004,0.0011026845608651,0.0012460351186267,0.0010815847280877,0.8213216965625942,0.0001443316605288,0.002011406504806,01,Tribolium,0.5,0.5,0.0,1.0,0.0,3.0,3.0,0.0,0.9999999999996666,9.0,12.0,0.7853981633974483,780.4444444444445,275.3580246913581,770.0,778.0,791.0,20.31085335624996,24.005207768315607,779.875,786.9166666666666,-0.0090226366742596,0.0134210649636312,0.0148210868548428,0.0,0.0,0.0,0.0,0.0,0.0,0.0,0.0,-6.0,5.111111111111086,82.44444444444449,79.58024691358031,-6.0,-1.0,3.911068598875545,-0.8075949131810667,-0.0240162789460877,-0.0293364801824281,0.0031709967564288004,0.008202623732392,0.0091109172086304,0.007449449623865899,0.5038461538461538,0.5038461538461538,0.5038461538461538,0.5038461538461538,0.5038461538461538,0.5038461538461538,0.5038461538461538,0.5038461538461538,0.5038461538461538,0.5038461538461538,0.5038461538461538,0.5038461538461538,0.26153846153846155,0.5076923076923077,0.25769230769230766,0.26153846153846155,0.25769230769230766,0.3923076923076923,0.3384615384615385,0.2692307692307692,0.2846153846153846,0.05384615384615385,0.676923076923077,0.7692307692307693,0.5,0.0,0.0,1.0,0.0,0.0,0.9999999999996666,0.0,0.0,0.7853981633974483,0.0,0.0,848.1777777777777,47.26733008989573,-67.73333333333323,287.9012345679012,137.56139209469796,-12.54320987654313,0.01641875838500502,0.019491428132070714,-0.02544139505926462,0.009852270203099521,0.0029935522698088567,0.0035687947605316794
27,0.3214945370521866,0.123076923076923,2.302585092994046,0.5038461538461538,0.0018632897029761,-0.0017169388537583,0.0007238573683206,0.0,0.0047126504437023,-0.0047036541172936,0.0002910535163745,0.0,0.0002957718968547,0.0001942424097136,0.0002230491005086,0.0,0.00306176023327,0.0031013812116254,0.0784996688450922,0.0902977513701586,0.0087676366666209,5.907897729824532,2.302585092994046,0.0,0.0,0.6419844015491856,0.3580155982905341,0.0956825646574789,0.1238166527267103,0.0221636660266279,5.7873447416448665,2.302585092994046,0.0,0.0,0.5761784107092485,0.4238215891870857,0.1230021150122141,0.1679941688490576,0.0322823132186688,5.870237111784827,2.302585092994046,0.0,0.0,0.5206007354785043,0.4793992644596593,0.0028874110894224,0.0015285431299845,0.0010112004382286,0.0022297440384802,-0.1266834543613993,9.349730046237384e-06,0.0025831556220236,01,Tribolium,0.5,0.5,0.0,1.0,0.0,3.0,3.0,0.0,0.9999999999996666,9.0,12.0,0.7853981633974483,716.1111111111111,218.0987654320988,706.0,717.0,724.0,23.90773187329712,28.040149785619903,716.0,720.5833333333334,-0.006400310318076,0.0129003800139645,0.0001900302361121,0.0,0.0,0.0,0.0,0.0,0.0,0.0,0.0,52.33333333333326,19.333333333333258,-410.07407407407396,-267.1851851851852,48.0,29.0,-8.771747209671862,-1.2858567008558488,-0.0161927441982232,-0.0005998000326351994,-0.013425975337661301,-0.0081021811906417,-0.007190420947434099,-0.0007864845713608,0.5038461538461538,0.5038461538461538,0.5038461538461538,0.5038461538461538,0.5038461538461538,0.5038461538461538,0.5038461538461538,0.5038461538461538,0.5038461538461538,0.5038461538461538,0.5038461538461538,0.5038461538461538,0.14615384615384616,0.4076923076923077,0.14615384615384616,0.14615384615384616,0.1423076923076923,0.5,0.4115384615384615,0.14615384615384616,0.16923076923076924,0.07692307692307693,0.6538461538461539,0.015384615384615385,0.5,0.0,0.0,1.0,0.0,0.0,0.9999999999996666,0.0,0.0,0.7853981633974483,0.0,0.0,832.5777777777778,69.30342659834078,-116.4666666666667,728.2567901234568,635.2942888889321,-510.158024691358,0.01567584938560394,0.02080283867342213,-0.02207615970367994,0.01659975126417506,0.009626907046359046,-0.0036993712502105605
28,0.5045766151315758,0.2769230769230769,2.302585092994046,0.5038461538461538,0.0018632897029761,-0.0014836551267034,0.0011272160317453,0.0,0.0071277492405693,-0.0069696030369926,0.0014931318572648,0.0,0.0022032975344699,-0.0003645430107192,0.0021729308361605,0.0,0.0020003532287665,0.0021022228398929,0.0747795444314445,0.0780691423048164,0.0023737875055354,6.198933098790257,2.302585092994046,0.0,0.0,0.7581006325002367,0.2418993673211156,0.0846232496516568,0.1043322888712934,0.0125898340840984,6.129786688299384,2.302585092994046,0.0,0.0,0.6187696137471842,0.3812303861161961,0.1113863684806351,0.167173956611483,0.0337934333272216,5.88002579767181,2.302585092994046,0.0,0.0,0.7472385505934216,0.2527614493327717,0.0031950694382833,0.0015821420888278,0.0011928227017368,0.0030303680244576,-0.9647497342220284,0.0005534615870383,0.0028734777601996,01,Tribolium,0.5,0.5,0.0,1.0,0.0,3.0,3.0,0.0,0.9999999999996666,9.0,12.0,0.7853981633974483,886.7777777777778,791.0617283950619,852.0,895.0,904.0,31.98952424883983,38.5,885.75,857.0833333333334,0.0323267760932213,0.0217306432069081,0.0055244725436551,0.0,0.0,0.0,0.0,0.0,0.0,0.0,0.0,77.1111111111112,26.888888888888914,-619.16049382716,417.18518518518533,81.0,28.0,-8.008276240595304,8.767334755620713,0.0294449317128178,0.006305972371810301,-0.0095421493466353,0.006685062174495599,-0.007753261069597401,0.003783654145373,0.5038461538461538,0.5038461538461538,0.5038461538461538,0.5038461538461538,0.5038461538461538,0.5038461538461538,0.5038461538461538,0.5038461538461538,0.5038461538461538,0.5038461538461538,0.5038461538461538,0.5038461538461538,0.4307692307692308,0.8,0.4,0.46923076923076923,0.45,0.7153846153846154,0.6923076923076923,0.4307692307692308,0.43846153846153846,0.7461538461538462,0.8538461538461538,0.36923076923076925,0.5,0.0,0.0,1.0,0.0,0.0,0.9999999999996666,0.0,0.0,0.7853981633974483,0.0,0.0,681.1777777777778,37.5028295228803,205.60000000000002,154.79506172839507,139.7357066364595,636.2666666666669,0.00735425038455304,0.008985165968363783,0.02497252570866826,0.01044862045709916,0.006450203293614858,0.01128202274980894
29,0.4432838881847476,0.2307692307692307,2.302585092994046,0.5038461538461538,0.0010021216505299,0.0007425981650416,0.0006729010088694,0.0024184969754297,0.0027289174063683,-3.622661854693376e-05,0.0027286769400001,0.0,0.0003664342177395,-0.0002756725764521,0.000241409748193,0.0,0.0016394067794274,0.0016833233142906,0.0680665471148612,0.0826545888644435,0.0120698976604368,6.0847821577330965,2.302585092994046,0.0,0.0,0.7157933459587713,0.2842066538319682,0.0791118347857507,0.0979416627236185,0.0165061654391897,6.25620442411101,2.302585092994046,0.0,0.0,0.6834100212424736,0.3165899786044135,0.1027773897688294,0.1447263832471575,0.0277080886761531,6.168405755547171,2.302585092994046,0.0,0.0,0.6624791629585363,0.3375208369532098,0.0027659225444079,0.0014397139089423,0.0002684084350339,0.0012092484877148,-0.7175143551560743,-0.000236221481908,0.0027953589301092,01,Tribolium,0.5,0.5,0.0,1.0,0.0,3.0,3.0,0.0,0.9999999999996666,9.0,12.0,0.7853981633974483,714.5555555555555,308.9135802469136,702.0,718.0,725.0,17.506584235020185,25.55386467836128,713.25,715.0833333333334,-0.0025656974032032,0.0155354856677455,0.0161877334891284,0.0,0.0,0.0,0.0,0.0,0.0,0.0,0.0,-1.6666666666666288,0.11111111111108585,58.29629629629639,129.11111111111114,-3.0,0.0,-2.436475925017625,-0.16940008871175039,-0.0253123620014035,-0.011663675630263801,0.0014696538805793,0.0035735046269808994,0.0078277002372182,0.0139020509920345,0.5038461538461538,0.5038461538461538,0.5038461538461538,0.5038461538461538,0.5038461538461538,0.5038461538461538,0.5038461538461538,0.5038461538461538,0.5038461538461538,0.5038461538461538,0.5038461538461538,0.5038461538461538,0.13846153846153847,0.5538461538461539,0.13846153846153847,0.15384615384615385,0.1576923076923077,0.3,0.35384615384615387,0.13846153846153847,0.13846153846153847,0.11538461538461539,0.7461538461538462,0.8076923076923077,0.5,0.0,0.0,1.0,0.0,0.0,0.9999999999996666,0.0,0.0,0.7853981633974483,0.0,0.0,783.0666666666667,84.95947036639456,-68.51111111111118,652.6617283950617,682.7893112567956,-343.74814814814806,0.0119679269260053,0.012911139446343926,-0.014533624329208501,0.017952132781843856,0.009684842475237794,-0.0024166471140983567
30,0.5405303657170378,0.2923076923076923,2.302585092994046,0.5038461538461538,0.0035512125286613,0.0021488089597004,0.0028273186022152,0.0054079236404385,0.0027289174063683,-0.000992700219828,0.0025419552482947,0.0,0.0023732791658132,0.000800428728136,0.0022342264545156,0.0,0.0025669622714978,0.0027457012946278,0.0799197269302021,0.094445326092657,0.0108197579003871,5.818080632114024,2.302585092994046,0.0,0.0,0.8006289866661037,0.1993710131801501,0.0982552416387069,0.1303747094500816,0.0241464417943577,5.684123100844441,2.302585092994046,0.0,0.0,0.646014173193637,0.3539858267086794,0.1298535660700027,0.1837102783415766,0.03882314606037,5.691375766061571,2.302585092994046,0.0,0.0,0.5852654132719752,0.4147345866735857,0.0028762814510449,0.0015315862177749,0.001013006431883,0.0026048009596491,0.9523964888749304,0.0003602632203156,0.002598330396312,01,Tribolium,0.5,0.5,0.0,1.0,0.0,3.0,3.0,0.0,0.9999999999996666,9.0,12.0,0.7853981633974483,732.2222222222222,44.61728395061729,726.0,730.0,738.0,7.5543622680167966,9.394147114027968,732.5,728.75,0.0051213960546282,0.0060806996267717,0.0009292449707762,0.0,0.0,0.0,0.0,0.0,0.0,0.0,0.0,1.8888888888888005,-3.3333333333333712,-122.04938271604937,-43.40740740740739,-4.0,-6.0,-9.068067459480385,-7.268327201827279,-0.0049767326537241,-0.014195069202169399,-0.005588358197143901,-0.0012498656653878006,-0.0154677653263491,0.0005592314144755,0.5038461538461538,0.5038461538461538,0.5038461538461538,0.5038461538461538,0.5038461538461538,0.5038461538461538,0.5038461538461538,0.5038461538461538,0.5038461538461538,0.5038461538461538,0.5038461538461538,0.5038461538461538,0.17692307692307693,0.038461538461538464,0.18461538461538463,0.17692307692307693,0.17692307692307693,0.015384615384615385,0.015384615384615385,0.17692307692307693,0.18461538461538463,0.24615384615384617,0.2076923076923077,0.046153846153846156,0.5,0.0,0.0,1.0,0.0,0.0,0.9999999999996666,0.0,0.0,0.7853981633974483,0.0,0.0,737.7777777777777,132.90947443678246,-5.555555555555543,846.3555555555556,915.0527838436075,-801.7382716049383,0.01835331529376838,0.017064086846140008,-0.01323191923914018,0.020041140623078442,0.013878834472297994,-0.013960440996306743
32,1.0394529932881744,0.5923076923076923,2.302585092994046,0.5038461538461538,0.0035512125286613,0.000634709812216,0.0034940311787386,0.0054079236404385,0.0056695067536111,0.0010012534020639,0.0055803941127932,0.0,0.0007646285782541,0.0003682166051507,0.0006701293862936,0.0,0.0006362195985012,0.0016833233142906,0.0645904942118845,0.0772784530136715,0.0097970154116784,6.219292502935533,2.302585092994046,0.0,0.0,0.7950660420687203,0.204933957696973,0.0758093228400184,0.100593194515741,0.0164832912880107,6.202779257442852,2.302585092994046,0.0,0.0,0.5951885493188607,0.4048114505149918,0.1093677962394518,0.1795560955309998,0.0408092852475891,5.737120312868836,2.302585092994046,0.0,0.0,0.7163558640026505,0.2836441359239641,0.0037685530629205,0.0016721136177889,0.0007876539864608,0.0043263389123508,-0.9805953996766308,-0.0003314373514751,0.003089636368414,01,Tribolium,0.5,0.5,0.0,1.0,0.0,3.0,3.0,0.0,0.9999999999996666,9.0,12.0,0.7853981633974483,679.0,540.2222222222222,658.0,678.0,696.0,25.032948221204904,31.988279103446622,679.125,686.8333333333334,-0.0113524791359843,0.0238861591360111,0.0106220713767167,0.0,0.0,0.0,0.0,0.0,0.0,0.0,0.0,-24.0,-3.444444444444457,113.11111111111109,306.19753086419746,-37.0,-9.0,6.264058361168043,6.30051859888016,-0.018168505688852803,-0.0155652762704681,0.0049831512172810975,0.0083857148314824,0.0059762871325356,-0.0097172280178878,0.5038461538461538,0.5038461538461538,0.5038461538461538,0.5038461538461538,0.5038461538461538,0.5038461538461538,0.5038461538461538,0.5038461538461538,0.5038461538461538,0.5038461538461538,0.5038461538461538,0.5038461538461538,0.08461538461538462,0.6846153846153846,0.09230769230769231,0.08846153846153847,0.08461538461538462,0.5230769230769231,0.5153846153846153,0.08461538461538462,0.1076923076923077,0.03076923076923077,0.8769230769230769,0.6538461538461539,0.5,0.0,0.0,1.0,0.0,0.0,0.9999999999996666,0.0,0.0,0.7853981633974483,0.0,0.0,722.2666666666667,129.42977694678234,-43.26666666666665,838.0395061728398,927.26742295397,-297.8172839506176,0.01697511686742864,0.015900861508682966,-0.02832759600341294,0.023180039212483638,0.018349224406693104,0.000706119923527461
33,1.0018950045767827,0.5692307692307692,2.302585092994046,0.5038461538461538,0.0018386016148562,-0.0007756601903324,0.0016669754549138,0.003420271223211,0.0037344371597134,-0.0002719172972605,0.0037245243835017,0.0,0.001370151110914,0.0013346056740005,0.0003100673502072,0.0,-0.0001459605931697,0.0008061656584765,0.0845234819567582,0.1111719688653756,0.0194861188193462,5.491966303570677,2.302585092994046,0.0,0.0,0.7801034383624654,0.2198965615046252,0.1007181125244052,0.1315137649556938,0.0252615055871459,5.666725425123208,2.302585092994046,0.0,0.0,0.7727130603865733,0.2272869395206819,0.130021974810969,0.186287074619862,0.0366307180229614,5.663517859305888,2.302585092994046,0.0,0.0,0.7302394499020328,0.2697605500431653,0.0032624053597563,0.0017479684949187,0.0010869910227076,0.0029222810141117,-0.9951549826116358,0.0003968099356856,0.0028090406757439,01,Tribolium,0.5,0.5,0.0,1.0,0.0,3.0,3.0,0.0,0.9999999999996666,9.0,12.0,0.7853981633974483,745.4444444444445,187.13580246913577,735.0,739.0,752.0,12.992803851268876,18.027756377319943,746.25,752.9166666666666,-0.0089432106126098,0.0118925647669275,0.0076672059320887,0.0,0.0,0.0,0.0,0.0,0.0,0.0,0.0,-61.66666666666663,-52.44444444444446,155.48148148148144,112.59259259259254,-67.0,-62.0,6.497419085849179,4.695933179934848,-0.0132796643571031,-0.0180296888189877,0.0072368140585263,0.005496239049303101,0.0034520872943936,-0.001372130954580099,0.5038461538461538,0.5038461538461538,0.5038461538461538,0.5038461538461538,0.5038461538461538,0.5038461538461538,0.5038461538461538,0.5038461538461538,0.5038461538461538,0.5038461538461538,0.5038461538461538,0.5038461538461538,0.2076923076923077,0.3384615384615385,0.2076923076923077,0.2,0.2076923076923077,0.12307692307692308,0.13846153846153847,0.2076923076923077,0.23461538461538461,0.06153846153846154,0.6153846153846154,0.5230769230769231,0.5,0.0,0.0,1.0,0.0,0.0,0.9999999999996666,0.0,0.0,0.7853981633974483,0.0,0.0,723.2444444444443,86.29545572631473,22.20000000000016,921.5456790123459,873.7237404359761,-734.4098765432101,0.01839962850377392,0.01853342687476769,-0.02734283911638372,0.025866724819684384,0.01708411236083543,-0.013974160052756883
35,1.1614293891121243,0.6846153846153846,2.302585092994046,0.5038461538461538,0.0051658081419791,-0.0018829425419838,0.0048104159012839,0.0068405424464221,0.0025712643875641,0.0010720807373947,0.0023371015046982,0.0,0.002753218752006,0.0018484189763342,0.0020404805277986,0.0,5.322302077970778e-05,0.0002280180815474,0.0741625848703563,0.0939174342239265,0.0168151274893033,5.829290772586368,2.302585092994046,0.0,0.0,0.5406659103132876,0.4593340895137868,0.0905947711113882,0.1189988990218575,0.024089765125626,5.866719988024824,2.302585092994046,0.0,0.0,0.6498121433894132,0.3501878564967917,0.1181916740168224,0.1766993017429022,0.0349499289759805,5.769196795596849,2.302585092994046,0.0,0.0,0.7500237401799369,0.2499762597542336,0.003904383683261,0.0012822141201259,0.0032060522118614,0.0077881611065185,-0.7152313295251176,-0.0010804432280432,0.0017604994692154,01,Tribolium,0.5,0.5,0.0,1.0,0.0,3.0,3.0,0.0,0.9999999999996666,9.0,12.0,0.7853981633974483,893.1111111111111,1417.6543209876545,865.0,883.0,921.0,40.00419140375598,48.76474136094644,890.5,877.0833333333334,0.0150223936302562,0.0274529240764064,0.0234648805915458,0.0,0.0,0.0,0.0,0.0,0.0,0.0,0.0,91.77777777777771,70.55555555555554,1272.9876543209878,1139.851851851852,87.0,58.0,21.486653522370503,14.354689599534574,0.0093027596868286,0.010058189929053999,0.0175821349703367,0.0137864214478609,0.0151436799956346,0.0115532730352363,0.5038461538461538,0.5038461538461538,0.5038461538461538,0.5038461538461538,0.5038461538461538,0.5038461538461538,0.5038461538461538,0.5038461538461538,0.5038461538461538,0.5038461538461538,0.5038461538461538,0.5038461538461538,0.45384615384615384,0.9076923076923077,0.43846153846153846,0.4230769230769231,0.4846153846153846,0.8153846153846154,0.8,0.4461538461538462,0.4846153846153846,0.5153846153846153,0.9,0.9153846153846154,0.5,0.0,0.0,1.0,0.0,0.0,0.9999999999996666,0.0,0.0,0.7853981633974483,0.0,0.0,812.9333333333333,95.3965757596501,80.1777777777778,323.3777777777778,202.72382198900306,1094.2765432098768,0.024760947847860596,0.0213825180799271,-0.009738554217604396,0.01261452208328622,0.006723272975457374,0.01483840199312018
36,1.1381307731003196,0.6615384615384615,2.302585092994046,0.5038461538461538,0.0018632897029761,-0.0004889286129708,0.0017979981447808,0.0,0.0003352161417463,-0.0001599179121474,0.0002946118175866,0.0,0.0012067215412377,0.0010589686460801,0.0005785864539603,0.0,0.0001131634375304,0.0009401426347706,0.0818541508425524,0.100593194515741,0.0181273186123508,5.691953633676995,2.302585092994046,0.0,0.0,0.7250698368048135,0.2749301630529127,0.0973567239758892,0.1299703064820203,0.0243453534186483,5.690336444961585,2.302585092994046,0.0,0.0,0.6288761286569718,0.3711238712437333,0.1304435995132333,0.1999177056405277,0.0404350797659954,5.522284030787547,2.302585092994046,0.0,0.0,0.5822249795766,0.4177750203697821,0.0038529362805864,0.001390502021152,0.0010502151356036,0.0017440029708933,0.3917648339072772,-0.0009631039668625,0.0026890914085168,01,Tribolium,0.5,0.5,0.0,1.0,0.0,3.0,3.0,0.0,0.9999999999996666,9.0,12.0,0.7853981633974483,954.3333333333334,236.22222222222223,943.0,957.0,961.0,27.29395840431654,34.532593299664015,953.5,921.9166666666666,0.0330946559552916,0.0105254701613117,0.0148298366078449,0.0,0.0,0.0,0.0,0.0,0.0,0.0,0.0,-134.77777777777771,-126.22222222222229,-163.20987654320987,-251.80246913580248,-131.0,-132.0,-17.271985072880646,-10.739853716632815,-0.0196624344344246,-0.008473467438024594,0.0030400245266311004,-0.0020320481279561004,0.005708598532927401,-0.002549576477048199,0.5038461538461538,0.5038461538461538,0.5038461538461538,0.5038461538461538,0.5038461538461538,0.5038461538461538,0.5038461538461538,0.5038461538461538,0.5038461538461538,0.5038461538461538,0.5038461538461538,0.5038461538461538,0.5538461538461539,0.4461538461538462,0.5538461538461539,0.5538461538461539,0.5461538461538461,0.6153846153846154,0.5846153846153846,0.5538461538461539,0.5461538461538461,0.7769230769230769,0.5384615384615384,0.7769230769230769,0.5,0.0,0.0,1.0,0.0,0.0,0.9999999999996666,0.0,0.0,0.7853981633974483,0.0,0.0,746.0444444444444,119.79992786328957,208.288888888889,479.21975308641976,511.2234054728984,-242.99753086419753,0.014578422598859695,0.02077997772406201,0.01851623335643191,0.014348644063186259,0.00985647847889751,-0.0038231739018745586
37,1.17669595990974,0.6923076923076923,2.302585092994046,0.5038461538461538,0.0044736911569742,-0.0037228109506256,0.0024808448548612,0.003420271223211,0.0003352161417463,-0.0001795702236878,0.0002830625309927,0.0,0.0017321508507662,0.0002848123807284,0.0017085749844809,0.0,-0.0009388399982548,0.0009401426347706,0.0816333965354965,0.104444353660711,0.0214982725037022,5.616813989098057,2.302585092994046,0.0,0.0,0.8257590990966501,0.1742409007630223,0.0955824340084592,0.1285676267750951,0.0250471980986766,5.712038381728531,2.302585092994046,0.0,0.0,0.5401792058807073,0.459820794016869,0.1306494499581218,0.1914893758170432,0.0408747013185409,5.608430994292106,2.302585092994046,0.0,0.0,0.712716181326123,0.2872838186205152,0.0038094888270428,0.0012682199621732,0.0017373949253564,0.0028204279043119,0.969926510943035,-0.0009563182945852,0.0014862577280555,01,Tribolium,0.5,0.5,0.0,1.0,0.0,3.0,3.0,0.0,0.9999999999996666,9.0,12.0,0.7853981633974483,860.4444444444445,390.0246913580247,846.0,858.0,875.0,37.28616339581797,56.0357029044876,857.375,814.4166666666666,0.0499257489669421,0.0126824353317278,0.0142338634329528,0.0,0.0,0.0,0.0,0.0,0.0,0.0,0.0,8.333333333333371,70.88888888888891,-612.2962962962963,44.0,-4.0,74.0,2.5252678601085066,12.10942609955535,0.016968388163708305,0.0364688111678991,-0.012423616027838098,-0.0012696945454106004,0.012317454715094,-0.004552681878351299,0.5038461538461538,0.5038461538461538,0.5038461538461538,0.5038461538461538,0.5038461538461538,0.5038461538461538,0.5038461538461538,0.5038461538461538,0.5038461538461538,0.5038461538461538,0.5038461538461538,0.5038461538461538,0.3730769230769231,0.6,0.36923076923076925,0.3576923076923077,0.36923076923076925,0.7923076923076923,0.8692307692307693,0.36923076923076925,0.3076923076923077,0.9384615384615385,0.6461538461538462,0.7384615384615385,0.5,0.0,0.0,1.0,0.0,0.0,0.9999999999996666,0.0,0.0,0.7853981633974483,0.0,0.0,803.0222222222221,139.06451828886327,57.42222222222233,371.48148148148147,529.3358722594969,18.543209876543244,0.023415650015297315,0.01685592250981562,0.026510098951644787,0.010554706712102341,0.0088043839089714,0.002127728619625459
39,1.3258903253241263,0.8,2.302585092994046,0.5038461538461538,0.0051922780758481,0.0015664343247233,0.004950357070279,0.003420271223211,0.0047126504437023,-0.0018670433509302,0.0043270340107601,0.0,0.0018449759823915,0.0013180879284292,0.0012909611103866,0.0,0.0010736096822964,0.0010815847280877,0.0805555501141865,0.0919347018874554,0.0116582687496283,5.871965720602796,2.302585092994046,0.0,0.0,0.7813752100166085,0.2186247898324506,0.0912006079781442,0.1128171161724777,0.0162569723109734,5.9734123369791,2.302585092994046,0.0,0.0,0.6797306537642922,0.3202693461191826,0.1199463818149734,0.1576667129919693,0.0317453836922027,5.997128863634657,2.302585092994046,0.0,0.0,0.7154319009492058,0.2845680989858375,0.0034455427194361,0.0020656962235945,0.0033065301960948,0.0018889065218531,0.9996527700464616,0.0009177490233599,0.0011678723705309,01,Tribolium,0.5,0.5,0.0,1.0,0.0,3.0,3.0,0.0,0.9999999999996666,9.0,12.0,0.7853981633974483,1231.4444444444443,971.8024691358024,1212.0,1225.0,1243.0,37.66793887512323,50.89449872039217,1230.0,1204.3333333333333,0.020842732112244,0.0121368772464816,0.0130397811804985,0.0,0.0,0.0,0.0,0.0,0.0,0.0,0.0,200.0,18.888888888888687,-10446.88888888889,615.3333333333333,205.0,3.0,-83.50954956409629,12.406509001183547,0.010864815490462301,0.009743584306874402,-0.0604227165251862,0.0030564546566718993,-0.07812672815166,0.0110196760136613,0.5038461538461538,0.5038461538461538,0.5038461538461538,0.5038461538461538,0.5038461538461538,0.5038461538461538,0.5038461538461538,0.5038461538461538,0.5038461538461538,0.5038461538461538,0.5038461538461538,0.5038461538461538,0.9461538461538461,0.8384615384615385,0.9461538461538461,0.9384615384615385,0.9384615384615385,0.8,0.823076923076923,0.9461538461538461,0.9538461538461539,0.6230769230769231,0.6307692307692307,0.7076923076923077,0.5,0.0,0.0,1.0,0.0,0.0,0.9999999999996666,0.0,0.0,0.7853981633974483,0.0,0.0,1072.0666666666668,163.6490312592738,159.3777777777775,760.4790123456789,593.9684555804803,211.3234567901235,0.0192772272901061,0.020273714577743046,0.0015655048221379017,0.013540445935733678,0.006441405429219452,-0.0014035686892520782
40,1.2572543728472902,0.7538461538461538,2.302585092994046,0.5038461538461538,0.0018632897029761,-2.967492376927803e-05,0.0018630533852029,0.0,0.0003352161417463,-0.0002277319098886,0.0002459838183819,0.0,0.001699768556312,0.0014189178074339,0.0009358874936518,0.0,0.0009054358776755,0.0011737949165347,0.0696466865369809,0.0805036235404371,0.0150459904533022,6.1375184538061145,2.302585092994046,0.0,0.0,0.6502022187571117,0.3497977810459232,0.0789638620429869,0.102065157088548,0.0173018458119948,6.173725661647847,2.302585092994046,0.0,0.0,0.5798041214676085,0.4201958783793609,0.113114774707964,0.180741189988916,0.0408720596519337,5.723963414059434,2.302585092994046,0.0,0.0,0.5799650457146703,0.4200349542161995,0.0043283812303186,0.0019379805132347,0.0040433981430823,0.0022297440384802,0.98547351846839,0.0006983818563367,0.0014838468854855,01,Tribolium,0.5,0.5,0.0,1.0,0.0,3.0,3.0,0.0,0.9999999999996666,9.0,12.0,0.7853981633974483,1086.888888888889,82.09876543209879,1084.0,1089.0,1093.0,14.680105449134984,23.58495283014151,1087.25,1073.5,0.0126507871600899,0.0017706509993921,0.0025040786575689,0.0,0.0,0.0,0.0,0.0,0.0,0.0,0.0,57.77777777777783,2.6666666666667425,-176.66666666666669,-189.62962962962956,59.0,4.0,-8.828040216062128,-7.597052362249087,0.0061727046725063,0.0022362554937647994,-0.006508463452123101,-0.0084668410497186,-0.0086035189666665,-0.0119297869102225,0.5038461538461538,0.5038461538461538,0.5038461538461538,0.5038461538461538,0.5038461538461538,0.5038461538461538,0.5038461538461538,0.5038461538461538,0.5038461538461538,0.5038461538461538,0.5038461538461538,0.5038461538461538,0.8076923076923077,0.08461538461538462,0.8346153846153846,0.823076923076923,0.8076923076923077,0.16923076923076924,0.3230769230769231,0.8307692307692308,0.8307692307692308,0.46923076923076923,0.015384615384615385,0.15384615384615385,0.5,0.0,0.0,1.0,0.0,0.0,0.9999999999996666,0.0,0.0,0.7853981633974483,0.0,0.0,862.9333333333334,92.94779100038828,223.95555555555552,657.437037037037,595.4564396363045,-575.3382716049382,0.0088764961281295,0.01309753147534934,0.0037742910319604004,0.018518450955289457,0.00865458702159651,-0.01674779995589736
42,1.4675936343404374,0.8692307692307693,2.302585092994046,0.5038461538461538,0.0018632897029761,0.0001854683547418,0.0018540361395092,0.0,0.0023046896565361,-0.0009597525331413,0.0020953447181963,0.0,0.0018795257867997,0.0001689566507047,0.0018719163532133,0.0,0.0002350538607209,0.0008061656584765,0.07582500142815,0.0822644556082903,0.0048639612993683,6.094244593926205,2.302585092994046,0.0,0.0,0.8070312364681534,0.1929687633586291,0.0907669534637672,0.1169912758763706,0.0188387488557374,5.90074973660869,2.302585092994046,0.0,0.0,0.6630213165111282,0.3369786833725053,0.1214081737415952,0.1639769485930524,0.0338222754119945,5.918643929749927,2.302585092994046,0.0,0.0,0.6571865456974932,0.3428134542395499,0.0026864286065405,0.0012798340213124,0.0024352227762705,0.0007647958956586,0.9715918598854778,0.0008615975168388,0.0010020796891649,01,Tribolium,0.5,0.5,0.0,1.0,0.0,3.0,3.0,0.0,0.9999999999996666,9.0,12.0,0.7853981633974483,1142.888888888889,1017.432098765432,1111.0,1153.0,1167.0,62.42204824780645,73.32973476019124,1137.5,1062.1666666666667,0.0659148356990082,0.0148500233717577,0.0055962481969909,0.0,0.0,0.0,0.0,0.0,0.0,0.0,0.0,27.44444444444457,-39.44444444444434,-18.370370370370324,-317.6790123456791,31.0,-32.0,12.195466679603044,1.1088396268724168,0.021351134135107606,0.0063927043203785006,-0.0019827017031718,-0.0022285708492201014,0.0047422573512845,-0.0036114944692147008,0.5038461538461538,0.5038461538461538,0.5038461538461538,0.5038461538461538,0.5038461538461538,0.5038461538461538,0.5038461538461538,0.5038461538461538,0.5038461538461538,0.5038461538461538,0.5038461538461538,0.5038461538461538,0.8846153846153846,0.8538461538461538,0.8769230769230769,0.9,0.9,0.9692307692307692,0.9384615384615385,0.8769230769230769,0.8076923076923077,0.9923076923076923,0.7230769230769231,0.3769230769230769,0.5,0.0,0.0,1.0,0.0,0.0,0.9999999999996666,0.0,0.0,0.7853981633974483,0.0,0.0,1160.3777777777777,143.91313566622043,-17.488888888888823,720.2666666666668,605.7967460474836,297.1654320987652,0.03019748055008058,0.015320807073880947,0.035717355148927626,0.0108113109839697,0.007157847202236427,0.0040387123877879995
43,1.5784875276425447,0.9307692307692308,2.302585092994046,0.5038461538461538,0.0018632897029761,0.0003067060410198,0.0018378737501849,0.0,0.0003352161417463,-0.0002683491282694,0.0002008945172083,0.0,0.0028702335015928,0.0003061253155132,0.0028538618825843,-0.0524728528934981,0.0003507499517149,0.0003605282426959,0.0704148263375515,0.0827253245118477,0.0089331305833616,6.083071293329716,2.302585092994046,0.0,0.0,0.6834944911064196,0.3165055086950908,0.0821700973011579,0.1028359019859038,0.0160884888987566,6.158679403986818,2.302585092994046,0.0,0.0,0.6713029127271003,0.3286970871302619,0.1286923378885945,0.2347935855598162,0.0581906092472929,5.200682113258996,2.302585092994046,0.0,0.0,0.8384637829611767,0.1615362169886926,0.0023535297692533,0.0009833519692434,0.0020977124509612,0.0004836993950859,0.9771006277378076,0.0007229086390651,0.0010022763254674,01,Tribolium,0.5,0.5,0.0,1.0,0.0,3.0,3.0,0.0,0.9999999999996666,9.0,12.0,0.7853981633974483,1024.7777777777778,156.17283950617286,1013.0,1021.0,1034.0,22.252829977037468,21.70829334609241,1025.25,994.8333333333334,0.0296812317033502,0.0035358720284185,0.0009295472297684,0.0,0.0,0.0,0.0,0.0,0.0,0.0,0.0,7.333333333333485,28.22222222222217,-217.4074074074074,-151.62962962962962,4.0,28.0,4.207875663527638,1.4622017382137784,0.01391460507891,0.0198557216130392,-0.007297018016498001,-0.0048956607301351,-0.0054904324390952,-0.0049422366336502,0.5038461538461538,0.5038461538461538,0.5038461538461538,0.5038461538461538,0.5038461538461538,0.5038461538461538,0.5038461538461538,0.5038461538461538,0.5038461538461538,0.5038461538461538,0.5038461538461538,0.5038461538461538,0.6692307692307692,0.25384615384615383,0.6846153846153846,0.6615384615384615,0.6461538461538462,0.4461538461538462,0.26153846153846155,0.6692307692307692,0.6307692307692307,0.7384615384615385,0.09230769230769231,0.05384615384615385,0.5,0.0,0.0,1.0,0.0,0.0,0.9999999999996666,0.0,0.0,0.7853981633974483,0.0,0.0,968.5333333333332,118.60842099473457,56.24444444444464,467.98024691358023,425.70092934325714,-311.80740740740737,0.012061696776123782,0.007138826971594875,0.01761953492722642,0.010424761007376781,0.005658468100596994,-0.006888888978958281
44,1.6169936743941864,0.9384615384615383,2.302585092994046,0.5038461538461538,0.0010021216505299,0.0008884585550511,0.0004635614289576,0.0024184969754297,0.0027289174063683,-0.0025723185654402,0.0009111352307268,0.0,0.0014429253388324,0.0003166164699901,0.001407759760888,0.0,0.0006177878269279,0.0006449325267812,0.0844098067304117,0.1046960608627905,0.0143489074498829,5.611999858378047,2.302585092994046,0.0,0.0,0.6339264102519935,0.3660735896115977,0.1087277108148116,0.1488702272208817,0.0318739737356999,5.41879853396978,2.302585092994046,0.0,0.0,0.6909910107040065,0.3090089892180976,0.1563580234903412,0.2641038562203168,0.0607066925277031,4.965410809822468,2.302585092994046,0.0,0.0,0.8135001776249392,0.1864998223395156,0.0024396465744979,0.0008949682302699,0.002300122091675,0.0027039618202192,-0.2205204206610951,0.0006647333876619,0.001007846841296,01,Tribolium,0.5,0.5,0.0,1.0,0.0,3.0,3.0,0.0,0.9999999999996666,9.0,12.0,0.7853981633974483,1197.111111111111,160.54320987654322,1186.0,1199.0,1204.0,16.81660456171629,19.525624189766635,1198.5,1196.4166666666667,0.001740300723965,0.0043591435682698,0.0056837983634724,0.0,0.0,0.0,0.0,0.0,0.0,0.0,0.0,68.11111111111109,-10.222222222222172,-5264.79012345679,-241.90123456790124,58.0,-16.0,-53.20616522786601,-19.324354645667448,-0.0260128731762415,-0.0212442382048036,-0.040900650563744895,-0.004663570202212799,-0.020110454414545897,-0.0010790115282224002,0.5038461538461538,0.5038461538461538,0.5038461538461538,0.5038461538461538,0.5038461538461538,0.5038461538461538,0.5038461538461538,0.5038461538461538,0.5038461538461538,0.5038461538461538,0.5038461538461538,0.5038461538461538,0.9307692307692308,0.27692307692307694,0.9384615384615385,0.9153846153846154,0.9153846153846154,0.2846153846153846,0.2076923076923077,0.9307692307692308,0.9384615384615385,0.17692307692307693,0.1076923076923077,0.38461538461538464,0.5,0.0,0.0,1.0,0.0,0.0,0.9999999999996666,0.0,0.0,0.7853981633974483,0.0,0.0,1023.2888888888889,47.31092844805824,173.8222222222222,467.5259259259259,426.03211627403914,-306.9827160493827,0.017010370990739678,0.008855126649106941,-0.015270070266774679,0.009300987228096521,0.006318556940420722,-0.004941843659826721
45,1.6699877194306716,0.9769230769230768,2.302585092994046,0.5038461538461538,0.0018632897029761,0.0002534534662622,0.0018459712504956,0.0,0.0003352161417463,-0.0002624300691711,0.0002085673044417,0.0,0.0017321508507662,0.0008291007408225,0.0015208348139682,0.0,0.000155850356714,0.0001612331316953,0.0932003033809377,0.1028359019859038,0.0130855789262234,5.64785378022096,2.302585092994046,0.0,0.0,0.7186771240429101,0.2813228758441915,0.1154646556126819,0.1695192142438728,0.0318903305412196,5.1590159128300535,2.302585092994046,0.0,0.0,0.7946998286505554,0.2053001712797536,0.1837168847635366,0.3173396134054865,0.0793910082796315,4.598150578806943,2.302585092994046,0.0,0.0,0.9231828069757532,0.0768171929992811,0.0023535297692533,0.0009833519692434,0.0020977124509612,0.0004836993950859,0.9771006277378076,0.0007282338965408,0.000999906554914,01,Tribolium,0.5,0.5,0.0,1.0,0.0,3.0,3.0,0.0,0.9999999999996666,9.0,12.0,0.7853981633974483,948.4444444444443,476.9135802469135,928.0,948.0,967.0,24.79035290599676,32.745228660065884,946.125,931.0833333333334,0.0158593017806934,0.0085439871938129,0.0120523159789372,0.0,0.0,0.0,0.0,0.0,0.0,0.0,0.0,146.33333333333326,-30.666666666666856,341.92592592592587,306.8148148148148,139.0,-26.0,14.803295249325457,3.9238635726481945,0.01580735552774983,-0.006354724547041397,2.64911876562985e-05,0.003999760446127999,6.757609576099263e-06,0.0060759168107216,0.5038461538461538,0.5038461538461538,0.5038461538461538,0.5038461538461538,0.5038461538461538,0.5038461538461538,0.5038461538461538,0.5038461538461538,0.5038461538461538,0.5038461538461538,0.5038461538461538,0.5038461538461538,0.5461538461538461,0.6538461538461539,0.5384615384615384,0.5423076923076923,0.5538461538461539,0.5153846153846153,0.5384615384615384,0.5461538461538461,0.5692307692307692,0.5461538461538461,0.35384615384615387,0.6923076923076923,0.5,0.0,0.0,1.0,0.0,0.0,0.9999999999996666,0.0,0.0,0.7853981633974483,0.0,0.0,1023.0444444444445,147.94814907532574,-74.60000000000014,394.1876543209877,447.96181511445826,82.72592592592582,0.01430824592498634,0.010699062206993218,0.0015510558557070616,0.008738336428870138,0.006627280908581914,-0.0001943492350572392
46,1.2130765165647417,0.7230769230769231,2.302585092994046,0.5038461538461538,0.0051922780758481,0.0011389265653846,0.0050658264770513,0.003420271223211,0.0074275463059929,-0.0010306406994795,0.0073556932967766,0.0,0.0027276059894189,0.0026852043690484,0.0004790740338999,0.0,-0.0015210555766279,0.0015295917913172,0.054637642137937,0.0592901821528476,0.0046021362833386,6.74923538644797,2.302585092994046,0.0,0.0,0.5848654494053492,0.4151345502620326,0.0657870922870894,0.0971320897094397,0.0168724784685116,6.272804866802301,2.302585092994046,0.0,0.0,0.6454485130093773,0.354551486773826,0.1013854949342642,0.156288057578946,0.03951418047271,6.014693995989934,2.302585092994046,0.0,0.0,0.7159050992562682,0.284094900659275,0.0043257342369317,0.0019368164782367,0.0030500323954946,0.0022297440384802,0.9879222330709236,0.0003707326673008,0.0016649191817929,01,Tribolium,0.5,0.5,0.0,1.0,0.0,3.0,3.0,0.0,0.9999999999996666,9.0,12.0,0.7853981633974483,1004.1111111111112,240.54320987654324,993.0,1001.0,1016.0,19.16602546649206,21.828879952943076,1004.5,1001.4166666666666,0.0030707093061857,0.0103745711924548,0.0143657138836731,0.0,0.0,0.0,0.0,0.0,0.0,0.0,0.0,36.44444444444457,71.88888888888903,-38.56790123456784,-140.29629629629625,37.0,72.0,-1.1735541919429266,-4.627614252062941,-0.016908622419615202,-5.8015366043099714e-05,0.0002878753595612991,-0.0023388214863281007,0.0119750073944773,0.007212853490651001,0.5038461538461538,0.5038461538461538,0.5038461538461538,0.5038461538461538,0.5038461538461538,0.5038461538461538,0.5038461538461538,0.5038461538461538,0.5038461538461538,0.5038461538461538,0.5038461538461538,0.5038461538461538,0.6307692307692307,0.45384615384615384,0.6538461538461539,0.6230769230769231,0.6230769230769231,0.35384615384615387,0.2692307692307692,0.6307692307692307,0.6538461538461539,0.19230769230769232,0.5230769230769231,0.7461538461538462,0.5,0.0,0.0,1.0,0.0,0.0,0.9999999999996666,0.0,0.0,0.7853981633974483,0.0,0.0,898.4666666666668,109.03714170687408,105.64444444444439,586.8395061728396,642.2850046917983,-346.29629629629636,0.0234239997345179,0.013736205727411658,-0.0203532904283322,0.015479391202265361,0.011401110017630209,-0.005104820009810562
50,1.2274973098995272,0.7384615384615385,2.302585092994046,0.5038461538461538,0.0024182755452818,-0.0022982798412353,0.0007523073735378,0.0024184969754297,0.0003352161417463,-0.0002117719049235,0.0002598509610764,0.0,0.0021779317254264,0.0017873394288495,0.0012445096892747,0.0,-0.00122099287024,0.001299903065293,0.0757439413969134,0.0841275485224489,0.0116352684672254,6.049454682535568,2.302585092994046,0.0,0.0,0.6415363215465174,0.358463678283198,0.0859195783285659,0.1114872019240146,0.0167036947029896,5.99712886359453,2.302585092994046,0.0,0.0,0.619068990960483,0.3809310089089889,0.122353825812092,0.1859885500390897,0.0407332302429992,5.666725425152016,2.302585092994046,0.0,0.0,0.7082326306810717,0.2917673692587949,0.004531275798101,0.0018295791854919,0.0032650868185813,0.003368576492098,0.32685028266851,0.0001855287804279,0.0019018529126756,01,Tribolium,0.5,0.5,0.0,1.0,0.0,3.0,3.0,0.0,0.9999999999996666,9.0,12.0,0.7853981633974483,930.0,594.4444444444445,911.0,929.0,943.0,22.38641882794827,30.92329219213245,930.125,912.3333333333334,0.0191308243727597,0.0183491308881558,0.0095111608888918,0.0,0.0,0.0,0.0,0.0,0.0,0.0,0.0,65.66666666666663,16.8888888888888,398.0,368.12345679012344,67.0,11.0,1.2859815725761408,-4.031276748162675,-0.001405234246599999,-0.0104840454252446,0.0082519249786912,0.013175767133201101,0.0014815955923731996,0.0034008494109349996,0.5038461538461538,0.5038461538461538,0.5038461538461538,0.5038461538461538,0.5038461538461538,0.5038461538461538,0.5038461538461538,0.5038461538461538,0.5038461538461538,0.5038461538461538,0.5038461538461538,0.5038461538461538,0.5153846153846153,0.7153846153846154,0.5153846153846153,0.5115384615384615,0.5153846153846153,0.45384615384615384,0.5076923076923077,0.5153846153846153,0.5153846153846153,0.5923076923076923,0.7923076923076923,0.6,0.5,0.0,0.0,1.0,0.0,0.0,0.9999999999996666,0.0,0.0,0.7853981633974483,0.0,0.0,922.6444444444445,113.13696277379475,7.3555555555554974,435.05679012345684,496.04595501768495,159.38765432098762,0.020725317203851443,0.01583104906120579,-0.0015944928310917435,0.01236513068540908,0.008713518610334765,0.00598400020274672
51,1.40288757844317,0.8384615384615385,2.302585092994046,0.5038461538461538,0.0018632897029761,0.0001492348741271,0.0018573038172472,0.0,0.0035561516787163,-0.003299682444823,0.00132601301855,0.0,0.0020944187298123,0.0012020974209102,0.0017150952178902,0.0,4.353013943914966e-05,0.0011737949165347,0.0760611151835184,0.0851984000825255,0.0065105741627331,6.024157535925272,2.302585092994046,0.0,0.0,0.7511911659822011,0.2488088338462038,0.0947989031182446,0.1287948986985968,0.0237899810178069,5.708506057321198,2.302585092994046,0.0,0.0,0.7341166146375084,0.2658833852578101,0.1247803403691995,0.1936157506961239,0.0371805492006865,5.586344594062444,2.302585092994046,0.0,0.0,0.6931523675170408,0.3068476324239712,0.0029439019969947,0.0011693073155409,0.0027738398508244,0.0010815847280877,0.967038201365278,0.0009667042521456,0.0011295523291951,01,Tribolium,0.5,0.5,0.0,1.0,0.0,3.0,3.0,0.0,0.9999999999996666,9.0,12.0,0.7853981633974483,1089.0,993.3333333333334,1073.0,1086.0,1117.0,40.0867292073693,48.67494221876385,1085.5,1049.6666666666667,0.0329048056320782,0.0180675941407724,0.0196189108059744,0.0,0.0,0.0,0.0,0.0,0.0,0.0,0.0,83.77777777777783,6.222222222222172,627.1604938271605,357.82716049382725,81.0,-5.0,13.476101670318158,8.795091324471624,0.024200262689666397,0.009854523436080398,0.0066799220964537005,0.003954529543427499,0.012308617553604202,0.0176080418535412,0.5038461538461538,0.5038461538461538,0.5038461538461538,0.5038461538461538,0.5038461538461538,0.5038461538461538,0.5038461538461538,0.5038461538461538,0.5038461538461538,0.5038461538461538,0.5038461538461538,0.5038461538461538,0.8307692307692308,0.8461538461538461,0.8153846153846154,0.8153846153846154,0.8538461538461538,0.823076923076923,0.7923076923076923,0.8076923076923077,0.7769230769230769,0.7538461538461538,0.7846153846153846,0.8846153846153846,0.5,0.0,0.0,1.0,0.0,0.0,0.9999999999996666,0.0,0.0,0.7853981633974483,0.0,0.0,1206.3777777777777,128.2202503218294,-117.37777777777774,878.1580246913582,551.959954413108,115.17530864197522,0.03627757183619966,0.0214439356541895,-0.003372766204121462,0.011550775836631,0.006125584442811606,0.0065168183041414
53,1.5457680425377578,0.9076923076923076,2.302585092994046,0.5038461538461538,0.0035768555550722,0.002542043196387,0.0025163290821261,0.0024184969754297,0.0045318754268491,0.004391877275205,0.0011177248695524,0.0,0.0018795257867997,0.0002007679306225,0.0018687721694413,0.0,0.0001775240947283,0.0006449325267812,0.0779931916445197,0.0822644556082903,0.003442824031356,6.094244593926205,2.302585092994046,0.0,0.0,0.8451747338981629,0.1548252659377623,0.08559640904413,0.1112771457752432,0.01324182179199,6.000900673817878,2.302585092994046,0.0,0.0,0.5980994037263077,0.4019005961403962,0.1197183513557411,0.1920384066928453,0.0384409717094072,5.602704877167211,2.302585092994046,0.0,0.0,0.7292482107163958,0.270751789220354,0.0021821731840437,0.0009011098437779,0.0019691703191612,0.0021766472778867,0.8471526534882127,0.0004993749235283,0.0008006172101001,01,Tribolium,0.5,0.5,0.0,1.0,0.0,3.0,3.0,0.0,0.9999999999996666,9.0,12.0,0.7853981633974483,1055.3333333333333,206.44444444444449,1050.0,1055.0,1058.0,26.86252690788548,36.76955262170047,1052.0,1027.25,0.0234523057485786,0.0052219822141604,0.0067052783019369,0.0,0.0,0.0,0.0,0.0,0.0,0.0,0.0,146.22222222222206,31.22222222222217,-59.2098765432099,-310.98765432098764,138.0,29.0,5.44330977769253,-2.754316475415443,0.006219355369698202,-0.001081165011972498,-0.0055763031004817,-0.0076010042820861,0.0064059028750387,-0.009240190350263997,0.5038461538461538,0.5038461538461538,0.5038461538461538,0.5038461538461538,0.5038461538461538,0.5038461538461538,0.5038461538461538,0.5038461538461538,0.5038461538461538,0.5038461538461538,0.5038461538461538,0.5038461538461538,0.7461538461538462,0.3769230769230769,0.7692307692307693,0.7461538461538462,0.7384615384615385,0.5923076923076923,0.6230769230769231,0.7461538461538462,0.7153846153846154,0.6615384615384615,0.13076923076923078,0.45384615384615384,0.5,0.0,0.0,1.0,0.0,0.0,0.9999999999996666,0.0,0.0,0.7853981633974483,0.0,0.0,1023.3333333333333,154.3784511285157,32.0,340.2716049382716,339.14479963976254,-133.8271604938271,0.02132074273178062,0.024490921914923733,0.0021315630167979827,0.00793658623773488,0.00403651923653704,-0.002714604023574479
54,1.3537543346676073,0.8153846153846154,2.302585092994046,0.5038461538461538,0.0041997267140016,-0.0004398508386901,0.0041766297073121,0.0024184969754297,0.0023046896565361,-0.0009194808119462,0.0021133266310268,0.0,0.0024160243098092,0.0011353390815782,0.0021326459235959,0.0,0.0007525479536121,0.0008061656584765,0.0746157146607697,0.0787776897667908,0.0029433750838945,6.180863182492527,2.302585092994046,0.0,0.0,0.7441455942368509,0.2558544055838144,0.07952371608796,0.0919347018874554,0.0071782787309365,6.382791344368653,2.302585092994046,0.0,0.0,0.6225607039140009,0.3774392959291498,0.114515398351826,0.1920384066928453,0.0403094941373482,5.602704877167211,2.302585092994046,0.0,0.0,0.8099636100114189,0.1900363899207321,0.0027102582958922,0.0011277202401865,0.0025859313324071,0.0023819432805081,0.8586896708242603,0.0010420445866803,0.0010531636574649,01,Tribolium,0.5,0.5,0.0,1.0,0.0,3.0,3.0,0.0,0.9999999999996666,9.0,12.0,0.7853981633974483,1275.5555555555557,1786.246913580247,1246.0,1270.0,1308.0,55.772619457634825,61.0,1271.5,1212.0,0.0466463414634146,0.0204970080392606,0.026457903145028,0.0,0.0,0.0,0.0,0.0,0.0,0.0,0.0,44.11111111111131,88.33333333333348,613.7777777777778,1594.0740740740741,50.0,87.0,-3.5304050533229017,27.476062166558215,-0.0018062435767369975,0.0268873335083375,0.0125585859375671,0.0177784890783642,0.0224796648187318,0.0226753499623609,0.5038461538461538,0.5038461538461538,0.5038461538461538,0.5038461538461538,0.5038461538461538,0.5038461538461538,0.5038461538461538,0.5038461538461538,0.5038461538461538,0.5038461538461538,0.5038461538461538,0.5038461538461538,0.9692307692307692,0.9307692307692308,0.9692307692307692,0.9692307692307692,0.9692307692307692,0.9538461538461539,0.8923076923076924,0.9692307692307692,0.9615384615384616,0.9076923076923077,0.8153846153846154,0.9230769230769231,0.5,0.0,0.0,1.0,0.0,0.0,0.9999999999996666,0.0,0.0,0.7853981633974483,0.0,0.0,1215.6222222222223,101.09998962034845,59.933333333333394,641.427160493827,299.3905336487274,1144.81975308642,0.027381000111193175,0.009624069880127265,0.019265341352221424,0.009885792071651741,0.0061358798696364986,0.010611215967608858
55,1.338114022782707,0.8076923076923077,2.302585092994046,0.5038461538461538,0.0035768555550722,0.0026760674516168,0.0023733012148162,0.0024184969754297,0.0021156570499304,0.0020884644378761,0.0003381139521626,0.0,0.0024160243098092,0.0012460536636549,0.0020699091122272,0.0,0.000421876457538,0.0005813343236311,0.0781233744332154,0.0912642193365606,0.0093308680467903,5.886605229175665,2.302585092994046,0.0,0.0,0.6286533212832981,0.3713466785551594,0.1051204226809071,0.1503558387689995,0.0339777342920212,5.398938983967744,2.302585092994046,0.0,0.0,0.6756074222855262,0.3243925776325388,0.140036595266616,0.1903865642899966,0.0432715600535504,5.619982542603652,2.302585092994046,0.0,0.0,0.5778566683165225,0.4221433316369283,0.0026011888265755,0.0011845867742208,0.002509523520254,0.0019943436969867,0.8419036944893041,0.0005109830584367,0.0007765221676334,01,Tribolium,0.5,0.5,0.0,1.0,0.0,3.0,3.0,0.0,0.9999999999996666,9.0,12.0,0.7853981633974483,1242.7777777777778,244.61728395061724,1226.0,1244.0,1254.0,25.39218334522923,40.99390198553927,1240.125,1213.0,0.0218261063924899,0.0030355093645803,0.000437995483608,0.0,0.0,0.0,0.0,0.0,0.0,0.0,0.0,34.333333333333485,26.44444444444457,64.59259259259252,-188.49382716049385,31.0,36.0,4.990227107689446,-1.5134250017723687,0.006068934638168499,-0.001296666970075102,-0.0029413061962282002,-0.0076306621547098,-0.008007744250977201,-0.0126519058548561,0.5038461538461538,0.5038461538461538,0.5038461538461538,0.5038461538461538,0.5038461538461538,0.5038461538461538,0.5038461538461538,0.5038461538461538,0.5038461538461538,0.5038461538461538,0.5038461538461538,0.5038461538461538,0.9538461538461539,0.46153846153846156,0.9538461538461539,0.9538461538461539,0.9461538461538461,0.5384615384615384,0.7615384615384615,0.9538461538461539,0.9692307692307692,0.6384615384615384,0.05384615384615385,0.023076923076923078,0.5,0.0,0.0,1.0,0.0,0.0,0.9999999999996666,0.0,0.0,0.7853981633974483,0.0,0.0,1176.0666666666668,135.64473569212947,66.711111111111,797.1456790123457,558.2355575805743,-552.5283950617285,0.02904239768339112,0.01598894827069121,-0.0072162912909012195,0.0125073466163732,0.006616760727611664,-0.0094718372517929
56,1.2750287859338687,0.7769230769230769,2.302585092994046,0.5038461538461538,0.0018632897029761,0.000224947859221,0.0018496613143624,0.0,0.0021156570499304,0.002068736337572,0.0004430967372134,0.0,0.0025237757584666,0.0005432671472288,0.0024646104937222,0.0,0.0012808670986277,0.0016123313169531,0.0880486654152897,0.0941040871425175,0.0066572994722645,5.825319887157326,2.302585092994046,0.0,0.0,0.7412779661908404,0.2587220336809032,0.0931759600247938,0.1015192733756842,0.0081360765835602,6.184451138440348,2.302585092994046,0.0,0.0,0.6485000304352163,0.3514999694504712,0.1266681233039764,0.1947603466231152,0.0371133138922631,5.574556028816439,2.302585092994046,0.0,0.0,0.6132528295241843,0.3867471704184178,0.0034455427194361,0.0020656962235945,0.0033065301960948,0.0015485936601532,0.9744198999770616,0.0009683154288763,0.0011782774334191,01,Tribolium,0.5,0.5,0.0,1.0,0.0,3.0,3.0,0.0,0.9999999999996666,9.0,12.0,0.7853981633974483,1133.7777777777778,590.8395061728394,1115.0,1149.0,1151.0,27.94645595453799,40.5493526458808,1131.875,1111.8333333333333,0.0176768914151313,0.0137021603761779,0.0104422583115303,0.0,0.0,0.0,0.0,0.0,0.0,0.0,0.0,-26.111111111111086,-23.333333333333258,420.51851851851836,457.6296296296295,-10.0,-6.0,5.907169123850931,8.662086007526256,0.004385388397600901,0.0092867435372747,0.0078771702470839,0.0093364726782737,0.003754792302327399,0.005738033724000899,0.5038461538461538,0.5038461538461538,0.5038461538461538,0.5038461538461538,0.5038461538461538,0.5038461538461538,0.5038461538461538,0.5038461538461538,0.5038461538461538,0.5038461538461538,0.5038461538461538,0.5038461538461538,0.8615384615384616,0.7076923076923077,0.8846153846153846,0.8884615384615384,0.8615384615384616,0.6384615384615384,0.7384615384615385,0.8653846153846154,0.8846153846153846,0.5846153846153846,0.6923076923076923,0.6307692307692307,0.5,0.0,0.0,1.0,0.0,0.0,0.9999999999996666,0.0,0.0,0.7853981633974483,0.0,0.0,1041.2,257.7659326780456,92.57777777777778,793.1061728395061,556.4164166806321,-202.26666666666677,0.017036439422023663,0.019519912903275503,0.000640451993107638,0.014506653955622981,0.007061925210608859,-0.0008044935794450821
58,1.4077385354696246,0.8461538461538461,2.302585092994046,0.5038461538461538,0.0018632897029761,0.0003031041550466,0.001838471209568,0.0,0.0003352161417463,-0.0002679549620838,0.0002014199592442,0.0,0.0018795257867997,0.0002877640331371,0.0018573661578907,0.0,0.0006933130033908,0.0010815847280877,0.0774834823660381,0.0818367345700356,0.0049810468390717,6.104670405129986,2.302585092994046,0.0,0.0,0.7716120265229384,0.2283879733111828,0.0917670411196402,0.1170162713420711,0.0180766543603015,5.900322477469558,2.302585092994046,0.0,0.0,0.6302831174609668,0.3697168824247207,0.1218119076292089,0.171013561160553,0.0354033071274851,5.8346099341429145,2.302585092994046,0.0,0.0,0.6623582250279909,0.3376417749098645,0.0027725454117851,0.001189380423251,0.0026339052056145,0.0008720014854466,0.9830330529214214,0.0007834828672253,0.0010261800587309,01,Tribolium,0.5,0.5,0.0,1.0,0.0,3.0,3.0,0.0,0.9999999999996666,9.0,12.0,0.7853981633974483,1381.111111111111,406.5432098765432,1365.0,1378.0,1395.0,46.682157127989655,55.05678886386311,1375.875,1315.5833333333333,0.0436544650040225,0.0024868192302465,0.0006897195575638,0.0,0.0,0.0,0.0,0.0,0.0,0.0,0.0,12.0,-14.222222222222172,-176.66666666666663,-1310.567901234568,13.0,-11.0,-8.268581112718337,-7.3330313386889685,-0.006682330970656902,0.007462396203258101,-0.0029577213688319,-0.0159522449654243,-0.0041806341754436,-0.013549231805823299,0.5038461538461538,0.5038461538461538,0.5038461538461538,0.5038461538461538,0.5038461538461538,0.5038461538461538,0.5038461538461538,0.5038461538461538,0.5038461538461538,0.5038461538461538,0.5038461538461538,0.5038461538461538,0.9923076923076923,0.6153846153846154,0.9923076923076923,0.9923076923076923,0.9846153846153847,0.8846153846153846,0.8615384615384616,0.9923076923076923,0.9846153846153847,0.8769230769230769,0.03076923076923077,0.03076923076923077,0.5,0.0,0.0,1.0,0.0,0.0,0.9999999999996666,0.0,0.0,0.7853981633974483,0.0,0.0,1150.2222222222222,100.37664870346232,230.8888888888889,850.0790123456788,583.5762517577351,-443.53580246913566,0.03432431481785998,0.021012869352048817,0.009330150186162518,0.01284665724235592,0.006506876983864578,-0.010359838012109419
59,1.6236793992580063,0.946153846153846,2.302585092994046,0.5038461538461538,0.0035768555550722,0.0027233972186182,0.0023188366159508,0.0024184969754297,0.005073176464084,0.003973589826449,0.0031539979909437,0.0,0.0025237757584666,0.0007159380949917,0.002420098494517,0.0,9.260361037918706e-05,0.0003605282426959,0.0888250794066792,0.1026081366963319,0.0191095277192716,5.6522883772884045,2.302585092994046,0.0,0.0,0.6042253551418152,0.3957746447370471,0.1100096177156684,0.1420339436963631,0.0298714902709298,5.512816332047089,2.302585092994046,0.0,0.0,0.7279654406170967,0.2720345593059473,0.1699563472463071,0.2871093094118595,0.0722491062805494,4.798369626389704,2.302585092994046,0.0,0.0,0.8555819065684541,0.1444180934022247,0.0021198860681507,0.0007717389019147,0.0019045251296918,0.0019498545979395,0.926217504223551,0.0007928313503359,0.0009290197123875,01,Tribolium,0.5,0.5,0.0,1.0,0.0,3.0,3.0,0.0,0.9999999999996666,9.0,12.0,0.7853981633974483,1087.0,1289.3333333333333,1067.0,1097.0,1112.0,35.80795954568359,42.00297608503474,1085.75,1073.0,0.0117295308187672,0.0214199434086822,0.02729166737851,0.0,0.0,0.0,0.0,0.0,0.0,0.0,0.0,-74.44444444444434,-23.888888888888914,313.53086419753083,1038.3456790123455,-65.0,-7.0,-6.238168752061611,1.985771239265084,-0.0115532588110042,-0.0210145179909947,0.004351144957748299,0.0138250062186793,0.0063188048529595996,0.019696730188579398,0.5038461538461538,0.5038461538461538,0.5038461538461538,0.5038461538461538,0.5038461538461538,0.5038461538461538,0.5038461538461538,0.5038461538461538,0.5038461538461538,0.5038461538461538,0.5038461538461538,0.5038461538461538,0.8153846153846154,0.8923076923076924,0.8076923076923077,0.8384615384615385,0.8384615384615385,0.7846153846153846,0.7692307692307693,0.8153846153846154,0.823076923076923,0.4230769230769231,0.8307692307692308,0.9307692307692308,0.5,0.0,0.0,1.0,0.0,0.0,0.9999999999996666,0.0,0.0,0.7853981633974483,0.0,0.0,995.3333333333333,146.34110331181228,91.66666666666674,231.7037037037037,124.01738598118347,1057.6296296296296,0.015134200117371582,0.01062727304226667,-0.0034046692986043816,0.00616314518589628,0.0022654283282229314,0.01525679822278592
60,1.4850526950126652,0.8769230769230769,2.302585092994046,0.5038461538461538,0.0018632897029761,0.0002764312048483,0.0018426704279938,0.0,0.0003352161417463,-0.0002650080682225,0.0002052817221875,0.0,0.0027733277702393,0.0016679954351673,0.0022156574982252,0.0,0.0005477958262367,0.0005813343236311,0.0736622955325893,0.0778816110651857,0.0039375897231202,6.203743112873252,2.302585092994046,0.0,0.0,0.6842383891713151,0.3157616106449165,0.0795720014050558,0.0967701055072313,0.0094587998080378,6.280272231930001,2.302585092994046,0.0,0.0,0.6260323070889425,0.3739676927553225,0.1117648173780336,0.1537220725382592,0.0335207392207841,6.047803154595833,2.302585092994046,0.0,0.0,0.7615988426486254,0.2384011572779261,0.0025248863544629,0.0010311338815531,0.0022450269175163,0.0007255490926289,0.9544960734163438,0.0009681975212177,0.0011407118680885,01,Tribolium,0.5,0.5,0.0,1.0,0.0,3.0,3.0,0.0,0.9999999999996666,9.0,12.0,0.7853981633974483,1000.8888888888888,208.76543209876544,991.0,1002.0,1007.0,18.81576565065152,24.186773244895647,999.0,994.6666666666666,0.004329484902309,0.0077831512954086,0.0047586667960336,0.0,0.0,0.0,0.0,0.0,0.0,0.0,0.0,-16.33333333333337,7.111111111110972,135.25925925925927,-19.407407407407362,-16.0,12.0,-0.24255720231697353,-0.2580496458167474,-0.0038217985493567003,0.0039940645087491,0.004089063567773299,0.0030772936242074002,0.0014141969123139001,0.0007875575306465999,0.5038461538461538,0.5038461538461538,0.5038461538461538,0.5038461538461538,0.5038461538461538,0.5038461538461538,0.5038461538461538,0.5038461538461538,0.5038461538461538,0.5038461538461538,0.5038461538461538,0.5038461538461538,0.6153846153846154,0.3923076923076923,0.6384615384615384,0.6307692307692307,0.6,0.33076923076923076,0.34615384615384615,0.6153846153846154,0.6230769230769231,0.2230769230769231,0.3,0.3076923076923077,0.5,0.0,0.0,1.0,0.0,0.0,0.9999999999996666,0.0,0.0,0.7853981633974483,0.0,0.0,1071.0222222222224,203.03637574716313,-70.13333333333355,389.0074074074074,327.3913708155718,-180.24197530864197,0.033528139757046035,0.020421389424480237,-0.029198654854737036,0.00704988755388058,0.004511843571330961,0.00073326374152802
62,0.3139603341465739,0.1076923076923077,2.302585092994046,0.5038461538461538,0.0031992033896003,0.0017900695249758,0.0026515190785251,0.0048369939508594,0.0025712643875641,0.0020763050181666,0.0015166931206712,0.0,0.0012067215412377,-0.0006709558382001,0.0010029930913383,0.0,0.0015169048992676,0.0018026412134795,0.0723379291694544,0.0822288971646114,0.0069990173940369,6.095109271887427,2.302585092994046,0.0,0.0,0.69248522336854,0.3075147764421291,0.0856305356193663,0.1187282509118719,0.0190707496483669,5.87127391847786,2.302585092994046,0.0,0.0,0.6032094407896916,0.3967905590803754,0.1176645630863761,0.186898341746556,0.0372628309129123,5.656965966905638,2.302585092994046,0.0,0.0,0.6904423878753111,0.3095576120590438,0.0026947520909842,0.0011120943008263,0.0018779467747132,0.002912256006816,0.4394482065225255,0.00128834157486,0.001158483647691,01,Tribolium,0.5,0.5,0.0,1.0,0.0,3.0,3.0,0.0,0.9999999999996666,9.0,12.0,0.7853981633974483,946.4444444444443,304.9135802469136,936.0,941.0,956.0,25.057818892633595,33.15493930020081,945.875,923.8333333333334,0.0232889175862877,0.0098703755111394,0.0058951091484851,0.0,0.0,0.0,0.0,0.0,0.0,0.0,0.0,-119.66666666666674,-42.55555555555566,-76.07407407407408,-56.41975308641969,-125.0,-38.0,-0.7571880742008048,-3.873779157638616,0.012462966570133401,-0.012479535396523096,-0.0018200376805819988,-0.0011510813753818992,-0.010188043930681,-0.0056629819868554004,0.5038461538461538,0.5038461538461538,0.5038461538461538,0.5038461538461538,0.5038461538461538,0.5038461538461538,0.5038461538461538,0.5038461538461538,0.5038461538461538,0.5038461538461538,0.5038461538461538,0.5038461538461538,0.5384615384615384,0.5384615384615384,0.5461538461538461,0.5307692307692308,0.5384615384615384,0.5307692307692308,0.5461538461538461,0.5384615384615384,0.5615384615384615,0.6538461538461539,0.47692307692307695,0.4076923076923077,0.5,0.0,0.0,1.0,0.0,0.0,0.9999999999996666,0.0,0.0,0.7853981633974483,0.0,0.0,845.6444444444444,88.54763382942609,100.79999999999995,350.7012345679012,297.41018221522256,-45.7876543209876,0.005437661370229279,0.008636694593339737,0.017851256216058424,0.01196402238040488,0.005232449024113102,-0.00209364686926548
63,1.1173096709210917,0.6384615384615384,2.302585092994046,0.5038461538461538,0.0018386016148562,0.0009067852640038,0.0015994362704207,0.003420271223211,0.0031105030628786,-0.0002520631884994,0.0031002731255779,0.0,0.0018402143877115,0.0009286359578394,0.0015887178007903,0.0,-0.0006243246421131,0.000822130884752,0.103868143319141,0.1186050248787615,0.0126876202803835,5.362525138656694,2.302585092994046,0.0,0.0,0.7592067278238317,0.2407932720848405,0.1108634045599938,0.1222238599533491,0.0130494065521026,5.813239908374075,2.302585092994046,0.0,0.0,0.5697453358643377,0.4302546640554117,0.1467925888458918,0.2055864688720944,0.0401150473127933,5.4663622138621015,2.302585092994046,0.0,0.0,0.707907421789335,0.2920925781674822,0.0030644069086754,0.0013964824799399,0.0004768758123536,0.0022943876869758,-0.944558302299658,-0.0003140317094445,0.0020395523679062,01,Tribolium,0.5,0.5,0.0,1.0,0.0,3.0,3.0,0.0,0.9999999999996666,9.0,12.0,0.7853981633974483,1068.111111111111,88.98765432098766,1061.0,1065.0,1071.0,16.752840009671274,23.20021551624036,1066.625,1049.5833333333333,0.0159549568292937,0.003234432916084,0.0044591772078575,0.0,0.0,0.0,0.0,0.0,0.0,0.0,0.0,60.111111111111086,28.55555555555543,-47.23456790123457,-151.70370370370375,58.0,29.0,1.1056597647405582,-1.5837734922900424,0.006654361591198499,0.010864640454774699,-0.0045957260940812,-0.0066957949350899,0.0041891717247044,-0.0092858218831505,0.5038461538461538,0.5038461538461538,0.5038461538461538,0.5038461538461538,0.5038461538461538,0.5038461538461538,0.5038461538461538,0.5038461538461538,0.5038461538461538,0.5038461538461538,0.5038461538461538,0.5038461538461538,0.7769230769230769,0.1,0.7961538461538461,0.7692307692307693,0.7461538461538462,0.2692307692307692,0.3076923076923077,0.7769230769230769,0.7692307692307693,0.5538461538461539,0.06153846153846154,0.27692307692307694,0.5,0.0,0.0,1.0,0.0,0.0,0.9999999999996666,0.0,0.0,0.7853981633974483,0.0,0.0,965.1777777777777,81.79376655292002,102.9333333333334,427.03703703703707,210.83671662948984,-338.0493827160494,0.030262066251301355,0.02297013703132898,-0.014307109422007656,0.01076342183980894,0.0031428172742022998,-0.00752898892372494
64,1.2221042902118686,0.7307692307692307,2.302585092994046,0.5038461538461538,0.0018386016148562,0.0009217225610558,0.0015908750480765,0.003420271223211,0.0025712643875641,-0.0013129318251731,0.0022107941046608,0.0,0.0003896426809152,0.0003830182516259,7.154325762922224e-05,0.0,-0.0012090699875546,0.0017808781475064,0.0945656388103414,0.1002145305024155,0.0040315953758768,5.6994964602705975,2.302585092994046,0.0,0.0,0.596758345878185,0.4032416540101942,0.1042923083688047,0.1324002850360527,0.0149919524470699,5.653288877659793,2.302585092994046,0.0,0.0,0.6997391149952416,0.3002608849146817,0.1385933897907115,0.1959579618856273,0.0388746327985577,5.562295338830409,2.302585092994046,0.0,0.0,0.5979467745837521,0.4020532253679839,0.0028721161830189,0.0015482628152428,2.75108183562832e-05,0.0018418724222091,-0.1115159781783455,-2.188186882117397e-05,0.0021672583329712,01,Tribolium,0.5,0.5,0.0,1.0,0.0,3.0,3.0,0.0,0.9999999999996666,9.0,12.0,0.7853981633974483,1071.3333333333333,140.22222222222223,1061.0,1073.0,1082.0,11.154834838823373,15.008331019803634,1071.875,1070.3333333333333,0.0014390168014935,0.0071188930856207,0.0049538529333913,0.0,0.0,0.0,0.0,0.0,0.0,0.0,0.0,129.1111111111111,8.0,90.0493827160494,-34.888888888888914,133.0,9.0,0.863205199151512,-4.6889650127348705,-0.00015296433058189997,-0.0056142747345566,0.0030020770349800004,0.0030056549611553003,0.0020653037083963,0.0004746397152077999,0.5038461538461538,0.5038461538461538,0.5038461538461538,0.5038461538461538,0.5038461538461538,0.5038461538461538,0.5038461538461538,0.5038461538461538,0.5038461538461538,0.5038461538461538,0.5038461538461538,0.5038461538461538,0.7923076923076923,0.2076923076923077,0.7961538461538461,0.7807692307692308,0.7730769230769231,0.06153846153846154,0.08461538461538462,0.7923076923076923,0.8153846153846154,0.16923076923076924,0.27692307692307694,0.33076923076923076,0.5,0.0,0.0,1.0,0.0,0.0,0.9999999999996666,0.0,0.0,0.7853981633974483,0.0,0.0,1072.8444444444444,232.8339481420341,-1.5111111111111768,345.15061728395057,211.6095483889241,-204.92839506172834,0.0332884076798597,0.01909826159381978,-0.031849390878366204,0.008078431717991122,0.0037250618854007436,-0.0009595386323704219
67,0.87006295593885,0.5076923076923077,2.302585092994046,0.5038461538461538,0.0018632897029761,0.0006656234287038,0.0017403430605422,0.0,0.0023046896565361,0.0017974536326179,0.0014424821841301,0.0,0.0020677176768131,0.0004387413871808,0.0020206341544624,0.0,-0.0018956318019954,0.0025847637316326,0.0754071507146039,0.0846819370486979,0.0084411437940579,6.036318204632036,2.302585092994046,0.0,0.0,0.5290327120701938,0.4709672877561193,0.0843299809253209,0.0995998014244816,0.0127905922886132,6.222628128580848,2.302585092994046,0.0,0.0,0.5717328781544395,0.4282671217081061,0.1057527801781602,0.1460940337110799,0.0263027240377555,6.149594689110047,2.302585092994046,0.0,0.0,0.6698821939250704,0.3301178059907223,0.0043252475798505,0.003856009674552,0.0009984670214561,0.0025708975496475,-0.5753308322855571,0.0006337307699993,0.0033015876097057,01,Tribolium,0.5,0.5,0.0,1.0,0.0,3.0,3.0,0.0,0.9999999999996666,9.0,12.0,0.7853981633974483,1040.6666666666667,304.44444444444446,1033.0,1041.0,1050.0,21.973686673649937,23.021728866442675,1039.5,1028.3333333333333,0.0107303010890455,0.0102298010394914,0.0031383596961235,0.0,0.0,0.0,0.0,0.0,0.0,0.0,0.0,45.2222222222224,28.111111111111086,-213.58024691358025,-62.69135802469134,37.0,33.0,-3.0254324218722957,2.33463100619862,0.0146230346530593,0.004352050238612099,-0.004534712984067799,-0.0020822365913258003,-0.0034235058944897,-0.008554036201046401,0.5038461538461538,0.5038461538461538,0.5038461538461538,0.5038461538461538,0.5038461538461538,0.5038461538461538,0.5038461538461538,0.5038461538461538,0.5038461538461538,0.5038461538461538,0.5038461538461538,0.5038461538461538,0.7115384615384616,0.5307692307692308,0.7230769230769231,0.7230769230769231,0.6923076923076923,0.4307692307692308,0.3,0.7076923076923077,0.7230769230769231,0.38461538461538464,0.5,0.2076923076923077,0.5,0.0,0.0,1.0,0.0,0.0,0.9999999999996666,0.0,0.0,0.7853981633974483,0.0,0.0,1110.6666666666665,147.20091250388126,-69.99999999999977,3510.4246913580246,6182.341954138145,-3205.9802469135802,0.03713933006637904,0.03517765793907478,-0.02640902897733354,0.02125933621353788,0.020024732925204413,-0.011029535174046479
68,0.7177534931496581,0.4,2.302585092994046,0.5038461538461538,0.0035512125286613,-0.0002353893931643,0.0035434026383276,0.0054079236404385,0.0037344371597134,0.0009327194615456,0.0036160828676763,0.0,0.0016650016794657,-0.0006619881695932,0.0015277441722822,0.0,-0.0014561519069929,0.0032407458390834,0.0764787313378302,0.1006803762693713,0.0178307003175514,5.690221031453386,2.302585092994046,0.0,0.0,0.7559261589017295,0.2440738409361151,0.09595989824436,0.1370031041002448,0.0285645382312951,5.584941303870369,2.302585092994046,0.0,0.0,0.7719480176040724,0.2280519822961693,0.1258573939649839,0.1667360296355708,0.0366615386968305,5.885271848943368,2.302585092994046,0.0,0.0,0.6057945822598567,0.3942054176819503,0.0037568234761407,0.0037693207624346,0.0028017057251668,0.0007647958956586,0.9988365031344733,-0.0004290457512634,0.0022152371071464,01,Tribolium,0.5,0.5,0.0,1.0,0.0,3.0,3.0,0.0,0.9999999999996666,9.0,12.0,0.7853981633974483,1179.5555555555557,532.6913580246915,1158.0,1184.0,1203.0,42.611496859852615,54.77681991499689,1176.25,1125.5,0.0430246797287113,0.0098164396911611,0.0050761844707814,0.0,0.0,0.0,0.0,0.0,0.0,0.0,0.0,12.555555555555657,23.0,-144.19753086419746,-639.7777777777778,14.0,24.0,-2.859693282793046,-5.636986649753133,-0.0030335893372697986,0.002314717196287605,0.0015866159325668011,-0.006362206981634599,0.0002952133456188997,-0.0110435241833729,0.5038461538461538,0.5038461538461538,0.5038461538461538,0.5038461538461538,0.5038461538461538,0.5038461538461538,0.5038461538461538,0.5038461538461538,0.5038461538461538,0.5038461538461538,0.5038461538461538,0.5038461538461538,0.9076923076923077,0.676923076923077,0.9230769230769231,0.9076923076923077,0.9076923076923077,0.8461538461538461,0.8538461538461538,0.9076923076923077,0.9,0.8692307692307693,0.46923076923076923,0.35384615384615387,0.5,0.0,0.0,1.0,0.0,0.0,0.9999999999996666,0.0,0.0,0.7853981633974483,0.0,0.0,983.3777777777777,68.06883226503837,196.17777777777792,833.4469135802468,782.5466196028526,-300.75555555555536,0.00664889976934698,0.008360159582403832,0.03637577995936432,0.0163081189315251,0.011518475919091534,-0.006491679240364
70,1.4982788598644918,0.8846153846153846,2.302585092994046,0.5038461538461538,0.0018386016148562,0.0009836173279731,0.0015533682275181,0.003420271223211,0.0021156570499304,-0.0018006438067951,0.0011107144700463,0.0,0.0018934781043958,0.0016133454712241,0.0009911486882939,0.0,9.87205676387777e-05,0.0012592710145687,0.0962209647276027,0.0986853458603207,0.0025581433164214,5.730249918750419,2.302585092994046,0.0,0.0,0.655848554328011,0.344151445564056,0.0976018478557225,0.0997171848493368,0.0026052812688404,6.220272414888627,2.302585092994046,0.0,0.0,0.5398301008133133,0.4601698990817868,0.1351202062154056,0.188347973220546,0.039739920524914,5.641513304187009,2.302585092994046,0.0,0.0,0.7501655530619695,0.249834446887619,0.0025141394001864,0.0011442533640354,0.0005102076864095,0.0020804697640005,-0.3664905752546251,0.0003456191494588,0.0016855940609545,01,Tribolium,0.5,0.5,0.0,1.0,0.0,3.0,3.0,0.0,0.9999999999996666,9.0,12.0,0.7853981633974483,1095.888888888889,177.4320987654321,1089.0,1095.0,1109.0,10.632475244589,14.080127840328725,1096.0,1092.5833333333333,0.0031177126634898,0.008271443561289,0.0018626354122312,0.0,0.0,0.0,0.0,0.0,0.0,0.0,0.0,34.0,13.111111111111086,81.33333333333334,-407.6296296296297,33.0,6.0,-6.207539876400606,-15.273469727906903,-0.00013906247515190016,-0.0165846988295834,0.0032058066639909,-0.0066608769205669,-0.0033915803172964998,0.0014855974837022,0.5038461538461538,0.5038461538461538,0.5038461538461538,0.5038461538461538,0.5038461538461538,0.5038461538461538,0.5038461538461538,0.5038461538461538,0.5038461538461538,0.5038461538461538,0.5038461538461538,0.5038461538461538,0.8461538461538461,0.3153846153846154,0.8461538461538461,0.8307692307692308,0.8307692307692308,0.05384615384615385,0.05384615384615385,0.8461538461538461,0.8615384615384616,0.2,0.3230769230769231,0.12307692307692308,0.5,0.0,0.0,1.0,0.0,0.0,0.9999999999996666,0.0,0.0,0.7853981633974483,0.0,0.0,1089.3333333333333,70.85596588315317,6.555555555555657,519.4765432098765,433.1014289669399,-342.04444444444437,0.014314869961808438,0.014367075723233706,-0.011197157298318638,0.012429656696680622,0.004719346489181892,-0.004158213135391622
71,1.6640289859496622,0.9615384615384616,2.302585092994046,0.5038461538461538,0.0010021216505299,-0.0009749927430673,0.0002315965315516,0.0024184969754297,0.0021156570499304,-0.0018811476394701,0.0009681365148759,0.0,0.002441312177009,0.0023621812407706,0.0006165265049967,0.0,-0.0001354371759366,0.0018026412134795,0.0947096879580249,0.0986853458603207,0.0052898956427041,5.730249918750419,2.302585092994046,0.0,0.0,0.7299136474160768,0.2700863524727861,0.1014572765250938,0.1167159724603246,0.0097796482065497,5.9054616750757525,2.302585092994046,0.0,0.0,0.6258036192758687,0.3741963806278777,0.163762624225544,0.2768941401422111,0.0699447166461774,4.870825115761599,2.302585092994046,0.0,0.0,0.8274556791658861,0.1725443208025785,0.0026568490706637,0.0011291983294313,0.0010112004382286,0.0019498545979395,-0.8758899148609185,0.0009998746755956,0.0018021349353037,01,Tribolium,0.5,0.5,0.0,1.0,0.0,3.0,3.0,0.0,0.9999999999996666,9.0,12.0,0.7853981633974483,988.0,84.88888888888889,986.0,993.0,995.0,12.05655657126899,13.901438774457844,987.0,974.0833333333334,0.0130735492577597,0.005513726180178,0.0023415050397355,0.0,0.0,0.0,0.0,0.0,0.0,0.0,0.0,-24.66666666666663,-2.8888888888888005,-102.0,-1.2098765432099015,-17.0,-1.0,-2.7715075270077296,2.6334311661412855,0.0080537994223417,0.0126110016013345,0.0023550671566222,-0.00022479886217369963,0.0018039826033754,-0.0050745325308983995,0.5038461538461538,0.5038461538461538,0.5038461538461538,0.5038461538461538,0.5038461538461538,0.5038461538461538,0.5038461538461538,0.5038461538461538,0.5038461538461538,0.5038461538461538,0.5038461538461538,0.5038461538461538,0.5846153846153846,0.09230769230769231,0.6153846153846154,0.5846153846153846,0.5846153846153846,0.09230769230769231,0.04230769230769231,0.5846153846153846,0.6,0.47692307692307695,0.17692307692307693,0.14615384615384616,0.5,0.0,0.0,1.0,0.0,0.0,0.9999999999996666,0.0,0.0,0.7853981633974483,0.0,0.0,1023.8888888888889,48.80786214748,-35.888888888888914,490.6024691358025,362.52496646755236,-405.7135802469136,0.021478712659099918,0.014261544281342324,-0.008405163401340218,0.012289548944962819,0.005667233595507613,-0.006775822764784819
72,1.5021688191178282,0.8923076923076924,2.302585092994046,0.5038461538461538,0.0041997267140016,0.0020475063099389,0.0036668000195073,0.0024184969754297,0.0031105030628786,-0.0002021938803887,0.0031039244415595,0.0,0.0010733229904547,0.0010650488642545,0.0001330156328734,0.0,-0.0004363419290018,0.001377576481074,0.0885710256683019,0.0972825189302963,0.0063085215418902,5.758884223543542,2.302585092994046,0.0,0.0,0.5153731760398484,0.4846268238333223,0.1056480197995945,0.1464139772285992,0.0235186885282021,5.452072330666102,2.302585092994046,0.0,0.0,0.7639962501795904,0.2360037497350461,0.1427965559929261,0.1966284149589685,0.0417121428388332,5.555464192721751,2.302585092994046,0.0,0.0,0.6402135202840401,0.3597864796707739,0.0022780268902719,0.001007512438861,0.0002508063517753,0.0042237233860063,-0.0660915911357672,0.0002392302512622,0.0016065400454217,01,Tribolium,0.5,0.5,0.0,1.0,0.0,3.0,3.0,0.0,0.9999999999996666,9.0,12.0,0.7853981633974483,1139.111111111111,788.3209876543209,1105.0,1148.0,1163.0,27.005954937789657,32.46921619010844,1138.0,1121.1666666666667,0.0147776043698789,0.0169926771646934,0.0009557119558172,0.0,0.0,0.0,0.0,0.0,0.0,0.0,0.0,-0.11111111111108585,19.55555555555543,689.9259259259259,420.9629629629628,6.0,19.0,13.185175872038439,5.328146272658554,-0.00018143200971730035,-0.0016351586313119986,0.0111590473868462,0.0055533417806150984,-0.0037029294158645,0.00034795844675059994,0.5038461538461538,0.5038461538461538,0.5038461538461538,0.5038461538461538,0.5038461538461538,0.5038461538461538,0.5038461538461538,0.5038461538461538,0.5038461538461538,0.5038461538461538,0.5038461538461538,0.5038461538461538,0.8769230769230769,0.7923076923076923,0.8692307692307693,0.8769230769230769,0.8923076923076924,0.6076923076923076,0.5307692307692308,0.8846153846153846,0.8923076923076924,0.5076923076923077,0.7615384615384615,0.06153846153846154,0.5,0.0,0.0,1.0,0.0,0.0,0.9999999999996666,0.0,0.0,0.7853981633974483,0.0,0.0,1117.1333333333334,47.416379937947134,21.977777777777646,478.158024691358,448.2985289574196,310.1629629629629,0.00739084069458784,0.019798818484840275,0.00738676367529106,0.010357967843881639,0.006592324303651524,0.00663470932081176
73,1.42444597188784,0.8615384615384616,2.302585092994046,0.5038461538461538,0.0035768555550722,-0.0014168594440339,0.0032842662769183,0.0024184969754297,0.005073176464084,-0.0021687065614888,0.0045862655053857,0.0,0.0008056036658957,0.0002993110877643,0.0007479372562227,0.0,-0.0003123064396267,0.0012279149481394,0.086413597541338,0.0943213820417601,0.0055921166844406,5.820707028895948,2.302585092994046,0.0,0.0,0.5581540448925721,0.4418459549740691,0.0916233542035472,0.0996291602464675,0.0077129778085167,6.222038679698531,2.302585092994046,0.0,0.0,0.6615064382256742,0.3384935616560431,0.1254818200090628,0.1916573021166232,0.0389691920738137,5.606677866103879,2.302585092994046,0.0,0.0,0.7904567141799081,0.2095432857621687,0.0019672367393832,0.000967553805629,0.000356200308024,0.0032447541842631,0.938853974374854,1.8380772592157808e-05,0.0012619576595529,01,Tribolium,0.5,0.5,0.0,1.0,0.0,3.0,3.0,0.0,0.9999999999996666,9.0,12.0,0.7853981633974483,1190.0,1246.4444444444443,1164.0,1213.0,1216.0,46.02148479452631,62.932503525602726,1186.75,1140.5833333333333,0.0387955182072829,0.0189886561985237,0.0115498816069096,0.0,0.0,0.0,0.0,0.0,0.0,0.0,0.0,135.66666666666674,67.11111111111109,918.2222222222222,-9.432098765432556,153.0,91.0,22.12759939156343,8.384372454609831,0.023185337998620402,0.0311515443303782,0.0077703304728337,-0.0026010061620349995,0.0014824245547345998,-0.014748321153063501,0.5038461538461538,0.5038461538461538,0.5038461538461538,0.5038461538461538,0.5038461538461538,0.5038461538461538,0.5038461538461538,0.5038461538461538,0.5038461538461538,0.5038461538461538,0.5038461538461538,0.5038461538461538,0.9230769230769231,0.8846153846153846,0.9307692307692308,0.9307692307692308,0.9230769230769231,0.8692307692307693,0.9,0.9230769230769231,0.9230769230769231,0.8384615384615385,0.8,0.676923076923077,0.5,0.0,0.0,1.0,0.0,0.0,0.9999999999996666,0.0,0.0,0.7853981633974483,0.0,0.0,1087.4666666666667,56.71559543399067,102.5333333333333,406.6123456790123,291.0784326625495,839.832098765432,8.605279966979965e-06,0.0135433274922019,0.03878691292731592,0.010663351791455038,0.005899403847400899,0.008325304407068662
74,1.4122538954152406,0.8538461538461538,2.302585092994046,0.5038461538461538,0.0010021216505299,-0.0010012977942469,4.062671162016983e-05,0.0024184969754297,0.0031105030628786,-4.542187389753289e-05,0.0031101714032427,0.0,0.0007253727224546,-0.0002588795541635,0.0006776038392138,0.0,0.0005385161782578,0.0008061656584765,0.0906812067312729,0.0995998014244817,0.0123640405140602,5.7118025048149885,2.302585092994046,0.0,0.0,0.5148975790819162,0.4851024207986942,0.1070774647989582,0.1472306590365046,0.0243271085094699,5.440947538142064,2.302585092994046,0.0,0.0,0.7097176589367523,0.290282340980311,0.1460574833911441,0.2014478776971593,0.0434405153280675,5.507034298039011,2.302585092994046,0.0,0.0,0.6493660734031693,0.3506339265537642,0.0024871964699504,0.0012054898035442,0.0007876539864608,0.0015295917913172,-0.4529213827599236,0.0002815716270806,0.0017846748626258,01,Tribolium,0.5,0.5,0.0,1.0,0.0,3.0,3.0,0.0,0.9999999999996666,9.0,12.0,0.7853981633974483,1055.4444444444443,731.5802469135803,1038.0,1056.0,1083.0,29.87609596531182,38.65876356015541,1056.375,1081.0,-0.0233314033056111,0.0166372438329712,0.0070913746632524,0.0,0.0,0.0,0.0,0.0,0.0,0.0,0.0,-100.2222222222224,-69.77777777777783,485.358024691358,9.629629629629676,-98.0,-67.0,10.530084247980398,6.363636363873258,-0.0302177603866609,-0.0293302183544903,0.010059414114812098,0.0007125687164362994,0.0070913746632524,0.0060029275572159,0.5038461538461538,0.5038461538461538,0.5038461538461538,0.5038461538461538,0.5038461538461538,0.5038461538461538,0.5038461538461538,0.5038461538461538,0.5038461538461538,0.5038461538461538,0.5038461538461538,0.5038461538461538,0.7538461538461538,0.7769230769230769,0.7461538461538462,0.7538461538461538,0.7884615384615384,0.6846153846153846,0.7076923076923077,0.7615384615384615,0.8384615384615385,0.007692307692307693,0.7538461538461538,0.49230769230769234,0.5,0.0,0.0,1.0,0.0,0.0,0.9999999999996666,0.0,0.0,0.7853981633974483,0.0,0.0,1205.3555555555556,159.6928595232613,-149.91111111111127,601.1753086419752,395.4345535860405,130.40493827160503,0.026881648541715302,0.01751143399812729,-0.0502130518473264,0.01057640714715986,0.006800686338023065,0.006060836685811338
75,1.2564464735649954,0.7461538461538462,2.302585092994046,0.5038461538461538,0.0044634650159853,0.004101254347185,0.0017613156243617,0.0048369939508594,0.0035561516787163,0.0035370920307469,0.0003676883572593,0.0,0.0017556293334563,0.0010947706978697,0.0013724836886383,0.0,-0.0006111016255996,0.0026834541180145,0.0968717716015631,0.1028359019859037,0.0053903540536134,5.647853780220963,2.302585092994046,0.0,0.0,0.7981519640929947,0.2018480358007713,0.1101167843910514,0.1402102632882746,0.0179557009499832,5.5386621172575285,2.302585092994046,0.0,0.0,0.6463867673656177,0.3536132325540488,0.1486368718429017,0.2128826925821393,0.0417895892568291,5.3966131010443945,2.302585092994046,0.0,0.0,0.578485424573631,0.4215145753844215,0.0026235653701015,0.0016131917432533,0.000356200308024,0.0045887753739517,-0.3168339748167354,9.603354068496266e-07,0.0017769185594629,01,Tribolium,0.5,0.5,0.0,1.0,0.0,3.0,3.0,0.0,0.9999999999996666,9.0,12.0,0.7853981633974483,1043.888888888889,204.76543209876547,1037.0,1039.0,1052.0,16.128942891359777,19.29378138157474,1042.875,1026.5833333333333,0.0156067056945184,0.0086220999997311,0.005866260693252,0.0,0.0,0.0,0.0,0.0,0.0,0.0,0.0,-0.8888888888889142,-26.22222222222217,36.59259259259261,70.22222222222226,-7.0,-35.0,-2.148140505726957,-4.898574824460752,0.004160890529145799,-0.0088066470206721,0.0014583258928796998,0.0027441526016161993,-0.0041630230563447996,-0.0013822553143296003,0.5038461538461538,0.5038461538461538,0.5038461538461538,0.5038461538461538,0.5038461538461538,0.5038461538461538,0.5038461538461538,0.5038461538461538,0.5038461538461538,0.5038461538461538,0.5038461538461538,0.5038461538461538,0.7307692307692307,0.36923076923076925,0.7384615384615385,0.7153846153846154,0.7115384615384616,0.23076923076923078,0.2,0.7230769230769231,0.7076923076923077,0.5307692307692308,0.36923076923076925,0.3923076923076923,0.5,0.0,0.0,1.0,0.0,0.0,0.9999999999996666,0.0,0.0,0.7853981633974483,0.0,0.0,1061.7111111111112,234.06982813776847,-17.822222222222308,745.0765432098766,625.8474218868334,-540.3111111111111,0.039024107428495505,0.014301096910941124,-0.023417401733977106,0.013680380144439761,0.008328443972777287,-0.005058280144708662
76,1.357420810228698,0.823076923076923,2.302585092994046,0.5038461538461538,0.0018632897029761,0.0005522774584319,0.0017795612173018,0.0,0.003312859103854,-0.0032573750956973,0.0006037739046356,0.0,0.0023272379072491,0.0021801079782413,0.0008143497284003,0.0,-0.0013851582009735,0.0018026412134795,0.078883611075975,0.0823710388388352,0.0040552885373719,6.091655037019848,2.302585092994046,0.0,0.0,0.6907632694146305,0.3092367304250891,0.0855308961388904,0.0965583213738699,0.0087517593682718,6.2846540855760855,2.302585092994046,0.0,0.0,0.5780498446386924,0.4219501552260285,0.1187033777007693,0.1698122468121859,0.0344166370013652,5.848708858521933,2.302585092994046,0.0,0.0,0.6993233252447086,0.3006766746898248,0.0024871964699504,0.0012054898035442,0.0007876539864608,0.0010815847280877,0.9956278657756312,0.0002808787765497,0.0017838154509177,01,Tribolium,0.5,0.5,0.0,1.0,0.0,3.0,3.0,0.0,0.9999999999996666,9.0,12.0,0.7853981633974483,1150.6666666666667,114.0,1143.0,1146.0,1159.0,15.464517339151223,20.09975124224178,1148.0,1135.5833333333333,0.0107908458864426,0.0010478241798692,0.0013009070669227,0.0,0.0,0.0,0.0,0.0,0.0,0.0,0.0,-22.888888888888914,-30.333333333333258,64.19753086419755,-125.11111111111111,-27.0,-36.0,5.110962614350779,-10.248988561210867,0.0058557010275144,-0.012071135485276201,-0.0015989587681239999,-0.0057045012941842,0.0002572880703298,-0.007686777566426899,0.5038461538461538,0.5038461538461538,0.5038461538461538,0.5038461538461538,0.5038461538461538,0.5038461538461538,0.5038461538461538,0.5038461538461538,0.5038461538461538,0.5038461538461538,0.5038461538461538,0.5038461538461538,0.9,0.13846153846153847,0.9115384615384615,0.8692307692307693,0.8846153846153846,0.18461538461538463,0.2230769230769231,0.9,0.9153846153846154,0.4,0.007692307692307693,0.08461538461538462,0.5,0.0,0.0,1.0,0.0,0.0,0.9999999999996666,0.0,0.0,0.7853981633974483,0.0,0.0,1166.6222222222223,180.12454676050965,-15.95555555555552,602.2716049382716,376.04885549114726,-488.2716049382716,0.0184389616217695,0.027205267318662754,-0.0076481157353269005,0.012036846151831301,0.005076496057314117,-0.010989021971962101
77,1.0050496882767206,0.5769230769230769,2.302585092994046,0.5038461538461538,0.0018632897029761,0.00056049304964,0.00177699073113,0.0,0.0021156570499304,-0.0017000365809027,0.0012593174248428,0.0,0.0017355243660203,0.0014946966302047,0.0008820015922348,0.0,-0.000736068745472,0.0022457176613987,0.0914028800749947,0.1038828208088345,0.0129496122171045,5.627595764700353,2.302585092994046,0.0,0.0,0.5614820991236228,0.4385179007590362,0.1061038816856599,0.1377057433245538,0.021477392555749,5.574710242685145,2.302585092994046,0.0,0.0,0.6999928266582235,0.3000071732564473,0.1349461251763065,0.1818220814674619,0.0336194688942442,5.71203838175868,2.302585092994046,0.0,0.0,0.6119104984346034,0.3880895015136923,0.0035942916690839,0.0013153833001926,0.0005102076864095,0.0014102139521559,0.9169673373945278,0.0004567414935091,0.0024359520659457,01,Tribolium,0.5,0.5,0.0,1.0,0.0,3.0,3.0,0.0,0.9999999999996666,9.0,12.0,0.7853981633974483,1034.2222222222222,701.9506172839507,1018.0,1030.0,1038.0,29.746761383376093,40.96644968751869,1034.625,1029.5,0.0049554146970348,0.0149219858568866,0.0209211897884646,0.0,0.0,0.0,0.0,0.0,0.0,0.0,0.0,-14.222222222222172,-34.22222222222217,275.925925925926,280.3703703703704,-22.0,-36.0,7.900692340737063,5.550688526769317,-0.0068875272275095,0.005501379755270999,0.0017055101106780001,0.0035653841202718008,0.0022307212127829004,0.004873160067659199,0.5038461538461538,0.5038461538461538,0.5038461538461538,0.5038461538461538,0.5038461538461538,0.5038461538461538,0.5038461538461538,0.5038461538461538,0.5038461538461538,0.5038461538461538,0.5038461538461538,0.5038461538461538,0.6923076923076923,0.7615384615384615,0.7,0.6846153846153846,0.6615384615384615,0.676923076923077,0.7538461538461538,0.6923076923076923,0.7307692307692307,0.23846153846153847,0.7307692307692307,0.8923076923076924,0.5,0.0,0.0,1.0,0.0,0.0,0.9999999999996666,0.0,0.0,0.7853981633974483,0.0,0.0,1006.5333333333334,86.32832532307353,27.688888888888755,233.9358024691358,120.32621473117064,468.0148148148149,0.0277349072935786,0.0170872506148498,-0.0227794925965438,0.006739142231985221,0.0034662512339474097,0.00818284362490138
78,1.3178687407207836,0.7923076923076923,2.302585092994046,0.5038461538461538,0.0031992033896003,-0.0024218050167675,0.0020903977585114,0.0048369939508594,0.0021156570499304,-0.0017825349817964,0.0011395498197061,0.0,0.0025410983832442,0.0023051469412532,0.001069335575279,0.0,-0.0001120892874947,0.001521070322276,0.0972940772558588,0.1002145305024155,0.0023558134861037,5.6994964602705975,2.302585092994046,0.0,0.0,0.6758779341711074,0.3241220657233147,0.1060689499336729,0.1243822437300868,0.0113771946347421,5.778229600676463,2.302585092994046,0.0,0.0,0.6152910318121981,0.3847089680999288,0.1390986893196718,0.1966284149589685,0.0356906693683031,5.555464192721751,2.302585092994046,0.0,0.0,0.5747565962469239,0.4252434037045848,0.002091118761175,0.0009675032232948,0.0011020212458525,0.0041185519419417,-0.7818715136636337,0.0002665233221484,0.001023994353863,01,Tribolium,0.5,0.5,0.0,1.0,0.0,3.0,3.0,0.0,0.9999999999996666,9.0,12.0,0.7853981633974483,1040.6666666666667,176.22222222222226,1025.0,1045.0,1051.0,15.64335015485774,19.03943276465977,1040.125,1033.1666666666667,0.0066864189622036,0.0087054525349486,0.0026152997466768,0.0,0.0,0.0,0.0,0.0,0.0,0.0,0.0,-19.55555555555543,-0.8888888888889142,-361.0617283950618,-7.802469135802454,-16.0,3.0,-8.729397095449619,-3.402736679381464,-3.3870285333499964e-05,-0.0081551641399938,-0.0066264262522569995,0.0006007288681320003,-0.0097065937403911,-0.0078369713981139,0.5038461538461538,0.5038461538461538,0.5038461538461538,0.5038461538461538,0.5038461538461538,0.5038461538461538,0.5038461538461538,0.5038461538461538,0.5038461538461538,0.5038461538461538,0.5038461538461538,0.5038461538461538,0.7115384615384616,0.3076923076923077,0.7076923076923077,0.7307692307692307,0.7,0.2076923076923077,0.19230769230769232,0.7153846153846154,0.7384615384615385,0.3,0.3923076923076923,0.17692307692307693,0.5,0.0,0.0,1.0,0.0,0.0,0.9999999999996666,0.0,0.0,0.7853981633974483,0.0,0.0,1183.3777777777777,175.78844749187857,-142.711111111111,456.07901234567896,425.85659049895133,-279.8567901234567,0.020278390163656363,0.023219938712787793,-0.013591971201452762,0.00855184935207128,0.0060262821699221,0.0001536031828773196
79,1.7316448139662528,0.9923076923076924,2.302585092994046,0.5038461538461538,0.0041779084760402,0.0032886320522973,0.0025767845192742,0.0054079236404385,0.0037344371597134,0.0011804386610928,0.0035429628091818,0.0,0.0017355243660203,0.0016427267001523,0.0005599051827378,0.0,0.0005315303198655,0.0014864960256535,0.1210215299013276,0.1664375811200438,0.0321154329191614,4.684882144667704,2.302585092994046,0.0,0.0,0.9123238125778538,0.087676187358361,0.1535569307856699,0.2110892091282746,0.0472985041788816,4.72038679797251,2.302585092994046,0.0,0.0,0.8677715205388407,0.1322284794224251,0.2361549958199112,0.3755217940339892,0.0949913645345063,4.261462631836955,2.302585092994046,0.0,0.0,0.9131152692740512,0.0868847307105146,0.0023392703881127,0.0011030334353978,0.0005597495889494,0.0037545169548947,0.7850570142495117,0.0005735121960591,0.0017123301259613,01,Tribolium,0.5,0.5,0.0,1.0,0.0,3.0,3.0,0.0,0.9999999999996666,9.0,12.0,0.7853981633974483,1072.888888888889,149.4320987654321,1058.0,1080.0,1083.0,23.750494912927987,34.09178786746157,1072.0,1046.3333333333333,0.0239229494614747,0.0066350790084724,0.0091323146996574,0.0,0.0,0.0,0.0,0.0,0.0,0.0,0.0,-61.33333333333326,-14.333333333333258,-473.4074074074075,-932.962962962963,-59.0,2.0,-8.408701978283691,-6.489243976275748,-0.0037391782814719006,0.014456930043999,-0.0081768526541616,-0.014507341797037299,-0.0017857675197607004,-0.0189047676908435,0.5038461538461538,0.5038461538461538,0.5038461538461538,0.5038461538461538,0.5038461538461538,0.5038461538461538,0.5038461538461538,0.5038461538461538,0.5038461538461538,0.5038461538461538,0.5038461538461538,0.5038461538461538,0.8,0.23076923076923078,0.7846153846153846,0.8,0.7884615384615384,0.49230769230769234,0.5615384615384615,0.8,0.7461538461538462,0.6692307692307692,0.2230769230769231,0.5846153846153846,0.5,0.0,0.0,1.0,0.0,0.0,0.9999999999996666,0.0,0.0,0.7853981633974483,0.0,0.0,1006.9111111111112,43.259275748347996,65.97777777777776,477.69382716049387,375.36512330033526,-328.26172839506177,0.01930883261835692,0.014547087734282153,0.004614116843117782,0.012065278379303941,0.005903811321074687,-0.005430199370831541
80,1.402489830327968,0.8307692307692308,2.302585092994046,0.5038461538461538,0.0018632897029761,0.0003730522630102,0.0018255630710221,0.0,0.0031105030628786,-0.0004616658390947,0.0030760516831143,0.0,0.0010733229904547,0.0010501505880058,0.000221824219484,0.0,3.2042512157156904e-05,0.001386979842667,0.097086980687867,0.0997171848493368,0.0022049067606009,5.70944679112277,2.302585092994046,0.0,0.0,0.5949901497533032,0.4050098501406606,0.118574235564948,0.1573696487375168,0.0266965798871588,5.307753493298312,2.302585092994046,0.0,0.0,0.6373142252422701,0.3626857746900367,0.154719954069668,0.2130062979106559,0.0424636498225769,5.395452185080435,2.302585092994046,0.0,0.0,0.5904722112829062,0.4095277886782461,0.0022222413210255,0.0010186509660948,0.000356200308024,0.0015295917913172,0.948521806414007,3.174587990288992e-05,0.0013278886704961,01,Tribolium,0.5,0.5,0.0,1.0,0.0,3.0,3.0,0.0,0.9999999999996666,9.0,12.0,0.7853981633974483,996.2222222222222,221.7283950617284,988.0,995.0,1006.0,17.635592140248306,20.838665984174707,996.375,1001.6666666666666,-0.0053117332143653,0.0103675702184524,0.005327353333073,0.0,0.0,0.0,0.0,0.0,0.0,0.0,0.0,-13.333333333333485,-24.888888888889028,-222.07407407407402,22.962962962962962,-10.0,-24.0,-2.023612122687915,0.9632572402207877,-0.0008955985016203998,-0.015104986750817898,-0.0041880757443877,0.0010993634477925,-0.0028951248922624,-0.0042680363012709,0.5038461538461538,0.5038461538461538,0.5038461538461538,0.5038461538461538,0.5038461538461538,0.5038461538461538,0.5038461538461538,0.5038461538461538,0.5038461538461538,0.5038461538461538,0.5038461538461538,0.5038461538461538,0.6,0.4307692307692308,0.6230769230769231,0.6076923076923076,0.5923076923076923,0.3076923076923077,0.23076923076923078,0.6076923076923076,0.6615384615384615,0.08461538461538462,0.5153846153846153,0.36153846153846153,0.5,0.0,0.0,1.0,0.0,0.0,0.9999999999996666,0.0,0.0,0.7853981633974483,0.0,0.0,1123.2666666666669,51.04399458032304,-127.04444444444471,500.4839506172839,446.8076162762959,-278.7555555555555,0.014833620017859562,0.012602849641634382,-0.020145353232224862,0.01080121072786478,0.006500599871523701,-0.00043364050941237936
82,0.8505393568173345,0.4923076923076923,2.302585092994046,0.5038461538461538,0.0035512125286613,-0.0005234158146234,0.0035124274097443,0.0054079236404385,0.0056695067536111,-0.0008235095924319,0.0056093795361354,0.0,0.0007131747356859,-0.0005868105848498,0.0004053042574769,0.0,-0.0007494584724863,0.0021930076857849,0.0893527355158703,0.0995998014244816,0.0096816268919951,5.71180250481499,2.302585092994046,0.0,0.0,0.6489615429478041,0.3510384569283975,0.1059437277042494,0.1423424675781759,0.0228504846105909,5.508476675301821,2.302585092994046,0.0,0.0,0.714497398958666,0.2855026009562,0.1323362775186201,0.1633515234186166,0.0312255061500279,5.926286722711537,2.302585092994046,0.0,0.0,0.5707939240458777,0.429206075900033,0.0043285039230717,0.0039379940508296,0.001538180037099,0.0022297440384802,0.9158375480671468,0.0003298477410822,0.0033627257824275,01,Tribolium,0.5,0.5,0.0,1.0,0.0,3.0,3.0,0.0,0.9999999999996666,9.0,12.0,0.7853981633974483,931.5555555555557,266.4691358024691,917.0,935.0,940.0,21.47968051941153,27.064737205448715,931.125,922.9166666666666,0.0088114265267175,0.0094564315304187,0.0049667611674121,0.0,0.0,0.0,0.0,0.0,0.0,0.0,0.0,4.444444444444457,67.88888888888903,-938.0740740740739,166.69135802469134,5.0,73.0,-26.18513118918728,6.905593804117325,-0.0452993117283159,0.00017576462011770037,-0.0100784717685612,0.0025343674356063,0.0036457276291747996,-0.003226566159487,0.5038461538461538,0.5038461538461538,0.5038461538461538,0.5038461538461538,0.5038461538461538,0.5038461538461538,0.5038461538461538,0.5038461538461538,0.5038461538461538,0.5038461538461538,0.5038461538461538,0.5038461538461538,0.5230769230769231,0.49230769230769234,0.5230769230769231,0.5230769230769231,0.5076923076923077,0.4230769230769231,0.3923076923076923,0.5230769230769231,0.5538461538461539,0.3230769230769231,0.43846153846153846,0.3384615384615385,0.5,0.0,0.0,1.0,0.0,0.0,0.9999999999996666,0.0,0.0,0.7853981633974483,0.0,0.0,1082.4444444444446,66.0748920394479,-150.8888888888889,2118.2222222222226,3581.052119449406,-1851.7530864197536,0.02371684697246776,0.022469668183990838,-0.014905420445750259,0.0186102393778928,0.018718448079761654,-0.009153807847474101
83,0.9656545837392688,0.5538461538461539,2.302585092994046,0.5038461538461538,0.0032134552971988,-0.0026889652201527,0.0017594774769528,0.003420271223211,0.0031105030628786,0.0001635511779112,0.003106200302038,0.0,0.0009792859798717,-0.0009786809376726,3.441878280298335e-05,0.0,-0.0009393324780906,0.0022457176613987,0.0842154519426305,0.1016919742774614,0.0125986584164223,5.670226077973355,2.302585092994046,0.0,0.0,0.6490839442919479,0.3509160555701393,0.0918843882332176,0.1038828208088345,0.0135481590344774,6.13842138846621,2.302585092994046,0.0,0.0,0.6114064837875255,0.3885935160965497,0.1274336041755959,0.1790341290326856,0.0412942508433693,5.742942745620088,2.302585092994046,0.0,0.0,0.7559761530414025,0.2440238469028702,0.0035900367067421,0.001923103168656,0.0017702247955207,0.0046520718174381,-0.7191462082557327,0.0018094337280657,0.0024298421505075,01,Tribolium,0.5,0.5,0.0,1.0,0.0,3.0,3.0,0.0,0.9999999999996666,9.0,12.0,0.7853981633974483,1105.3333333333333,98.44444444444444,1098.0,1102.0,1116.0,15.604434821785524,19.91230775173988,1104.0,1090.6666666666667,0.0120627261761157,0.0020022702339431,0.0028316377203773,0.0,0.0,0.0,0.0,0.0,0.0,0.0,0.0,9.222222222222172,-11.333333333333485,-189.65432098765433,-802.8888888888889,5.0,-19.0,-13.512185245080083,-14.916100667090092,-0.0195642378380759,-0.004168617107466301,-0.006022982961103001,-0.0162953687932507,-0.0078453069263409,-0.0230037764820692,0.5038461538461538,0.5038461538461538,0.5038461538461538,0.5038461538461538,0.5038461538461538,0.5038461538461538,0.5038461538461538,0.5038461538461538,0.5038461538461538,0.5038461538461538,0.5038461538461538,0.5038461538461538,0.8538461538461538,0.1076923076923077,0.8615384615384616,0.8538461538461538,0.8461538461538461,0.2,0.2153846153846154,0.8538461538461538,0.8538461538461538,0.4461538461538462,0.023076923076923078,0.19230769230769232,0.5,0.0,0.0,1.0,0.0,0.0,0.9999999999996666,0.0,0.0,0.7853981633974483,0.0,0.0,1048.288888888889,44.944607883235356,57.04444444444425,446.00987654320977,149.37414247409748,-347.5654320987653,0.01853226939864724,0.010445143014835904,-0.006469543222531541,0.011877482235000202,0.001633305223641131,-0.009875212001057102
84,0.9316417444038082,0.5307692307692308,2.302585092994046,0.5038461538461538,0.0018386016148562,0.000856281447859,0.001627033490806,0.003420271223211,0.0027289174063683,0.0020049740024628,0.00185123457731,0.0,0.002959035002843,0.0028616081005057,0.0007530519418805,0.0,-0.0006649719216933,0.0028842259415672,0.0834437573560238,0.0920936211104554,0.0076185439364187,5.868511485735115,2.302585092994046,0.0,0.0,0.7669577490630012,0.233042250794567,0.0953655850935498,0.1236038888703156,0.0170562410594537,5.790784454571725,2.302585092994046,0.0,0.0,0.6081427985523523,0.3918572013411003,0.1306329542739598,0.1866164672542311,0.0397823456259011,5.65998458398891,2.302585092994046,0.0,0.0,0.624252577058451,0.3757474228879229,0.0046474768950097,0.0036945934385915,0.0008931407970604,0.0015485936601532,0.5419832583610208,0.0009506732990294,0.0032903765682115,01,Tribolium,0.5,0.5,0.0,1.0,0.0,3.0,3.0,0.0,0.9999999999996666,9.0,12.0,0.7853981633974483,1028.0,316.44444444444446,1014.0,1038.0,1041.0,20.01559357163721,30.64718584144391,1028.0,1011.3333333333334,0.0162127107652398,0.0107937372517616,0.0104577220968491,0.0,0.0,0.0,0.0,0.0,0.0,0.0,0.0,-12.111111111111086,24.444444444444343,-1076.320987654321,99.97530864197529,12.0,29.0,-10.96854736521406,-0.2864075985704062,0.0140094205184713,0.0033002882674541996,-0.0122890648929247,0.0026616555565833998,0.00025260512557490067,0.003406489444976701,0.5038461538461538,0.5038461538461538,0.5038461538461538,0.5038461538461538,0.5038461538461538,0.5038461538461538,0.5038461538461538,0.5038461538461538,0.5038461538461538,0.5038461538461538,0.5038461538461538,0.5038461538461538,0.6846153846153846,0.5615384615384615,0.6923076923076923,0.7076923076923077,0.6730769230769231,0.36923076923076925,0.49230769230769234,0.6846153846153846,0.6923076923076923,0.5615384615384615,0.5538461538461539,0.6384615384615384,0.5,0.0,0.0,1.0,0.0,0.0,0.9999999999996666,0.0,0.0,0.7853981633974483,0.0,0.0,1049.2888888888888,70.13248837682805,-21.288888888888778,378.4839506172839,210.43976980828475,-62.039506172839424,0.012856920818816741,0.007810313645261923,0.0033557899464230594,0.009615088346831082,0.004241301781027194,0.0011786489049305186
85,1.265850071440756,0.7692307692307693,2.302585092994046,0.5038461538461538,0.0018632897029761,0.0005937089081419,0.0017661705041161,0.0,0.0003352161417463,0.0001423345489741,0.0003034975088129,0.0,0.0010733229904547,0.0010694062958543,9.161013167591447e-05,0.0,-0.0002143607171992,0.0019681011891377,0.0700219186395401,0.0910717462520122,0.0149888666587473,5.890827614055003,2.302585092994046,0.0,0.0,0.8064103301993253,0.1935896696056567,0.0818919958556788,0.1028359019859037,0.0187106540702864,6.15867940398682,2.302585092994046,0.0,0.0,0.5442362866076423,0.455763713250642,0.11364116208194,0.1622377092131565,0.0360100922883274,5.939970449796943,2.302585092994046,0.0,0.0,0.6913760434995952,0.3086239564300368,0.0027835305689623,0.0016254929566421,0.0005208445042036,0.0023819432805081,-0.9946201461751992,-0.0001265155092554,0.0021948878042652,01,Tribolium,0.5,0.5,0.0,1.0,0.0,3.0,3.0,0.0,0.9999999999996666,9.0,12.0,0.7853981633974483,1508.6666666666667,558.0,1496.0,1502.0,1522.0,62.95911978457909,85.71026776296992,1503.75,1419.75,0.0556783031374281,0.0052363030778904,0.0061336464320841,0.0,0.0,0.0,0.0,0.0,0.0,0.0,0.0,-16.444444444444343,-67.11111111111109,-330.5432098765433,-35.28395061728395,-31.0,-76.0,26.193094844016755,12.058105044094887,0.0321007860166356,0.0124456843248488,-0.0063141699366483,-0.0029368462840161993,-0.0005584609082789002,0.0005203044041325001,0.5038461538461538,0.5038461538461538,0.5038461538461538,0.5038461538461538,0.5038461538461538,0.5038461538461538,0.5038461538461538,0.5038461538461538,0.5038461538461538,0.5038461538461538,0.5038461538461538,0.5038461538461538,1.0,0.6923076923076923,1.0,1.0,1.0,0.9769230769230769,0.9769230769230769,1.0,1.0,0.9615384615384616,0.14615384615384616,0.4307692307692308,0.5,0.0,0.0,1.0,0.0,0.0,0.9999999999996666,0.0,0.0,0.7853981633974483,0.0,0.0,1038.6666666666665,84.85912800010541,470.0000000000002,277.0617283950617,186.34958175682047,280.9382716049383,0.018534859310146642,0.016722181229500012,0.037143443827281464,0.00830327037568872,0.004318021147632002,-0.0030669672977983193
86,1.631204315393412,0.953846153846154,2.302585092994046,0.5038461538461538,0.0024182755452818,0.0023720292544751,0.0004706738029914,0.0024184969754297,0.0035561516787163,0.0035375009798912,0.0003637328405654,0.0,0.0021304147797818,0.0019925134606135,0.0007540273490972,0.0,0.0002979114981212,0.0021691699377611,0.083519454071626,0.0879349004312579,0.0032107443465189,5.960929300726691,2.302585092994046,0.0,0.0,0.8044435848259401,0.1955564150309123,0.0916113271887356,0.1092882363311465,0.0108016476766893,6.036970946225163,2.302585092994046,0.0,0.0,0.5974785861119901,0.4025214137704914,0.1341778137661273,0.2287366314396463,0.049875475783785,5.252953129631414,2.302585092994046,0.0,0.0,0.7736419172360253,0.2263580827151735,0.0025152336811885,0.0012341614559883,0.0007335839728545,0.0019498545979395,0.7283701200771998,0.0006651724758413,0.0018268535999958,01,Tribolium,0.5,0.5,0.0,1.0,0.0,3.0,3.0,0.0,0.9999999999996666,9.0,12.0,0.7853981633974483,1066.5555555555557,325.80246913580254,1047.0,1073.0,1080.0,22.21890683817854,30.76117683054405,1065.75,1056.25,0.008907177831024,0.0116649749701143,0.0160764510673508,0.0,0.0,0.0,0.0,0.0,0.0,0.0,0.0,12.111111111111313,19.44444444444457,43.77777777777783,-150.96296296296288,24.0,23.0,2.6786154644050377,-3.1011511038097446,-0.0012877642132330998,-0.0030304282810302997,0.0009474676854535988,-0.002453811062695101,0.004203265802064201,-0.003807458665561099,0.5038461538461538,0.5038461538461538,0.5038461538461538,0.5038461538461538,0.5038461538461538,0.5038461538461538,0.5038461538461538,0.5038461538461538,0.5038461538461538,0.5038461538461538,0.5038461538461538,0.5038461538461538,0.7692307692307693,0.5692307692307692,0.7615384615384615,0.7807692307692308,0.7615384615384615,0.43846153846153846,0.5,0.7692307692307693,0.7846153846153846,0.33076923076923076,0.6076923076923076,0.8,0.5,0.0,0.0,1.0,0.0,0.0,0.9999999999996666,0.0,0.0,0.7853981633974483,0.0,0.0,971.6222222222223,124.20267387432071,94.9333333333334,345.5753086419753,400.703553312864,-19.772839506172772,0.01133346464706616,0.0028332282794534336,-0.0024262868160421606,0.01111691495426202,0.006272700272632042,0.0005480600158522791
87,1.7190540426990546,0.9846153846153848,2.302585092994046,0.5038461538461538,0.0018386016148562,0.0010198966004327,0.0015297930652796,0.003420271223211,0.0025712643875641,-0.0011713730622542,0.0022889486013846,0.0,0.0022401552622008,0.0014585949036581,0.0017002342502693,0.0,-0.0002292954152432,0.0012279149481394,0.0851941745282798,0.0911680335877186,0.0063019193267998,5.8887141930502285,2.302585092994046,0.0,0.0,0.7823940860088683,0.2176059138541033,0.1052465025100508,0.1642086426743448,0.0309948116899745,5.222672809005721,2.302585092994046,0.0,0.0,0.6838104239429135,0.3161895759740128,0.1663908819442064,0.3139391667182413,0.0756667773710716,4.619697189802693,2.302585092994046,0.0,0.0,0.8352470791274381,0.1647529208426319,0.0027445576594407,0.0012230793148348,0.0005597495889494,0.0015485936601532,0.6294636328555275,0.0006213945705411,0.0020097718592688,01,Tribolium,0.5,0.5,0.0,1.0,0.0,3.0,3.0,0.0,0.9999999999996666,9.0,12.0,0.7853981633974483,1015.6666666666666,1142.0,976.0,1018.0,1041.0,32.80718434833042,39.04484601070928,1014.375,1003.4166666666666,0.0107893009517558,0.0230500620271575,0.0016078042289018,0.0,0.0,0.0,0.0,0.0,0.0,0.0,0.0,-18.66666666666663,-44.55555555555554,-127.11111111111109,-282.6172839506171,-21.0,-48.0,-5.245827445943576,-9.023995674370383,-0.005646406428199,-0.0204148491216039,1.6673218035501147e-05,-0.000782339242800998,-0.0039179541338668,-0.015334799315833902,0.5038461538461538,0.5038461538461538,0.5038461538461538,0.5038461538461538,0.5038461538461538,0.5038461538461538,0.5038461538461538,0.5038461538461538,0.5038461538461538,0.5038461538461538,0.5038461538461538,0.5038461538461538,0.6615384615384615,0.8615384615384616,0.5923076923076923,0.6538461538461539,0.6730769230769231,0.7461538461538462,0.7230769230769231,0.6615384615384615,0.6692307692307692,0.3923076923076923,0.8615384615384616,0.1076923076923077,0.5,0.0,0.0,1.0,0.0,0.0,0.9999999999996666,0.0,0.0,0.7853981633974483,0.0,0.0,950.4,116.85809902887341,65.26666666666665,281.3135802469136,185.05826327066666,860.6864197530864,0.01904927494391968,0.014707476396299064,-0.00825997399216388,0.00969954730632064,0.0022951327068630417,0.013350514720836862
90,1.5776276682666528,0.9230769230769232,2.302585092994046,0.5038461538461538,0.0010021216505299,-0.0009951956639778,0.0001176154448215,0.0024184969754297,0.003312859103854,-0.0032291046500116,0.00074021523982,0.0,0.0018795257867997,0.0004986931400924,0.0018121595777606,0.0,-0.0004907175187834,0.0008061656584765,0.0934144893903396,0.0986853458603207,0.0054660057927053,5.730249918750419,2.302585092994046,0.0,0.0,0.7880058527600219,0.2119941471257724,0.1045142045340379,0.133039318168024,0.0160979264144362,5.643659050628702,2.302585092994046,0.0,0.0,0.5889413864834714,0.4110586134271021,0.1452659424864321,0.2061405155724682,0.0445127858766581,5.460979549565431,2.302585092994046,0.0,0.0,0.6787661626155972,0.321233837341082,0.0023756104139,0.0011367075002619,0.0007082290572993,0.0017101356116055,-0.9994816817962794,0.000734943590224,0.0014143237667673,01,Tribolium,0.5,0.5,0.0,1.0,0.0,3.0,3.0,0.0,0.9999999999996666,9.0,12.0,0.7853981633974483,1093.6666666666667,121.33333333333331,1084.0,1098.0,1099.0,14.355121804736886,18.741664813991317,1093.125,1084.8333333333333,0.007581530021335,0.0068446714467551,0.0029862721643385,0.0,0.0,0.0,0.0,0.0,0.0,0.0,0.0,34.0,14.333333333333485,-98.22222222222229,-24.444444444444485,40.0,14.0,0.40747176744678093,-0.8952455053489583,0.0047897716067393,-0.00037090975630540025,-0.0019429783240436996,0.0002630820641725002,3.26041301943001e-05,-0.0014265413520789996,0.5038461538461538,0.5038461538461538,0.5038461538461538,0.5038461538461538,0.5038461538461538,0.5038461538461538,0.5038461538461538,0.5038461538461538,0.5038461538461538,0.5038461538461538,0.5038461538461538,0.5038461538461538,0.8384615384615385,0.15384615384615385,0.8346153846153846,0.8461538461538461,0.823076923076923,0.16153846153846155,0.16923076923076924,0.8384615384615385,0.8461538461538461,0.3076923076923077,0.24615384615384617,0.2,0.5,0.0,0.0,1.0,0.0,0.0,0.9999999999996666,0.0,0.0,0.7853981633974483,0.0,0.0,1012.4666666666668,144.35668103009536,81.19999999999993,334.241975308642,234.23370573879936,-212.90864197530868,0.010405087573774601,0.004553526485056941,-0.002823557552439601,0.011421042162663238,0.003070675738363396,-0.004576370715908138
91,1.5589619468564089,0.9153846153846154,2.302585092994046,0.5038461538461538,0.0018386016148562,0.0010537841525134,0.0015066502109194,0.003420271223211,0.0031105030628786,-0.0005437283387659,0.0030626114343482,0.0,0.0012773608365266,0.0004907927339832,0.0011793104760669,0.0,-0.0003764405367948,0.0015295917913172,0.0972132996723758,0.1167159724603246,0.0144372357778222,5.394636051309895,2.302585092994046,0.0,0.0,0.8014912448015941,0.198508755094874,0.1159567795297595,0.1551046804636461,0.0264712172597443,5.336747976761509,2.302585092994046,0.0,0.0,0.6119441384057426,0.3880558615235696,0.1467374939914809,0.191809834812567,0.0371761389749931,5.60508677587168,2.302585092994046,0.0,0.0,0.6700508808664226,0.3299491190899358,0.0025130957821343,0.0011465436208427,0.0005102076864095,0.0020804697640005,-0.3664905752546251,0.0003264478364044,0.0018011456003933,01,Tribolium,0.5,0.5,0.0,1.0,0.0,3.0,3.0,0.0,0.9999999999996666,9.0,12.0,0.7853981633974483,1027.6666666666667,219.5555555555556,1012.0,1025.0,1043.0,20.078603462378563,25.67586415293553,1025.75,1009.5833333333334,0.0157314304249107,0.0089547084549785,0.011785305822611,0.0,0.0,0.0,0.0,0.0,0.0,0.0,0.0,4.111111111111086,4.444444444444571,191.97530864197535,-19.72839506172832,1.0,8.0,11.312079909379909,6.440697782048094,0.018621682270329603,0.0191519972617007,0.0070166308311033,0.0008420537525432991,0.0107216975973604,0.005268583192783,0.5038461538461538,0.5038461538461538,0.5038461538461538,0.5038461538461538,0.5038461538461538,0.5038461538461538,0.5038461538461538,0.5038461538461538,0.5038461538461538,0.5038461538461538,0.5038461538461538,0.5038461538461538,0.676923076923077,0.4230769230769231,0.676923076923077,0.6692307692307692,0.6846153846153846,0.3769230769230769,0.36923076923076925,0.676923076923077,0.6846153846153846,0.5384615384615384,0.4,0.6846153846153846,0.5,0.0,0.0,1.0,0.0,0.0,0.9999999999996666,0.0,0.0,0.7853981633974483,0.0,0.0,995.4444444444446,136.87050742387544,32.22222222222217,173.9111111111111,82.41788841657556,45.6444444444445,0.00843429647063562,0.003220473974441922,0.007297133954275082,0.00870324456411548,0.0024052759097594454,0.00025146389086301915
92,1.315338379098857,0.7846153846153846,2.302585092994046,0.5038461538461538,0.0010021216505299,-0.0010018402190956,2.374821810482282e-05,0.0024184969754297,0.0003352161417463,0.000133626559706,0.0003074309747381,0.0,0.0021235398502999,0.0021096240276553,0.0002427096161082,0.0,-0.0006329320617363,0.0015295917913172,0.0775068859629714,0.0897780477654999,0.0117544054680517,5.919441869569972,2.302585092994046,0.0,0.0,0.7842257156645858,0.2157742841726931,0.0879038308433661,0.1073986949034349,0.0158469743788199,6.071852409784224,2.302585092994046,0.0,0.0,0.7446044904612739,0.2553955094133848,0.1271932153214038,0.1893545677072463,0.0422855338655569,5.6308530966352,2.302585092994046,0.0,0.0,0.6547790878603927,0.3452209120839472,0.0030434727682285,0.0015217251188495,0.00023578044144,0.0008720014854466,0.6336819876531536,-0.0001993250673355,0.0022016384639945,01,Tribolium,0.5,0.5,0.0,1.0,0.0,3.0,3.0,0.0,0.9999999999996666,9.0,12.0,0.7853981633974483,1038.3333333333333,299.1111111111111,1029.0,1036.0,1053.0,20.149456949851363,28.848743473503312,1036.5,1021.5833333333334,0.014365971107544,0.0106165751148226,0.0104847072991593,0.0,0.0,0.0,0.0,0.0,0.0,0.0,0.0,27.888888888888914,19.222222222222058,-112.46913580246917,260.34567901234567,29.0,15.0,-2.096616271641725,6.881926136070067,0.0145721510063784,0.0034495951808105,-0.0033108528877018994,0.0091236549297437,0.0014614055196550003,0.0084817446878693,0.5038461538461538,0.5038461538461538,0.5038461538461538,0.5038461538461538,0.5038461538461538,0.5038461538461538,0.5038461538461538,0.5038461538461538,0.5038461538461538,0.5038461538461538,0.5038461538461538,0.5038461538461538,0.7,0.5230769230769231,0.7153846153846154,0.7,0.7269230769230769,0.38461538461538464,0.45384615384615384,0.7,0.7,0.5,0.5461538461538461,0.6461538461538462,0.5,0.0,0.0,1.0,0.0,0.0,0.9999999999996666,0.0,0.0,0.7853981633974483,0.0,0.0,1129.5555555555557,207.27550700087346,-91.2222222222224,447.11111111111114,243.04281132961574,-148.00000000000006,0.02184324169470254,0.028865902584830256,-0.007477270587158542,0.00913088611777238,0.005690502046135958,0.0014856889970502208
93,0.8014954159117768,0.4615384615384615,2.302585092994046,0.5038461538461538,0.0010021216505299,-0.0010006674081908,5.3967959433196736e-05,0.0024184969754297,0.0003352161417463,0.0001428424481376,0.0003032587949217,0.0,0.0007333920109475,-0.0006599940010816,0.0003197995626293,0.0,-0.0018943883064962,0.0030676695450737,0.0687423523383547,0.0763647840126739,0.0054616618516597,6.2430795511343256,2.302585092994046,0.0,0.0,0.7983653246495893,0.2016346751401206,0.0742281149460901,0.0876350647017151,0.0085886074399439,6.478586070600496,2.302585092994046,0.0,0.0,0.6127758160275529,0.3872241837933502,0.1019956208338106,0.1427118158156744,0.0290245774000347,6.196441005216113,2.302585092994046,0.0,0.0,0.6717368738746295,0.3282631260364463,0.0046389115951154,0.0037579980895173,0.0020714068610583,0.0024663926542562,-0.1898347401627159,0.0005633499583176,0.0034029411663543,01,Tribolium,0.5,0.5,0.0,1.0,0.0,3.0,3.0,0.0,0.9999999999996666,9.0,12.0,0.7853981633974483,1087.111111111111,575.2098765432098,1074.0,1084.0,1098.0,26.928766075450863,34.6878941419049,1086.875,1057.6666666666667,0.0268678454619786,0.0133516064013248,0.0060085602847765,0.0,0.0,0.0,0.0,0.0,0.0,0.0,0.0,-9.222222222222172,-7.6666666666667425,295.6543209876543,106.37037037037032,-12.0,-20.0,-7.911873517345018,-4.312878032489145,-0.010529539761493501,-0.006243897154483303,0.005837151353293,0.0032158698640222007,-0.0037973427090655003,0.0006635862190994997,0.5038461538461538,0.5038461538461538,0.5038461538461538,0.5038461538461538,0.5038461538461538,0.5038461538461538,0.5038461538461538,0.5038461538461538,0.5038461538461538,0.5038461538461538,0.5038461538461538,0.5038461538461538,0.823076923076923,0.7,0.823076923076923,0.8076923076923077,0.8153846153846154,0.6,0.5923076923076923,0.823076923076923,0.7923076923076923,0.6923076923076923,0.6692307692307692,0.4153846153846154,0.5,0.0,0.0,1.0,0.0,0.0,0.9999999999996666,0.0,0.0,0.7853981633974483,0.0,0.0,1120.1333333333334,153.85128942995328,-33.022222222222354,5167.762962962964,6397.0889021279345,-4592.5530864197535,0.0380790074269254,0.041067457078890424,-0.011211161964946804,0.027918447515513,0.025020667632364442,-0.0145668411141882
95,0.3834302877827803,0.1769230769230769,2.302585092994046,0.5038461538461538,0.0010021216505299,-0.000819502909055,0.000576769264534,0.0024184969754297,0.0025712643875641,-0.0001004232834524,0.0025693025736367,0.0,0.0016632442589721,-0.0013596883109292,0.0009579296227417,0.0,-0.0017132867235181,0.002291553358918,0.0830876016594168,0.1028927645293619,0.0141841742719553,5.646748196913316,2.302585092994046,0.0,0.0,0.6445512402919771,0.3554487595672718,0.0976716485103798,0.1221041616972782,0.0210326002632748,5.8151995405903145,2.302585092994046,0.0,0.0,0.5191938478228467,0.4808061520769741,0.1254967556273187,0.1807250083164731,0.0334931042845348,5.724142481120522,2.302585092994046,0.0,0.0,0.5676070123725183,0.4323929875682091,0.0032069227148636,0.0011770357463743,0.0026769270030813,0.0017606923748021,0.9450041090601464,-0.001818835894508,0.0013947723485874,01,Tribolium,0.5,0.5,0.0,1.0,0.0,3.0,3.0,0.0,0.9999999999996666,9.0,12.0,0.7853981633974483,1147.3333333333333,140.44444444444446,1143.0,1149.0,1158.0,27.45887955556872,37.04726710568541,1146.0,1105.8333333333333,0.0350087158628704,0.0052328792432525,0.002727981022833,0.0,0.0,0.0,0.0,0.0,0.0,0.0,0.0,272.44444444444434,36.55555555555543,-138.76543209876542,-172.3950617283951,272.0,39.0,8.363555091457155,-4.3939375037818635,0.025721822289083304,0.0022613916656113037,-0.0067560389079311,-0.0007501362726267998,-0.0036492782771066,0.0023604473013831,0.5038461538461538,0.5038461538461538,0.5038461538461538,0.5038461538461538,0.5038461538461538,0.5038461538461538,0.5038461538461538,0.5038461538461538,0.5038461538461538,0.5038461538461538,0.5038461538461538,0.5038461538461538,0.8923076923076924,0.2153846153846154,0.9115384615384615,0.8884615384615384,0.8769230769230769,0.6230769230769231,0.6538461538461539,0.8923076923076924,0.8769230769230769,0.8,0.13846153846153847,0.18461538461538463,0.5,0.0,0.0,1.0,0.0,0.0,0.9999999999996666,0.0,0.0,0.7853981633974483,0.0,0.0,876.3555555555555,93.66431788276921,270.97777777777776,235.18024691358022,120.54138749690883,-94.73580246913576,0.00403653637880626,0.012810874994338209,0.030972179484064142,0.008688774403036401,0.0015194675988119185,-0.003455895159783901
96,0.2359292501758609,0.0538461538461538,2.302585092994046,0.5038461538461538,0.0031992033896003,-0.0007521189276592,0.0031095368540486,0.0048369939508594,0.0025712643875641,0.0002791113678512,0.0025560706944628,0.0,0.0012259567280489,-0.001187857223315,0.0003032575078491,0.0,-0.0016193033269153,0.0017365339730994,0.0659748755953803,0.0737145817266249,0.0087781038866075,6.313721582269774,2.302585092994046,0.0,0.0,0.8704106213150479,0.129589378459205,0.0731712798268249,0.0906533193343122,0.0119081535264488,6.410863363143972,2.302585092994046,0.0,0.0,0.6368674137650003,0.3631325860530439,0.1042861241769895,0.1529782978342729,0.0341382252469096,6.057503516693381,2.302585092994046,0.0,0.0,0.7870161697890248,0.2129838301279257,0.0036599915621108,0.0018541605081017,0.0023547044650257,0.0009971718484933,0.981337674290112,-0.0007049488695903,0.001799030192594,01,Tribolium,0.5,0.5,0.0,1.0,0.0,3.0,3.0,0.0,0.9999999999996666,9.0,12.0,0.7853981633974483,856.6666666666666,70.22222222222223,851.0,860.0,862.0,15.97654598856693,21.470910553583888,855.125,838.5,0.0194066147859921,0.0032748070487838,0.0046066927718068,0.0,0.0,0.0,0.0,0.0,0.0,0.0,0.0,44.0,48.44444444444446,-108.22222222222223,-144.1728395061728,43.0,49.0,-2.5142895729159136,2.029613202087173,0.013715474507075,0.0170351547914912,-0.001413852562808,-0.006877956458311399,-8.196683978330035e-05,-0.0044854467737991,0.5038461538461538,0.5038461538461538,0.5038461538461538,0.5038461538461538,0.5038461538461538,0.5038461538461538,0.5038461538461538,0.5038461538461538,0.5038461538461538,0.5038461538461538,0.5038461538461538,0.5038461538461538,0.35384615384615387,0.06153846153846154,0.3923076923076923,0.36923076923076925,0.34615384615384615,0.2230769230769231,0.24615384615384617,0.3576923076923077,0.38461538461538464,0.6076923076923076,0.07692307692307693,0.3,0.5,0.0,0.0,1.0,0.0,0.0,0.9999999999996666,0.0,0.0,0.7853981633974483,0.0,0.0,818.4666666666667,152.84093886322665,38.19999999999993,283.7185185185185,202.01920293355653,-213.4962962962963,0.01546053271472038,0.01182740963840036,0.003946082071271721,0.01133874633639108,0.008057049824882997,-0.008063939287607281
97,0.221550021907407,0.0461538461538461,2.302585092994046,0.5038461538461538,0.0035512125286613,0.0034388724470456,0.0008861527614761,0.0054079236404385,0.0025712643875641,0.002074889415631,0.0015186291396051,0.0,0.002037798986893,-0.0002953325308193,0.0020162845551216,0.0,0.0013981934919053,0.0016442617695041,0.0639047252792075,0.0678904453121962,0.0035390860839656,6.478332231192804,2.302585092994046,0.0,0.0,0.7280627994328305,0.2719372003230491,0.0735038272612613,0.0924106396765964,0.0124039758586249,6.372464230214019,2.302585092994046,0.0,0.0,0.5311066433861276,0.4688933564339084,0.1054269196803048,0.1723253345494118,0.0356221504703366,5.819327310612279,2.302585092994046,0.0,0.0,0.8074718897344481,0.192528110184801,0.0032891231590183,0.0019290317599259,0.0022632717948871,0.0013024004798245,0.9976699015549902,0.0011163341195082,0.0009357197702793,01,Tribolium,0.5,0.5,0.0,1.0,0.0,3.0,3.0,0.0,0.9999999999996666,9.0,12.0,0.7853981633974483,1005.6666666666666,923.5555555555557,984.0,995.0,1037.0,25.873239274747185,29.706901555025897,1007.125,997.1666666666666,0.0099022207490885,0.0204613680572766,0.028822302243615,0.0,0.0,0.0,0.0,0.0,0.0,0.0,0.0,46.11111111111097,7.555555555555429,152.41975308641986,707.0123456790125,43.0,-5.0,3.2067278193938265,0.13635069238198838,0.0056033555337111,-0.0025379440065610003,0.003711764471899401,0.0108201713081435,0.0283968466375237,0.0286859619485138,0.5038461538461538,0.5038461538461538,0.5038461538461538,0.5038461538461538,0.5038461538461538,0.5038461538461538,0.5038461538461538,0.5038461538461538,0.5038461538461538,0.5038461538461538,0.5038461538461538,0.5038461538461538,0.6384615384615384,0.823076923076923,0.6076923076923076,0.6076923076923076,0.6538461538461539,0.5692307692307692,0.47692307692307695,0.6384615384615384,0.6384615384615384,0.36153846153846153,0.8076923076923077,0.9461538461538461,0.5,0.0,0.0,1.0,0.0,0.0,0.9999999999996666,0.0,0.0,0.7853981633974483,0.0,0.0,846.3111111111109,88.60982304880615,159.35555555555572,209.98024691358023,93.26668519842033,713.5753086419754,0.01871619975773828,0.014558995183546227,-0.008813979008649782,0.008248437975035581,0.0034614429139993405,0.01221293008224102
98,0.2599516386045466,0.0615384615384615,2.302585092994046,0.5038461538461538,0.0018386016148562,0.0017971821263859,0.0003880622408209,0.003420271223211,0.0035561516787163,0.0009505336878592,0.0034267623889441,0.0,0.0002957718968547,-7.461405029869127e-05,0.000286205797403,0.0,0.0010882439872362,0.0014864960256535,0.0673121890449286,0.0705106976077985,0.0024581558167509,6.402593971582146,2.302585092994046,0.0,0.0,0.601030676129223,0.3989693236503657,0.0781378412349398,0.1065237418753016,0.0154415538069182,6.088212692888001,2.302585092994046,0.0,0.0,0.7305981901750082,0.2694018096673616,0.1105781386793061,0.1644755764338678,0.0368226060800196,5.912571475609855,2.302585092994046,0.0,0.0,0.7499778230783446,0.2500221768480362,0.0035964444278732,0.0017926495080627,0.0025831024054177,0.0018418724222091,0.7011965098836336,0.0010783790011905,0.0013091872183244,01,Tribolium,0.5,0.5,0.0,1.0,0.0,3.0,3.0,0.0,0.9999999999996666,9.0,12.0,0.7853981633974483,762.2222222222222,105.50617283950618,760.0,763.0,769.0,15.214943042517117,18.788294228055936,761.375,752.5833333333334,0.0115342565597667,0.0051155589345451,0.0069628352747188,0.0,0.0,0.0,0.0,0.0,0.0,0.0,0.0,4.666666666666629,14.222222222222172,-304.07407407407413,-398.2716049382716,10.0,23.0,-3.9885964336512565,-8.225891088814524,-7.105291515250092e-05,0.009083276167609799,-0.004591329952409899,-0.0142993244046959,-0.0030966708558484,-0.0201445601258059,0.5038461538461538,0.5038461538461538,0.5038461538461538,0.5038461538461538,0.5038461538461538,0.5038461538461538,0.5038461538461538,0.5038461538461538,0.5038461538461538,0.5038461538461538,0.5038461538461538,0.5038461538461538,0.23846153846153847,0.11538461538461539,0.23846153846153847,0.23076923076923078,0.23076923076923078,0.17692307692307693,0.17692307692307693,0.23846153846153847,0.2230769230769231,0.4076923076923077,0.12307692307692308,0.4846153846153846,0.5,0.0,0.0,1.0,0.0,0.0,0.9999999999996666,0.0,0.0,0.7853981633974483,0.0,0.0,859.0666666666666,97.36284686992919,-96.84444444444443,384.98271604938276,279.45038897156195,-279.4765432098766,0.01533898567513158,0.009701032443135972,-0.0038047291153648806,0.0112545929724154,0.005581870429895972,-0.0061390340378703005
100,0.2730606750919228,0.0846153846153846,2.302585092994046,0.5038461538461538,0.0044223239900152,-0.0038732964766204,0.0021341330504127,0.0054079236404385,0.0025712643875641,-0.0004072414633067,0.0025388097489413,0.0,0.0007131747356859,-0.000401420267303,0.0005894743188801,0.0,-0.0017281163619057,0.0021930076857849,0.0686278138452528,0.0772784530136716,0.0079442623870437,6.219292502935529,2.302585092994046,0.0,0.0,0.9014111795473596,0.0985888202431236,0.080201913405426,0.1112771457752432,0.0177210858359288,6.000900673817878,2.302585092994046,0.0,0.0,0.6259856398372118,0.3740143600145606,0.1048929660067891,0.145512343067485,0.0292172443664463,6.157573820726302,2.302585092994046,0.0,0.0,0.7730650802446899,0.2269349196709659,0.0033179713281622,0.0019922965449448,0.0020389441287599,0.0027039618202192,0.909563424750436,-0.0009328266248298,0.0012712829462832,01,Tribolium,0.5,0.5,0.0,1.0,0.0,3.0,3.0,0.0,0.9999999999996666,9.0,12.0,0.7853981633974483,892.0,136.66666666666666,883.0,887.0,901.0,12.888101197381191,14.866068747318506,893.625,884.6666666666666,0.0100429745889387,0.0073798272265097,0.0100689040249007,0.0,0.0,0.0,0.0,0.0,0.0,0.0,0.0,9.0,20.444444444444457,-202.88888888888889,-250.24691358024697,8.0,15.0,-13.593868291307826,-8.982328853581707,-0.0125598944182338,0.0041148766797088,-0.0028086194963810006,-0.007781225120031699,-0.0021061110549737,0.0008567740640305996,0.5038461538461538,0.5038461538461538,0.5038461538461538,0.5038461538461538,0.5038461538461538,0.5038461538461538,0.5038461538461538,0.5038461538461538,0.5038461538461538,0.5038461538461538,0.5038461538461538,0.5038461538461538,0.4461538461538462,0.19230769230769232,0.47307692307692306,0.43846153846153846,0.4269230769230769,0.11538461538461539,0.06923076923076923,0.46923076923076923,0.49230769230769234,0.3769230769230769,0.2846153846153846,0.6153846153846154,0.5,0.0,0.0,1.0,0.0,0.0,0.9999999999996666,0.0,0.0,0.7853981633974483,0.0,0.0,852.8444444444445,95.09601645536476,39.15555555555545,443.2345679012345,578.1178690963555,-306.5679012345679,0.021844920834855917,0.019339858225039287,-0.011801946245917218,0.01221368533916594,0.00969907430803017,-0.00483385811265624
101,0.7390480702189166,0.4153846153846154,2.302585092994046,0.5038461538461538,0.0010021216505299,-0.0009995844405573,7.126533979770125e-05,0.0024184969754297,0.0003352161417463,0.0001480656160018,0.0003007431379853,0.0,0.0016632442589721,-0.0016589762537195,0.000119076675291,0.0,-0.0015481879924906,0.0036766810894154,0.0629336038485259,0.0660564092623984,0.0029949042590106,6.533104720834706,2.302585092994046,0.0,0.0,0.8078882272213759,0.19211177252671,0.0731834369905883,0.097342625527894,0.0139225298080159,6.268474516701536,2.302585092994046,0.0,0.0,0.6573323395418614,0.342667660277947,0.0960403047607389,0.1335658610629851,0.026366844326474,6.328906255935835,2.302585092994046,0.0,0.0,0.6615259456287826,0.3384740542704001,0.0046021623165147,0.0037362404948967,0.0027229627437192,0.0029222810141117,-0.0221626873357783,0.0002908251486738,0.0032513621590911,01,Tribolium,0.5,0.5,0.0,1.0,0.0,3.0,3.0,0.0,0.9999999999996666,9.0,12.0,0.7853981633974483,1047.888888888889,120.54320987654322,1043.0,1051.0,1052.0,16.702318035329554,21.982947936980608,1048.5,1048.8333333333333,-0.0003180998833633,0.003234884489466,0.0025972746715309,0.0,0.0,0.0,0.0,0.0,0.0,0.0,0.0,27.44444444444457,13.333333333333258,-279.03703703703707,-315.03703703703695,38.0,12.0,-7.666208643306735,-7.00703556801777,-0.0149767453537465,-0.021542995168509903,-0.0071984935614501,-0.0096376494807073,-0.0119385692941987,-0.007531106286088399,0.5038461538461538,0.5038461538461538,0.5038461538461538,0.5038461538461538,0.5038461538461538,0.5038461538461538,0.5038461538461538,0.5038461538461538,0.5038461538461538,0.5038461538461538,0.5038461538461538,0.5038461538461538,0.7384615384615385,0.14615384615384616,0.7538461538461538,0.7384615384615385,0.7115384615384616,0.26153846153846155,0.27692307692307694,0.7384615384615385,0.7538461538461538,0.13846153846153847,0.06923076923076923,0.16923076923076924,0.5,0.0,0.0,1.0,0.0,0.0,0.9999999999996666,0.0,0.0,0.7853981633974483,0.0,0.0,1128.888888888889,128.48763210884644,-81.0,2567.6493827160493,3412.925698195798,-2447.106172839506,0.0232145076635303,0.023068217116563445,-0.0235326075468936,0.0233903401825499,0.017744898123796034,-0.020155455693083902
102,0.6135546322196858,0.3461538461538461,2.302585092994046,0.5038461538461538,0.0024182755452818,0.0023881702252842,0.0003803939904547,0.0024184969754297,0.0031105030628786,-0.0003512022871197,0.0030906126023329,0.0,0.0023732791658132,0.0004067744346354,0.0023381592243066,0.0,-0.0030428790666746,0.0036232639969951,0.0730265521263806,0.0771269264894278,0.0030538354488085,6.223217925050977,2.302585092994046,0.0,0.0,0.5519236745012674,0.4480763253115438,0.076728343092205,0.0827253245118477,0.0051214636881947,6.593896917095575,2.302585092994046,0.0,0.0,0.5758809531926458,0.4241190466382487,0.0992137369333515,0.1335658610629851,0.024654728459804,6.328906255935835,2.302585092994046,0.0,0.0,0.6653129585166231,0.3346870413876943,0.0032994913215879,0.0017093012467786,0.0025831024054177,0.0041749730907019,-0.3930044906613378,-0.0006334135820111,0.0020311801692959,01,Tribolium,0.5,0.5,0.0,1.0,0.0,3.0,3.0,0.0,0.9999999999996666,9.0,12.0,0.7853981633974483,994.1111111111112,305.4320987654321,981.0,994.0,1013.0,30.283754588688005,35.00357124637428,991.625,974.4166666666666,0.0173102715994188,0.0092625337075179,0.0073919998942649,0.0,0.0,0.0,0.0,0.0,0.0,0.0,0.0,98.1111111111112,33.88888888888903,-248.12345679012344,-658.5185185185187,100.0,42.0,-4.98886847550942,-12.394124034515038,0.010892860885133101,-0.022741221110602,-0.006748182793034201,-0.008497485228430501,-0.015237834659038099,-0.0174090128912983,0.5038461538461538,0.5038461538461538,0.5038461538461538,0.5038461538461538,0.5038461538461538,0.5038461538461538,0.5038461538461538,0.5038461538461538,0.5038461538461538,0.5038461538461538,0.5038461538461538,0.5038461538461538,0.5923076923076923,0.5461538461538461,0.6,0.5923076923076923,0.6153846153846154,0.6923076923076923,0.6,0.5923076923076923,0.6076923076923076,0.5769230769230769,0.4230769230769231,0.5076923076923077,0.5,0.0,0.0,1.0,0.0,0.0,0.9999999999996666,0.0,0.0,0.7853981633974483,0.0,0.0,914.5333333333332,80.28712056360638,79.57777777777801,947.2493827160494,719.788207194292,-641.8172839506173,0.01461995493229216,0.019316681944709535,0.002690316667126642,0.018240794439711543,0.009786477176750047,-0.008978260732193643
103,0.6603272674366578,0.3692307692307692,2.302585092994046,0.5038461538461538,0.0035512125286613,-0.000185273771816,0.0035463761860804,0.0054079236404385,0.003312859103854,-0.0031360057028681,0.0010679436659145,0.0,0.0003664342177395,-3.8462972369415054e-05,0.0003644099829682,0.0,-0.002249485264085,0.0040340516661826,0.0683027285999954,0.0768610362691296,0.0076735046543425,6.230124711263066,2.302585092994046,0.0,0.0,0.5562791585751922,0.4437208412131294,0.0856810027847711,0.1214316710353213,0.0229312540196791,5.826245017777765,2.302585092994046,0.0,0.0,0.5955157710352629,0.4044842288376249,0.1181438784190506,0.1752701294034302,0.0387008890805219,5.785438890138108,2.302585092994046,0.0,0.0,0.5048707647741189,0.4951292351611802,0.0033236829914842,0.0016672623157153,0.0019705621794324,0.0017101356116055,0.9695544955748462,-0.0007708188508481,0.0023188775399768,01,Tribolium,0.5,0.5,0.0,1.0,0.0,3.0,3.0,0.0,0.9999999999996666,9.0,12.0,0.7853981633974483,860.4444444444445,1418.9135802469134,821.0,858.0,893.0,34.570338582589194,40.70626487409524,860.75,857.25,0.0040676652892561,0.0305274166685555,0.0309981914762642,0.0,0.0,0.0,0.0,0.0,0.0,0.0,0.0,-140.33333333333337,-171.33333333333337,823.185185185185,-3826.3703703703704,-141.0,-196.0,-3.3811249535368333,-32.73673903771313,-0.0057580258398656995,-0.012731817803571799,0.0170595139579477,-0.017459087937232897,0.012233364980056501,-0.0336286647569593,0.5038461538461538,0.5038461538461538,0.5038461538461538,0.5038461538461538,0.5038461538461538,0.5038461538461538,0.5038461538461538,0.5038461538461538,0.5038461538461538,0.5038461538461538,0.5038461538461538,0.5038461538461538,0.3730769230769231,0.9153846153846154,0.34615384615384615,0.3576923076923077,0.4153846153846154,0.7769230769230769,0.7461538461538462,0.38461538461538464,0.4461538461538462,0.2076923076923077,0.9230769230769231,0.9615384615384616,0.5,0.0,0.0,1.0,0.0,0.0,0.9999999999996666,0.0,0.0,0.7853981633974483,0.0,0.0,1088.6222222222223,110.2496516049477,-228.1777777777778,817.604938271605,679.551123979733,601.3086419753084,0.02281733564851892,0.017490817748452764,-0.01874967035926282,0.01355620799256734,0.008149011780304754,0.016971208675988163
104,0.5344562378093832,0.2846153846153846,2.302585092994046,0.5038461538461538,0.0055824557404358,-0.0036794345408512,0.0041982822146106,0.0072554909262892,0.003312859103854,-0.0031753690793752,0.0009444928013151,0.0,0.0007253727224546,-0.0001611861885862,0.0007072373004093,0.0,-0.0022386239862923,0.0024611169420027,0.0671909684678023,0.0692552138725563,0.0016881908456161,6.438525980800851,2.302585092994046,0.0,0.0,0.676074035257156,0.3239259645214813,0.0759948331789524,0.0956759359795075,0.0116079230491812,6.303014841950005,2.302585092994046,0.0,0.0,0.6150708850109615,0.3849291148198324,0.1042214238699588,0.1422602599665957,0.0299789211343535,6.202779257492165,2.302585092994046,0.0,0.0,0.7063898697740705,0.2936101301409015,0.0032470985372652,0.0013661616855513,0.0022056001522869,0.003595354230192,0.9381361245215198,-0.0007590331652707,0.0018755449806769,01,Tribolium,0.5,0.5,0.0,1.0,0.0,3.0,3.0,0.0,0.9999999999996666,9.0,12.0,0.7853981633974483,828.1111111111111,219.4320987654321,818.0,833.0,838.0,19.392353662581375,22.360679774997894,827.5,822.9166666666666,0.0055346840198578,0.0112634390819174,0.0147896200757883,0.0,0.0,0.0,0.0,0.0,0.0,0.0,0.0,-81.66666666666674,29.66666666666663,-163.4074074074074,62.74074074074076,-80.0,35.0,-1.4400655228328247,2.7917904325711476,-0.009441500640620899,0.0180068521245057,-0.0028845390109493007,0.0047511323984179,-0.0028605869128739986,0.0055861378804443005,0.5038461538461538,0.5038461538461538,0.5038461538461538,0.5038461538461538,0.5038461538461538,0.5038461538461538,0.5038461538461538,0.5038461538461538,0.5038461538461538,0.5038461538461538,0.5038461538461538,0.5038461538461538,0.3230769230769231,0.4153846153846154,0.3384615384615385,0.33076923076923076,0.3230769230769231,0.36153846153846153,0.2846153846153846,0.3230769230769231,0.34615384615384615,0.27692307692307694,0.5846153846153846,0.7615384615384615,0.5,0.0,0.0,1.0,0.0,0.0,0.9999999999996666,0.0,0.0,0.7853981633974483,0.0,0.0,1039.6888888888889,154.3817042828714,-211.57777777777778,1457.3037037037036,1713.919541845927,-1237.8716049382715,0.02800955557346304,0.019862342991698274,-0.02247487155360524,0.017034635441347718,0.011648940862596472,-0.005771196359430318
105,0.3540322853712412,0.1461538461538461,2.302585092994046,0.5038461538461538,0.0018386016148562,0.0010411861126659,0.0015153835741961,0.003420271223211,0.0027289174063683,0.0022082454520545,0.001603322249038,0.0,0.0007333920109475,-0.0006980361379765,0.0002249653124383,0.0,-0.0019670949812955,0.0019681011891377,0.0674397216471177,0.0681484213346816,0.0007453344479133,6.470746859805187,2.302585092994046,0.0,0.0,0.739237030013225,0.2607629697669303,0.0808386909717174,0.1207554353106556,0.0206576314106186,5.837413861441365,2.302585092994046,0.0,0.0,0.6746904265189035,0.325309573337452,0.1139769138159616,0.1761522694289342,0.0383871177465764,5.775398074513036,2.302585092994046,0.0,0.0,0.5566016932012746,0.4433983067295896,0.0029872145409565,0.0013502778532924,0.0024632090651555,0.0032447541842631,-0.1192987727735602,-0.0020047966485525,0.0013179077244719,01,Tribolium,0.5,0.5,0.0,1.0,0.0,3.0,3.0,0.0,0.9999999999996666,9.0,12.0,0.7853981633974483,1058.111111111111,1217.432098765432,1036.0,1064.0,1072.0,51.88220604202985,67.77905281132217,1054.25,1005.0833333333334,0.04646644964822,0.0170861494226821,0.0213491177832706,0.0,0.0,0.0,0.0,0.0,0.0,0.0,0.0,4.888888888888914,17.666666666666742,254.5925925925925,648.9629629629629,7.0,10.0,-1.2715035527793432,14.835655934855843,-0.0078114277650091005,0.004537252723828801,0.0015674232464219992,0.0026342719320895,0.0166976972356346,0.014417093201390598,0.5038461538461538,0.5038461538461538,0.5038461538461538,0.5038461538461538,0.5038461538461538,0.5038461538461538,0.5038461538461538,0.5038461538461538,0.5038461538461538,0.5038461538461538,0.5038461538461538,0.5038461538461538,0.7615384615384615,0.8769230769230769,0.7307692307692307,0.7615384615384615,0.7538461538461538,0.9384615384615385,0.9230769230769231,0.7538461538461538,0.676923076923077,0.9,0.7692307692307693,0.9,0.5,0.0,0.0,1.0,0.0,0.0,0.9999999999996666,0.0,0.0,0.7853981633974483,0.0,0.0,879.9777777777778,72.63908412975671,178.13333333333333,450.2962962962962,389.6057252208039,767.1358024691359,0.00468966265079026,0.015566399082572166,0.04177678699742974,0.012387962597937941,0.007368980851586397,0.004698186824744158
107,0.4181397326418898,0.2076923076923077,2.302585092994046,0.5038461538461538,0.0010021216505299,-0.0008979182357512,0.0004449613964898,0.0024184969754297,0.0003352161417463,0.0002510431833917,0.0002221422556828,0.0,0.001370151110914,-0.0013414696904173,0.0002788783541808,0.0,-0.0015640739365066,0.0023085071290852,0.0668421363483978,0.0704276949920845,0.0025906442841055,6.40494968527413,2.302585092994046,0.0,0.0,0.5574688685138667,0.4425311312626486,0.0786111477784536,0.1103004326824636,0.0170467714942813,6.018532772255943,2.302585092994046,0.0,0.0,0.7185502757779461,0.2814497240675017,0.1089623834999566,0.1608982251202315,0.0340019228268212,5.956551604943724,2.302585092994046,0.0,0.0,0.609261907935822,0.3907380919874257,0.0032069227148636,0.0011770357463743,0.0026769270030813,0.0017606923748021,0.9450041090601464,-0.001979472231525,0.0013634717090021,01,Tribolium,0.5,0.5,0.0,1.0,0.0,3.0,3.0,0.0,0.9999999999996666,9.0,12.0,0.7853981633974483,899.2222222222222,180.6172839506173,896.0,901.0,909.0,18.94364212652504,27.80287754891569,898.0,914.4166666666666,-0.0182565179784998,0.0066655647889098,0.0093826988787426,0.0,0.0,0.0,0.0,0.0,0.0,0.0,0.0,20.777777777777715,-27.333333333333485,-1153.4074074074074,21.259259259259295,33.0,-25.0,-13.72991334759994,3.1164976134132623,-0.0313478410242877,-0.033815937573175296,-0.0223477229795096,-0.0007371540579346001,-0.0290358096089951,0.0007173975941738991,0.5038461538461538,0.5038461538461538,0.5038461538461538,0.5038461538461538,0.5038461538461538,0.5038461538461538,0.5038461538461538,0.5038461538461538,0.5038461538461538,0.5038461538461538,0.5038461538461538,0.5038461538461538,0.49230769230769234,0.3230769230769231,0.5076923076923077,0.4846153846153846,0.46923076923076923,0.3384615384615385,0.4,0.49230769230769234,0.5230769230769231,0.015384615384615385,0.23076923076923078,0.5923076923076923,0.5,0.0,0.0,1.0,0.0,0.0,0.9999999999996666,0.0,0.0,0.7853981633974483,0.0,0.0,982.4888888888888,100.30576956191204,-83.26666666666665,290.7358024691358,129.45062151672113,-110.11851851851853,0.017818736913550896,0.013764128792333127,-0.0360752548920507,0.0087201447489915,0.00423518557145411,-0.0020545799600817
109,0.2892894590674338,0.0923076923076923,2.302585092994046,0.5038461538461538,0.0031992033896003,-0.0008236340287044,0.0030913636658908,0.0048369939508594,0.0003352161417463,0.0003023621000715,0.0001447308610063,0.0,0.0007131747356859,-0.0002466186357448,0.0006691766972363,0.0,-0.0011937990850924,0.0022399222513207,0.075700936529626,0.1028927645293619,0.0204157130007421,5.646748196913316,2.302585092994046,0.0,0.0,0.7141986148195179,0.2858013850178126,0.0901519571797786,0.1194649379240508,0.0242209608639698,5.858902626676185,2.302585092994046,0.0,0.0,0.8127177806870376,0.1872822191982048,0.1134435676967735,0.1608982251202315,0.0311006952733335,5.956551604943724,2.302585092994046,0.0,0.0,0.6412670729465173,0.3587329269812112,0.0033566353917711,0.0020989907120113,0.0022551811833876,0.0013024004798245,0.9442069808541288,-0.0011558905308629,0.0014481722388556,01,Tribolium,0.5,0.5,0.0,1.0,0.0,3.0,3.0,0.0,0.9999999999996666,9.0,12.0,0.7853981633974483,718.3333333333334,141.55555555555554,708.0,722.0,725.0,11.796477989039923,16.446884203398525,717.5,718.9166666666666,-0.0019721577726217,0.0086367851217249,0.004925501416337,0.0,0.0,0.0,0.0,0.0,0.0,0.0,0.0,-59.111111111111086,-56.44444444444446,-56.69135802469137,-95.28395061728398,-53.0,-57.0,-5.722972180336699,-12.358286626224645,-0.0047590664477681,-0.0305825119960548,-0.0006493368148806997,-0.0008624557355031998,-0.0082023913025861,-0.0040321908884829,0.5038461538461538,0.5038461538461538,0.5038461538461538,0.5038461538461538,0.5038461538461538,0.5038461538461538,0.5038461538461538,0.5038461538461538,0.5038461538461538,0.5038461538461538,0.5038461538461538,0.5038461538461538,0.15384615384615385,0.2230769230769231,0.15384615384615385,0.16153846153846155,0.1576923076923077,0.08461538461538462,0.1076923076923077,0.15384615384615385,0.16153846153846155,0.12307692307692308,0.3769230769230769,0.3230769230769231,0.5,0.0,0.0,1.0,0.0,0.0,0.9999999999996666,0.0,0.0,0.7853981633974483,0.0,0.0,937.7555555555555,128.00803215539364,-219.4222222222221,171.68395061728398,72.88848639856755,-30.12839506172844,0.02156625239107578,0.00934766760926352,-0.023538410163697482,0.00633792673332504,0.00242984439785171,0.00229885838839986
110,0.4992820778368323,0.2692307692307692,2.302585092994046,0.5038461538461538,0.0055824557404358,-0.0025288125610309,0.0049768382659171,0.0072554909262892,0.0021156570499304,-0.0020346634317204,0.0005797839878262,0.0,0.0009792859798717,-0.0008932058518614,0.000401477691253,0.0,-0.0021226817034445,0.0026834541180145,0.0881510833198507,0.1017207292545037,0.0096210051575862,5.669660627011214,2.302585092994046,0.0,0.0,0.6975510652157038,0.3024489346571212,0.1015059318874255,0.1332809085444518,0.019447947233749,5.6400304799314585,2.302585092994046,0.0,0.0,0.6194251072980194,0.3805748926083623,0.1301113475885295,0.1761522694289342,0.0333040822800602,5.775398074513036,2.302585092994046,0.0,0.0,0.6215809545180657,0.3784190454264962,0.0025927821259662,0.001311902375036,0.0017331815564458,0.003877145597449,0.988871466159016,-0.0013062270795779,0.0017591895029578,01,Tribolium,0.5,0.5,0.0,1.0,0.0,3.0,3.0,0.0,0.9999999999996666,9.0,12.0,0.7853981633974483,997.6666666666666,173.33333333333334,991.0,995.0,1009.0,24.53420925239399,30.041637771599603,995.0,966.4166666666666,0.0286501837621116,0.0028036965976444,0.0035464268466471,0.0,0.0,0.0,0.0,0.0,0.0,0.0,0.0,0.0,-28.444444444444457,-137.99999999999997,31.90123456790127,1.0,-32.0,-2.8080257513297866,4.972789220893208,0.0089792849983295,0.006479095510893498,-0.0047914039179601,-0.0029419758789752995,-0.0066836505955614,-3.4310730770699665e-05,0.5038461538461538,0.5038461538461538,0.5038461538461538,0.5038461538461538,0.5038461538461538,0.5038461538461538,0.5038461538461538,0.5038461538461538,0.5038461538461538,0.5038461538461538,0.5038461538461538,0.5038461538461538,0.6076923076923076,0.2923076923076923,0.6384615384615384,0.6076923076923076,0.6076923076923076,0.5076923076923077,0.4846153846153846,0.6,0.5846153846153846,0.7230769230769231,0.046153846153846156,0.25384615384615383,0.5,0.0,0.0,1.0,0.0,0.0,0.9999999999996666,0.0,0.0,0.7853981633974483,0.0,0.0,947.9111111111112,155.6811302662839,49.755555555555475,442.17777777777775,266.20621948784384,-268.84444444444443,0.00805958878116598,0.02029690022389629,0.02059059498094562,0.01064686620198944,0.0026008089986069454,-0.00784316960434504
111,0.4046879129054264,0.1846153846153846,2.302585092994046,0.5038461538461538,0.0031992033896003,-0.002040324594191,0.0024641383642907,0.0048369939508594,0.0025712643875641,-0.0008708155087346,0.0024193141384497,0.0,0.0023472584686949,-0.0022346125420152,0.0007184212593792,0.0,-0.0021643081959655,0.002280180815474,0.0659580263307991,0.067066975031719,0.0011356548537124,6.502739351539678,2.302585092994046,0.0,0.0,0.5743633127369566,0.4256366870332508,0.070972404967046,0.0842317743090902,0.0071874030591923,6.557804035948506,2.302585092994046,0.0,0.0,0.5591345518081485,0.4408654479953391,0.096858294964862,0.1422602599665957,0.0279208738804262,6.202779257492165,2.302585092994046,0.0,0.0,0.6687950998805985,0.331204900020987,0.0029671675385242,0.0015549467554423,0.0022669031494449,0.0009673987901718,0.995403056524717,-0.0016772593842898,0.0015775256041337,01,Tribolium,0.5,0.5,0.0,1.0,0.0,3.0,3.0,0.0,0.9999999999996666,9.0,12.0,0.7853981633974483,862.0,460.44444444444446,848.0,866.0,876.0,25.849715438290715,37.56660751252368,857.625,843.5,0.0163863109048723,0.0103165673410254,0.0033152413378923,0.0,0.0,0.0,0.0,0.0,0.0,0.0,0.0,-21.0,34.111111111111086,25.555555555555543,236.79012345679018,-24.0,31.0,2.0821692378367516,7.208442830734697,-0.008670314236690499,-0.005758367661762999,-0.005524234717632101,-0.0008462987611895009,-0.0063939479030872,-0.0101633628030522,0.5038461538461538,0.5038461538461538,0.5038461538461538,0.5038461538461538,0.5038461538461538,0.5038461538461538,0.5038461538461538,0.5038461538461538,0.5038461538461538,0.5038461538461538,0.5038461538461538,0.5038461538461538,0.38461538461538464,0.6461538461538462,0.38076923076923075,0.38461538461538464,0.3769230769230769,0.5615384615384615,0.6730769230769231,0.3769230769230769,0.4153846153846154,0.5692307692307692,0.5076923076923077,0.2153846153846154,0.5,0.0,0.0,1.0,0.0,0.0,0.9999999999996666,0.0,0.0,0.7853981633974483,0.0,0.0,936.6444444444445,85.77470921396784,-74.6444444444445,655.3728395061729,458.3232645957267,-194.92839506172845,0.00555230411010482,0.023014432630989512,0.01083400679476748,0.015165780353362098,0.006846939515204426,-0.004849213012336699
112,0.2965296250484182,0.1,2.302585092994046,0.5038461538461538,0.0031992033896003,-0.0020417470585853,0.0024629598609778,0.0048369939508594,0.0037344371597134,0.0012886154354317,0.0035050664985725,0.0,0.0009792859798717,-0.0009361936699601,0.0002873020060839,0.0,-0.0023087773801147,0.002396902820128,0.0650106136918303,0.0687891288265212,0.0048975685868864,6.452031403997823,2.302585092994046,0.0,0.0,0.6143821848115616,0.3856178149531643,0.0857764745819445,0.1256920590254603,0.0263052435677969,5.757278591177589,2.302585092994046,0.0,0.0,0.6353642624380419,0.3646357374377277,0.1095003316204249,0.1356300348942376,0.0301940901431411,6.298233956404445,2.302585092994046,0.0,0.0,0.5994940638579974,0.4005059360644952,0.0029467715837379,0.0012781599737369,0.001863780129092,0.0017606923748021,0.8895884539527422,-0.0014822837586764,0.0013476049417628,01,Tribolium,0.5,0.5,0.0,1.0,0.0,3.0,3.0,0.0,0.9999999999996666,9.0,12.0,0.7853981633974483,808.0,154.44444444444446,801.0,809.0,814.0,18.591259512233123,25.83118270617898,807.25,790.4166666666666,0.0208333333333333,0.0076829463305589,0.0035368044966583,0.0,0.0,0.0,0.0,0.0,0.0,0.0,0.0,14.777777777777828,-2.3333333333333712,-95.95061728395058,-603.7777777777777,18.0,-9.0,-3.418504061324274,-11.489384309348338,0.010170075173927201,0.007207253530783001,-0.0025084590502342007,-0.013106343673624902,0.001306564501041,-0.0258516985190256,0.5038461538461538,0.5038461538461538,0.5038461538461538,0.5038461538461538,0.5038461538461538,0.5038461538461538,0.5038461538461538,0.5038461538461538,0.5038461538461538,0.5038461538461538,0.5038461538461538,0.5038461538461538,0.2923076923076923,0.23846153846153847,0.3,0.3076923076923077,0.3,0.3230769230769231,0.3769230769230769,0.2923076923076923,0.2923076923076923,0.6153846153846154,0.2923076923076923,0.24615384615384617,0.5,0.0,0.0,1.0,0.0,0.0,0.9999999999996666,0.0,0.0,0.7853981633974483,0.0,0.0,908.1333333333332,119.43875748735606,-100.13333333333321,442.5432098765433,404.84459289796587,-288.09876543209884,0.016981129904150218,0.016038063164815666,0.0038522034291830834,0.01077289132979086,0.003354063868656926,-0.003089944999231959
113,0.2177134436821379,0.0384615384615384,2.302585092994046,0.5038461538461538,0.0044634650159853,-0.0001138954705011,0.0044620116282596,0.0048369939508594,0.0027289174063683,0.0011106965789371,0.0024926578827262,0.0,0.0018065318465827,2.5856110780538044e-05,0.0018063468034275,0.0,0.0030065317185385,0.0032246626339063,0.0849847693439206,0.0988038157059319,0.0106932092681062,5.727850397503373,2.302585092994046,0.0,0.0,0.5980669898438055,0.4019330100198945,0.1045644438033848,0.1374932015350805,0.0254699745884289,5.577799525339618,2.302585092994046,0.0,0.0,0.5535936765818473,0.4464063233318151,0.1262509869111068,0.164528911216581,0.0288931911196132,5.911923037242838,2.302585092994046,0.0,0.0,0.5398504627316942,0.4601495372086902,0.0025183825561159,0.0008653008339552,0.0016969455930216,0.0041043254678532,0.3932172173230294,0.0014265100015059,0.0012824113897334,01,Tribolium,0.5,0.5,0.0,1.0,0.0,3.0,3.0,0.0,0.9999999999996666,9.0,12.0,0.7853981633974483,962.2222222222222,197.50617283950612,953.0,966.0,968.0,32.17099711861837,39.38591118661596,959.375,916.4166666666666,0.0446449191685912,0.0056720267468994,0.0012728295429779,0.0,0.0,0.0,0.0,0.0,0.0,0.0,0.0,58.0,73.33333333333326,-561.3333333333334,-673.925925925926,54.0,66.0,-5.107459024827065,-12.557322579990085,0.0021129702868021016,-0.0067769558314087,-0.0089447919872035,-6.539155318829957e-05,-0.016937311700335602,-0.0030137775069252,0.5038461538461538,0.5038461538461538,0.5038461538461538,0.5038461538461538,0.5038461538461538,0.5038461538461538,0.5038461538461538,0.5038461538461538,0.5038461538461538,0.5038461538461538,0.5038461538461538,0.5038461538461538,0.5615384615384615,0.35384615384615387,0.5615384615384615,0.5615384615384615,0.5615384615384615,0.7230769230769231,0.7307692307692307,0.5615384615384615,0.5384615384615384,0.8846153846153846,0.18461538461538463,0.07692307692307693,0.5,0.0,0.0,1.0,0.0,0.0,0.9999999999996666,0.0,0.0,0.7853981633974483,0.0,0.0,849.8888888888889,84.87981336012339,112.33333333333326,352.27160493827165,296.12934102836493,-154.76543209876553,0.00547090366202006,0.008660383553337554,0.03917401550657114,0.01219346496399006,0.004944334140546902,-0.006521438217090661
114,0.1860121835643811,0.023076923076923,2.302585092994046,0.5038461538461538,0.0010021216505299,-0.0005238309769214,0.0008543119512674,0.0024184969754297,0.0031105030628786,-0.0026086354993114,0.0016941812582807,0.0,0.0009792859798717,-0.0005189702511707,0.0008304642730263,0.0,-0.0005432543528661,0.0012592710145687,0.0638880076514551,0.0737145817266249,0.0070538136755444,6.313721582269774,2.302585092994046,0.0,0.0,0.8125277801447406,0.1874722196132124,0.076006873444979,0.1070714253922079,0.0177925923857254,6.077956192721711,2.302585092994046,0.0,0.0,0.7153587194351925,0.2846412804007014,0.1077059604418287,0.186898341746556,0.0386278830674904,5.656965966905638,2.302585092994046,0.0,0.0,0.7988264186877122,0.2011735812359093,0.0040113459678081,0.0016174367505128,0.0023920566043884,0.0018418724222091,0.6953494803623954,0.0004193607571691,0.0020306509511533,01,Tribolium,0.5,0.5,0.0,1.0,0.0,3.0,3.0,0.0,0.9999999999996666,9.0,12.0,0.7853981633974483,1071.2222222222222,207.7283950617284,1054.0,1076.0,1082.0,23.251046683894234,34.50362299817223,1070.625,1058.0,0.0117856031531998,0.008018819951134,0.0025407009052586,0.0,0.0,0.0,0.0,0.0,0.0,0.0,0.0,80.44444444444434,41.22222222222217,-46.0,129.95061728395063,91.0,44.0,5.174886315648482,9.288048036329787,0.0053512642499813,-0.0006739437723665004,-0.0013903679180744012,0.0057727937576192,-6.893827334509975e-05,0.0016158665903931002,0.5038461538461538,0.5038461538461538,0.5038461538461538,0.5038461538461538,0.5038461538461538,0.5038461538461538,0.5038461538461538,0.5038461538461538,0.5038461538461538,0.5038461538461538,0.5038461538461538,0.5038461538461538,0.7846153846153846,0.38461538461538464,0.7769230769230769,0.7923076923076923,0.7730769230769231,0.46153846153846156,0.5769230769230769,0.7846153846153846,0.8,0.4307692307692308,0.3153846153846154,0.16153846153846155,0.5,0.0,0.0,1.0,0.0,0.0,0.9999999999996666,0.0,0.0,0.7853981633974483,0.0,0.0,762.6222222222221,74.4832601957159,308.6,244.34567901234578,225.85908962133578,-36.61728395061738,0.0200175165937129,0.007667843727229786,-0.0082319134405131,0.009462287443677341,0.008972178315542567,-0.0014434674925433415
115,0.1935633873991317,0.0307692307692307,2.302585092994046,0.5038461538461538,0.0031992033896003,0.001066328442579,0.0030162635794268,0.0048369939508594,0.0045318754268491,-0.0037509783146857,0.0025432374185741,0.0,0.0007131747356859,0.0001744371807964,0.000691512742888,0.0,0.0008025785874358,0.0023085071290852,0.0622149758976667,0.0668923211544088,0.0033418265416008,6.507954487217624,2.302585092994046,0.0,0.0,0.7455329293210414,0.2544670704213508,0.0778073107610235,0.113695083625282,0.0208296603050104,5.957908150444343,2.302585092994046,0.0,0.0,0.6773285763589628,0.322671423486903,0.1080251621982178,0.1695192142438726,0.035447869609422,5.8521630933899,2.302585092994046,0.0,0.0,0.7762050184566825,0.2237949814659539,0.0035964444278732,0.0017926495080627,0.0025831024054177,0.0018418724222091,0.8177056507712909,0.0009186826947037,0.0014435220850051,01,Tribolium,0.5,0.5,0.0,1.0,0.0,3.0,3.0,0.0,0.9999999999996666,9.0,12.0,0.7853981633974483,783.4444444444445,113.35802469135804,774.0,782.0,793.0,16.864473549586407,21.587033144922906,782.0,772.8333333333334,0.0117004680187206,0.006262771852471,0.0038213568530655,0.0,0.0,0.0,0.0,0.0,0.0,0.0,0.0,61.44444444444446,10.888888888888914,-456.86419753086415,-211.77777777777777,59.0,9.0,-6.353941001832219,-3.6854869726014066,0.0278015760519615,0.0078172521406824,-0.0159403333480233,-0.0092030293330522,-0.027277889650407297,-0.0072758568529099,0.5038461538461538,0.5038461538461538,0.5038461538461538,0.5038461538461538,0.5038461538461538,0.5038461538461538,0.5038461538461538,0.5038461538461538,0.5038461538461538,0.5038461538461538,0.5038461538461538,0.5038461538461538,0.27692307692307694,0.13076923076923078,0.27692307692307694,0.27307692307692305,0.2692307692307692,0.2923076923076923,0.25384615384615383,0.27692307692307694,0.25384615384615383,0.4153846153846154,0.2153846153846154,0.2692307692307692,0.5,0.0,0.0,1.0,0.0,0.0,0.9999999999996666,0.0,0.0,0.7853981633974483,0.0,0.0,849.9777777777778,164.07952603599736,-66.5333333333333,433.88641975308656,313.2485651711291,-320.52839506172853,0.01813366481322802,0.008680688456232299,-0.00643319679450742,0.013250809265108502,0.009003077137991,-0.006988037412637501
116,0.4872595019570961,0.2461538461538461,2.302585092994046,0.5038461538461538,0.0032134552971988,-0.0030852705360322,0.0008985547654911,0.003420271223211,0.0025712643875641,-0.0009608516579685,0.0023849873463259,0.0,0.0007684438758315,0.0005584610996796,0.0005278514852186,0.0,-0.0023872772188717,0.0031139289953517,0.0753394040502243,0.0805036235404371,0.007226330099239,6.1375184538061145,2.302585092994046,0.0,0.0,0.5489999319970389,0.4510000678283875,0.0805637456574658,0.0925687418275659,0.0089007319140643,6.369045423465633,2.302585092994046,0.0,0.0,0.5543601762777053,0.4456398235700815,0.1035753580352953,0.1477066214602696,0.0282359039279644,6.12763961290965,2.302585092994046,0.0,0.0,0.7303651822658991,0.2696348176473339,0.0029712975597651,0.0014775420134184,0.0019083602355629,0.003368576492098,0.2136857673919979,-0.0009298139686438,0.0020315511177385,01,Tribolium,0.5,0.5,0.0,1.0,0.0,3.0,3.0,0.0,0.9999999999996666,9.0,12.0,0.7853981633974483,895.2222222222222,422.8395061728395,877.0,896.0,902.0,21.471371726205856,28.040149785619903,895.25,899.6666666666666,-0.0049335981134416,0.014802453026023,0.0179371844139634,0.0,0.0,0.0,0.0,0.0,0.0,0.0,0.0,-10.555555555555657,-35.88888888888903,-10.0,144.51851851851853,-5.0,-38.0,-0.09325875120543259,5.7536002423389565,-0.0078316599387605,-0.0222963666098615,-0.0006191544280877998,0.0030570629999285004,-0.0026455004954508005,0.0024451848473418004,0.5038461538461538,0.5038461538461538,0.5038461538461538,0.5038461538461538,0.5038461538461538,0.5038461538461538,0.5038461538461538,0.5038461538461538,0.5038461538461538,0.5038461538461538,0.5038461538461538,0.5038461538461538,0.46923076923076923,0.6307692307692307,0.4461538461538462,0.47692307692307695,0.43846153846153846,0.4153846153846154,0.4115384615384615,0.4846153846153846,0.5076923076923077,0.09230769230769231,0.7153846153846154,0.8461538461538461,0.5,0.0,0.0,1.0,0.0,0.0,0.9999999999996666,0.0,0.0,0.7853981633974483,0.0,0.0,1025.4444444444446,169.94286621620154,-130.2222222222224,1327.18024691358,1784.1451682474963,-904.3407407407406,0.025385903911451218,0.012930662204711134,-0.03031950202489282,0.014918907367557238,0.012915200051859336,-0.0001164543415342386
117,0.567040860052516,0.3076923076923077,2.302585092994046,0.5038461538461538,0.0018386016148562,0.0011800880216942,0.0014099106919254,0.003420271223211,0.0027289174063683,0.0023502290084037,0.0013868719547375,0.0,0.0018049122375055,-0.0001067273816897,0.0018017539929454,0.0,-0.0019136983422205,0.0027027597922335,0.0823385661980843,0.0994234664356217,0.0132277457194067,5.715346513249361,2.302585092994046,0.0,0.0,0.5709092490350305,0.42909075082118,0.090160316987461,0.1020651570885481,0.0140273124746092,6.173725661647845,2.302585092994046,0.0,0.0,0.7486181692004679,0.2513818306794214,0.1222349177840661,0.1631186118875487,0.0344020333350732,5.929140417985759,2.302585092994046,0.0,0.0,0.6526685190237047,0.3473314809142793,0.0040310702762872,0.0013981456069149,0.0031275541462087,0.0028204279043119,0.4527775623702845,-0.0014989537446035,0.0019928873222285,01,Tribolium,0.5,0.5,0.0,1.0,0.0,3.0,3.0,0.0,0.9999999999996666,9.0,12.0,0.7853981633974483,1255.0,927.5555555555557,1233.0,1268.0,1283.0,48.76201948552976,69.97320915893454,1250.75,1198.5833333333333,0.0415670650730412,0.0101863067720716,0.0048794616390598,0.0,0.0,0.0,0.0,0.0,0.0,0.0,0.0,98.0,101.66666666666674,153.1111111111112,537.3333333333335,114.0,113.0,8.839932592983601,20.136894993986726,0.0022772350528742005,0.0236118627609026,-0.0047528927662193,0.0071539193471039,0.0031152080069208,0.0006317915648574998,0.5038461538461538,0.5038461538461538,0.5038461538461538,0.5038461538461538,0.5038461538461538,0.5038461538461538,0.5038461538461538,0.5038461538461538,0.5038461538461538,0.5038461538461538,0.5038461538461538,0.5038461538461538,0.9615384615384616,0.8307692307692308,0.9615384615384616,0.9615384615384616,0.9615384615384616,0.9,0.9307692307692308,0.9615384615384616,0.9461538461538461,0.8538461538461538,0.49230769230769234,0.3153846153846154,0.5,0.0,0.0,1.0,0.0,0.0,0.9999999999996666,0.0,0.0,0.7853981633974483,0.0,0.0,915.1111111111111,69.2956450273254,339.8888888888889,507.99012345679,463.31907491720733,419.56543209876565,0.01012584131144054,0.011656193543143248,0.03144122376160066,0.01373190781633164,0.009259909588205276,-0.003545601044260039
118,0.689043177828959,0.3846153846153846,2.302585092994046,0.5038461538461538,0.0055824557404358,-0.0039507945117527,0.0039439871728784,0.0072554909262892,0.0025712643875641,-0.0013165990935735,0.0022086120930477,0.0,0.0010058047419627,0.0001750049290767,0.000990462747282,0.0,-0.0029441528462136,0.0042198748900946,0.0660646921325877,0.0705106976077985,0.0051187485738182,6.402593971582146,2.302585092994046,0.0,0.0,0.7129448817866437,0.2870551179856044,0.0704364078312641,0.0771269264894278,0.0066630225245893,6.734043548816834,2.302585092994046,0.0,0.0,0.5425103432428361,0.4574896565573908,0.0976292857493447,0.1597856128129525,0.031426003184841,5.970429657280477,2.302585092994046,0.0,0.0,0.6793986841622897,0.3206013157426447,0.0041521007783855,0.0037546660565593,0.0032245280569357,0.003437330038377,0.8262460560485985,-0.0007445793053887,0.0021934502547735,01,Tribolium,0.5,0.5,0.0,1.0,0.0,3.0,3.0,0.0,0.9999999999996666,9.0,12.0,0.7853981633974483,1043.5555555555557,2087.8024691358023,1004.0,1029.0,1091.0,51.8530867780961,67.51666460956139,1045.375,1048.9166666666667,-0.0033938458262351,0.0298228242862839,0.0076937763427884,0.0,0.0,0.0,0.0,0.0,0.0,0.0,0.0,-96.33333333333326,-28.333333333333258,945.9259259259254,954.8148148148148,-116.0,-47.0,-1.1761829028373825,10.884345828414595,-0.0583699643563062,-0.0429657334596963,0.0128600062348815,0.010770111174597502,-0.0022149695706287003,0.0064242159909526,0.5038461538461538,0.5038461538461538,0.5038461538461538,0.5038461538461538,0.5038461538461538,0.5038461538461538,0.5038461538461538,0.5038461538461538,0.5038461538461538,0.5038461538461538,0.5038461538461538,0.5038461538461538,0.7230769230769231,0.9615384615384616,0.6692307692307692,0.676923076923077,0.8,0.9307692307692308,0.9153846153846154,0.7307692307692307,0.7615384615384615,0.1076923076923077,0.9153846153846154,0.5307692307692308,0.5,0.0,0.0,1.0,0.0,0.0,0.9999999999996666,0.0,0.0,0.7853981633974483,0.0,0.0,1010.5777777777778,104.24201186199853,32.977777777777874,522.4246913580248,468.031620753012,1565.3777777777775,0.01593260488033626,0.015105403449307527,-0.01932645070657136,0.012306842012500539,0.009410844713559895,0.017515982273783363
120,0.6953935501991869,0.3923076923076923,2.302585092994046,0.5038461538461538,0.0024182755452818,0.002418263628426,7.591860120155595e-06,0.0024184969754297,0.0047126504437023,0.003569219637707,0.0030772951405957,0.0,0.0031754747862055,-0.0027037188415523,0.0016653962122156,0.0,-0.0007018086537761,0.0021631694561754,0.0695795534016658,0.0797737478794695,0.0072426415964277,6.1557338936946175,2.302585092994046,0.0,0.0,0.6215635714774749,0.3784364283181836,0.0806309295518446,0.0995998014244815,0.0147296023070719,6.222628128580848,2.302585092994046,0.0,0.0,0.5787559696014043,0.4212440302497486,0.111427743170607,0.1676456328535951,0.0352276330772229,5.874390804153373,2.302585092994046,0.0,0.0,0.6508489846781397,0.3491510152486384,0.0046845631379038,0.0038474367214798,0.0029348930586677,0.0041114448582305,-0.1720582035255234,-0.000252081467954,0.0032745301331877,01,Tribolium,0.5,0.5,0.0,1.0,0.0,3.0,3.0,0.0,0.9999999999996666,9.0,12.0,0.7853981633974483,1334.3333333333333,666.2222222222222,1321.0,1339.0,1348.0,32.21411166390524,44.384682042344295,1333.25,1317.3333333333333,0.0119285535848114,0.0096431670119184,0.0060171494221797,0.0,0.0,0.0,0.0,0.0,0.0,0.0,0.0,115.0,-34.0,242.66666666666663,-1035.111111111111,127.0,-25.0,4.335855799632579,-4.433214301621781,-0.0089845136650519,-0.0146244305808401,0.0002624344057068004,-0.009582116911282102,-0.0036924189950221994,0.0006467699618768006,0.5038461538461538,0.5038461538461538,0.5038461538461538,0.5038461538461538,0.5038461538461538,0.5038461538461538,0.5038461538461538,0.5038461538461538,0.5038461538461538,0.5038461538461538,0.5038461538461538,0.5038461538461538,0.9769230769230769,0.7461538461538462,0.9846153846153847,0.9846153846153847,0.9769230769230769,0.7307692307692307,0.7846153846153846,0.9769230769230769,0.9923076923076923,0.43846153846153846,0.4461538461538462,0.4230769230769231,0.5,0.0,0.0,1.0,0.0,0.0,0.9999999999996666,0.0,0.0,0.7853981633974483,0.0,0.0,1128.5777777777778,144.39950412007468,205.75555555555547,5518.049382716049,6166.822436431524,-4851.827160493827,0.03660759427205747,0.0425290063075546,-0.024679040687246065,0.031684352959948196,0.023574441835586064,-0.0220411859480298
121,0.4176255022309069,0.2,2.302585092994046,0.5038461538461538,0.0031992033896003,-0.0024368976245261,0.0020727837069045,0.0048369939508594,0.0025712643875641,-0.0012773476098653,0.0022315428820273,0.0,0.0003240808507603,9.311216044045224e-05,0.0003104166931845,0.0,-0.0022859777644094,0.0024611169420027,0.0718821789343494,0.0751292762740141,0.0030708786192692,6.275702219751491,2.302585092994046,0.0,0.0,0.8127733711094134,0.1872266286974049,0.0855570274354438,0.1190971640254077,0.0188162295390002,5.865069141591416,2.302585092994046,0.0,0.0,0.7213937924335199,0.2786062074361708,0.1148956862936572,0.1625978377566442,0.0336318105191276,5.935535852729245,2.302585092994046,0.0,0.0,0.6098401974295863,0.3901598025006402,0.0034460928372017,0.0016124403896067,0.0026765855725989,0.0005407923640438,0.9988714743611794,-0.0018091151815427,0.0015577587041873,01,Tribolium,0.5,0.5,0.0,1.0,0.0,3.0,3.0,0.0,0.9999999999996666,9.0,12.0,0.7853981633974483,820.4444444444445,1199.358024691358,792.0,822.0,833.0,29.157910004247576,32.2490309931942,822.875,830.6666666666666,-0.0094968851570963,0.0268296069921834,0.0346657202222141,0.0,0.0,0.0,0.0,0.0,0.0,0.0,0.0,-40.44444444444446,-61.0,883.037037037037,967.9999999999999,-40.0,-63.0,6.611391532514613,7.757187072940759,-0.0320994922815155,-0.0331323320246117,0.0141986438373748,0.0166109269337208,0.016803540244511698,0.0237043076583395,0.5038461538461538,0.5038461538461538,0.5038461538461538,0.5038461538461538,0.5038461538461538,0.5038461538461538,0.5038461538461538,0.5038461538461538,0.5038461538461538,0.5038461538461538,0.5038461538461538,0.5038461538461538,0.3153846153846154,0.8692307692307693,0.2923076923076923,0.3153846153846154,0.3153846153846154,0.6692307692307692,0.5230769230769231,0.3153846153846154,0.36923076923076925,0.046153846153846156,0.8846153846153846,0.9769230769230769,0.5,0.0,0.0,1.0,0.0,0.0,0.9999999999996666,0.0,0.0,0.7853981633974483,0.0,0.0,965.5777777777778,134.93730414300825,-145.13333333333333,1435.0567901234567,1743.3586780403893,-235.69876543209875,0.01964902445137634,0.018775661414082247,-0.029145909608472638,0.01869862718335506,0.010937231933276574,0.008130979808828341
1,1.4838401520861777,0.8516746411483254,2.302585092994046,0.5023923444976076,0.0008904408147515,-2.875100953889589e-05,0.0008899765300421,0.0,0.0001415681108921,0.0001283266723085,5.9781227787606766e-05,0.0,0.0023997758403158,-0.0010829828643705,0.0021415116621778,0.0,-0.0011107336489866,0.0011168216130854,0.1048929385061026,0.1292645635520054,0.0203450617967341,5.190400477721123,2.302585092994046,0.0,0.0,0.7354253274220078,0.2645746724903992,0.1232467268615934,0.1516987475562714,0.0274587834728357,5.381155209826749,2.302585092994046,0.0,0.0,0.6291905217186488,0.3708094782186308,0.1576865359974938,0.2140629789496051,0.0419441042982294,5.385555119170889,2.302585092994046,0.0,0.0,0.6334566832498072,0.3665433167126332,0.0031774329860984,0.0029220680752976,0.0004738715118123,0.0013401859357025,-0.9226815015163018,-0.000147569881475,0.004029922336394,02,Tribolium,0.5,0.5,0.0,1.0,0.0,3.0,3.0,0.0,0.9999999999996666,9.0,12.0,0.7853981633974483,980.6666666666666,70.22222222222223,972.0,980.0,987.0,15.304033236347928,22.41093483101497,979.875,969.25,0.0108344663494221,0.0011187637467565,0.0012488900795685,0.0,0.0,0.0,0.0,0.0,0.0,0.0,0.0,1.5555555555554292,-3.555555555555543,-283.2098765432099,-125.06172839506172,2.0,-6.0,-4.176874441214922,-4.040057643670009,-0.0077623334690073015,-0.006522724890135299,-0.012156039016625,-0.0084569725570818,-0.0011138723822275,-0.0046964733738051,0.5023923444976076,0.5023923444976076,0.5023923444976076,0.5023923444976076,0.5023923444976076,0.5023923444976076,0.5023923444976076,0.5023923444976076,0.5023923444976076,0.5023923444976076,0.5023923444976076,0.5023923444976076,0.45933014354066987,0.08133971291866028,0.47368421052631576,0.45933014354066987,0.4449760765550239,0.14354066985645933,0.22009569377990432,0.45933014354066987,0.4784688995215311,0.35406698564593303,0.019138755980861243,0.08133971291866028,0.5,0.0,0.0,1.0,0.0,0.0,0.9999999999996666,0.0,0.0,0.7853981633974483,0.0,0.0,921.8444444444445,110.65983022168146,58.82222222222208,388.9777777777778,400.1082342821439,-318.7555555555556,0.0110815520714533,0.008569805954671593,-0.00024708572203119977,0.01113269515241452,0.007510812078921269,-0.01001393140565802
2,1.4908392247399609,0.8660287081339713,2.302585092994046,0.5023923444976076,0.0019638943736363,-0.0017996066842641,0.0007863185695074,0.0023691364079652,0.0024073925556093,0.0017905653709602,0.0016091657991398,0.0,0.003980755832883,-0.0039806969097326,2.1659036840168076e-05,0.0,-0.0002233627316706,0.000223364322617,0.0802897782928063,0.0928810252427438,0.0089092916975256,5.851484095142235,2.302585092994046,0.0,0.0,0.6655338366472237,0.334466163199539,0.0915536035883532,0.1225784858546818,0.0178266378008872,5.807445418975698,2.302585092994046,0.0,0.0,0.6907821678187781,0.3092178320662775,0.1179435838252978,0.1509197538519076,0.0295541116281791,6.084599122692785,2.302585092994046,0.0,0.0,0.5872906920600037,0.4127093078723561,0.0030848395704282,0.0030796720107529,0.0002923255073078,0.0017247573392682,0.8426698038170455,-0.0003103157089066,0.0041339526012236,02,Tribolium,0.5,0.5,0.0,1.0,0.0,3.0,3.0,0.0,0.9999999999996666,9.0,12.0,0.7853981633974483,986.0,1148.6666666666667,968.0,994.0,1019.0,36.82275269334308,49.84475900232641,985.0,967.0833333333334,0.0181710615280594,0.0236173018950474,0.0155956919615647,0.0,0.0,0.0,0.0,0.0,0.0,0.0,0.0,9.666666666666629,0.33333333333337123,1077.3333333333335,994.4444444444446,20.0,7.0,25.861484701256114,21.271761346726535,0.0096357252358095,0.0038829316667135013,0.0197735565044223,0.015115013245656101,0.010577959473818899,0.0088306712538736,0.5023923444976076,0.5023923444976076,0.5023923444976076,0.5023923444976076,0.5023923444976076,0.5023923444976076,0.5023923444976076,0.5023923444976076,0.5023923444976076,0.5023923444976076,0.5023923444976076,0.5023923444976076,0.4688995215311005,0.8660287081339713,0.46411483253588515,0.48325358851674644,0.4880382775119617,0.8086124401913876,0.8421052631578947,0.4688995215311005,0.47368421052631576,0.5885167464114832,0.9138755980861244,0.8133971291866029,0.5,0.0,0.0,1.0,0.0,0.0,0.9999999999996666,0.0,0.0,0.7853981633974483,0.0,0.0,930.5777777777778,82.63522102037616,55.42222222222222,299.30864197530866,191.74074352291035,849.3580246913581,0.018195259145197238,0.012020181611999078,-2.4197617137837468e-05,0.010012033503889439,0.005672003855258118,0.013605268391157962
4,1.3649076091295542,0.8086124401913876,2.302585092994046,0.5023923444976076,0.0019638943736363,-0.0019052134756405,0.0004764900030832,0.0023691364079652,0.0024073925556093,0.0014984188584157,0.0018842186289142,0.0,0.0004515661722312,-0.0002329279307818,0.0003868547362579,0.0,-0.0018899865229133,0.0019018786751049,0.0868356722944521,0.1093915225475607,0.0169023772408429,5.524256053427445,2.302585092994046,0.0,0.0,0.6936809516133168,0.306319048258906,0.1037855636263141,0.1388322020833902,0.0252862425719342,5.558416421053299,2.302585092994046,0.0,0.0,0.7218556832338285,0.2781443166785354,0.129603673432586,0.1663970507771209,0.0318963475070231,5.8893420418525935,2.302585092994046,0.0,0.0,0.58330993475947,0.416690065184396,0.0021658009384034,0.0008935944721105,0.0013359460896588,0.0032998251771753,-0.9999807743010146,0.0013049868575325,0.0014967331778269,02,Tribolium,0.5,0.5,0.0,1.0,0.0,3.0,3.0,0.0,0.9999999999996666,9.0,12.0,0.7853981633974483,1093.5555555555557,297.5802469135803,1078.0,1092.0,1109.0,14.40239332832823,20.524375751773796,1093.75,1096.5833333333333,-0.002590936801463,0.0111306578656031,0.0031110162349427,0.0,0.0,0.0,0.0,0.0,0.0,0.0,0.0,-5.111111111111086,37.0,-563.3086419753085,-814.8888888888887,0.0,31.0,-20.414781341170773,-17.34272364945306,0.0082555437810613,0.0086878517146796,-0.0026255251909350005,-0.008641693794011298,-0.0061786141609666,-0.0022985204775065994,0.5023923444976076,0.5023923444976076,0.5023923444976076,0.5023923444976076,0.5023923444976076,0.5023923444976076,0.5023923444976076,0.5023923444976076,0.5023923444976076,0.5023923444976076,0.5023923444976076,0.5023923444976076,0.5980861244019139,0.44976076555023925,0.5980861244019139,0.5980861244019139,0.6028708133971292,0.11004784688995216,0.15789473684210525,0.5980861244019139,0.6124401913875598,0.08133971291866028,0.5119617224880383,0.21052631578947367,0.5,0.0,0.0,1.0,0.0,0.0,0.9999999999996666,0.0,0.0,0.7853981633974483,0.0,0.0,982.4444444444446,127.14123574655272,111.11111111111109,694.3308641975309,668.754470468102,-396.7506172839506,0.02702023386830112,0.024647032794401905,-0.02961117066976412,0.011894359759809799,0.0075037187236724,-0.0007637018942066986
5,1.5029754318799606,0.8708133971291866,2.302585092994046,0.5023923444976076,0.0008904408147515,-7.465984055948487e-05,0.000887305332331,0.0,0.0001415681108921,0.0001250691887301,6.632667677462036e-05,0.0,0.003574126118326,-0.0032349474709526,0.0015197014081316,0.0,0.0003168933742602,0.000473827281593,0.0890347761182567,0.1132486853131821,0.0172465156040566,5.45495053539047,2.302585092994046,0.0,0.0,0.6221584120769664,0.3778415878014476,0.1042494002009469,0.1346244956715389,0.0234203468313502,5.619969691749152,2.302585092994046,0.0,0.0,0.5631082319822295,0.4368917679301777,0.1430106268776991,0.1977909679870147,0.0431796538032102,5.543674139342318,2.302585092994046,0.0,0.0,0.6492676424431564,0.3507323575120338,0.0032995302822051,0.0029540673721415,0.0006882885751528,0.0012758190007475,-0.2945829315832817,-0.0006523704335295,0.0041753150936574,02,Tribolium,0.5,0.5,0.0,1.0,0.0,3.0,3.0,0.0,0.9999999999996666,9.0,12.0,0.7853981633974483,880.0,376.0,869.0,876.0,894.0,22.396886098761573,25.283393759541063,878.25,870.4166666666666,0.0089015151515151,0.0139967972909968,0.013762915852776,0.0,0.0,0.0,0.0,0.0,0.0,0.0,0.0,-36.77777777777783,9.444444444444457,47.82716049382719,87.75308641975312,-41.0,11.0,0.1251593735080334,3.645760610809095,-0.005914870741104,0.018091049293187,0.0008394778465237989,0.0009291136050405997,-0.0036040881410291,-0.0012435305612110998,0.5023923444976076,0.5023923444976076,0.5023923444976076,0.5023923444976076,0.5023923444976076,0.5023923444976076,0.5023923444976076,0.5023923444976076,0.5023923444976076,0.5023923444976076,0.5023923444976076,0.5023923444976076,0.3062200956937799,0.5406698564593302,0.31100478468899523,0.3014354066985646,0.30861244019138756,0.4258373205741627,0.3349282296650718,0.3062200956937799,0.3397129186602871,0.2822966507177033,0.6746411483253588,0.7320574162679426,0.5,0.0,0.0,1.0,0.0,0.0,0.9999999999996666,0.0,0.0,0.7853981633974483,0.0,0.0,948.7555555555555,105.24026361815972,-68.75555555555547,362.0938271604938,427.7622355219058,13.906172839506212,0.01873479828249818,0.012003438568879617,-0.009833283130983082,0.007971086935036061,0.008533643377101332,0.006025710355960738
6,1.2000032117980477,0.69377990430622,2.302585092994046,0.5023923444976076,0.0017445431420965,0.0014145426704827,0.00102102879882,0.0023691364079652,0.0047745838502092,0.0029307726314367,0.0037692469706162,0.0,0.0014659277769898,-0.0011818205835802,0.0008673202151319,0.0,-0.0001023014200464,0.0006700929678512,0.0596889130657139,0.0670092967851277,0.0078253593967054,6.5044601109061135,2.302585092994046,0.0,0.0,0.6903126793341485,0.3096873203899135,0.0659799314367657,0.0773514873977013,0.009879516789813,6.728228857669681,2.302585092994046,0.0,0.0,0.6855502225719811,0.314449777203348,0.0911868066886976,0.1352276829908842,0.0298605782290046,6.304175853905772,2.302585092994046,0.0,0.0,0.7965446788428133,0.20345532104857,0.002740741058071,0.0011679932095481,0.0007160913201696,0.0021322227671687,-0.3962996318972023,0.0001395294348031,0.0022433089202107,02,Tribolium,0.5,0.5,0.0,1.0,0.0,3.0,3.0,0.0,0.9999999999996666,9.0,12.0,0.7853981633974483,1050.7777777777778,154.8395061728395,1049.0,1051.0,1054.0,14.547265205294533,17.67766952966369,1051.875,1052.6666666666667,-0.0007534101723591,0.0040303434169579,0.0056982948442154,0.0,0.0,0.0,0.0,0.0,0.0,0.0,0.0,-17.0,-0.2222222222221717,-402.66666666666674,-253.1604938271605,-20.0,-8.0,-10.430640701265446,-5.017206120521585,-0.009143108403368301,-0.0056297184501897,-0.011082754968345501,-0.008468603074576898,-0.0038600678357912,-0.0071201576631364,0.5023923444976076,0.5023923444976076,0.5023923444976076,0.5023923444976076,0.5023923444976076,0.5023923444976076,0.5023923444976076,0.5023923444976076,0.5023923444976076,0.5023923444976076,0.5023923444976076,0.5023923444976076,0.5502392344497608,0.22009569377990432,0.569377990430622,0.5550239234449761,0.5358851674641149,0.11483253588516747,0.07894736842105263,0.5550239234449761,0.5789473684210527,0.0861244019138756,0.12440191387559808,0.3684210526315789,0.5,0.0,0.0,1.0,0.0,0.0,0.9999999999996666,0.0,0.0,0.7853981633974483,0.0,0.0,1077.1777777777777,76.6228409358882,-26.399999999999864,667.7086419753086,475.56096465008335,-512.8691358024691,0.008083492144700739,0.008531887959753591,-0.008836902317059839,0.014695631248760641,0.006833966401716769,-0.01066528783180274
7,1.2453659105758823,0.7272727272727273,2.302585092994046,0.5023923444976076,0.0029924075954728,0.0019597489329562,0.0022613905759997,0.0023691364079652,0.0025067128113332,0.0020637334947762,0.0014228890262565,0.0,0.0006303203827057,-0.0006202940777988,0.0001119778634459,0.0,-0.001047023721468,0.001059510011236,0.0591993806091519,0.0711135668836232,0.0091590473552801,6.385566580990669,2.302585092994046,0.0,0.0,0.7829109788678995,0.217089020853429,0.0706434093465094,0.0964386941454975,0.0166303068090791,6.28713344502852,2.302585092994046,0.0,0.0,0.691603557670537,0.3083964421396036,0.0928865006729067,0.126121750477843,0.0260301987664045,6.443600222808955,2.302585092994046,0.0,0.0,0.5421128263505987,0.4578871735419376,0.0024578666031952,0.0013085105967989,0.0007160913201696,0.002380952622952,0.8862910283113389,0.0001202822385223,0.0021990615394745,02,Tribolium,0.5,0.5,0.0,1.0,0.0,3.0,3.0,0.0,0.9999999999996666,9.0,12.0,0.7853981633974483,1058.2222222222222,1495.9506172839506,1026.0,1054.0,1085.0,34.97396279500671,43.17406628984581,1058.5,1049.4166666666667,0.0085835783284333,0.0249704124192975,0.0209610892521029,0.0,0.0,0.0,0.0,0.0,0.0,0.0,0.0,-63.888888888888914,17.77777777777783,862.7407407407408,915.9259259259259,-72.0,20.0,-3.879659254845258,2.0457628157977297,-0.031556534554030305,-0.008116015862083499,0.0110809794371501,0.0122434484014714,0.0021636385079893995,0.0031732525894831998,0.5023923444976076,0.5023923444976076,0.5023923444976076,0.5023923444976076,0.5023923444976076,0.5023923444976076,0.5023923444976076,0.5023923444976076,0.5023923444976076,0.5023923444976076,0.5023923444976076,0.5023923444976076,0.569377990430622,0.9186602870813397,0.5334928229665071,0.5598086124401914,0.5813397129186603,0.7703349282296651,0.7464114832535885,0.569377990430622,0.5741626794258373,0.2583732057416268,0.9234449760765551,0.9090909090909091,0.5,0.0,0.0,1.0,0.0,0.0,0.9999999999996666,0.0,0.0,0.7853981633974483,0.0,0.0,1036.3555555555554,93.928509720274,21.866666666666788,408.41975308641975,255.31362222618267,1087.5308641975307,0.00645925534355514,0.009416411321003492,0.0021243229848781596,0.0106967877622952,0.0053985457939062865,0.0142736246570023
8,1.0611807625555325,0.6124401913875598,2.302585092994046,0.5023923444976076,0.0031253725463707,-0.0005920542735028,0.0030687823791912,0.0023691364079652,0.0032298925420121,-0.0029161842302274,0.0013885515360686,0.0,0.0004416111773401,-0.0004038217829958,0.000178741152312,0.0,-0.000288772277447,0.0014900258781341,0.0755017057454483,0.0843625490439044,0.0062867624140574,6.043875703659067,2.302585092994046,0.0,0.0,0.7657355409897322,0.2342644588360526,0.0897541143619396,0.1129509231362435,0.0181585541964824,5.971041638631678,2.302585092994046,0.0,0.0,0.6946658700123363,0.3053341298684107,0.116719412049793,0.1709065513399673,0.0318468061098187,5.835861803455818,2.302585092994046,0.0,0.0,0.6623699497254569,0.337630050206226,0.0024852605389938,0.000907188493558,0.0008105791993606,0.0033252414077036,-0.1247824498368795,0.000848789296757,0.001619363422523,02,Tribolium,0.5,0.5,0.0,1.0,0.0,3.0,3.0,0.0,0.9999999999996666,9.0,12.0,0.7853981633974483,1411.7777777777778,3621.728395061728,1358.0,1418.0,1451.0,62.39466523676842,86.4783209827758,1411.0,1350.75,0.0426766881788131,0.0288602317576409,0.0018314302342995,0.0,0.0,0.0,0.0,0.0,0.0,0.0,0.0,66.33333333333348,-20.333333333333258,-674.2962962962961,2858.7407407407404,101.0,-12.0,15.840309705081076,-6.632841801819993,0.0356777617604466,-0.0188001525380772,-0.0037088704877528966,0.0255671849068754,-0.0177903804065886,-0.0028246717672768,0.5023923444976076,0.5023923444976076,0.5023923444976076,0.5023923444976076,0.5023923444976076,0.5023923444976076,0.5023923444976076,0.5023923444976076,0.5023923444976076,0.5023923444976076,0.5023923444976076,0.5023923444976076,0.9808612440191388,0.9760765550239234,0.9617224880382775,0.9808612440191388,0.9808612440191388,0.9521531100478469,0.9617224880382775,0.9808612440191388,0.9760765550239234,0.9138755980861244,0.9473684210526315,0.11483253588516747,0.5,0.0,0.0,1.0,0.0,0.0,0.9999999999996666,0.0,0.0,0.7853981633974483,0.0,0.0,1216.111111111111,58.04897889383833,195.66666666666674,368.68148148148146,111.01132375084306,3253.0469135802464,0.01667798290910574,0.012833831566246576,0.02599870526970736,0.00649431572827488,0.004050572069595379,0.022365916029366023
9,1.1830580853043502,0.6842105263157895,2.302585092994046,0.5023923444976076,0.0035821711042094,-0.0030318164282487,0.0019078886144725,0.0033504648392563,0.0001415681108921,0.0001379185728241,3.19373964455805e-05,0.0,0.0017462005361543,0.001530705354374,0.0008403317383963,0.0,0.0004219040675839,0.000473827281593,0.0866236668836996,0.0952381049180811,0.0067502726176149,5.801362599605454,2.302585092994046,0.0,0.0,0.5151182277250523,0.4848817721424837,0.0956386773007582,0.1147014400825788,0.0127091723923174,5.94028331178969,2.302585092994046,0.0,0.0,0.7275089132541994,0.2724910866383692,0.1162726137640515,0.1724757339268263,0.0261727104452801,5.817582543548618,2.302585092994046,0.0,0.0,0.5898626104661291,0.4101373894634698,0.0021993994813709,0.0008321773990731,0.0002923255073078,0.0032913094851024,0.995399902876414,-0.0002590643710511,0.0015173798171804,02,Tribolium,0.5,0.5,0.0,1.0,0.0,3.0,3.0,0.0,0.9999999999996666,9.0,12.0,0.7853981633974483,1034.0,440.0,1016.0,1027.0,1045.0,29.414566729132577,39.68941924493227,1034.25,1041.4166666666667,-0.0069310122501612,0.0132428084503077,0.0059223639815981,0.0,0.0,0.0,0.0,0.0,0.0,0.0,0.0,-110.44444444444434,-68.66666666666674,199.53086419753083,-1079.111111111111,-113.0,-81.0,10.094188001497738,-9.839723444544791,-0.0217125656482195,-0.014223938489580801,0.005337486902439601,-0.011327268862726699,0.0004526296045305996,-0.0128363240929281,0.5023923444976076,0.5023923444976076,0.5023923444976076,0.5023923444976076,0.5023923444976076,0.5023923444976076,0.5023923444976076,0.5023923444976076,0.5023923444976076,0.5023923444976076,0.5023923444976076,0.5023923444976076,0.5311004784688995,0.5956937799043063,0.5143540669856459,0.5215311004784688,0.5311004784688995,0.6411483253588517,0.7033492822966507,0.5311004784688995,0.5598086124401914,0.05263157894736842,0.631578947368421,0.3827751196172249,0.5,0.0,0.0,1.0,0.0,0.0,0.9999999999996666,0.0,0.0,0.7853981633974483,0.0,0.0,1111.088888888889,133.31609888615188,-77.08888888888896,434.09876543209873,189.53599347146778,5.90123456790127,0.0149224718255622,0.019621771147967294,-0.0218534840757234,0.009825801179200639,0.0057432282063840405,0.003417007271107062
10,1.134317376238979,0.6555023923444976,2.302585092994046,0.5023923444976076,0.0024713209101331,-0.0010361693689546,0.0022436087180481,0.0033504648392563,0.0001415681108921,0.0001398289086751,2.2122529699573367e-05,0.0,0.0007099314729432,0.0006608140227584,0.0002594754778416,0.0,0.0002689190197489,0.0003531700037453,0.0794316931089703,0.0921530112067647,0.0128807934858853,5.867222124890637,2.302585092994046,0.0,0.0,0.571935966327259,0.4280640335183082,0.0932155688608174,0.132544660059095,0.0228849220286656,5.651109178971485,2.302585092994046,0.0,0.0,0.6548002065756187,0.3451997933158374,0.1242444427568373,0.1701989969893488,0.0356269301223341,5.844159004939201,2.302585092994046,0.0,0.0,0.6495693984006001,0.350430601539541,0.0027122263152829,0.000918985484442,0.0012999420814999,0.0037007093724979,-0.9179513554403268,2.0375834601475035e-05,0.0017446755119169,02,Tribolium,0.5,0.5,0.0,1.0,0.0,3.0,3.0,0.0,0.9999999999996666,9.0,12.0,0.7853981633974483,1159.0,478.8888888888889,1150.0,1163.0,1176.0,30.06133425924189,37.72598573927526,1158.125,1137.5,0.0177955133735979,0.0113815849222687,0.015498640880411,0.0,0.0,0.0,0.0,0.0,0.0,0.0,0.0,14.888888888888914,-142.1111111111111,-167.87654320987644,98.34567901234573,26.0,-145.0,4.517520746622409,2.3496732684544135,0.013279634962410202,0.008444531306988202,-0.0009563095814930991,0.0026044623707177014,0.0121682673348484,0.011105875329797201,0.5023923444976076,0.5023923444976076,0.5023923444976076,0.5023923444976076,0.5023923444976076,0.5023923444976076,0.5023923444976076,0.5023923444976076,0.5023923444976076,0.5023923444976076,0.5023923444976076,0.5023923444976076,0.7129186602870813,0.6363636363636364,0.7272727272727273,0.7296650717703349,0.7081339712918661,0.6746411483253588,0.6794258373205742,0.7177033492822966,0.7081339712918661,0.5645933014354066,0.5502392344497608,0.8086124401913876,0.5,0.0,0.0,1.0,0.0,0.0,0.9999999999996666,0.0,0.0,0.7853981633974483,0.0,0.0,1180.2444444444445,150.88781541100718,-21.244444444444525,944.4296296296295,1345.5703481871317,-465.5407407407406,0.01762562163539104,0.018590818022249128,0.0001698917382068621,0.0113352932741821,0.009524261470198445,4.62916480866004e-05
11,1.1047531434111912,0.6411483253588517,2.302585092994046,0.5023923444976076,0.0024713209101331,-0.0008582198943575,0.0023175171312829,0.0033504648392563,0.0032798759073196,-0.0008701013997441,0.0031623582215775,0.0,0.0007099314729432,0.0006790211780686,0.0002072026447939,0.0,0.0003031342825777,0.0013024266202049,0.0612883725275366,0.0641419345298199,0.0024874148820307,6.591926136667033,2.302585092994046,0.0,0.0,0.7120240700604318,0.2879759296737841,0.0667385906298204,0.0787537433275338,0.0073598478112749,6.692296848449515,2.302585092994046,0.0,0.0,0.5278394916346563,0.472160508143526,0.090596326076775,0.1331994141769664,0.0264543175589774,6.334400930850468,2.302585092994046,0.0,0.0,0.6133111903773303,0.3866888095104049,0.0023603960548774,0.0007942669854647,0.0007303384060407,0.0028918995325087,-0.4771070779265328,-0.0004579111544511,0.001608119314674,02,Tribolium,0.5,0.5,0.0,1.0,0.0,3.0,3.0,0.0,0.9999999999996666,9.0,12.0,0.7853981633974483,1053.5555555555557,85.13580246913581,1050.0,1056.0,1060.0,15.66553328368566,21.840329667841555,1052.375,1045.1666666666667,0.0068419109892426,0.0021026578820318,0.000129165246873,0.0,0.0,0.0,0.0,0.0,0.0,0.0,0.0,4.888888888888914,42.222222222222285,-1795.7530864197531,0.46913580246913966,2.0,43.0,-30.37772804253553,3.7321753813208804,0.0115304043140996,0.0087782985963619,-0.0257712199402365,-0.0036754980363542,-0.022450365122050703,-0.0022928747096699,0.5023923444976076,0.5023923444976076,0.5023923444976076,0.5023923444976076,0.5023923444976076,0.5023923444976076,0.5023923444976076,0.5023923444976076,0.5023923444976076,0.5023923444976076,0.5023923444976076,0.5023923444976076,0.5550239234449761,0.12440191387559808,0.5741626794258373,0.5645933014354066,0.5454545454545454,0.15311004784688995,0.20095693779904306,0.5598086124401914,0.5645933014354066,0.215311004784689,0.06220095693779904,0.023923444976076555,0.5,0.0,0.0,1.0,0.0,0.0,0.9999999999996666,0.0,0.0,0.7853981633974483,0.0,0.0,1076.511111111111,131.7974615241035,-22.955555555555293,445.1901234567902,161.66181149403909,-360.0543209876544,0.019659034884545804,0.015993272786872896,-0.012817123895303203,0.011158658041691399,0.004548631900948962,-0.0090560001596596
13,1.5112437610234817,0.8803827751196173,2.302585092994046,0.5023923444976076,0.0008904408147515,-0.0002315504741014,0.0008598076660037,0.0,0.0001415681108921,0.0001112512316545,8.754823514453403e-05,0.0,0.0025124539173407,-0.0021613672062327,0.0012809826254021,0.0,-0.0010797869090407,0.0011389390396649,0.0715791363955669,0.0755899322085851,0.0034851011821788,6.263476641511267,2.302585092994046,0.0,0.0,0.6996962699092257,0.3003037298960595,0.0915904390358623,0.1318653748182424,0.02549620333728,5.6613854415282825,2.302585092994046,0.0,0.0,0.6040771529096796,0.395922846979687,0.1395359574437701,0.2174578158337399,0.0545363226634653,5.354085887880738,2.302585092994046,0.0,0.0,0.5960985340455435,0.4039014659099023,0.0019980608461003,0.0011181283641355,0.00134857173279,0.0012758190007475,0.4096424636951182,-0.0013152242346597,0.0016870738073414,02,Tribolium,0.5,0.5,0.0,1.0,0.0,3.0,3.0,0.0,0.9999999999996666,9.0,12.0,0.7853981633974483,1006.8888888888888,268.0987654320988,993.0,1006.0,1017.0,23.5764040049785,27.459060435491963,1007.0,995.0,0.011917898918561,0.0112403661786648,0.0071630410708073,0.0,0.0,0.0,0.0,0.0,0.0,0.0,0.0,28.7777777777776,29.8888888888888,109.7777777777778,90.09876543209879,26.0,32.0,3.7864289007357925,2.4896702087280502,0.0158370174008966,0.0085487416343577,0.0024543398069176003,0.0019775621223539,-0.003132440070028699,0.0052130321774268,0.5023923444976076,0.5023923444976076,0.5023923444976076,0.5023923444976076,0.5023923444976076,0.5023923444976076,0.5023923444976076,0.5023923444976076,0.5023923444976076,0.5023923444976076,0.5023923444976076,0.5023923444976076,0.49760765550239233,0.40669856459330145,0.49521531100478466,0.5023923444976076,0.48325358851674644,0.48325358851674644,0.37799043062200954,0.49760765550239233,0.49760765550239233,0.39712918660287083,0.5311004784688995,0.45454545454545453,0.5,0.0,0.0,1.0,0.0,0.0,0.9999999999996666,0.0,0.0,0.7853981633974483,0.0,0.0,947.8444444444445,80.75748178464663,59.04444444444425,336.0938271604938,216.30222405767563,-67.995061728395,0.022301814084523364,0.009990326777844626,-0.010383915165962364,0.01044126811081956,0.005152162590949792,0.0007990980678452397
14,1.3789421866906506,0.8133971291866029,2.302585092994046,0.5023923444976076,0.0035821711042094,-0.0035145894555382,0.0006925393698933,0.0033504648392563,0.0032298925420121,-0.0032282691028987,0.0001023935164703,0.0,0.002864669328995,-0.0017605721287562,0.0022598044481617,0.0,-0.0005757596018754,0.0006512133101024,0.0720038255644953,0.0945876041950392,0.016004072372107,5.815069979334814,2.302585092994046,0.0,0.0,0.8023525273915268,0.1976474724246724,0.0834176777532706,0.1064003400536184,0.0190482782914407,6.090530924520061,2.302585092994046,0.0,0.0,0.7319104694663144,0.2680895303970986,0.105878493320365,0.1431319206758064,0.028135574342744,6.190562196497101,2.302585092994046,0.0,0.0,0.7204119619760901,0.2795880379405895,0.003523023455367,0.0028459140405459,0.0008009888151829,0.0028626384135161,0.9198886264495232,-0.0008106283517769,0.0041799568151097,02,Tribolium,0.5,0.5,0.0,1.0,0.0,3.0,3.0,0.0,0.9999999999996666,9.0,12.0,0.7853981633974483,965.5555555555557,65.35802469135803,960.0,962.0,973.0,8.220833682609667,9.486832980505138,966.25,960.75,0.0056962025316455,0.0020544960956458,0.0018321845026338,0.0,0.0,0.0,0.0,0.0,0.0,0.0,0.0,8.333333333333485,7.777777777777828,2.7407407407407334,-70.81481481481484,5.0,4.0,-3.1023774630193586,-7.260318157363349,-0.003618945466032899,-0.0105305956122059,-0.0011020621494853,-0.005635002988478801,-0.0017219213342689,-0.0085397848258356,0.5023923444976076,0.5023923444976076,0.5023923444976076,0.5023923444976076,0.5023923444976076,0.5023923444976076,0.5023923444976076,0.5023923444976076,0.5023923444976076,0.5023923444976076,0.5023923444976076,0.5023923444976076,0.4449760765550239,0.06698564593301436,0.44976076555023925,0.44019138755980863,0.430622009569378,0.014354066985645933,0.014354066985645933,0.4449760765550239,0.45933014354066987,0.19617224880382775,0.05263157894736842,0.11961722488038277,0.5,0.0,0.0,1.0,0.0,0.0,0.9999999999996666,0.0,0.0,0.7853981633974483,0.0,0.0,908.9333333333332,117.63149406116425,56.62222222222249,400.4938271604938,301.34407926422836,-335.1358024691358,0.014485652435568019,0.020275268531304107,-0.008789449903922518,0.01170995844965838,0.006235278731174993,-0.00965546235401258
15,1.2629990483947358,0.7464114832535885,2.302585092994046,0.5023923444976076,0.0019638943736363,-0.0017980526245325,0.0007898657292299,0.0023691364079652,0.0023388370576705,-0.0015506855746657,0.0017508663657905,0.0,4.035659798674701e-05,3.9819396361441735e-05,6.562825189985866e-06,0.0,-0.0003352472323654,0.0003531700037453,0.0525243053300868,0.0693554314589095,0.0159186665401092,6.435633919991075,2.302585092994046,0.0,0.0,0.6555587548925291,0.3444412447754882,0.0628080223331426,0.0787537433275338,0.0176290340143681,6.692296848449515,2.302585092994046,0.0,0.0,0.7274054620796641,0.2725945376853529,0.0917134589033558,0.137532398608009,0.0344299202866251,6.270376619723174,2.302585092994046,0.0,0.0,0.6347534148857249,0.3652465850100734,0.0042559184391265,0.0025496235855796,0.0002923255073078,0.0017247573392682,0.8426698038170451,-0.0002698216057616,0.0044403481061838,02,Tribolium,0.5,0.5,0.0,1.0,0.0,3.0,3.0,0.0,0.9999999999996666,9.0,12.0,0.7853981633974483,1002.6666666666666,129.11111111111111,997.0,999.0,1014.0,17.538694468623508,21.1482859825566,1000.625,992.0,0.0086020611702127,0.0055670366357256,0.0078718087921535,0.0,0.0,0.0,0.0,0.0,0.0,0.0,0.0,-11.1111111111112,-11.1111111111112,-566.1728395061729,13.382716049382708,-18.0,-13.0,-12.039010391745673,-0.6730962597812429,-0.0031115512804668014,0.007286848544171499,-0.0125345651054061,-0.00043155621198470023,-0.0158874900061919,-0.0005848907801553997,0.5023923444976076,0.5023923444976076,0.5023923444976076,0.5023923444976076,0.5023923444976076,0.5023923444976076,0.5023923444976076,0.5023923444976076,0.5023923444976076,0.5023923444976076,0.5023923444976076,0.5023923444976076,0.49282296650717705,0.18660287081339713,0.5023923444976076,0.49282296650717705,0.47368421052631576,0.22966507177033493,0.18660287081339713,0.49282296650717705,0.49282296650717705,0.2631578947368421,0.22009569377990432,0.4880382775119617,0.5,0.0,0.0,1.0,0.0,0.0,0.9999999999996666,0.0,0.0,0.7853981633974483,0.0,0.0,942.4222222222222,115.4946506163279,60.24444444444441,252.96296296296296,311.8469745373854,-123.85185185185185,0.007655889097904239,0.016381555643582187,0.0009461720723084599,0.00686475663126324,0.00691217934814731,-0.0012977199955376403
16,1.3006598788488408,0.7703349282296651,2.302585092994046,0.5023923444976076,0.0031253725463707,-0.0017053944759313,0.0026190806087386,0.0023691364079652,0.0001415681108921,0.0001238848521995,6.851330832102759e-05,0.0,0.003574126118326,-0.0032611422318832,0.0014626444725659,0.0,-0.0002153547286141,0.0003158848543953,0.0549001134786141,0.0570563602531485,0.0019485743963775,6.826043734949102,2.302585092994046,0.0,0.0,0.6720843535995212,0.3279156460691136,0.0588323150485283,0.0663781119484739,0.0051533653467423,7.034213744553234,2.302585092994046,0.0,0.0,0.7005178719674907,0.2994821277457954,0.078198858618199,0.1161118563349631,0.0216379346497583,6.608987640408346,2.302585092994046,0.0,0.0,0.6640886576422533,0.3359113422058462,0.0039560078256418,0.0027190927022265,0.0005054357748338,0.0036240818323734,-0.984553805477069,0.0002220175607596,0.0043314398246122,02,Tribolium,0.5,0.5,0.0,1.0,0.0,3.0,3.0,0.0,0.9999999999996666,9.0,12.0,0.7853981633974483,973.6666666666666,113.33333333333331,966.0,971.0,976.0,19.842077833383225,23.13547060251855,970.75,949.0,0.0223382403286545,0.002075377550996,0.0029350270796622,0.0,0.0,0.0,0.0,0.0,0.0,0.0,0.0,69.55555555555543,54.11111111111097,-271.6543209876544,-102.69135802469137,73.0,46.0,-5.150530118530277,-2.1736780681325882,-0.00024379236152599973,-0.004531624340267597,-0.0122425977080952,-0.0077527109982941,-0.0080526066442817,-0.0102358638765491,0.5023923444976076,0.5023923444976076,0.5023923444976076,0.5023923444976076,0.5023923444976076,0.5023923444976076,0.5023923444976076,0.5023923444976076,0.5023923444976076,0.5023923444976076,0.5023923444976076,0.5023923444976076,0.44976076555023925,0.14832535885167464,0.4569377990430622,0.4449760765550239,0.4354066985645933,0.31100478468899523,0.24880382775119617,0.45454545454545453,0.4449760765550239,0.7033492822966507,0.05741626794258373,0.19138755980861244,0.5,0.0,0.0,1.0,0.0,0.0,0.9999999999996666,0.0,0.0,0.7853981633974483,0.0,0.0,941.9555555555555,105.17593960409829,31.71111111111111,305.6641975308642,292.7069737776925,-192.3308641975309,0.01395529327016588,0.006165171733192681,0.008382947058488622,0.01081505703378292,0.005645156152324817,-0.00873967948278692
17,1.44075250769296,0.8421052631578947,2.302585092994046,0.5023923444976076,0.0035821711042094,-0.0035121481034688,0.000704815946991,0.0033504648392563,0.0001415681108921,0.0001175412878645,7.890231725822486e-05,0.0,0.0031429200822507,-0.0030231185287843,0.0008594771691769,0.0,-0.0007524321638587,0.0009607262781024,0.0726413258284553,0.094320197208665,0.0153301849199223,5.82073215237296,2.302585092994046,0.0,0.0,0.6392052845381958,0.3607947152803744,0.0825547304494285,0.0989947553152615,0.0170119953416515,6.234814726061013,2.302585092994046,0.0,0.0,0.7155817374268872,0.2844182624323607,0.1036156197493219,0.1442841028949432,0.0263492969587562,6.174527065584824,2.302585092994046,0.0,0.0,0.7112099679250581,0.2887900319874565,0.0031067746935821,0.0030708160000281,0.000625548981792,0.0029685194106975,0.9842707117864264,-0.0006733604355798,0.0041024121024042,02,Tribolium,0.5,0.5,0.0,1.0,0.0,3.0,3.0,0.0,0.9999999999996666,9.0,12.0,0.7853981633974483,845.8888888888889,487.8765432098765,836.0,839.0,858.0,26.97119303713141,31.76476034853718,844.5,832.1666666666666,0.0145803231314856,0.0174551726697381,0.0175354250599345,0.0,0.0,0.0,0.0,0.0,0.0,0.0,0.0,-55.33333333333326,-24.555555555555543,411.70370370370364,132.96296296296288,-60.0,-23.0,11.656155450146578,0.6558165876361706,0.00020170150653190007,-0.0096888879994819,0.011293787668296699,0.0035904423762061002,0.008928538403660098,0.002058051780949699,0.5023923444976076,0.5023923444976076,0.5023923444976076,0.5023923444976076,0.5023923444976076,0.5023923444976076,0.5023923444976076,0.5023923444976076,0.5023923444976076,0.5023923444976076,0.5023923444976076,0.5023923444976076,0.2727272727272727,0.645933014354067,0.2727272727272727,0.2583732057416268,0.27751196172248804,0.5885167464114832,0.5119617224880383,0.2727272727272727,0.2679425837320574,0.4784688995215311,0.7990430622009569,0.8421052631578947,0.5,0.0,0.0,1.0,0.0,0.0,0.9999999999996666,0.0,0.0,0.7853981633974483,0.0,0.0,937.1555555555557,33.854634783088386,-91.26666666666677,435.7283950617284,391.63822691014286,52.148148148148096,0.0207564150113783,0.012599235652983182,-0.006176091879892702,0.01074961226416284,0.007119143598987593,0.00670556040557526
18,1.1338255767249432,0.6507177033492823,2.302585092994046,0.5023923444976076,0.0019638943736363,-0.0019011667582118,0.0004923881276702,0.0023691364079652,0.0022320592690683,-0.0017923334830339,0.0013302741319853,0.0,0.0006778973495423,0.0001486288473847,0.0006614032674863,0.0,-3.609080477846189e-05,0.000223364322617,0.0736758488485748,0.0978542246770501,0.0176606978504537,5.747165110640689,2.302585092994046,0.0,0.0,0.8222476051026362,0.1777523947231486,0.0866494931167045,0.1090060232073453,0.021046809532278,6.042142191343578,2.302585092994046,0.0,0.0,0.6487522907835724,0.3512477090906588,0.1117340308640983,0.1612579806132389,0.0325196335577599,5.952084757667345,2.302585092994046,0.0,0.0,0.6318971961770916,0.3681028037490642,0.0027842110985407,0.0011869060035939,0.0012357828887072,0.0028429636895583,-0.5559252040121657,0.0003828517249629,0.0022053956801579,02,Tribolium,0.5,0.5,0.0,1.0,0.0,3.0,3.0,0.0,0.9999999999996666,9.0,12.0,0.7853981633974483,1117.6666666666667,133.11111111111111,1116.0,1120.0,1123.0,16.933301967875227,23.50531854708632,1116.375,1101.25,0.0135326573218013,0.0057554727346343,0.0046267327878528,0.0,0.0,0.0,0.0,0.0,0.0,0.0,0.0,-93.33333333333326,-25.7777777777776,-140.2222222222222,-220.02469135802468,-94.0,-27.0,-12.05653650018899,-4.136175294818571,-0.0026041442196245,0.0013253888347738996,-0.002313447667574401,-0.005019154970182501,-0.0014413673181504997,-0.0058462580471242,0.5023923444976076,0.5023923444976076,0.5023923444976076,0.5023923444976076,0.5023923444976076,0.5023923444976076,0.5023923444976076,0.5023923444976076,0.5023923444976076,0.5023923444976076,0.5023923444976076,0.5023923444976076,0.6124401913875598,0.19138755980861244,0.645933014354067,0.631578947368421,0.6076555023923444,0.19617224880382775,0.2631578947368421,0.6124401913875598,0.6220095693779905,0.4354066985645933,0.23444976076555024,0.291866028708134,0.5,0.0,0.0,1.0,0.0,0.0,0.9999999999996666,0.0,0.0,0.7853981633974483,0.0,0.0,1010.6444444444445,80.50493121925693,107.02222222222224,559.8962962962963,208.95213437091726,-426.78518518518524,0.01232771262051434,0.01568050495928114,0.0012049447012869585,0.013625873961201341,0.005209487831916379,-0.007870401226567042
19,1.1601060371268628,0.6746411483253588,2.302585092994046,0.5023923444976076,0.0019638943736363,-0.0019206912340588,0.0004096660764696,0.0023691364079652,0.0024073925556093,0.0014317047834897,0.0019353966853686,0.0,0.0006303203827057,-0.0006156601420399,0.0001351531514897,0.0,-0.0001777226525905,0.0003531700037453,0.0558041882269807,0.0617795190762419,0.0050321768378581,6.666979040364586,2.302585092994046,0.0,0.0,0.5972052394201617,0.4027947602613092,0.0672793874158799,0.0955029418094717,0.016161951383334,6.306634367689126,2.302585092994046,0.0,0.0,0.739330355971628,0.2606696438195043,0.0924509047632541,0.1360552775156661,0.0297420851357456,6.291973139948883,2.302585092994046,0.0,0.0,0.7223402818264749,0.2776597180675003,0.0025428833623966,0.0008342332899154,0.000382350398618,0.0021842358438627,-0.5112648698818631,0.0001247573013927,0.0021532065491129,02,Tribolium,0.5,0.5,0.0,1.0,0.0,3.0,3.0,0.0,0.9999999999996666,9.0,12.0,0.7853981633974483,1118.888888888889,704.0987654320987,1100.0,1112.0,1136.0,33.07125688644821,36.881567211820055,1119.75,1107.4166666666667,0.0110228401191657,0.0160728997981113,0.0215272931713541,0.0,0.0,0.0,0.0,0.0,0.0,0.0,0.0,-98.0,-5.6666666666667425,504.88888888888886,120.74074074074065,-106.0,-14.0,3.36680582041053,3.7493119787788274,-0.018560797572579998,-0.008021720694983098,0.0109917776183351,0.0014419132603899001,0.018955239478727702,0.010757379768202801,0.5023923444976076,0.5023923444976076,0.5023923444976076,0.5023923444976076,0.5023923444976076,0.5023923444976076,0.5023923444976076,0.5023923444976076,0.5023923444976076,0.5023923444976076,0.5023923444976076,0.5023923444976076,0.6172248803827751,0.7559808612440191,0.6172248803827751,0.6124401913875598,0.6244019138755981,0.7368421052631579,0.6626794258373205,0.6172248803827751,0.6363636363636364,0.3684210526315789,0.7511961722488039,0.9186602870813397,0.5,0.0,0.0,1.0,0.0,0.0,0.9999999999996666,0.0,0.0,0.7853981633974483,0.0,0.0,1010.4,80.17707563131827,108.48888888888894,445.69876543209875,250.77911962605793,258.4,0.012829676061041458,0.015670868143791247,-0.0018068359418757576,0.011562388548505938,0.005837109509560938,0.0045105112496053625
20,1.0489653938298036,0.6076555023923444,2.302585092994046,0.5023923444976076,0.0017445431420965,0.0012615505058362,0.0012049568854778,0.0023691364079652,0.0024073925556093,0.0012623494839068,0.0020498811422332,0.0,0.0009247810261731,-0.0004100317731331,0.0008289112687079,0.0,-0.0004059475979671,0.0007063400074906,0.0541261569953311,0.0580800929669327,0.0033867631094048,6.790476903965092,2.302585092994046,0.0,0.0,0.6598730993262162,0.3401269003337761,0.062200241042019,0.0773514873977013,0.0104098645978463,6.7282288576696825,2.302585092994046,0.0,0.0,0.5333914048781423,0.4666085948704267,0.0887603147941567,0.1363849091981136,0.0300099724449249,6.287133445082179,2.302585092994046,0.0,0.0,0.672720721163869,0.3272792787222225,0.0023124319807028,0.0008795697136024,0.0004770082399076,0.0021842358438627,-0.9012184951919991,-0.0001685289834882,0.001684237028442,02,Tribolium,0.5,0.5,0.0,1.0,0.0,3.0,3.0,0.0,0.9999999999996666,9.0,12.0,0.7853981633974483,1096.2222222222222,166.6172839506173,1089.0,1100.0,1106.0,14.718325577216056,23.04886114323222,1095.75,1084.8333333333333,0.0099584431380499,0.0078991144579506,0.0028551725159166,0.0,0.0,0.0,0.0,0.0,0.0,0.0,0.0,101.77777777777783,63.888888888888914,-10.074074074074048,63.50617283950618,107.0,73.0,-4.200332018563703,-0.44852266808733177,0.0203495045905638,0.013187374361814701,-0.0007669487941096998,0.0012281602624384996,-0.009323854696752499,0.0003505817768516997,0.5023923444976076,0.5023923444976076,0.5023923444976076,0.5023923444976076,0.5023923444976076,0.5023923444976076,0.5023923444976076,0.5023923444976076,0.5023923444976076,0.5023923444976076,0.5023923444976076,0.5023923444976076,0.6028708133971292,0.24401913875598086,0.6076555023923444,0.6028708133971292,0.5980861244019139,0.12440191387559808,0.24401913875598086,0.6028708133971292,0.6028708133971292,0.32057416267942584,0.3062200956937799,0.18181818181818182,0.5,0.0,0.0,1.0,0.0,0.0,0.9999999999996666,0.0,0.0,0.7853981633974483,0.0,0.0,1165.4444444444446,103.16772870870804,-69.2222222222224,389.5111111111111,231.97534958836425,-222.89382716049383,0.024809464856835977,0.0139452122966539,-0.014851021718786077,0.006955901403115579,0.004204793913449502,0.0009432130548350211
21,0.8492817315544673,0.4880382775119617,2.302585092994046,0.5023923444976076,0.0019638943736363,-0.0019540623793334,0.0001962685111627,0.0023691364079652,0.0022320592690683,-0.0019744666297928,0.0010409467366145,0.0,0.0006303203827057,-0.0005970948943816,0.0002019442298201,0.0,0.000359671040451,0.0011168216130854,0.0687598604864331,0.0861401838658398,0.0159494059409909,6.002170818250346,2.302585092994046,0.0,0.0,0.6020266547603692,0.3979733450389203,0.0777901111672128,0.0962056093475452,0.0168652158864617,6.291973139894959,2.302585092994046,0.0,0.0,0.6733687506749702,0.3266312491671949,0.0989006699719137,0.1262996373793355,0.0249398445441497,6.440781334402713,2.302585092994046,0.0,0.0,0.5396515232297698,0.4603484766741071,0.0019857678371843,0.0010949240789883,0.0003010083958167,0.00224756014104,-0.9338085593767868,0.0002420996355798,0.0017621096946918,02,Tribolium,0.5,0.5,0.0,1.0,0.0,3.0,3.0,0.0,0.9999999999996666,9.0,12.0,0.7853981633974483,1267.0,82.88888888888889,1263.0,1269.0,1273.0,18.88417170742748,27.16615541441225,1265.25,1244.4166666666667,0.0164430413049196,0.0029619390290083,0.0,0.0,0.0,0.0,0.0,0.0,0.0,0.0,0.0,-29.333333333333258,-34.888888888888914,-64.66666666666669,-611.8765432098764,-26.0,-34.0,1.036946618951145,-8.16313499480885,0.0128110022203221,0.0002806277178238996,-0.0026057029123698005,-0.010993123485980501,-0.0001049751325943,-0.0158881301060081,0.5023923444976076,0.5023923444976076,0.5023923444976076,0.5023923444976076,0.5023923444976076,0.5023923444976076,0.5023923444976076,0.5023923444976076,0.5023923444976076,0.5023923444976076,0.5023923444976076,0.5023923444976076,0.8564593301435407,0.11483253588516747,0.861244019138756,0.84688995215311,0.8421052631578947,0.2727272727272727,0.37320574162679426,0.8516746411483254,0.8660287081339713,0.5263157894736842,0.07655502392344497,0.011961722488038277,0.5,0.0,0.0,1.0,0.0,0.0,0.9999999999996666,0.0,0.0,0.7853981633974483,0.0,0.0,1102.3333333333333,133.2698552598736,164.66666666666674,780.9234567901236,987.4626269031957,-698.0345679012347,0.0123546870471984,0.007698560007607188,0.004088354257721199,0.013244322754450083,0.010396995477682374,-0.010282383725441784
22,1.0759136476315925,0.6220095693779905,2.302585092994046,0.5023923444976076,0.0031253725463707,-0.0011199651397791,0.0029178128177262,0.0023691364079652,0.0023388370576705,-0.0010815094122309,0.0020737637699576,0.0,0.0013474086793395,0.0003665010411477,0.0012966060064634,0.0,-0.0008130692250737,0.0009476545631861,0.0606259863898716,0.0710740922389587,0.0074253421456826,6.386677075274474,2.302585092994046,0.0,0.0,0.621530800395612,0.3784691993363379,0.0698870743673539,0.0955029418094717,0.0147212814787286,6.306634367689126,2.302585092994046,0.0,0.0,0.7199410930191621,0.2800589067847947,0.096871886445014,0.1357041665367449,0.0296549672248572,6.297141110107047,2.302585092994046,0.0,0.0,0.6364901218552536,0.3635098780473146,0.002020755064442,0.0007938919538753,0.0004727257230772,0.00299674685472,0.3421217500408109,-0.000451873634663,0.0016611143167882,02,Tribolium,0.5,0.5,0.0,1.0,0.0,3.0,3.0,0.0,0.9999999999996666,9.0,12.0,0.7853981633974483,1047.0,590.8888888888889,1030.0,1044.0,1069.0,34.9185270592365,36.49657518178932,1043.375,1015.1666666666666,0.0269420566698503,0.0123043565718792,0.0041591675564032,0.0,0.0,0.0,0.0,0.0,0.0,0.0,0.0,-13.666666666666742,29.77777777777783,450.66666666666663,263.6049382716049,-18.0,34.0,23.349934988913457,18.253591034877832,0.0201852999130935,0.0244024608205876,0.007840537366564898,0.0013275638863308997,0.0003101893307683994,0.0037578311703512996,0.5023923444976076,0.5023923444976076,0.5023923444976076,0.5023923444976076,0.5023923444976076,0.5023923444976076,0.5023923444976076,0.5023923444976076,0.5023923444976076,0.5023923444976076,0.5023923444976076,0.5023923444976076,0.5454545454545454,0.7081339712918661,0.5406698564593302,0.5454545454545454,0.5550239234449761,0.7655502392344498,0.6411483253588517,0.5454545454545454,0.5263157894736842,0.7751196172248804,0.583732057416268,0.27751196172248804,0.5,0.0,0.0,1.0,0.0,0.0,0.9999999999996666,0.0,0.0,0.7853981633974483,0.0,0.0,1068.088888888889,92.48784771692247,-21.08888888888896,452.7901234567901,269.65915227510976,138.0987654320988,0.02079427822061092,0.014571049991232985,0.006147778449239378,0.0111086758543943,0.005671677772903706,0.001195680717484899
23,0.990757184172494,0.5741626794258373,2.302585092994046,0.5023923444976076,0.0042343325243155,0.0016165140583245,0.0039136241804387,0.0033504648392563,0.006774853540099,0.0028752268940851,0.0061344690721628,0.0,0.0038602703345954,0.0038138844942059,0.0005966339925058,0.0,-0.0002086517141646,0.002119020022472,0.0626352615001219,0.0704394894251744,0.006131480134365,6.404614775957559,2.302585092994046,0.0,0.0,0.7748127174006029,0.2251872823469209,0.0711315572061588,0.0845619094220468,0.0114466492277743,6.54998062629065,2.302585092994046,0.0,0.0,0.6870799742484683,0.3129200255588801,0.0989701636974602,0.1426605738831729,0.0298799999260157,6.197159251758517,2.302585092994046,0.0,0.0,0.6740326404468995,0.3259673594595367,0.0019947134125424,0.0009989241589897,0.0010506636108208,0.0031873470548999,0.9973663475170492,0.0004258176831994,0.001681332718742,02,Tribolium,0.5,0.5,0.0,1.0,0.0,3.0,3.0,0.0,0.9999999999996666,9.0,12.0,0.7853981633974483,1217.888888888889,322.7654320987655,1205.0,1217.0,1221.0,30.69314069724359,36.881567211820055,1219.125,1223.3333333333333,-0.0034554328984581,0.001276440888582,0.0016760489983546,0.0,0.0,0.0,0.0,0.0,0.0,0.0,0.0,-0.2222222222221717,27.555555555555657,28.222222222222285,-280.79012345679007,3.0,31.0,7.626552937493859,2.7017615184839663,-0.0031133732432542,-0.003490437098962224,-0.0072583416565679005,-0.0087684026116796,0.0013409003516259,0.0007614630774206,0.5023923444976076,0.5023923444976076,0.5023923444976076,0.5023923444976076,0.5023923444976076,0.5023923444976076,0.5023923444976076,0.5023923444976076,0.5023923444976076,0.5023923444976076,0.5023923444976076,0.5023923444976076,0.8086124401913876,0.47368421052631576,0.8133971291866029,0.7942583732057417,0.7751196172248804,0.6985645933014354,0.6626794258373205,0.8086124401913876,0.8229665071770335,0.07655502392344497,0.023923444976076555,0.10047846889952153,0.5,0.0,0.0,1.0,0.0,0.0,0.9999999999996666,0.0,0.0,0.7853981633974483,0.0,0.0,1183.2444444444445,170.34487023334404,34.64444444444439,1018.7209876543209,1308.2198970298955,-695.9555555555554,0.022561501126821377,0.010706574057049108,-0.02601693402527948,0.013765236508007622,0.00864466646118723,-0.012488795619425622
24,1.3434237852130726,0.7990430622009569,2.302585092994046,0.5023923444976076,0.0008904408147515,8.238166334295108e-05,0.0008866217379019,0.0,0.0024073925556093,0.0013851738191791,0.0019689673454539,0.0,0.0009151157273625,-0.0007646429023295,0.0005027504613456,0.0,-0.0004675920598017,0.0006512133101024,0.1018985897736934,0.126121750477843,0.0181564214363391,5.239627418483253,2.302585092994046,0.0,0.0,0.6628795632660687,0.3371204366405866,0.1179809184348902,0.1475156058791152,0.0244431531627018,5.437080524845721,2.302585092994046,0.0,0.0,0.5760339129643646,0.4239660869667505,0.1488902457468168,0.1970375300020388,0.0372344184681603,5.551307214496107,2.302585092994046,0.0,0.0,0.6880626521658736,0.311937347791672,0.0024788442136571,0.0008432868518794,0.0005873200656031,0.000473827281593,0.8731962146706448,0.0003226071341779,0.002246048662753,02,Tribolium,0.5,0.5,0.0,1.0,0.0,3.0,3.0,0.0,0.9999999999996666,9.0,12.0,0.7853981633974483,1194.888888888889,1526.7654320987654,1186.0,1191.0,1206.0,74.75887254784034,95.35853396524088,1188.625,1098.3333333333333,0.075564906081458,0.0140956048962247,0.0198164039076068,0.0,0.0,0.0,0.0,0.0,0.0,0.0,0.0,75.0,56.111111111111086,1042.2222222222222,289.03703703703695,68.0,55.0,40.57688461567642,20.180669631020187,0.0411864955248552,0.027487044826701494,0.0010929831856762995,-0.004916751464652199,0.0015892255458279,-0.007070862758666401,0.5023923444976076,0.5023923444976076,0.5023923444976076,0.5023923444976076,0.5023923444976076,0.5023923444976076,0.5023923444976076,0.5023923444976076,0.5023923444976076,0.5023923444976076,0.5023923444976076,0.5023923444976076,0.7607655502392344,0.9234449760765551,0.784688995215311,0.7655502392344498,0.7535885167464115,0.9712918660287081,0.9665071770334929,0.7607655502392344,0.6172248803827751,0.9808612440191388,0.6842105263157895,0.8851674641148325,0.5,0.0,0.0,1.0,0.0,0.0,0.9999999999996666,0.0,0.0,0.7853981633974483,0.0,0.0,1022.0888888888891,95.92904785424608,172.79999999999984,633.6987654320989,487.8280872843262,893.0666666666665,0.0002757273774817194,0.013944695050629388,0.07528917870397628,0.014092678979166101,0.007252887904989981,2.925917058598307e-06
25,1.540210996472566,0.8899521531100478,2.302585092994046,0.5023923444976076,0.0008904408147515,-0.0001497699929387,0.0008777549736632,0.0,0.0025067128113332,0.0017393350677425,0.0018050824470431,0.0,0.0061405501771768,-0.0060313358592514,0.0011529719126393,0.0,-0.0003240705458675,0.000473827281593,0.0781749587941986,0.0879457132914125,0.006913492810529,5.960683387093848,2.302585092994046,0.0,0.0,0.6347796824200148,0.3652203174176242,0.09135728067213,0.1190476311476013,0.0177315809293525,5.865901120782584,2.302585092994046,0.0,0.0,0.7240205972787893,0.2759794026057446,0.1194838669829689,0.161257980613239,0.0315692180456635,5.952084757667343,2.302585092994046,0.0,0.0,0.5628741740273568,0.4371258259071682,0.0025776519927319,0.0027494871505792,0.0002443254828658,0.0006700929678512,0.9274684150639736,-0.0001505690417797,0.003586193311997,02,Tribolium,0.5,0.5,0.0,1.0,0.0,3.0,3.0,0.0,0.9999999999996666,9.0,12.0,0.7853981633974483,1086.0,45.11111111111112,1082.0,1085.0,1089.0,13.881166410091534,18.110770276274835,1084.5,1069.4166666666667,0.0138888888888888,0.0009543052028924,0.0012530641205027,0.0,0.0,0.0,0.0,0.0,0.0,0.0,0.0,-22.333333333333258,-16.666666666666742,-187.77777777777777,-514.4444444444445,-28.0,-17.0,-11.229125660687153,-13.974200093688985,-0.0107351712614871,-0.0009236866854762001,-0.007755391690945201,-0.0116131762254959,0.00027081259457619996,-0.006892155701312699,0.5023923444976076,0.5023923444976076,0.5023923444976076,0.5023923444976076,0.5023923444976076,0.5023923444976076,0.5023923444976076,0.5023923444976076,0.5023923444976076,0.5023923444976076,0.5023923444976076,0.5023923444976076,0.5885167464114832,0.023923444976076555,0.6028708133971292,0.5885167464114832,0.5885167464114832,0.09569377990430622,0.10526315789473684,0.5933014354066986,0.5933014354066986,0.4449760765550239,0.014354066985645933,0.0861244019138756,0.5,0.0,0.0,1.0,0.0,0.0,0.9999999999996666,0.0,0.0,0.7853981633974483,0.0,0.0,971.6222222222223,81.53274279789774,114.37777777777774,556.6024691358025,344.2760530374078,-511.49135802469135,0.02056322586971434,0.009885499164423179,-0.00667433698082554,0.015045514267818522,0.005404697848583078,-0.014091209064926122
26,1.5818850101335198,0.9138755980861244,2.302585092994046,0.5023923444976076,0.0008904408147515,-0.000183345911831,0.0008713605001319,0.0,0.0001415681108921,0.0001159506505777,8.122177449544667e-05,0.0,0.0046998194985728,-0.0046870058624059,0.0003468131556594,0.0,-0.0012580260900434,0.0017445311283292,0.0816319118213348,0.0956204116469988,0.0099831754691349,5.793350230085332,2.302585092994046,0.0,0.0,0.5583818393207516,0.4416181605313944,0.0909570547618126,0.1113494111743685,0.0143750995623587,5.999602259061833,2.302585092994046,0.0,0.0,0.73588549956357,0.264114500318503,0.1239776099897517,0.2043783551946397,0.0388307238129524,5.478149734191941,2.302585092994046,0.0,0.0,0.7711566707408968,0.2288433291998555,0.0019980608461003,0.0011181283641355,0.00134857173279,0.0012758190007475,0.4096424636951182,-0.0013200446908868,0.0016838986973041,02,Tribolium,0.5,0.5,0.0,1.0,0.0,3.0,3.0,0.0,0.9999999999996666,9.0,12.0,0.7853981633974483,1054.5555555555557,634.0246913580247,1037.0,1057.0,1079.0,40.69678335772586,43.52585438564073,1051.5,1009.6666666666666,0.0396691602570856,0.0142733780481731,0.0112267204521344,0.0,0.0,0.0,0.0,0.0,0.0,0.0,0.0,22.888888888888914,-24.0,-57.086419753086375,614.0,18.0,-23.0,11.272822432446475,24.73826311116659,0.024725703068071196,0.0166445388498538,-0.003250239776204998,0.0133635438185999,0.0029166583198999008,0.010974377839269401,0.5023923444976076,0.5023923444976076,0.5023923444976076,0.5023923444976076,0.5023923444976076,0.5023923444976076,0.5023923444976076,0.5023923444976076,0.5023923444976076,0.5023923444976076,0.5023923444976076,0.5023923444976076,0.5598086124401914,0.7368421052631579,0.5598086124401914,0.5717703349282297,0.569377990430622,0.8564593301435407,0.7559808612440191,0.5502392344497608,0.5167464114832536,0.8995215311004785,0.69377990430622,0.645933014354067,0.5,0.0,0.0,1.0,0.0,0.0,0.9999999999996666,0.0,0.0,0.7853981633974483,0.0,0.0,1018.9555555555555,58.14148770536053,35.600000000000136,182.0987654320988,139.6606639382362,451.9259259259259,0.015090776432347542,0.0032659363481789406,0.024578383824738058,0.00696848417352878,0.004556546224541851,0.00730489387464432
27,1.6592531208957568,0.9521531100478468,2.302585092994046,0.5023923444976076,0.0035821711042094,-0.0034990435892504,0.00076723124308,0.0033504648392563,0.0001415681108921,0.0001189273621531,7.679721709064401e-05,0.0,0.0046319303246706,-0.00436887929559,0.0015387242225843,0.0,-0.0008561665720336,0.0014302295079272,0.1031961249421411,0.1190476311476013,0.0115222679093639,5.355075497016726,2.302585092994046,0.0,0.0,0.7153658152393371,0.2846341846679174,0.1297788966073336,0.1780481275970057,0.0341732954563118,5.06084068335798,2.302585092994046,0.0,0.0,0.664687119637502,0.3353128803069745,0.1726270094181349,0.2547234826512067,0.0516883913961785,5.037738500880668,2.302585092994046,0.0,0.0,0.7764327613858966,0.2235672385833074,0.0014597147882087,0.0008389743294265,0.0007303384060407,0.0028918995325087,0.9560176171831166,-0.0006444819616469,0.0013065336900764,02,Tribolium,0.5,0.5,0.0,1.0,0.0,3.0,3.0,0.0,0.9999999999996666,9.0,12.0,0.7853981633974483,1056.3333333333333,415.77777777777777,1038.0,1057.0,1074.0,25.491045688898986,38.16084380618437,1054.75,1035.0,0.0186967497633322,0.0125923306242012,0.0083736632628766,0.0,0.0,0.0,0.0,0.0,0.0,0.0,0.0,40.44444444444446,-20.2222222222224,97.45679012345676,381.08641975308643,47.0,-20.0,1.0415893597645365,7.715940260140691,0.001306396487602203,-0.0044480536219500995,0.0008455169621180997,0.010784684851857,-0.0047538657096918,0.0079944461492531,0.5023923444976076,0.5023923444976076,0.5023923444976076,0.5023923444976076,0.5023923444976076,0.5023923444976076,0.5023923444976076,0.5023923444976076,0.5023923444976076,0.5023923444976076,0.5023923444976076,0.5023923444976076,0.5645933014354066,0.5598086124401914,0.5645933014354066,0.5717703349282297,0.5598086124401914,0.5550239234449761,0.6842105263157895,0.5645933014354066,0.5454545454545454,0.6028708133971292,0.5885167464114832,0.5215311004784688,0.5,0.0,0.0,1.0,0.0,0.0,0.9999999999996666,0.0,0.0,0.7853981633974483,0.0,0.0,1036.3555555555554,33.1603958337631,19.977777777777874,404.57283950617284,429.97865073913783,11.20493827160493,0.01914734363147124,0.011461834449321652,-0.00045059386813903896,0.009405997197471,0.00845067115252865,0.0031863334267301993
28,1.7136802821062498,0.9808612440191388,2.302585092994046,0.5023923444976076,0.0017445431420965,0.0016102117037063,0.000671303987686,0.0023691364079652,0.0024073925556093,0.0019144961848534,0.0014595352941894,0.0,0.0027259017522086,-0.0026847745150341,0.0004717267918164,0.0,-0.0013702995695777,0.0017658500187266,0.1256518897780782,0.1527495991070206,0.0252298978984146,4.8565228995012495,2.302585092994046,0.0,0.0,0.810512247710068,0.189487752229049,0.1564945562912618,0.2174578158337399,0.0435345961321567,4.660938707320893,2.302585092994046,0.0,0.0,0.8516319621162056,0.1483680378458953,0.2119299784983147,0.2961515273896731,0.0656035846434987,4.736353170554358,2.302585092994046,0.0,0.0,0.8627187870030409,0.1372812129766414,0.00164347758442,0.0010547409740693,0.0012523474617905,0.00299674685472,-0.9998028216367048,-0.0011554074909426,0.0013238101234462,02,Tribolium,0.5,0.5,0.0,1.0,0.0,3.0,3.0,0.0,0.9999999999996666,9.0,12.0,0.7853981633974483,1025.0,110.22222222222224,1021.0,1026.0,1032.0,13.671918420476665,18.0,1024.875,1020.0,0.0047560975609756,0.0054189700812894,0.0018586914037571,0.0,0.0,0.0,0.0,0.0,0.0,0.0,0.0,11.1111111111112,20.8888888888888,-42.098765432098716,71.67901234567903,5.0,25.0,-3.7533373800772054,-3.663761298842406,-0.006956231206147599,-0.0166143793672085,-0.0016354919403743003,0.0035781152888031,-0.0079392675673407,0.00023238417160909995,0.5023923444976076,0.5023923444976076,0.5023923444976076,0.5023923444976076,0.5023923444976076,0.5023923444976076,0.5023923444976076,0.5023923444976076,0.5023923444976076,0.5023923444976076,0.5023923444976076,0.5023923444976076,0.5167464114832536,0.14354066985645933,0.5215311004784688,0.5167464114832536,0.5023923444976076,0.09090909090909091,0.09090909090909091,0.5167464114832536,0.5334928229665071,0.18181818181818182,0.215311004784689,0.12440191387559808,0.5,0.0,0.0,1.0,0.0,0.0,0.9999999999996666,0.0,0.0,0.7853981633974483,0.0,0.0,1046.8,26.666055548553114,-21.799999999999955,289.57037037037037,217.58362757470704,-179.34814814814814,0.020684841550042878,0.009893993743218702,-0.015928743989067278,0.00836528216277684,0.005427961671873647,-0.0029463120814874405
29,1.5773410536279897,0.9090909090909092,2.302585092994046,0.5023923444976076,0.0019638943736363,-0.0016899139350381,0.0010005358579102,0.0023691364079652,0.0001415681108921,0.0001119011438906,8.671599631867689e-05,0.0,0.0029936790610191,-0.0029156803879965,0.0006789125094121,0.0,-0.0009583225629151,0.001059510011236,0.0842588689435347,0.1093915225475607,0.0181639466984145,5.524256053427445,2.302585092994046,0.0,0.0,0.7158481886931757,0.2841518111722254,0.1059351197044695,0.1399596282690758,0.0300609272370021,5.5422404473150815,2.302585092994046,0.0,0.0,0.6810516400413738,0.3189483598761581,0.1441474769890225,0.2200747926509719,0.0475377092581298,5.330160740593493,2.302585092994046,0.0,0.0,0.6789534856105648,0.3210465143460292,0.0018907154902118,0.0011667276853893,0.0012523474617905,0.00149837342736,0.6465055135092093,-0.0011693878885661,0.0017112409054106,02,Tribolium,0.5,0.5,0.0,1.0,0.0,3.0,3.0,0.0,0.9999999999996666,9.0,12.0,0.7853981633974483,1030.2222222222222,84.8395061728395,1026.0,1028.0,1033.0,17.734640738656147,22.47220505424423,1028.0,1008.1666666666666,0.0192515099223468,0.0027660307599527,0.0038306299902964,0.0,0.0,0.0,0.0,0.0,0.0,0.0,0.0,30.444444444444343,18.666666666666515,-609.1111111111111,-79.62962962962963,28.0,16.0,-12.005617628115747,2.84115049571035,0.0123333058770035,0.0075533552650533,-0.015633155926423798,-0.005776775721915999,-0.0221669550769755,-0.0047791757839448995,0.5023923444976076,0.5023923444976076,0.5023923444976076,0.5023923444976076,0.5023923444976076,0.5023923444976076,0.5023923444976076,0.5023923444976076,0.5023923444976076,0.5023923444976076,0.5023923444976076,0.5023923444976076,0.5215311004784688,0.11961722488038277,0.5334928229665071,0.5263157894736842,0.507177033492823,0.23923444976076555,0.22488038277511962,0.5215311004784688,0.5119617224880383,0.6172248803827751,0.07177033492822966,0.2583732057416268,0.5,0.0,0.0,1.0,0.0,0.0,0.9999999999996666,0.0,0.0,0.7853981633974483,0.0,0.0,991.2,75.63399196618373,39.022222222222126,284.19259259259263,211.46730842650462,-199.35308641975314,0.02069680503524684,0.01091631899406489,-0.0014452951129000392,0.00883596170119284,0.0045249475324831995,-0.006069930941240139
30,1.254579665960843,0.7416267942583732,2.302585092994046,0.5023923444976076,0.0054743617803113,-0.0031554776713347,0.0044734324145382,0.0047382728159305,0.0032298925420121,-0.0032152668122775,0.0003070263161558,0.0,0.0026405727032556,-0.0026331175883262,0.000198282543925,0.0,-0.0003260562537317,0.0003531700037453,0.0476747458845649,0.0499769872761281,0.0020118252421437,7.090997556230136,2.302585092994046,0.0,0.0,0.610076922051726,0.3899230775090859,0.0560952883682255,0.0710740922389588,0.0105352736628204,6.897502699040329,2.302585092994046,0.0,0.0,0.6221638154470384,0.3778361842459941,0.0834616707463318,0.1195885991648239,0.0294036903760474,6.549980626360471,2.302585092994046,0.0,0.0,0.8659117264901594,0.1340882733821337,0.0029381548211343,0.0015583920672148,6.410279718071122e-05,0.005469576127378,0.0804781016660959,0.0001009964527832,0.0027900730895862,02,Tribolium,0.5,0.5,0.0,1.0,0.0,3.0,3.0,0.0,0.9999999999996666,9.0,12.0,0.7853981633974483,849.2222222222222,261.28395061728395,841.0,851.0,861.0,20.0254974605675,28.257742301889586,849.0,839.1666666666666,0.0115792228182651,0.0128565228048155,0.0104158598247319,0.0,0.0,0.0,0.0,0.0,0.0,0.0,0.0,9.666666666666629,24.333333333333258,66.59259259259264,-593.0370370370371,8.0,22.0,1.3691778148588796,-2.619069675709774,0.0029437013783499,0.0094577249734376,0.004488896298893,-0.0110583016298659,0.010253770773419,0.010085917779613601,0.5023923444976076,0.5023923444976076,0.5023923444976076,0.5023923444976076,0.5023923444976076,0.5023923444976076,0.5023923444976076,0.5023923444976076,0.5023923444976076,0.5023923444976076,0.5023923444976076,0.5023923444976076,0.27751196172248804,0.4019138755980861,0.2799043062200957,0.2751196172248804,0.2822966507177033,0.3253588516746411,0.430622009569378,0.27751196172248804,0.2822966507177033,0.3875598086124402,0.5980861244019139,0.6172248803827751,0.5,0.0,0.0,1.0,0.0,0.0,0.9999999999996666,0.0,0.0,0.7853981633974483,0.0,0.0,973.6222222222223,99.7900165718365,-124.40000000000009,179.6987654320988,58.10037701143257,81.58518518518514,0.01336651255078288,0.007302690736306195,-0.00178728973251778,0.00592284967187794,0.0035903667904915535,0.006933673132937559
31,1.2490012748454633,0.7368421052631579,2.302585092994046,0.5023923444976076,0.0033473943818296,0.0033467528044134,6.553482780168763e-05,0.0033504648392563,0.0024073925556093,0.0013501259343446,0.0019931630335256,0.0,0.0030320447383127,-0.0003724506206517,0.0030090822239191,0.0,-0.0005951072075144,0.0007063400074906,0.0836895323334055,0.0985970703289649,0.0200772733169698,5.7320397495714985,2.302585092994046,0.0,0.0,0.5189210095905241,0.481078990274469,0.0913345082345225,0.1036209457701134,0.0181602564480118,6.143469493029218,2.302585092994046,0.0,0.0,0.5469924753914333,0.4530075244932501,0.1157796541151919,0.1531166097252237,0.029753640592915,6.055696078582619,2.302585092994046,0.0,0.0,0.5334042044383382,0.4665957954916837,0.00209479885613,0.0008316164191063,0.0007303384060407,0.0038856726173959,-0.6871939690643898,-0.0005302819000166,0.0017436889047053,02,Tribolium,0.5,0.5,0.0,1.0,0.0,3.0,3.0,0.0,0.9999999999996666,9.0,12.0,0.7853981633974483,1137.5555555555557,578.0246913580246,1124.0,1128.0,1152.0,30.44603965124015,43.66062299143245,1138.875,1159.75,-0.0183507521000195,0.0132977523633832,0.0009570188485068,0.0,0.0,0.0,0.0,0.0,0.0,0.0,0.0,-103.22222222222217,-110.22222222222217,-26.148148148148266,-1054.1481481481483,-118.0,-125.0,-6.529625335233831,-19.55887599591658,-0.0457865002866408,-0.049238997870277704,0.0053870479390755,-0.008451056597424901,0.0008473434771798999,-0.0016604234412097999,0.5023923444976076,0.5023923444976076,0.5023923444976076,0.5023923444976076,0.5023923444976076,0.5023923444976076,0.5023923444976076,0.5023923444976076,0.5023923444976076,0.5023923444976076,0.5023923444976076,0.5023923444976076,0.6555023923444976,0.6985645933014354,0.6698564593301436,0.6435406698564593,0.6555023923444976,0.6842105263157895,0.7607655502392344,0.6555023923444976,0.7511961722488039,0.014354066985645933,0.645933014354067,0.06220095693779904,0.5,0.0,0.0,1.0,0.0,0.0,0.9999999999996666,0.0,0.0,0.7853981633974483,0.0,0.0,1068.5777777777778,86.17485525959619,68.97777777777787,979.3382716049382,446.19245234858647,-401.3135802469136,0.015984756004166278,0.030805445523024878,-0.03433550810418578,0.017265627735531898,0.004182867329723619,-0.003967875372148698
33,1.226307816084356,0.7177033492822966,2.302585092994046,0.5023923444976076,0.0033473943818296,0.0033042112577387,0.0005359450641036,0.0033504648392563,0.0001415681108921,0.0001284110957092,5.959966879382674e-05,0.0,0.0016707365471147,-0.0015901588976513,0.0005125966153664,0.0,-0.0006899454488525,0.0007063400074906,0.0552655988076593,0.0632164441543276,0.005723426786595,6.620993927134542,2.302585092994046,0.0,0.0,0.6991948898285948,0.3008051098474708,0.0634062956080508,0.0791802107595934,0.0111417504018773,6.681495663333901,2.302585092994046,0.0,0.0,0.8137284317401864,0.1862715680185295,0.0897001570605014,0.1345619426615771,0.0302815757830642,6.314046384382067,2.302585092994046,0.0,0.0,0.6873944938395741,0.3126055060488572,0.0026436639832863,0.0010733562431696,0.0007124850361186,0.0037007093724979,-0.4156377459012211,-0.00039487566416,0.0018241820587009,02,Tribolium,0.5,0.5,0.0,1.0,0.0,3.0,3.0,0.0,0.9999999999996666,9.0,12.0,0.7853981633974483,1154.2222222222222,275.50617283950623,1141.0,1160.0,1168.0,20.993200273748386,25.622255950637918,1154.75,1136.75,0.0155949172121678,0.0087329581780418,0.0115541968998408,0.0,0.0,0.0,0.0,0.0,0.0,0.0,0.0,-69.22222222222217,-33.888888888888914,-699.8518518518517,-443.4814814814814,-68.0,-30.0,-38.374080421555504,-8.646746315625197,-0.041620594548798406,-0.0083576685916289,0.0024482615298515005,-0.005764466896661999,0.0102194463361215,0.0047965098697558,0.5023923444976076,0.5023923444976076,0.5023923444976076,0.5023923444976076,0.5023923444976076,0.5023923444976076,0.5023923444976076,0.5023923444976076,0.5023923444976076,0.5023923444976076,0.5023923444976076,0.5023923444976076,0.7033492822966507,0.42105263157894735,0.7081339712918661,0.715311004784689,0.69377990430622,0.36363636363636365,0.3397129186602871,0.7081339712918661,0.7033492822966507,0.5023923444976076,0.35406698564593303,0.6555023923444976,0.5,0.0,0.0,1.0,0.0,0.0,0.9999999999996666,0.0,0.0,0.7853981633974483,0.0,0.0,968.9111111111112,79.13574522830696,185.31111111111102,443.5259259259259,528.103908108516,-168.01975308641966,0.006831570558241,0.006204662591722686,0.0087633466539268,0.01001537864527422,0.008375311920764083,-0.0012824204672324188
34,1.207614374234586,0.7033492822966507,2.302585092994046,0.5023923444976076,0.0008904408147515,7.15730682133864e-05,0.0008875596546046,0.0,0.0025067128113332,0.0021311448706335,0.0013197843228629,0.0,0.0010412386984392,-0.0005034962503413,0.0009114107487953,0.0,-0.0008243220504925,0.0009209546951448,0.0586302112458644,0.0711135668836232,0.0091432737241241,6.385566580990669,2.302585092994046,0.0,0.0,0.5059406692970652,0.4940593304189327,0.0680450494937581,0.0869831263334959,0.0138706628661542,6.493520170958182,2.302585092994046,0.0,0.0,0.6060620118961301,0.3939379878965094,0.095584019436617,0.1366932169742556,0.0309750182245145,6.282617405493903,2.302585092994046,0.0,0.0,0.6166650895787127,0.3833349103222357,0.0024566420301112,0.0008228011464718,0.00077079946318,0.0002369136407965,0.9695389080872115,-0.0001242390928105,0.002046515588342,02,Tribolium,0.5,0.5,0.0,1.0,0.0,3.0,3.0,0.0,0.9999999999996666,9.0,12.0,0.7853981633974483,936.8888888888888,729.8765432098766,923.0,924.0,944.0,24.11442632466605,34.00367627183861,938.625,946.4166666666666,-0.0083165322580644,0.0179464131137183,0.0139439643801401,0.0,0.0,0.0,0.0,0.0,0.0,0.0,0.0,-64.1111111111112,-12.1111111111112,542.0987654320988,-312.7901234567902,-81.0,-27.0,4.61116348167311,-6.2262784124391075,-0.0181400420815742,-0.0107752607441901,0.0100937926544822,-0.0055488733707003,0.0053793149299211,-0.0035503424117806007,0.5023923444976076,0.5023923444976076,0.5023923444976076,0.5023923444976076,0.5023923444976076,0.5023923444976076,0.5023923444976076,0.5023923444976076,0.5023923444976076,0.5023923444976076,0.5023923444976076,0.5023923444976076,0.41148325358851673,0.7655502392344498,0.4043062200956938,0.38516746411483255,0.4019138755980861,0.5263157894736842,0.569377990430622,0.40669856459330145,0.44019138755980863,0.0430622009569378,0.8181818181818182,0.7511961722488039,0.5,0.0,0.0,1.0,0.0,0.0,0.9999999999996666,0.0,0.0,0.7853981633974483,0.0,0.0,1053.0222222222224,83.70699632986425,-116.13333333333355,710.5382716049382,436.2367371226597,19.338271604938313,0.006649172983839919,0.016634812637783936,-0.014965705241904319,0.01522935298061798,0.006800453548953072,0.0027170601331003193
35,1.1316170722043428,0.645933014354067,2.302585092994046,0.5023923444976076,0.0019638943736363,-0.0019380874992796,0.0003173294123402,0.0023691364079652,0.0024073925556093,0.0013374949874593,0.0020016608292427,0.0,0.001024017442879,-0.0008488345078731,0.0005727928958744,0.0,-0.0005203494346043,0.0008505460004983,0.0607450610511721,0.0641419345298199,0.0032784931361532,6.591926136667033,2.302585092994046,0.0,0.0,0.7555325426300307,0.2444674570997509,0.0710194923784992,0.0869831263334959,0.012841997307257,6.493520170958182,2.302585092994046,0.0,0.0,0.5968998686775647,0.4031001311304482,0.091928847402443,0.1257652218480233,0.0246494776470967,6.449261950600601,2.302585092994046,0.0,0.0,0.6764903977176888,0.3235096021719177,0.0021724015603511,0.0009003048165853,0.0002923255073078,0.0017247573392682,0.8426698038170455,-0.0002665397314992,0.0017966681682837,02,Tribolium,0.5,0.5,0.0,1.0,0.0,3.0,3.0,0.0,0.9999999999996666,9.0,12.0,0.7853981633974483,899.6666666666666,619.7777777777778,880.0,888.0,925.0,31.349373981246647,32.5,898.375,868.9166666666666,0.0327436087439792,0.01777535690534,0.0160334637973727,0.0,0.0,0.0,0.0,0.0,0.0,0.0,0.0,-133.88888888888903,-27.44444444444457,193.9753086419753,-877.6543209876543,-153.0,-40.0,-9.279806882923435,-5.549385881996866,-0.012770796760213303,0.019530521495657097,0.0149376851758525,-0.008320809458522399,0.013005176112785101,0.009134733097967501,0.5023923444976076,0.5023923444976076,0.5023923444976076,0.5023923444976076,0.5023923444976076,0.5023923444976076,0.5023923444976076,0.5023923444976076,0.5023923444976076,0.5023923444976076,0.5023923444976076,0.5023923444976076,0.3492822966507177,0.722488038277512,0.3373205741626794,0.32057416267942584,0.3588516746411483,0.7129186602870813,0.5358851674641149,0.3492822966507177,0.3349282296650718,0.8564593301435407,0.8038277511961722,0.8181818181818182,0.5,0.0,0.0,1.0,0.0,0.0,0.9999999999996666,0.0,0.0,0.7853981633974483,0.0,0.0,1038.0666666666666,58.49003713834049,-138.39999999999998,510.0,235.78491202170417,109.77777777777783,0.005911852654006601,0.012935554093093335,0.026831756089972597,0.01233382716320966,0.005495192909754535,0.00544152974213034
36,1.4870359767733805,0.8564593301435407,2.302585092994046,0.5023923444976076,0.0008904408147515,-0.0001902265923991,0.000869884295823,0.0,0.0001415681108921,0.0001153051296677,8.213560186601838e-05,0.0,0.0040378624496814,-0.0040215728497071,0.0003623326883489,0.0,-0.0003602997654356,0.000473827281593,0.0702102358208688,0.0755899322085851,0.0061528256741745,6.263476641511267,2.302585092994046,0.0,0.0,0.6753283530268626,0.3246716467718221,0.0788393664802036,0.0956204116469988,0.0118447161913993,6.30417585385119,2.302585092994046,0.0,0.0,0.6286928720930831,0.3713071277495836,0.1068627324632374,0.1708737068020759,0.0341214070769976,5.8362461970796025,2.302585092994046,0.0,0.0,0.7294026955009479,0.2705973044195854,0.0028468250216777,0.002702492031498,0.0005032853282035,0.00074918671368,0.5410072310132286,-0.0004900698762147,0.0037247098659702,02,Tribolium,0.5,0.5,0.0,1.0,0.0,3.0,3.0,0.0,0.9999999999996666,9.0,12.0,0.7853981633974483,915.3333333333334,96.66666666666669,908.0,913.0,923.0,15.784311900240036,17.67766952966369,915.625,904.9166666666666,0.0116988346686089,0.0072893881019328,0.0056494665103925,0.0,0.0,0.0,0.0,0.0,0.0,0.0,0.0,-21.444444444444457,-8.111111111110972,62.938271604938286,-41.13580246913577,-21.0,-11.0,6.774986646047443,1.9006564210298915,-0.0021340439934715,0.005517268070125001,0.0044838190893555,-0.0014815748520375007,0.0040515310833673995,-0.006581772128215001,0.5023923444976076,0.5023923444976076,0.5023923444976076,0.5023923444976076,0.5023923444976076,0.5023923444976076,0.5023923444976076,0.5023923444976076,0.5023923444976076,0.5023923444976076,0.5023923444976076,0.5023923444976076,0.3684210526315789,0.13875598086124402,0.3827751196172249,0.3660287081339713,0.35406698564593303,0.16267942583732056,0.07894736842105263,0.37320574162679426,0.3923444976076555,0.3923444976076555,0.2822966507177033,0.3588516746411483,0.5,0.0,0.0,1.0,0.0,0.0,0.9999999999996666,0.0,0.0,0.7853981633974483,0.0,0.0,977.3111111111111,92.73355965571339,-61.97777777777776,362.4345679012346,199.65182594178785,-265.7679012345679,0.02127310272782218,0.010493973383887682,-0.009574268059213279,0.010869118614753901,0.0055426712604156134,-0.0035797305128211013
37,1.3321749270300955,0.784688995215311,2.302585092994046,0.5023923444976076,0.0035821711042094,-0.003494578918082,0.0007873169661131,0.0033504648392563,0.0022320592690683,-0.0015096554818528,0.0016440890811466,0.0,0.0037673045900226,-0.0027127108618362,0.0026141506563472,0.0,-0.0002111242727157,0.00049945780912,0.0522291766801992,0.0594176388288431,0.0051118060832517,6.744940581813058,2.302585092994046,0.0,0.0,0.7680429669554599,0.2319570326814342,0.0642510087687536,0.0858137704756366,0.0154093934124919,6.520589492922771,2.302585092994046,0.0,0.0,0.6205445265339503,0.3794554732369882,0.0951609407339529,0.1450019869485306,0.0363504268339039,6.164600760070853,2.302585092994046,0.0,0.0,0.6743884922817992,0.3256115076218334,0.0037445865744857,0.0026765941340521,0.0006890760213027,0.0035219744712587,0.1828058087338373,-0.0003166111095663,0.0042616095790636,02,Tribolium,0.5,0.5,0.0,1.0,0.0,3.0,3.0,0.0,0.9999999999996666,9.0,12.0,0.7853981633974483,769.1111111111111,89.87654320987656,760.0,767.0,773.0,15.396983902453988,18.384776310850235,770.25,785.25,-0.0195030338052585,0.0056646876413449,0.0079620802098542,0.0,0.0,0.0,0.0,0.0,0.0,0.0,0.0,16.555555555555543,-53.888888888888914,-602.148148148148,-271.9012345679012,21.0,-64.0,-10.939259226163712,-8.274998966360466,-0.0237662849495077,-0.040766703307081,-0.018716872573331503,-0.0096767841824772,0.00036732388349079974,-0.013368024881189999,0.5023923444976076,0.5023923444976076,0.5023923444976076,0.5023923444976076,0.5023923444976076,0.5023923444976076,0.5023923444976076,0.5023923444976076,0.5023923444976076,0.5023923444976076,0.5023923444976076,0.5023923444976076,0.19617224880382775,0.1339712918660287,0.19617224880382775,0.18660287081339713,0.18899521531100477,0.14832535885167464,0.11004784688995216,0.19617224880382775,0.22966507177033493,0.009569377990430622,0.22488038277511962,0.49282296650717705,0.5,0.0,0.0,1.0,0.0,0.0,0.9999999999996666,0.0,0.0,0.7853981633974483,0.0,0.0,979.5777777777778,80.8700344326364,-210.4666666666667,323.837037037037,318.2784006783417,-233.96049382716046,0.01832984731069424,0.013697990507852111,-0.037832881115952746,0.00861029293371606,0.006446154339216497,-0.00294560529237116
38,1.44042119130002,0.8373205741626795,2.302585092994046,0.5023923444976076,0.0008904408147515,-0.0002238097855753,0.0008618549903876,0.0,0.0001415681108921,0.0001120339612667,8.654433282693003e-05,0.0,0.001923096814241,-0.0017426089276902,0.0008133974932825,0.0,-0.0003458155792925,0.0003531700037453,0.0804508729837073,0.0958549194465151,0.0109070511633698,5.788451261316776,2.302585092994046,0.0,0.0,0.6581108318227369,0.341889168025548,0.0972682453633152,0.1369393634226676,0.0240640432418783,5.585872020152521,2.302585092994046,0.0,0.0,0.632194269857329,0.3678057300430714,0.1343840764856661,0.1886552708334582,0.0417817019054402,5.63825287939432,2.302585092994046,0.0,0.0,0.6182511879964724,0.3817488119530348,0.0028468250216777,0.002702492031498,0.0005032853282035,0.00074918671368,0.5410072310132287,-0.0004867115568971,0.0037249635519352,02,Tribolium,0.5,0.5,0.0,1.0,0.0,3.0,3.0,0.0,0.9999999999996666,9.0,12.0,0.7853981633974483,893.2222222222222,377.06172839506166,873.0,901.0,902.0,26.46687380338984,28.04460732476032,890.25,866.75,0.0263092424430899,0.0104223709743011,0.0018282048086657,0.0,0.0,0.0,0.0,0.0,0.0,0.0,0.0,-22.555555555555657,-25.77777777777783,166.66666666666663,-9.604938271605022,-20.0,-23.0,11.996582821947806,-1.4611292942662146,0.017255008033966002,-0.0028891616192966985,0.00016533957545599928,0.0009165656473996003,-0.005304500096321599,-0.0042429522131007,0.5023923444976076,0.5023923444976076,0.5023923444976076,0.5023923444976076,0.5023923444976076,0.5023923444976076,0.5023923444976076,0.5023923444976076,0.5023923444976076,0.5023923444976076,0.5023923444976076,0.5023923444976076,0.3397129186602871,0.5454545454545454,0.3253588516746411,0.35406698564593303,0.3253588516746411,0.5789473684210527,0.4090909090909091,0.3349282296650718,0.3253588516746411,0.7607655502392344,0.4449760765550239,0.11004784688995216,0.5,0.0,0.0,1.0,0.0,0.0,0.9999999999996666,0.0,0.0,0.7853981633974483,0.0,0.0,952.7777777777777,66.20611288027749,-59.55555555555554,200.5679012345679,160.9825531267839,176.49382716049377,0.01262895383452956,0.004406809563694908,0.013680288608560342,0.00816109076118684,0.005709972538845091,0.00226128021311426
39,1.2224719982302317,0.7129186602870813,2.302585092994046,0.5023923444976076,0.0024713209101331,-0.0002374786126831,0.0024598843365856,0.0033504648392563,0.0022320592690683,-0.0016275629179101,0.0015274578648453,0.0,0.0020834389166612,-0.0019364228565335,0.0007687549935793,0.0,-0.000584083789202,0.0007897121359884,0.062161932215629,0.0720544708576829,0.0121317962776428,6.35927810109171,2.302585092994046,0.0,0.0,0.8026060307385894,0.1973939690121138,0.0709216862604853,0.0885182411601538,0.014538015440973,6.458531179112662,2.302585092994046,0.0,0.0,0.5754289711888552,0.4245710286203502,0.0968327720038647,0.1450019869485306,0.0300170909461502,6.164600760070853,2.302585092994046,0.0,0.0,0.6958977634624138,0.3041022364402871,0.0032974352590258,0.0017210827833002,0.0009621581987813,0.003088975953812,-0.5275034139156665,-0.0007362362381857,0.0030132831343933,02,Tribolium,0.5,0.5,0.0,1.0,0.0,3.0,3.0,0.0,0.9999999999996666,9.0,12.0,0.7853981633974483,965.3333333333334,127.77777777777776,956.0,960.0,978.0,12.491009619500542,20.65187642806338,963.75,963.75,0.0,0.0015182902806535,0.0019735759898318,0.0,0.0,0.0,0.0,0.0,0.0,0.0,0.0,-54.8888888888888,-60.33333333333337,-325.95061728395063,-281.3333333333333,-52.0,-62.0,-10.262670561435499,-16.33477110023738,-0.0026546504029623,-0.0200682482937926,-0.010782492060215499,-0.010656259906352699,-0.0013610593603472,-0.0131516450412485,0.5023923444976076,0.5023923444976076,0.5023923444976076,0.5023923444976076,0.5023923444976076,0.5023923444976076,0.5023923444976076,0.5023923444976076,0.5023923444976076,0.5023923444976076,0.5023923444976076,0.5023923444976076,0.44019138755980863,0.18181818181818182,0.44019138755980863,0.4354066985645933,0.44019138755980863,0.07177033492822966,0.16267942583732056,0.44019138755980863,0.46411483253588515,0.09090909090909091,0.03349282296650718,0.1291866028708134,0.5,0.0,0.0,1.0,0.0,0.0,0.9999999999996666,0.0,0.0,0.7853981633974483,0.0,0.0,966.7333333333332,112.28008629217283,-1.3999999999998636,196.66666666666669,66.26385853790171,-68.88888888888893,0.014453076985105302,0.00460574225510953,-0.014453076985105302,0.007963638642926119,0.003790140635279696,-0.006445348362272619
40,1.2882267349610863,0.7607655502392344,2.302585092994046,0.5023923444976076,0.0017445431420965,0.0015636602075523,0.0007735615876927,0.0023691364079652,0.0024073925556093,0.0018165749319579,0.0015797450532871,0.0,0.0010539699971928,-0.0003079009096596,0.0010079929487915,0.0,-0.0006532376964646,0.00149837342736,0.0461202968415355,0.0592284101991322,0.0115329368875744,6.751320188775282,2.302585092994046,0.0,0.0,0.7714853184534705,0.2285146811040693,0.0602120989309299,0.0996164812717178,0.0226084527740797,6.222293219264245,2.302585092994046,0.0,0.0,0.6982897645379768,0.301710235220281,0.090348465797491,0.1494247219075767,0.0357162640346001,6.104510183663745,2.302585092994046,0.0,0.0,0.5668350984661102,0.4331649014279406,0.0041175684383072,0.0026313942199577,0.0008009888151829,0.0024391752209957,-0.8103003665278895,-0.0007867679789163,0.0042873587798061,02,Tribolium,0.5,0.5,0.0,1.0,0.0,3.0,3.0,0.0,0.9999999999996666,9.0,12.0,0.7853981633974483,1120.4444444444443,58.913580246913575,1114.0,1120.0,1128.0,14.096944580869629,17.334935823359714,1120.25,1109.3333333333333,0.0097431574771916,0.0047328222131283,0.0065585306480338,0.0,0.0,0.0,0.0,0.0,0.0,0.0,0.0,-30.2222222222224,-32.888888888888914,-787.753086419753,-56.19753086419754,-48.0,-32.0,-14.491516678800071,-12.169150255175829,-0.0056464717232718,-0.011752507262692802,-0.011898558475319797,5.987863266519993e-05,-0.0062140114637734,-4.89561340276997e-05,0.5023923444976076,0.5023923444976076,0.5023923444976076,0.5023923444976076,0.5023923444976076,0.5023923444976076,0.5023923444976076,0.5023923444976076,0.5023923444976076,0.5023923444976076,0.5023923444976076,0.5023923444976076,0.6267942583732058,0.04784688995215311,0.6363636363636364,0.631578947368421,0.6124401913875598,0.10047846889952153,0.06937799043062201,0.6267942583732058,0.6411483253588517,0.31100478468899523,0.1674641148325359,0.40669856459330145,0.5,0.0,0.0,1.0,0.0,0.0,0.9999999999996666,0.0,0.0,0.7853981633974483,0.0,0.0,918.8666666666666,84.68557385855685,201.57777777777778,267.00246913580247,304.2831764154472,-208.0888888888889,0.00742766983650846,0.01635881999818924,0.002315487640683139,0.007031599515782701,0.006868636935925305,-0.002298777302654401
41,1.0066362885193734,0.5885167464114832,2.302585092994046,0.5023923444976076,0.0017445431420965,0.0012919184402426,0.0011723384828611,0.0023691364079652,0.0025067128113332,0.002191702239133,0.0012165732256964,0.0,0.0006303203827057,-0.0006065522452398,0.0001714589124215,0.0,-7.689808317578044e-05,0.0011389390396649,0.0638470345449738,0.0720544708576829,0.0099742080164615,6.35927810109171,2.302585092994046,0.0,0.0,0.8811736747198478,0.1188263250406843,0.0737400191189841,0.1044840190484567,0.0175407854048737,6.126880206418456,2.302585092994046,0.0,0.0,0.7634613798241794,0.2365386200017643,0.0986853617605626,0.1338928921886149,0.0286456590856281,6.324015314291711,2.302585092994046,0.0,0.0,0.6706344623578535,0.3293655375474439,0.0019925162981073,0.0008496483141327,0.0005603871400073,0.0021453442618909,-0.6367699433131753,5.656313572326055e-05,0.001488471907703,02,Tribolium,0.5,0.5,0.0,1.0,0.0,3.0,3.0,0.0,0.9999999999996666,9.0,12.0,0.7853981633974483,1172.111111111111,688.320987654321,1156.0,1160.0,1192.0,46.96885382598147,64.4864326816114,1167.625,1116.75,0.0434045881126172,0.0116933502285378,0.0130032633989885,0.0,0.0,0.0,0.0,0.0,0.0,0.0,0.0,73.88888888888891,63.66666666666674,-47.407407407407504,346.2962962962963,65.0,53.0,3.203373589555227,16.218966704405656,0.0017463525804441021,0.014309760526410403,0.0010910988713866993,0.0027995759651820995,-0.001990072238221601,0.0051460388832848,0.5023923444976076,0.5023923444976076,0.5023923444976076,0.5023923444976076,0.5023923444976076,0.5023923444976076,0.5023923444976076,0.5023923444976076,0.5023923444976076,0.5023923444976076,0.5023923444976076,0.5023923444976076,0.7320574162679426,0.7464114832535885,0.7368421052631579,0.715311004784689,0.7368421052631579,0.9090909090909091,0.9282296650717703,0.7320574162679426,0.6507177033492823,0.9186602870813397,0.5550239234449761,0.7129186602870813,0.5,0.0,0.0,1.0,0.0,0.0,0.9999999999996666,0.0,0.0,0.7853981633974483,0.0,0.0,1165.4,90.03405665649358,6.711111111110995,303.5753086419753,186.03739933718015,384.7456790123457,0.016238359067114138,0.006976813415250651,0.027166229045503063,0.007463563269150379,0.003990537073326286,0.00422978695938742
42,0.9438746364165714,0.5550239234449761,2.302585092994046,0.5023923444976076,0.0008904408147515,0.0001412130384725,0.0008791721801449,0.0,0.0023388370576705,-0.0009763244832141,0.0021253115738191,0.0,0.0009151157273625,-0.0007964105860844,0.0004507404717116,0.0,-0.0003257899337186,0.0011168216130854,0.0645080900904569,0.0670092967851278,0.0022978859323966,6.504460110906113,2.302585092994046,0.0,0.0,0.6365842204550085,0.3634157793049861,0.0674509514519069,0.074052094846784,0.0042510874937576,6.815410810337462,2.302585092994046,0.0,0.0,0.6123578381317389,0.3876421616493326,0.0903985652373975,0.1290037739853214,0.0245250591070314,6.398412331630534,2.302585092994046,0.0,0.0,0.6146405895006347,0.3853594103853841,0.0023837752316944,0.000931137674177,0.0008099098949807,0.000529755005618,0.8099251620652276,0.0006445242571449,0.0018743084904702,02,Tribolium,0.5,0.5,0.0,1.0,0.0,3.0,3.0,0.0,0.9999999999996666,9.0,12.0,0.7853981633974483,1285.7777777777778,127.28395061728396,1279.0,1283.0,1290.0,18.94138907690045,29.95413160150032,1283.25,1269.3333333333333,0.0108235395782924,0.0018724463083779,0.0026459230716834,0.0,0.0,0.0,0.0,0.0,0.0,0.0,0.0,-68.0,-58.22222222222217,-1138.2222222222222,-682.0493827160494,-78.0,-66.0,-34.78285565195779,-18.76867570941362,-0.0264794807762709,-0.0114358850248822,-0.0125044816559314,-0.0091235456380667,-0.005797820296406299,0.0004183778360527003,0.5023923444976076,0.5023923444976076,0.5023923444976076,0.5023923444976076,0.5023923444976076,0.5023923444976076,0.5023923444976076,0.5023923444976076,0.5023923444976076,0.5023923444976076,0.5023923444976076,0.5023923444976076,0.8803827751196173,0.17703349282296652,0.8851674641148325,0.8803827751196173,0.868421052631579,0.291866028708134,0.4688995215311005,0.8803827751196173,0.8947368421052632,0.3444976076555024,0.0430622009569378,0.1674641148325359,0.5,0.0,0.0,1.0,0.0,0.0,0.9999999999996666,0.0,0.0,0.7853981633974483,0.0,0.0,1099.288888888889,124.9489495754166,186.48888888888882,390.40987654320986,230.6848509685721,-263.1259259259259,0.023697558827970637,0.010612023416000618,-0.012874019249678237,0.00960653749014842,0.004899906986336176,-0.00773409118177052
44,0.8938421772534022,0.5263157894736842,2.302585092994046,0.5023923444976076,0.0008904408147515,0.000175266449706,0.0008730214866673,0.0,0.0001415681108921,0.0001385882593244,2.889332793218593e-05,0.0,0.00066465153623,-0.0001804535753376,0.0006396859946574,0.0,-0.0003624134689299,0.0007897121359884,0.0504867221961603,0.0614607136799998,0.008049109082582,6.677326508887286,2.302585092994046,0.0,0.0,0.652934738712186,0.3470652609052143,0.0578496105390834,0.0761447960210789,0.0118836454357523,6.759674993270491,2.302585092994046,0.0,0.0,0.6326304534220346,0.3673695462912516,0.0844230700830322,0.1259436123232889,0.0296265258998231,6.446427079814932,2.302585092994046,0.0,0.0,0.5987972822806261,0.4012027175944517,0.0023203001221139,0.0010108904527396,0.0008904408147515,1.0842021724855044e-19,1.0,0.000218058926183,0.0019866784734806,02,Tribolium,0.5,0.5,0.0,1.0,0.0,3.0,3.0,0.0,0.9999999999996666,9.0,12.0,0.7853981633974483,1036.7777777777778,75.7283950617284,1032.0,1038.0,1042.0,20.56449179110286,34.38386249390839,1035.375,1012.9166666666666,0.0216616654163541,0.0041713643673764,0.0055127301037666,0.0,0.0,0.0,0.0,0.0,0.0,0.0,0.0,-37.55555555555543,-38.55555555555543,-66.93827160493828,-238.49382716049382,-36.0,-36.0,1.5710858296191503,-3.6322241749354696,0.0073116809298508,0.00046668711505220076,-0.00013625070457490025,-0.0040922227469301,0.0051327285923035,0.0045003350871631,0.5023923444976076,0.5023923444976076,0.5023923444976076,0.5023923444976076,0.5023923444976076,0.5023923444976076,0.5023923444976076,0.5023923444976076,0.5023923444976076,0.5023923444976076,0.5023923444976076,0.5023923444976076,0.5358851674641149,0.09569377990430622,0.5478468899521531,0.5406698564593302,0.5215311004784688,0.3492822966507177,0.5789473684210527,0.5358851674641149,0.5215311004784688,0.6794258373205742,0.1339712918660287,0.3444976076555024,0.5,0.0,0.0,1.0,0.0,0.0,0.9999999999996666,0.0,0.0,0.7853981633974483,0.0,0.0,1143.6,141.63442073098784,-106.82222222222208,329.441975308642,188.69174807149327,-253.71358024691358,0.014022832625497878,0.007686536116571612,0.0076388327908562224,0.009034421492920401,0.005751050686748796,-0.004863057125544002
45,0.9655517374820576,0.5645933014354066,2.302585092994046,0.5023923444976076,0.0029924075954728,0.0023596335637882,0.0018402805933029,0.0023691364079652,0.0034254527249422,0.0013272816355698,0.0031578552580339,0.0,0.0014545105147544,0.0013357963901437,0.0005755422153153,0.0,-0.0003024180341331,0.0005694695198324,0.0490742424761943,0.0620062336696034,0.0095545234501325,6.659653000274429,2.302585092994046,0.0,0.0,0.5456832169064408,0.4543167826934903,0.0552476515766628,0.0670092967851278,0.0106977981356863,7.01528573467197,2.302585092994046,0.0,0.0,0.6804910484292025,0.3195089512550159,0.0784336695891078,0.1129509231362435,0.0261103884753701,6.664188819191523,2.302585092994046,0.0,0.0,0.5822956241661603,0.4177043756875037,0.0022897263708957,0.0010399520551112,0.0009076320605564,0.0021453442618909,0.952832751732938,0.0005588830151964,0.0016475792896108,02,Tribolium,0.5,0.5,0.0,1.0,0.0,3.0,3.0,0.0,0.9999999999996666,9.0,12.0,0.7853981633974483,1149.111111111111,458.5432098765432,1134.0,1155.0,1164.0,20.625139701891097,27.865749586185547,1149.5,1124.0,0.0221910655579191,0.0111344104973946,0.0056843699310721,0.0,0.0,0.0,0.0,0.0,0.0,0.0,0.0,36.33333333333326,81.44444444444434,-472.5185185185188,341.4320987654321,40.0,89.0,-10.91525841238974,1.0574973862969514,-0.008288215520463302,0.0040049900037511,-0.007410736005097099,0.006226859885952601,-0.007156190378124499,-0.0011983674042540995,0.5023923444976076,0.5023923444976076,0.5023923444976076,0.5023923444976076,0.5023923444976076,0.5023923444976076,0.5023923444976076,0.5023923444976076,0.5023923444976076,0.5023923444976076,0.5023923444976076,0.5023923444976076,0.6794258373205742,0.6267942583732058,0.6866028708133971,0.6985645933014354,0.6794258373205742,0.35406698564593303,0.39712918660287083,0.6842105263157895,0.6794258373205742,0.69377990430622,0.5167464114832536,0.36363636363636365,0.5,0.0,0.0,1.0,0.0,0.0,0.9999999999996666,0.0,0.0,0.7853981633974483,0.0,0.0,1171.8,143.35463063137095,-22.68888888888887,292.67654320987657,149.03773948733658,165.86666666666662,0.011061571715441799,0.008022647725096574,0.0111294938424773,0.006396085496392501,0.005740343293524522,0.004738325001002099
47,0.9203257404269544,0.5406698564593302,2.302585092994046,0.5023923444976076,0.0019638943736363,-0.0019619631203877,8.707367592417613e-05,0.0023691364079652,0.0022320592690683,-0.0020294052475866,0.0009293023844271,0.0,0.0028666085945633,0.0011832475924986,0.0026110093774766,0.0,0.0001555961007163,0.0011498382261788,0.0451355745576325,0.047026014969391,0.0019926961369468,7.21272092904662,2.302585092994046,0.0,0.0,0.6832475800684826,0.3167524194416073,0.0536231760432621,0.074052094846784,0.0115819806498824,6.815410810337462,2.302585092994046,0.0,0.0,0.6328696736101947,0.3671303260575338,0.0760162279305715,0.1338928921886149,0.0275355859852563,6.324015314291711,2.302585092994046,0.0,0.0,0.6759257366458052,0.3240742632012117,0.0021910196430714,0.0011033496397598,0.0011167189808848,0.0028528180126574,-0.6918524332471797,0.000757189702416,0.0016796264309325,02,Tribolium,0.5,0.5,0.0,1.0,0.0,3.0,3.0,0.0,0.9999999999996666,9.0,12.0,0.7853981633974483,889.5555555555555,554.9135802469136,873.0,894.0,906.0,23.42675677424525,35.131894341182345,889.0,871.25,0.0199537846615038,0.0169260738472837,0.0137680537628128,0.0,0.0,0.0,0.0,0.0,0.0,0.0,0.0,-48.44444444444446,26.0,27.135802469135797,458.8888888888889,-37.0,33.0,-3.492362879233717,7.839981735297933,0.015289605557026197,0.012330264332116299,0.00021599641390700197,0.014785594593558302,-0.0097345130656192,0.0114042898575956,0.5023923444976076,0.5023923444976076,0.5023923444976076,0.5023923444976076,0.5023923444976076,0.5023923444976076,0.5023923444976076,0.5023923444976076,0.5023923444976076,0.5023923444976076,0.5023923444976076,0.5023923444976076,0.33014354066985646,0.6842105263157895,0.3253588516746411,0.3397129186602871,0.34210526315789475,0.45933014354066987,0.5933014354066986,0.33014354066985646,0.3444976076555024,0.645933014354067,0.7703349282296651,0.7368421052631579,0.5,0.0,0.0,1.0,0.0,0.0,0.9999999999996666,0.0,0.0,0.7853981633974483,0.0,0.0,1163.0222222222224,84.18021233133204,-273.4666666666668,273.8024691358025,153.20902457955935,281.11111111111114,0.014417655884366398,0.007989617101848211,0.005536128777137401,0.00745068737665114,0.0039713158623445625,0.009475386470632561
51,0.8240230578846359,0.4832535885167464,2.302585092994046,0.5023923444976076,0.0024713209101331,-0.0012876522538388,0.0021093550469385,0.0033504648392563,0.0022320592690683,-0.0021311400017101,0.0006635743166706,0.0,0.0016945160941787,-0.0010576436568728,0.0013239239738396,0.0,-0.0009442672879559,0.0015794242719768,0.0514074598758862,0.0611402459499312,0.0076749153470432,6.687782167988843,2.302585092994046,0.0,0.0,0.7869142905945776,0.2130857090352756,0.0621855260636694,0.0832238201017028,0.0148014890066733,6.581881257952891,2.302585092994046,0.0,0.0,0.5762925491236218,0.4237074506316474,0.0820849789422019,0.1105653396954608,0.0232659847154239,6.706882339547742,2.302585092994046,0.0,0.0,0.6249402688569053,0.3750597310057177,0.0021264147572733,0.0009312569591496,0.0006272804233498,0.0018503546862489,0.9924761388560728,-0.0002828443600752,0.0017638896201825,02,Tribolium,0.5,0.5,0.0,1.0,0.0,3.0,3.0,0.0,0.9999999999996666,9.0,12.0,0.7853981633974483,1198.2222222222222,203.9506172839506,1190.0,1197.0,1212.0,29.325431922147416,34.17601498127012,1196.5,1156.8333333333333,0.0331045994065282,0.0062370814987923,0.0049971044455467,0.0,0.0,0.0,0.0,0.0,0.0,0.0,0.0,43.888888888888914,18.0,-404.93827160493834,-207.55555555555557,50.0,9.0,4.004646812924609,-1.2502785436711044,0.0228533721469268,0.005638020607808599,-0.0064006665230448,-0.0039546563583883,-0.0103284161320937,0.0048818017840178,0.5023923444976076,0.5023923444976076,0.5023923444976076,0.5023923444976076,0.5023923444976076,0.5023923444976076,0.5023923444976076,0.5023923444976076,0.5023923444976076,0.5023923444976076,0.5023923444976076,0.5023923444976076,0.7655502392344498,0.2966507177033493,0.7942583732057417,0.7703349282296651,0.7607655502392344,0.6363636363636364,0.5741626794258373,0.7703349282296651,0.7464114832535885,0.861244019138756,0.2535885167464115,0.31100478468899523,0.5,0.0,0.0,1.0,0.0,0.0,0.9999999999996666,0.0,0.0,0.7853981633974483,0.0,0.0,1126.4444444444446,57.09636644943696,71.7777777777776,1000.162962962963,787.2955363196951,-796.2123456790124,0.01196232139397106,0.012196643034791038,0.021142278012557136,0.016726572493404583,0.007990168965132279,-0.010489490994612282
52,0.7232624570487056,0.4114832535885167,2.302585092994046,0.5023923444976076,0.0019638943736363,-0.0019631224712293,5.505700459469437e-05,0.0023691364079652,0.0022320592690683,-0.002091303724672,0.0007800880154233,0.0,0.0010953394517227,0.0008027433361691,0.0007452326151855,0.0,-0.0002777555507192,0.0011389390396649,0.0415356684052127,0.0594176388288432,0.0132536408463996,6.744940581813057,2.302585092994046,0.0,0.0,0.8238248804437664,0.1761751190301588,0.0503637681096749,0.0646648393878951,0.0149247090452052,7.086513243943898,2.302585092994046,0.0,0.0,0.7360697412874868,0.2639302583500966,0.0617450935360184,0.0841293648493102,0.0161653634897364,7.25338430701624,2.302585092994046,0.0,0.0,0.564233983465451,0.4357660162890764,0.0021517248370516,0.0015260794927951,0.0004727257230772,0.00149837342736,0.9883997367407834,-0.0004905816988893,0.0015676352278729,02,Tribolium,0.5,0.5,0.0,1.0,0.0,3.0,3.0,0.0,0.9999999999996666,9.0,12.0,0.7853981633974483,1384.0,226.88888888888889,1376.0,1381.0,1397.0,23.7000553921032,36.28015986734347,1381.625,1368.4166666666667,0.0095435934489402,0.002021065490566,0.0028514451887096,0.0,0.0,0.0,0.0,0.0,0.0,0.0,0.0,-4.777777777777828,-19.111111111111086,-1271.7283950617282,-630.3209876543209,-12.0,-35.0,-18.468201560545193,-7.738822426988378,-0.0059376450501397,0.0215704385550535,-0.0155824790269505,-0.0091475462553756,-0.0111607571161134,-0.007720077695508001,0.5023923444976076,0.5023923444976076,0.5023923444976076,0.5023923444976076,0.5023923444976076,0.5023923444976076,0.5023923444976076,0.5023923444976076,0.5023923444976076,0.5023923444976076,0.5023923444976076,0.5023923444976076,0.9665071770334929,0.33014354066985646,0.9712918660287081,0.9593301435406698,0.9569377990430622,0.49760765550239233,0.6244019138755981,0.9665071770334929,0.9856459330143541,0.3014354066985646,0.04784688995215311,0.17703349282296652,0.5,0.0,0.0,1.0,0.0,0.0,0.9999999999996666,0.0,0.0,0.7853981633974483,0.0,0.0,1089.5777777777778,216.7997699420218,294.4222222222222,348.7703703703704,92.88950636768796,-121.88148148148153,0.010378597972166961,0.010184114535873732,-0.0008350045232267608,0.0101785600777182,0.003922698656966158,-0.0081574945871522
53,0.7951457330716997,0.4593301435406698,2.302585092994046,0.5023923444976076,0.0040644300146257,0.001843261256529,0.0036224272641378,0.0047382728159305,0.0001415681108921,0.0001409565528936,1.3144588921983542e-05,0.0,0.003008862405277,8.734035851003503e-05,0.0030075944932229,0.0,0.0002337635964799,0.0021072148051442,0.0523419599355732,0.0594176388288432,0.0052376749268505,6.744940581813054,2.302585092994046,0.0,0.0,0.7555881543310501,0.2444118453075625,0.0554717418672711,0.0606794990225085,0.0055909344277844,7.213736673346924,2.302585092994046,0.0,0.0,0.7476497347723682,0.2523502649059201,0.0719051194964589,0.1103366624295693,0.019338688178058,6.711023132213433,2.302585092994046,0.0,0.0,0.6313881813951001,0.3686118184245355,0.0016359982573817,0.0006363187032976,0.0009144773712366,0.0044951202820801,-0.3834244100174674,-0.0009616669649894,0.0009997863171565,02,Tribolium,0.5,0.5,0.0,1.0,0.0,3.0,3.0,0.0,0.9999999999996666,9.0,12.0,0.7853981633974483,1142.0,722.2222222222222,1120.0,1136.0,1165.0,29.18498993204499,42.20189569201838,1142.75,1138.75,0.0035026269702276,0.0146324175733361,0.0197808570394269,0.0,0.0,0.0,0.0,0.0,0.0,0.0,0.0,38.44444444444434,-4.222222222222172,463.9753086419753,606.4938271604938,30.0,-11.0,6.320323016393342,4.73385396171863,-0.0016700472142265996,-0.016090723165483798,0.005558640657596701,0.0109044446142129,0.007696181506168702,0.015506834611109101,0.5023923444976076,0.5023923444976076,0.5023923444976076,0.5023923444976076,0.5023923444976076,0.5023923444976076,0.5023923444976076,0.5023923444976076,0.5023923444976076,0.5023923444976076,0.5023923444976076,0.5023923444976076,0.6602870813397129,0.7607655502392344,0.6602870813397129,0.6555023923444976,0.6842105263157895,0.6267942583732058,0.7320574162679426,0.6722488038277512,0.7129186602870813,0.16267942583732056,0.7177033492822966,0.8803827751196173,0.5,0.0,0.0,1.0,0.0,0.0,0.9999999999996666,0.0,0.0,0.7853981633974483,0.0,0.0,1205.3333333333335,67.79901306685449,-63.333333333333485,1010.5827160493827,944.5876494802792,-288.36049382716055,0.016473736849369338,0.008679781536450902,-0.012971109879141738,0.01524965611260684,0.009869612888044518,-0.00061723853927074
54,0.690671979165681,0.3923444976076555,2.302585092994046,0.5023923444976076,0.0008904408147515,0.0003364341732395,0.0008244373182068,0.0,0.0025067128113332,0.0024303313658341,0.0006140835209848,0.0,0.0014453117690228,0.0004048559699713,0.0013874500903652,0.0,0.000367072971036,0.0014214818447791,0.0543363399248436,0.0586091979092238,0.0049214813526782,6.772339555993302,2.302585092994046,0.0,0.0,0.5902014156288685,0.4097985840351844,0.057637885119508,0.0655270753158815,0.0058594347883826,7.060021628503173,2.302585092994046,0.0,0.0,0.5166150397770186,0.4833849599250484,0.0746807362350604,0.1064794383225432,0.0193257847336845,6.782191852638998,2.302585092994046,0.0,0.0,0.6271441770925771,0.3728558227393753,0.0020445225951364,0.0014220608067368,0.0007303384060407,0.0007107409223895,0.6313218315519789,-0.0003805907576137,0.0016929380354387,02,Tribolium,0.5,0.5,0.0,1.0,0.0,3.0,3.0,0.0,0.9999999999996666,9.0,12.0,0.7853981633974483,1240.4444444444443,139.35802469135805,1230.0,1241.0,1248.0,20.413151724666317,28.0178514522438,1239.5,1215.1666666666667,0.0196166248656394,0.0027622973746285,0.0024135065541887,0.0,0.0,0.0,0.0,0.0,0.0,0.0,0.0,-9.44444444444457,26.666666666666515,-499.62962962962956,52.29629629629633,-6.0,26.0,-13.21257196544379,-2.309901487452219,-0.0004184893667368017,-0.005271236723521901,-0.005212443418984799,0.0010546117186238,-0.006187688648935801,0.0015165861064463,0.5023923444976076,0.5023923444976076,0.5023923444976076,0.5023923444976076,0.5023923444976076,0.5023923444976076,0.5023923444976076,0.5023923444976076,0.5023923444976076,0.5023923444976076,0.5023923444976076,0.5023923444976076,0.8181818181818182,0.20095693779904306,0.8301435406698564,0.8229665071770335,0.8133971291866029,0.3349282296650718,0.4019138755980861,0.8181818181818182,0.8133971291866029,0.631578947368421,0.06698564593301436,0.15311004784688995,0.5,0.0,0.0,1.0,0.0,0.0,0.9999999999996666,0.0,0.0,0.7853981633974483,0.0,0.0,1141.6888888888889,176.47899745638256,98.75555555555547,330.88888888888886,157.92348225010454,-191.5308641975308,0.01129666363830182,0.007173299849594596,0.00831996122733758,0.007474607867133181,0.00387705033063321,-0.00471231049250468
55,0.7463852272328922,0.430622009569378,2.302585092994046,0.5023923444976076,0.0024713209101331,-0.0014016111966947,0.0020354147228909,0.0033504648392563,0.0032798759073196,-0.0016208203083508,0.0028514079847425,0.0,0.0004983672216973,0.0001460576798804,0.0004764840415063,0.0,-0.0005237629074053,0.001979012940465,0.0601202681743964,0.0607257310284706,0.0004486294982713,6.701387820040957,2.302585092994046,0.0,0.0,0.7404922546682869,0.2595077450550609,0.067382066828061,0.0829536121803277,0.009379658078891,6.588385345921125,2.302585092994046,0.0,0.0,0.5456676396667622,0.4543323601171766,0.0818868750168384,0.1102094144776162,0.0173009605158482,6.713331003073745,2.302585092994046,0.0,0.0,0.6155430379679181,0.3844569618893222,0.0021517248370516,0.0015260794927951,0.0004727257230772,0.0023691364079652,0.3073336400207483,-0.0004631019300845,0.0015572927972717,02,Tribolium,0.5,0.5,0.0,1.0,0.0,3.0,3.0,0.0,0.9999999999996666,9.0,12.0,0.7853981633974483,942.8888888888888,433.6543209876543,939.0,944.0,945.0,22.03772827594828,28.04460732476032,943.375,942.5,0.0009279990572707,0.0099626312189248,0.0139995583931801,0.0,0.0,0.0,0.0,0.0,0.0,0.0,0.0,-36.1111111111112,-80.0,70.32098765432096,282.44444444444446,-40.0,-83.0,-1.7955063286431745,-3.770220010305213,0.0016515264661914,-0.027871153669211998,-0.0020997301394745007,0.006852564240398,-0.0025416559633507,0.0137334830354908,0.5023923444976076,0.5023923444976076,0.5023923444976076,0.5023923444976076,0.5023923444976076,0.5023923444976076,0.5023923444976076,0.5023923444976076,0.5023923444976076,0.5023923444976076,0.5023923444976076,0.5023923444976076,0.41626794258373206,0.5789473684210527,0.4258373205741627,0.41626794258373206,0.40669856459330145,0.41626794258373206,0.4090909090909091,0.41626794258373206,0.4354066985645933,0.11961722488038277,0.41148325358851673,0.7559808612440191,0.5,0.0,0.0,1.0,0.0,0.0,0.9999999999996666,0.0,0.0,0.7853981633974483,0.0,0.0,1145.3111111111114,92.45321539588022,-202.42222222222256,430.5283950617284,282.2983601001365,3.1259259259258556,0.01420420966127658,0.009966649609984238,-0.01327621060400588,0.0088758820177349,0.004299721260732097,0.0010867492011898995
56,0.6776541319251492,0.3875598086124402,2.302585092994046,0.5023923444976076,0.0008904408147515,0.0003906327021226,0.0008001818147194,0.0,0.0052065283754485,-0.0030988528753216,0.0041839035100562,0.0,0.0017101854429099,-0.0006183008690056,0.0015945025194486,0.0,-0.000345125798656,0.0015555525063405,0.0605308770865704,0.0703597616243841,0.0096359717558949,6.406879782587956,2.302585092994046,0.0,0.0,0.5711471967025206,0.4288528030312982,0.0656343588701789,0.0735959174367882,0.0097374019714178,6.82776936103899,2.302585092994046,0.0,0.0,0.5860438734420459,0.41395612633082,0.0857949385723096,0.114603530171366,0.0222087774903366,6.635138434694564,2.302585092994046,0.0,0.0,0.6349637429527588,0.3650362569199175,0.0023769357682293,0.0015197232181915,0.001437335945656,0.0019100588361894,-0.30843361557013,-0.0014996511734051,0.001456887694452,02,Tribolium,0.5,0.5,0.0,1.0,0.0,3.0,3.0,0.0,0.9999999999996666,9.0,12.0,0.7853981633974483,1069.7777777777778,588.395061728395,1054.0,1079.0,1084.0,29.31672072229634,33.24154027718932,1068.0,1047.6666666666667,0.0190070627336933,0.0132432366241281,0.0077596008677829,0.0,0.0,0.0,0.0,0.0,0.0,0.0,0.0,16.44444444444457,-3.2222222222221717,-433.3827160493828,339.5061728395061,35.0,8.0,4.2570714538940315,7.570575686819367,0.0188092779235668,0.0001735740726185979,-0.0057452039207178,0.0058895985263243,0.0014291685156634006,0.0077596008677829,0.5023923444976076,0.5023923444976076,0.5023923444976076,0.5023923444976076,0.5023923444976076,0.5023923444976076,0.5023923444976076,0.5023923444976076,0.5023923444976076,0.5023923444976076,0.5023923444976076,0.5023923444976076,0.5789473684210527,0.7033492822966507,0.5789473684210527,0.583732057416268,0.5741626794258373,0.631578947368421,0.5502392344497608,0.5789473684210527,0.569377990430622,0.6124401913875598,0.6363636363636364,0.47368421052631576,0.5,0.0,0.0,1.0,0.0,0.0,0.9999999999996666,0.0,0.0,0.7853981633974483,0.0,0.0,1056.2222222222222,168.49727989891502,13.555555555555657,376.6172839506173,251.08945607489977,211.77777777777771,0.01651035223686742,0.007982001641644608,0.0024967104968258783,0.008124068535892901,0.0037292814186092684,0.005119168088235199
57,0.5351773586503733,0.3110047846889952,2.302585092994046,0.5023923444976076,0.0033473943818296,0.0028250449074665,0.0017955975101068,0.0033504648392563,0.0001415681108921,0.0001355575195239,4.0812852413140014e-05,0.0,0.0009247810261731,7.665145997480687e-05,0.0009215988824068,0.0,-0.0017653846977594,0.0018486687135195,0.075561350630126,0.0985401271706899,0.0167136980021609,5.7331951512019375,2.302585092994046,0.0,0.0,0.7378328630043506,0.2621671368286728,0.0880473558123503,0.1093915225475608,0.0201045947787715,6.035081677193302,2.302585092994046,0.0,0.0,0.6268425092599393,0.3731574906174594,0.1097186636668643,0.140099918616874,0.0263740556041926,6.233383906008125,2.302585092994046,0.0,0.0,0.6319775518237286,0.3680224480977401,0.0035946855609922,0.0015516049978842,0.0009509613770446,0.0029304598954611,0.5531751334632629,5.9709275954482335e-05,0.0027147572373289,02,Tribolium,0.5,0.5,0.0,1.0,0.0,3.0,3.0,0.0,0.9999999999996666,9.0,12.0,0.7853981633974483,1143.7777777777778,833.283950617284,1116.0,1152.0,1173.0,27.898749800773555,35.77708763999664,1142.75,1152.5833333333333,-0.0085972411113269,0.0171088564227864,0.00725757112443,0.0,0.0,0.0,0.0,0.0,0.0,0.0,0.0,-180.66666666666652,-16.22222222222217,-330.74074074074053,-581.8271604938271,-180.0,9.0,-33.98346646861768,-3.6004094496559382,-0.0658224927891792,-0.022821379042361298,0.005951217148696498,-0.002899069077773101,-0.0074352574501577,0.004442065673004401,0.5023923444976076,0.5023923444976076,0.5023923444976076,0.5023923444976076,0.5023923444976076,0.5023923444976076,0.5023923444976076,0.5023923444976076,0.5023923444976076,0.5023923444976076,0.5023923444976076,0.5023923444976076,0.6746411483253588,0.8086124401913876,0.645933014354067,0.6889952153110048,0.6985645933014354,0.6076555023923444,0.6124401913875598,0.6722488038277512,0.7368421052631579,0.03827751196172249,0.784688995215311,0.45933014354066987,0.5,0.0,0.0,1.0,0.0,0.0,0.9999999999996666,0.0,0.0,0.7853981633974483,0.0,0.0,1196.2222222222222,123.722249663221,-52.44444444444434,3006.488888888889,3946.118638386498,-2173.204938271605,0.035928066593325356,0.025890026729434946,-0.04452530770465225,0.021973989226358757,0.014934659841596658,-0.004865132803572359
59,0.5849622542588347,0.3349282296650718,2.302585092994046,0.5023923444976076,0.0024713209101331,-0.0014131610540849,0.0020274128528937,0.0033504648392563,0.0032798759073196,-0.0016370060170017,0.0028421465950432,0.0,0.002766374841103,-0.0008176941292711,0.0026427648537929,0.0,-0.0008424704857676,0.0021482492656074,0.0461157833240916,0.0521748172012144,0.0058536609425979,7.004922947491914,2.302585092994046,0.0,0.0,0.7534790066299616,0.2465209929072749,0.0524993432691712,0.0670930061204328,0.0095790077901472,7.012788854473938,2.302585092994046,0.0,0.0,0.5830319131375734,0.4169680865112954,0.0692563822385231,0.0959427120945439,0.0190779602898943,6.990593122195568,2.302585092994046,0.0,0.0,0.6475837540251207,0.3524162457810964,0.0033312100049049,0.0018802729767521,0.0007748343468229,0.003088975953812,-0.7399942395465104,0.0008289362043715,0.0024185971646004,02,Tribolium,0.5,0.5,0.0,1.0,0.0,3.0,3.0,0.0,0.9999999999996666,9.0,12.0,0.7853981633974483,1285.888888888889,88.09876543209877,1277.0,1287.0,1291.0,12.702783699026476,15.008331019803634,1287.0,1277.75,0.0071934675537889,0.0034850936645284,0.001269933332413,0.0,0.0,0.0,0.0,0.0,0.0,0.0,0.0,93.22222222222217,36.55555555555566,-1350.1234567901233,-113.67901234567903,106.0,38.0,-22.214417541601627,-12.957365320270434,-0.0007369404954005003,0.0020240438611529004,-0.0176804549605213,0.0003094317877325001,-0.0198384886172121,-0.0015620985652035,0.5023923444976076,0.5023923444976076,0.5023923444976076,0.5023923444976076,0.5023923444976076,0.5023923444976076,0.5023923444976076,0.5023923444976076,0.5023923444976076,0.5023923444976076,0.5023923444976076,0.5023923444976076,0.8851674641148325,0.1291866028708134,0.8803827751196173,0.8851674641148325,0.8755980861244019,0.07655502392344497,0.050239234449760764,0.8851674641148325,0.9138755980861244,0.22009569377990432,0.09090909090909091,0.09090909090909091,0.5,0.0,0.0,1.0,0.0,0.0,0.9999999999996666,0.0,0.0,0.7853981633974483,0.0,0.0,1040.5555555555554,154.64426721581384,245.33333333333348,704.7753086419754,568.9168913718578,-616.6765432098766,0.01258006073959488,0.007553691780877283,-0.00538659318580598,0.011387080988069221,0.005940049972226069,-0.007901987323540822
60,0.4450437365714241,0.2488038277511961,2.302585092994046,0.5023923444976076,0.0033473943818296,0.0030763547717479,0.0013195038711002,0.0033504648392563,0.0023388370576705,-0.0001280613446694,0.0023353284724711,0.0,0.0015311952580546,0.00066710712634,0.0013782332894961,0.0,-4.544274726285484e-05,0.0023901026255755,0.0500757768603441,0.0545416160317948,0.0052473368955054,6.91619483191442,2.302585092994046,0.0,0.0,0.801625024396618,0.1983749752089231,0.0553209988360242,0.06569816457658,0.0077658198184452,7.054806492825276,2.302585092994046,0.0,0.0,0.6174018280499239,0.3825981716296372,0.0709504050355496,0.1039184357215206,0.0187790098210848,6.830883011804196,2.302585092994046,0.0,0.0,0.6484576204586882,0.3515423793556663,0.0031247534866308,0.0018161340982623,0.0010522109220343,0.0023333287595108,0.9749364397457928,0.0007776578784322,0.0021256187748802,02,Tribolium,0.5,0.5,0.0,1.0,0.0,3.0,3.0,0.0,0.9999999999996666,9.0,12.0,0.7853981633974483,1294.5555555555557,610.9135802469136,1283.0,1294.0,1312.0,25.027461680967125,30.610455730027933,1294.625,1279.9166666666667,0.0113616856922151,0.0111745812366834,0.0089351398221135,0.0,0.0,0.0,0.0,0.0,0.0,0.0,0.0,-61.33333333333326,5.111111111111313,-632.9629629629628,259.11111111111114,-62.0,5.0,-27.096931760411618,3.3771430290101883,-0.0259447143733424,0.0096813754810992,-0.0030490187655355,0.0030062748206833995,-0.0111377090083759,0.0078797801742754,0.5023923444976076,0.5023923444976076,0.5023923444976076,0.5023923444976076,0.5023923444976076,0.5023923444976076,0.5023923444976076,0.5023923444976076,0.5023923444976076,0.5023923444976076,0.5023923444976076,0.5023923444976076,0.8899521531100478,0.7177033492822966,0.8947368421052632,0.8899521531100478,0.8947368421052632,0.5454545454545454,0.49282296650717705,0.8899521531100478,0.9186602870813397,0.3827751196172249,0.5263157894736842,0.5598086124401914,0.5,0.0,0.0,1.0,0.0,0.0,0.9999999999996666,0.0,0.0,0.7853981633974483,0.0,0.0,1229.7333333333331,187.53211543889668,64.82222222222254,5435.634567901235,4841.969569601424,-4824.720987654321,0.028431254950299523,0.05676122931852355,-0.01706956925808442,0.03357725301751564,0.0278472603212978,-0.022402671780832245
62,0.3420431729954674,0.1866028708133971,2.302585092994046,0.5023923444976076,0.0019638943736363,-0.0019564805400272,0.0001704846248059,0.0023691364079652,0.0032298925420121,-0.0027946033039229,0.0016193820446851,0.0,0.0014749979576954,-0.0011947475278757,0.0008649839997598,0.0,-0.0013106936328516,0.003135067664626,0.0505796802319789,0.0570563602531485,0.0066458715099854,6.826043734949103,2.302585092994046,0.0,0.0,0.7128684882557281,0.2871315113600218,0.0606908214480949,0.08103693333209,0.0138052093032511,6.635138434618526,2.302585092994046,0.0,0.0,0.7395744949479002,0.260425504793966,0.0839371419527089,0.1223034402892735,0.0264618650473696,6.50508530645565,2.302585092994046,0.0,0.0,0.664132738164722,0.3358672617061737,0.0023745731703576,0.0010189428515846,0.0014787144486142,0.002119020022472,0.2674261060668697,-0.0005708789591121,0.0018214587240039,02,Tribolium,0.5,0.5,0.0,1.0,0.0,3.0,3.0,0.0,0.9999999999996666,9.0,12.0,0.7853981633974483,1125.3333333333333,158.22222222222226,1117.0,1128.0,1138.0,16.943375235164893,22.360679774997894,1124.75,1120.5,0.0037766587677725,0.0045060383011995,0.0053207715581583,0.0,0.0,0.0,0.0,0.0,0.0,0.0,0.0,9.222222222222172,-12.44444444444457,-223.20987654320984,-369.50617283950623,14.0,-13.0,-1.4878762865762667,-13.322484821517715,-0.004137726498528999,-0.0203200209197275,-0.0062707835477435,-0.008858871547998701,-0.0038236650126930007,-0.0111845792477403,0.5023923444976076,0.5023923444976076,0.5023923444976076,0.5023923444976076,0.5023923444976076,0.5023923444976076,0.5023923444976076,0.5023923444976076,0.5023923444976076,0.5023923444976076,0.5023923444976076,0.5023923444976076,0.6363636363636364,0.23444976076555024,0.6555023923444976,0.6435406698564593,0.631578947368421,0.20095693779904306,0.215311004784689,0.6363636363636364,0.6746411483253588,0.1722488038277512,0.14832535885167464,0.3253588516746411,0.5,0.0,0.0,1.0,0.0,0.0,0.9999999999996666,0.0,0.0,0.7853981633974483,0.0,0.0,1326.4222222222222,106.65961550768367,-201.08888888888896,563.6592592592592,183.06340782599102,-405.43703703703693,0.02210906262024796,0.01632717568011051,-0.01833240385247546,0.008160077455333961,0.003371081271419707,-0.0036540391541344617
63,0.3128598388046201,0.1626794258373205,2.302585092994046,0.5023923444976076,0.0024713209101331,-0.001569271527402,0.0019091395742969,0.0033504648392563,0.0001415681108921,0.0001408827468766,1.3913362428932091e-05,0.0,0.0013341453614027,-0.0007632130083482,0.001094280471013,0.0,-0.0008348803688738,0.003111105012681,0.0520485639179521,0.0536074374281022,0.0019503500180946,6.950747213409261,2.302585092994046,0.0,0.0,0.6969771557790057,0.3030228438523793,0.0546483512843902,0.0597942995824119,0.003611361718746,7.243127806710749,2.302585092994046,0.0,0.0,0.56722061129372,0.4327793883728892,0.0721675435240415,0.1102348758189464,0.0205712237216639,6.712869002603566,2.302585092994046,0.0,0.0,0.6507883939009018,0.3492116059215202,0.0023238305167079,0.0010254752131516,0.0012964958393905,0.0011845682039826,0.996412691620603,-0.000641311304735,0.0017843204947501,02,Tribolium,0.5,0.5,0.0,1.0,0.0,3.0,3.0,0.0,0.9999999999996666,9.0,12.0,0.7853981633974483,1273.2222222222222,601.0617283950618,1267.0,1274.0,1290.0,30.63446816349854,38.45126785946076,1273.125,1269.25,0.0030434592896413,0.0108716544757339,0.0024582539524621,0.0,0.0,0.0,0.0,0.0,0.0,0.0,0.0,36.888888888888914,-6.888888888888914,109.06172839506178,478.96296296296305,46.0,-10.0,-16.814397073933407,5.88329370626434,-0.0400611511174765,-0.0174625731728185,0.0039758113674018,0.0059253094895314,-0.0009539048516174998,-0.0031759338944057003,0.5023923444976076,0.5023923444976076,0.5023923444976076,0.5023923444976076,0.5023923444976076,0.5023923444976076,0.5023923444976076,0.5023923444976076,0.5023923444976076,0.5023923444976076,0.5023923444976076,0.5023923444976076,0.8660287081339713,0.7129186602870813,0.8708133971291866,0.861244019138756,0.868421052631579,0.6889952153110048,0.69377990430622,0.8660287081339713,0.8899521531100478,0.14832535885167464,0.5023923444976076,0.15789473684210525,0.5,0.0,0.0,1.0,0.0,0.0,0.9999999999996666,0.0,0.0,0.7853981633974483,0.0,0.0,1266.0222222222221,100.48264760213976,7.2000000000000455,316.72592592592594,107.64751773723611,284.33580246913584,0.02067105251226926,0.014720584073341465,-0.01762759322262796,0.006565828413183999,0.003036373232501792,0.004305826062549901
64,0.2714589193817725,0.1291866028708134,2.302585092994046,0.5023923444976076,0.0024713209101331,-0.0012702184459121,0.0021198990873448,0.0033504648392563,0.0023388370576705,-0.0005467667721686,0.0022740283373751,0.0,0.0014453117690228,0.0004511329721222,0.0013731005611899,0.0,0.0001753837996407,0.0027583459072919,0.0480371683170663,0.0510327600299029,0.0037764738310999,7.049187286186515,2.302585092994046,0.0,0.0,0.6828588651133265,0.3171411344559791,0.0549167875492117,0.0706781332124479,0.0095601557192222,6.908675999636234,2.302585092994046,0.0,0.0,0.7191478274211804,0.2808521722569915,0.0743798173959781,0.1097501002630392,0.022777408442231,6.721683719848784,2.302585092994046,0.0,0.0,0.5940804787392185,0.405919521095524,0.0024968480966121,0.0009758862993641,0.0012545107282504,0.00149837342736,0.8767060839898968,-0.0001924401883426,0.0020759374655905,02,Tribolium,0.5,0.5,0.0,1.0,0.0,3.0,3.0,0.0,0.9999999999996666,9.0,12.0,0.7853981633974483,1353.4444444444443,271.5802469135803,1343.0,1356.0,1358.0,44.182499045988365,57.55432216610669,1349.875,1290.9166666666667,0.0435616944421639,0.0016899424390617,0.0009049096004515,0.0,0.0,0.0,0.0,0.0,0.0,0.0,0.0,79.88888888888869,61.22222222222217,-430.88888888888886,-114.59259259259261,90.0,54.0,16.717199124991357,24.034213821760233,0.0272032927670637,0.035855331587477904,-0.0117007857852319,-0.0080013563025732,-5.676409025300001e-05,-0.0050977092877013,0.5023923444976076,0.5023923444976076,0.5023923444976076,0.5023923444976076,0.5023923444976076,0.5023923444976076,0.5023923444976076,0.5023923444976076,0.5023923444976076,0.5023923444976076,0.5023923444976076,0.5023923444976076,0.9330143540669856,0.41148325358851673,0.937799043062201,0.9330143540669856,0.9330143540669856,0.8947368421052632,0.8708133971291866,0.9330143540669856,0.9330143540669856,0.9234449760765551,0.03827751196172249,0.05741626794258373,0.5,0.0,0.0,1.0,0.0,0.0,0.9999999999996666,0.0,0.0,0.7853981633974483,0.0,0.0,1200.1555555555553,171.02121159322556,153.288888888889,491.43209876543216,270.80105997432696,-219.85185185185185,0.020344847031812337,0.013911025004214705,0.023216847410351564,0.0087115176108865,0.004113910064599577,-0.0070215751718247996
65,0.240004168601957,0.1052631578947368,2.302585092994046,0.5023923444976076,0.0017445431420965,0.00082858272694,0.0015352138089701,0.0023691364079652,0.0023388370576705,-0.0002862724617784,0.0023212511410789,0.0,0.0019687896982611,-8.746975799214247e-05,0.0019668456770717,0.0,-0.0004760359717969,0.0026989213790431,0.0496667537118496,0.0588481275501633,0.0067735012445701,6.7642028146026005,2.302585092994046,0.0,0.0,0.6915613435605386,0.3084386560414779,0.0540848267267991,0.0620062336696035,0.007581380318861,7.1704786240402845,2.302585092994046,0.0,0.0,0.5285050940488993,0.4714949056158278,0.0700593485090424,0.1060833572040925,0.0198238290902735,6.789645303292919,2.302585092994046,0.0,0.0,0.7056432507463405,0.2943567490650264,0.0028869247934031,0.0008551841910489,0.0017810746974403,0.0011845682039826,0.7744135269224766,-0.0002948318998688,0.0021355454212738,02,Tribolium,0.5,0.5,0.0,1.0,0.0,3.0,3.0,0.0,0.9999999999996666,9.0,12.0,0.7853981633974483,950.8888888888888,176.98765432098767,942.0,949.0,965.0,29.91476164010216,35.415392133929565,948.75,916.0833333333334,0.0343538209862116,0.0034137324510757,0.001001777763521,0.0,0.0,0.0,0.0,0.0,0.0,0.0,0.0,28.111111111110972,20.0,-1259.185185185185,-578.2222222222222,40.0,17.0,-13.925869173541148,1.679234860726357,0.0199498474762779,0.0142565423994367,-0.0238747391876043,-0.0097547629314295,-0.0256904343643429,-0.0004600805216743,0.5023923444976076,0.5023923444976076,0.5023923444976076,0.5023923444976076,0.5023923444976076,0.5023923444976076,0.5023923444976076,0.5023923444976076,0.5023923444976076,0.5023923444976076,0.5023923444976076,0.5023923444976076,0.4258373205741627,0.2631578947368421,0.43301435406698563,0.42105263157894735,0.42105263157894735,0.6698564593301436,0.6028708133971292,0.4258373205741627,0.40669856459330145,0.8755980861244019,0.0861244019138756,0.06698564593301436,0.5,0.0,0.0,1.0,0.0,0.0,0.9999999999996666,0.0,0.0,0.7853981633974483,0.0,0.0,1222.9999999999998,81.43127072477655,-272.111111111111,643.6592592592593,399.53388827850966,-466.6716049382717,0.02371524115925092,0.014044902573577333,0.01063857982696068,0.00825147126129024,0.0049571410140805666,-0.004837738810214539
66,0.1481590830690978,0.0478468899521531,2.302585092994046,0.5023923444976076,0.0040644300146257,0.0015061044180389,0.0037750815654438,0.0047382728159305,0.0001415681108921,0.0001415678573093,2.679522849129309e-07,0.0,0.0014453117690228,0.000384945582771,0.0013931055265058,0.0,0.0001207201580029,0.0030666872169377,0.0534300081256518,0.0625469959448416,0.0068597096074402,6.642286427780606,2.302585092994046,0.0,0.0,0.8135559321803292,0.1864440674750597,0.0648460159231102,0.0908031604759111,0.0159665561412448,6.407560286267444,2.302585092994046,0.0,0.0,0.6245211166245259,0.3754788831512554,0.0852602696435944,0.1236725513028849,0.025113994556094,6.482820935959722,2.302585092994046,0.0,0.0,0.6908482270115001,0.3091517728619181,0.0027944681934784,0.0014034767806163,0.0017445431420965,0.0023691364079652,0.9837155472730572,0.0005995698703968,0.0020032079951429,02,Tribolium,0.5,0.5,0.0,1.0,0.0,3.0,3.0,0.0,0.9999999999996666,9.0,12.0,0.7853981633974483,1142.4444444444443,458.2469135802469,1126.0,1137.0,1159.0,29.474646572060767,41.188590653237945,1140.375,1118.25,0.019366368410815,0.010792936168231,0.0126262357875309,0.0,0.0,0.0,0.0,0.0,0.0,0.0,0.0,-111.33333333333348,-29.666666666666742,58.074074074074076,-95.18518518518522,-116.0,-38.0,-6.330473507308323,2.9056729680797204,-0.007087016913538101,-0.0032424096724156005,0.0018531841562838998,-0.002190097556858001,0.00046995914848799863,0.006472905786236299,0.5023923444976076,0.5023923444976076,0.5023923444976076,0.5023923444976076,0.5023923444976076,0.5023923444976076,0.5023923444976076,0.5023923444976076,0.5023923444976076,0.5023923444976076,0.5023923444976076,0.5023923444976076,0.6650717703349283,0.6220095693779905,0.6746411483253588,0.6602870813397129,0.6698564593301436,0.6507177033492823,0.722488038277512,0.6602870813397129,0.6555023923444976,0.6267942583732058,0.49282296650717705,0.7033492822966507,0.5,0.0,0.0,1.0,0.0,0.0,0.9999999999996666,0.0,0.0,0.7853981633974483,0.0,0.0,1246.422222222222,86.45662296389435,-103.97777777777765,994.385185185185,334.9120094913123,-536.1382716049382,0.01988285131688888,0.019297110732122754,-0.0005164829060738813,0.0125297440184591,0.005321729553501382,-0.0017368078502280997
67,0.281129067021586,0.138755980861244,2.302585092994046,0.5023923444976076,0.0045163079994813,-0.0041676573551825,0.0017400201481514,0.00529755005618,0.0046010596899344,-0.0045994201127658,0.0001228205871379,0.0,0.0009716664581466,5.151122797896047e-05,0.0009703001078426,0.0,-0.0013574256820487,0.003608561067981,0.0501093124121993,0.0588481275501633,0.0068283242099878,6.7642028146026005,2.302585092994046,0.0,0.0,0.5415251394329759,0.4584748601760278,0.0586363662297651,0.0764757819637539,0.0121341613264068,6.751000240078309,2.302585092994046,0.0,0.0,0.5624371229027951,0.4375628768183007,0.0756971930712185,0.1007927638691363,0.0194945379323843,6.891962518764144,2.302585092994046,0.0,0.0,0.5977503174406964,0.4022496823956401,0.0023387600870739,0.0010887385004321,0.0009644100794142,0.0040897635398943,0.5281691962482694,-6.549321669125227e-05,0.0021213900729124,02,Tribolium,0.5,0.5,0.0,1.0,0.0,3.0,3.0,0.0,0.9999999999996666,9.0,12.0,0.7853981633974483,1172.4444444444443,279.3580246913581,1160.0,1178.0,1183.0,18.863723360196044,28.600699292150185,1171.125,1162.3333333333333,0.0074985784685368,0.0085011067906017,0.0116067557941016,0.0,0.0,0.0,0.0,0.0,0.0,0.0,0.0,122.33333333333326,40.55555555555543,24.14814814814818,-103.1851851851851,130.0,42.0,-5.000388433115905,-6.7696820961104684,0.0066653333092944,-0.0107967979916574,-0.0011199431907011996,-9.654169852089944e-05,-0.0013521360838848005,0.006557253035779901,0.5023923444976076,0.5023923444976076,0.5023923444976076,0.5023923444976076,0.5023923444976076,0.5023923444976076,0.5023923444976076,0.5023923444976076,0.5023923444976076,0.5023923444976076,0.5023923444976076,0.5023923444976076,0.7368421052631579,0.430622009569378,0.7464114832535885,0.7511961722488039,0.7272727272727273,0.2679425837320574,0.44976076555023925,0.7368421052631579,0.7607655502392344,0.24401913875598086,0.3444976076555024,0.6650717703349283,0.5,0.0,0.0,1.0,0.0,0.0,0.9999999999996666,0.0,0.0,0.7853981633974483,0.0,0.0,1224.1555555555556,141.17231568565202,-51.71111111111122,358.3753086419753,145.12118804513403,-79.01728395061724,0.026590549330736502,0.014330545772462839,-0.0190919708621997,0.0067342592586816215,0.0036135418810936087,0.0017668475319200785
69,0.2785616022147952,0.1339712918660287,2.302585092994046,0.5023923444976076,0.0045163079994813,-0.0044998403146014,0.000385324654372,0.00529755005618,0.0051908812023703,-0.0050969288666946,0.0009831397586183,0.0,0.0009716664581466,-0.000247020887724,0.0009397427237895,0.0,-0.0035542569730779,0.0038233813360859,0.0674758682928048,0.0724816366474687,0.0042075280172842,6.347456362128808,2.302585092994046,0.0,0.0,0.6881832643777637,0.3118167354034511,0.0784756820527459,0.1034854403560957,0.0148688979333735,6.146086610460994,2.302585092994046,0.0,0.0,0.580778748301826,0.4192212515414223,0.1013349570180469,0.1350615555534834,0.0261545156620029,6.306634367743846,2.302585092994046,0.0,0.0,0.5415227662655595,0.4584772336431399,0.0028281464369443,0.0016610957810466,0.0012233230911578,0.0045262287521009,0.1273153931900116,0.0002153116050965,0.0024321953948325,02,Tribolium,0.5,0.5,0.0,1.0,0.0,3.0,3.0,0.0,0.9999999999996666,9.0,12.0,0.7853981633974483,1271.4444444444443,425.5802469135803,1249.0,1279.0,1286.0,23.0597787301728,30.700162866017504,1271.25,1258.4166666666667,0.0100935069474787,0.0105265564914698,0.0148771770622555,0.0,0.0,0.0,0.0,0.0,0.0,0.0,0.0,-47.2222222222224,2.666666666666515,-461.9753086419751,-243.70370370370364,-40.0,5.0,-30.87953691657822,-11.517251000433301,-0.0361021452264343,-0.0068847748635379995,0.00024560406312370067,-0.0024022321577208006,0.012503640489725099,0.0061895218750411,0.5023923444976076,0.5023923444976076,0.5023923444976076,0.5023923444976076,0.5023923444976076,0.5023923444976076,0.5023923444976076,0.5023923444976076,0.5023923444976076,0.5023923444976076,0.5023923444976076,0.5023923444976076,0.861244019138756,0.5741626794258373,0.8516746411483254,0.868421052631579,0.861244019138756,0.4449760765550239,0.49760765550239233,0.861244019138756,0.8803827751196173,0.3349282296650718,0.4688995215311005,0.7990430622009569,0.5,0.0,0.0,1.0,0.0,0.0,0.9999999999996666,0.0,0.0,0.7853981633974483,0.0,0.0,1222.4,85.2750842860915,49.04444444444425,1770.8,2494.964202764696,-1345.2197530864196,0.022277780520566,0.038679468555742495,-0.0121842735730873,0.01458998479684102,0.012422346955350324,-0.0040634283053712205
70,0.1750891260786029,0.062200956937799,2.302585092994046,0.5023923444976076,0.0066384066408002,0.0038593573616125,0.0054012779491512,0.0067009296785127,0.0048757349544531,0.0046502539936449,0.0014655815025666,0.0,0.0019687896982611,-0.000985371242439,0.0017044577995812,0.0,-0.0018687665745043,0.0038720061977955,0.0656050110461341,0.0821376551777265,0.0117296228060079,6.09732972355337,2.302585092994046,0.0,0.0,0.7340405537026391,0.2659594460722168,0.0747712121155453,0.0908031604759111,0.014514251074567,6.407560286267444,2.302585092994046,0.0,0.0,0.6073025247698688,0.3926974750577588,0.0879654035552031,0.1045914024468382,0.0169327612079701,6.817972943523475,2.302585092994046,0.0,0.0,0.6068217056685742,0.3931782942068095,0.0026561590070613,0.0010828851491925,0.0014330850866691,0.006040136387289,0.5065973490282554,-0.0001096162649876,0.0023396880131747,02,Tribolium,0.5,0.5,0.0,1.0,0.0,3.0,3.0,0.0,0.9999999999996666,9.0,12.0,0.7853981633974483,1162.7777777777778,1414.617283950617,1132.0,1141.0,1206.0,37.60432075051497,44.52527372178637,1166.375,1178.6666666666667,-0.0105709507883421,0.0204739948057346,0.008309305864173,0.0,0.0,0.0,0.0,0.0,0.0,0.0,0.0,-147.22222222222217,-78.33333333333326,978.3950617283949,838.0740740740739,-173.0,-104.0,2.6453555222659375,6.035865641862671,-0.0444768032056449,-0.0286662954615738,0.0132694862305152,0.0070380074576859,0.0047773868118622005,0.0021691346200183002,0.5023923444976076,0.5023923444976076,0.5023923444976076,0.5023923444976076,0.5023923444976076,0.5023923444976076,0.5023923444976076,0.5023923444976076,0.5023923444976076,0.5023923444976076,0.5023923444976076,0.5023923444976076,0.7272727272727273,0.9090909090909091,0.6794258373205742,0.6698564593301436,0.7535885167464115,0.8181818181818182,0.7751196172248804,0.7272727272727273,0.7751196172248804,0.03349282296650718,0.8708133971291866,0.507177033492823,0.5,0.0,0.0,1.0,0.0,0.0,0.9999999999996666,0.0,0.0,0.7853981633974483,0.0,0.0,1194.6222222222223,68.50864953951726,-31.844444444444434,469.82222222222225,233.99794323757362,944.7950617283948,0.015332995732942459,0.016049366774309272,-0.02590394652128456,0.00720175438629818,0.004660039123771618,0.013272240419436419
71,0.2487679900528607,0.1196172248803827,2.302585092994046,0.5023923444976076,0.0033473943818296,0.0027592403281441,0.0018951627790371,0.0033504648392563,0.0025067128113332,0.0024949737791941,0.0002423116993376,0.0,0.0010665493344604,-0.0005200897561825,0.0009311466739198,0.0,-0.0006557710948711,0.002261391410916,0.0540201754545457,0.0621870102446456,0.0085701193211335,6.653830567524504,2.302585092994046,0.0,0.0,0.6439897115831389,0.3560102880825948,0.0626705306266587,0.0862378669634131,0.0141839929227126,6.510729724007818,2.302585092994046,0.0,0.0,0.5413142849123516,0.4586857148454462,0.0797151909379671,0.1034854403560957,0.0202079160985301,6.839233791020839,2.302585092994046,0.0,0.0,0.5406019493116668,0.4593980505404669,0.0030304480314439,0.0016487236470078,0.0014804554274512,0.0033252414077036,0.2360496017389523,-0.0004153692849075,0.0026035588045502,02,Tribolium,0.5,0.5,0.0,1.0,0.0,3.0,3.0,0.0,0.9999999999996666,9.0,12.0,0.7853981633974483,1245.6666666666667,318.0,1239.0,1243.0,1259.0,34.34207530273703,46.97073557013984,1243.0,1200.8333333333333,0.0338506823655338,0.007672463373993,0.0057899811063841,0.0,0.0,0.0,0.0,0.0,0.0,0.0,0.0,46.333333333333485,-16.0,-196.22222222222217,-478.8888888888889,57.0,-32.0,0.22246272928090605,-2.5444307734276137,0.006092205433905099,0.006175649340434696,-0.0040746246201454,-0.0060229354469996,-0.0062373448494613,-0.0043488139540688005,0.5023923444976076,0.5023923444976076,0.5023923444976076,0.5023923444976076,0.5023923444976076,0.5023923444976076,0.5023923444976076,0.5023923444976076,0.5023923444976076,0.5023923444976076,0.5023923444976076,0.5023923444976076,0.8277511961722488,0.46411483253588515,0.8373205741626795,0.8277511961722488,0.8229665071770335,0.7511961722488039,0.8038277511961722,0.8277511961722488,0.8086124401913876,0.8708133971291866,0.291866028708134,0.37320574162679426,0.5,0.0,0.0,1.0,0.0,0.0,0.9999999999996666,0.0,0.0,0.7853981633974483,0.0,0.0,1137.3777777777777,104.58634804567403,108.288888888889,569.530864197531,441.2533450929385,-251.53086419753095,0.009831956884288218,0.014333905658684028,0.02401872548124558,0.009330556262560019,0.006206237664464254,-0.0016580928885670193
72,0.2440074892831801,0.1100478468899521,2.302585092994046,0.5023923444976076,0.0008904408147515,0.0008176071287592,0.0003527087007395,0.0,0.0025067128113332,0.0021646069578214,0.0012641541981314,0.0,0.0010196666844458,-0.0005744330367974,0.0008424647373061,0.0,-0.0032467054693622,0.0034783211467476,0.0754574650425935,0.0821376551777265,0.0059140770057338,6.09732972355337,2.302585092994046,0.0,0.0,0.6114991214904327,0.3885008783350107,0.0903990230481448,0.1199634859751819,0.0193990252232055,5.850573644452556,2.302585092994046,0.0,0.0,0.7237203687184887,0.276279631164529,0.1182046993400704,0.1651782563787268,0.0319904105874931,5.904045186040341,2.302585092994046,0.0,0.0,0.6935733815012578,0.3064266184320565,0.0033634836749295,0.0014413523577363,0.0009644100794142,0.0018042805339905,-0.8922599281644342,-0.0001006154805253,0.0029944762970301,02,Tribolium,0.5,0.5,0.0,1.0,0.0,3.0,3.0,0.0,0.9999999999996666,9.0,12.0,0.7853981633974483,1151.4444444444443,164.0246913580247,1151.0,1154.0,1157.0,17.53278730885436,24.50510150968569,1150.75,1164.1666666666667,-0.0116520312650777,0.0004500327633809,0.0005909219683145,0.0,0.0,0.0,0.0,0.0,0.0,0.0,0.0,-43.333333333333485,-34.0,53.62962962962965,-320.8888888888889,-42.0,-40.0,1.8277853657327245,-1.7373418118502393,-0.0264734764431674,-0.0336901791702234,-0.0046955845746755,-0.0097305180961059,-0.0049900785616184,-0.010773755346106901,0.5023923444976076,0.5023923444976076,0.5023923444976076,0.5023923444976076,0.5023923444976076,0.5023923444976076,0.5023923444976076,0.5023923444976076,0.5023923444976076,0.5023923444976076,0.5023923444976076,0.5023923444976076,0.6889952153110048,0.23923444976076555,0.7320574162679426,0.69377990430622,0.6626794258373205,0.22488038277511962,0.291866028708134,0.69377990430622,0.7655502392344498,0.028708133971291867,0.004784688995215311,0.0430622009569378,0.5,0.0,0.0,1.0,0.0,0.0,0.9999999999996666,0.0,0.0,0.7853981633974483,0.0,0.0,1234.7333333333331,83.16126234945902,-83.28888888888878,782.2666666666667,440.96841908473084,-618.2419753086419,0.014161988059279157,0.016102920111401995,-0.025814019324356854,0.011733653771514838,0.005979173981158612,-0.011283621008133939
73,0.3701496864838323,0.2057416267942583,2.302585092994046,0.5023923444976076,0.0008904408147515,0.0004312203604491,0.0007790595903456,0.0,0.0023388370576705,-0.0001970460291989,0.0023305217537517,0.0,0.0009151157273625,-0.0009021183578932,0.0001536855973025,0.0,-0.0011803483635565,0.0031151115887297,0.0504895357375119,0.0570563602531485,0.0048315079567419,6.826043734949103,2.302585092994046,0.0,0.0,0.5584143080041098,0.4415856916071688,0.0564732579470014,0.0735959174367881,0.009708934997529,6.827769361038992,2.302585092994046,0.0,0.0,0.6207477855443317,0.3792522141511145,0.0761666329947485,0.1097501002630392,0.0222632556029593,6.721683719848784,2.302585092994046,0.0,0.0,0.7208972280449321,0.2791027717962623,0.002713907213499,0.0009826319739524,0.0018108924242272,0.0027012311110696,-0.9998289131291204,-0.000923873916487,0.0018369126023943,02,Tribolium,0.5,0.5,0.0,1.0,0.0,3.0,3.0,0.0,0.9999999999996666,9.0,12.0,0.7853981633974483,1381.3333333333333,450.22222222222223,1377.0,1385.0,1393.0,34.67558169540067,45.96194077712559,1378.875,1336.9166666666667,0.0303752413127412,0.0081085509815133,0.0068960859875956,0.0,0.0,0.0,0.0,0.0,0.0,0.0,0.0,124.66666666666652,75.7777777777776,164.0,-427.13580246913585,125.0,80.0,12.606112684469668,0.9095118795864607,0.018637840782237302,0.0088965179084859,0.0004006336508163002,0.0004567819088561005,0.004405446549801399,-0.0038399754382285,0.5023923444976076,0.5023923444976076,0.5023923444976076,0.5023923444976076,0.5023923444976076,0.5023923444976076,0.5023923444976076,0.5023923444976076,0.5023923444976076,0.5023923444976076,0.5023923444976076,0.5023923444976076,0.9617224880382775,0.6172248803827751,0.9760765550239234,0.9665071770334929,0.9425837320574163,0.7559808612440191,0.7894736842105263,0.9617224880382775,0.9665071770334929,0.8325358851674641,0.3157894736842105,0.4354066985645933,0.5,0.0,0.0,1.0,0.0,0.0,0.9999999999996666,0.0,0.0,0.7853981633974483,0.0,0.0,1243.5111111111112,90.65742327609874,137.82222222222208,682.0592592592593,447.8525160595083,-231.83703703703708,0.01519476709624818,0.01743064338075228,0.015180474216493023,0.00936881931270688,0.0025412171503577897,-0.0012602683311935797
74,0.7531302049809894,0.4401913875598086,2.302585092994046,0.5023923444976076,0.0019638943736363,-0.0019605151216657,0.0001151588838108,0.0023691364079652,0.0032798759073196,-0.00138920575707,0.0029711434384659,0.0,0.00066465153623,-0.000267650738745,0.0006083787855129,0.0,0.0004833398732308,0.0015794242719768,0.0434553838958855,0.0469065077495894,0.0042559562185133,7.2178099985517825,2.302585092994046,0.0,0.0,0.5626934851767894,0.4373065142986848,0.052480473106586,0.0720544708576829,0.0121499517165512,6.870103724857568,2.302585092994046,0.0,0.0,0.664303640379118,0.3356963592762708,0.0690343840354656,0.0958549194465151,0.0194522936747412,6.992424065642478,2.302585092994046,0.0,0.0,0.5897093574796657,0.4102906423259381,0.0022244026138553,0.0015222585295576,0.0006882885751528,0.0012758190007475,0.9997987870620016,-0.0007320796930977,0.0014840950818735,02,Tribolium,0.5,0.5,0.0,1.0,0.0,3.0,3.0,0.0,0.9999999999996666,9.0,12.0,0.7853981633974483,1119.5555555555557,515.5802469135803,1104.0,1116.0,1135.0,24.395302298134965,23.264780248263683,1120.0,1105.0833333333333,0.0133237395791981,0.0135554920884791,0.0190834601834111,0.0,0.0,0.0,0.0,0.0,0.0,0.0,0.0,-49.666666666666515,-40.44444444444434,289.6296296296296,307.8024691358025,-61.0,-50.0,3.4430084457084007,2.9722692251863023,-0.007665997187883501,-0.0107423523748249,0.0055517936663615,0.005788007439917199,0.0182687482096572,0.0153294529147507,0.5023923444976076,0.5023923444976076,0.5023923444976076,0.5023923444976076,0.5023923444976076,0.5023923444976076,0.5023923444976076,0.5023923444976076,0.5023923444976076,0.5023923444976076,0.5023923444976076,0.5023923444976076,0.6220095693779905,0.6698564593301436,0.6267942583732058,0.6220095693779905,0.6172248803827751,0.5358851674641149,0.2583732057416268,0.6220095693779905,0.6267942583732058,0.430622009569378,0.6698564593301436,0.8660287081339713,0.5,0.0,0.0,1.0,0.0,0.0,0.9999999999996666,0.0,0.0,0.7853981633974483,0.0,0.0,1207.0222222222224,155.2645277590697,-87.4666666666667,360.7259259259259,204.54339026286968,154.85432098765438,0.00894327781913632,0.006525157167362296,0.0043804617600617796,0.00673212716594188,0.0048333512249200275,0.0068233649225372195
77,0.7067314511816752,0.4066985645933014,2.302585092994046,0.5023923444976076,0.0008904408147515,0.0001965772535577,0.0008684712015715,0.0,0.0001415681108921,0.0001392537940255,2.549334954573841e-05,0.0,0.0004515661722312,-0.0001562217680766,0.0004236823893939,0.0,0.0001427114304077,0.0018486687135195,0.0484862961694413,0.0529755005618006,0.0034743294746423,6.974463740018227,2.302585092994046,0.0,0.0,0.6716347206795691,0.3283652788972385,0.0558554262559132,0.0712712468264008,0.0098137633897745,6.891962518665809,2.302585092994046,0.0,0.0,0.665752267877675,0.334247731811393,0.0789772726471773,0.1161601859338655,0.0263941767778685,6.608155347393239,2.302585092994046,0.0,0.0,0.5432603980243568,0.4567396018314275,0.0023111788614741,0.0014860679349446,0.0005032853282035,0.00074918671368,0.5410072310132286,-0.0003164762465541,0.0018459778771295,02,Tribolium,0.5,0.5,0.0,1.0,0.0,3.0,3.0,0.0,0.9999999999996666,9.0,12.0,0.7853981633974483,891.6666666666666,368.22222222222223,881.0,895.0,905.0,24.581239669316503,25.16445906432324,890.75,867.6666666666666,0.0258878504672897,0.0146260935771761,0.0096148195510754,0.0,0.0,0.0,0.0,0.0,0.0,0.0,0.0,49.55555555555554,61.44444444444446,179.90123456790127,128.9382716049383,55.0,61.0,0.3653772001601787,4.045642606250738,-0.0108254362459969,-0.0014642640937381005,0.0046142398735561,0.0021080591955497992,0.000888572941342201,-0.0046454593315471,0.5023923444976076,0.5023923444976076,0.5023923444976076,0.5023923444976076,0.5023923444976076,0.5023923444976076,0.5023923444976076,0.5023923444976076,0.5023923444976076,0.5023923444976076,0.5023923444976076,0.5023923444976076,0.3349282296650718,0.5263157894736842,0.3444976076555024,0.3444976076555024,0.3349282296650718,0.5406698564593302,0.33014354066985646,0.3397129186602871,0.33014354066985646,0.7559808612440191,0.7129186602870813,0.5885167464114832,0.5,0.0,0.0,1.0,0.0,0.0,0.9999999999996666,0.0,0.0,0.7853981633974483,0.0,0.0,1114.5555555555554,232.88451013695266,-222.8888888888888,759.5407407407408,982.471938984332,-391.3185185185186,0.01496399871942486,0.019120750274709764,0.010923851747864841,0.0107442016675152,0.0105775797161199,0.0038818919096609006
78,0.6668592320036814,0.3779904306220095,2.302585092994046,0.5023923444976076,0.0017445431420965,0.0011247203386814,0.0013335797442944,0.0023691364079652,0.0024073925556093,0.0010346936929836,0.002173694522812,0.0,0.0009716664581466,0.0003970873952643,0.0008868242815853,0.0,0.0006829834234303,0.0014302295079272,0.0490437807401774,0.0646648393878951,0.0123400475140698,6.575687620178041,2.302585092994046,0.0,0.0,0.6345600622889808,0.365439937320023,0.0575558426581151,0.075292332894805,0.0144887145620924,6.7821918525508975,2.302585092994046,0.0,0.0,0.7791923475302077,0.2208076521859108,0.0765054194431584,0.1099289505043325,0.0224371362970633,6.718427145675334,2.302585092994046,0.0,0.0,0.6298463752277701,0.3701536246149107,0.0020112210309358,0.0014889501568063,0.001221104575013,0.0028528180126574,-0.845912516209412,-0.0001055214918656,0.0018242769534324,02,Tribolium,0.5,0.5,0.0,1.0,0.0,3.0,3.0,0.0,0.9999999999996666,9.0,12.0,0.7853981633974483,793.8888888888889,330.0987654320988,780.0,792.0,798.0,22.84546576592738,28.20017730440715,795.375,799.9166666666666,-0.0057207837648704,0.0113508450519794,0.0080564043324488,0.0,0.0,0.0,0.0,0.0,0.0,0.0,0.0,-81.66666666666663,-0.4444444444444571,-290.59259259259255,45.4320987654321,-82.0,-2.0,-7.241452845573072,2.105828696668766,-0.011812154323246,-0.0089205319814041,-0.0081609631650008,0.0008780674414787006,-0.0186766055506261,-0.0047923668738821,0.5023923444976076,0.5023923444976076,0.5023923444976076,0.5023923444976076,0.5023923444976076,0.5023923444976076,0.5023923444976076,0.5023923444976076,0.5023923444976076,0.5023923444976076,0.5023923444976076,0.5023923444976076,0.23444976076555024,0.48325358851674644,0.22966507177033493,0.22488038277511962,0.22248803827751196,0.4354066985645933,0.4258373205741627,0.23444976076555024,0.23923444976076555,0.06220095693779904,0.5406698564593302,0.49760765550239233,0.5,0.0,0.0,1.0,0.0,0.0,0.9999999999996666,0.0,0.0,0.7853981633974483,0.0,0.0,1261.6666666666667,187.3384077340941,-467.7777777777778,428.0543209876543,297.50130252199943,-97.95555555555552,0.01621080576130064,0.008543855415210595,-0.02193158952617104,0.00845108095765074,0.0051447649463772435,0.0028997640943286603
79,0.8630497134669708,0.507177033492823,2.302585092994046,0.5023923444976076,0.0033473943818296,0.0032094653277983,0.0009509897250572,0.0033504648392563,0.0048757349544531,0.0047543410164966,0.0010812182226238,0.0,0.0004983672216973,0.0001456569957379,0.0004766066798261,0.0,-0.0002632832024435,0.0023479829808391,0.0715980244912368,0.0796396400738208,0.0077431810138587,6.1590989269326935,2.302585092994046,0.0,0.0,0.6121486943768056,0.3878513054303761,0.0886575530637112,0.1166664379755407,0.0217912173657655,5.906310659117549,2.302585092994046,0.0,0.0,0.6947578245481337,0.3052421753318904,0.1172147770419549,0.1649912588587692,0.033958175804333,5.906310659154184,2.302585092994046,0.0,0.0,0.5682887713643261,0.4317112285685258,0.002177157410923,0.0009348365873154,0.0008213789598714,0.0034495146785365,-0.0035350282696117,-0.000185142851267,0.001736785780317,02,Tribolium,0.5,0.5,0.0,1.0,0.0,3.0,3.0,0.0,0.9999999999996666,9.0,12.0,0.7853981633974483,1129.0,2354.0,1102.0,1120.0,1178.0,51.735387821277165,62.16912416947821,1126.125,1090.6666666666667,0.0314068497195157,0.0290489179173873,0.0325441507012068,0.0,0.0,0.0,0.0,0.0,0.0,0.0,0.0,-3.7777777777778283,30.77777777777783,1181.604938271605,1473.604938271605,-11.0,13.0,4.042057694992707,13.602859634206737,0.0014289193614971975,-0.0014872215067084013,0.0164327788439082,0.0120210650592406,0.0196900358175542,0.010487838772148803,0.5023923444976076,0.5023923444976076,0.5023923444976076,0.5023923444976076,0.5023923444976076,0.5023923444976076,0.5023923444976076,0.5023923444976076,0.5023923444976076,0.5023923444976076,0.5023923444976076,0.5023923444976076,0.645933014354067,0.9473684210526315,0.6220095693779905,0.631578947368421,0.7129186602870813,0.9330143540669856,0.9186602870813397,0.645933014354067,0.6076555023923444,0.8421052631578947,0.9521531100478469,0.9856459330143541,0.5,0.0,0.0,1.0,0.0,0.0,0.9999999999996666,0.0,0.0,0.7853981633974483,0.0,0.0,1104.9555555555555,102.7441650741789,24.04444444444448,553.767901234568,444.9763052488203,1800.232098765432,0.00982272322698808,0.013488588901158534,0.021584126492527618,0.011445633035774722,0.005893331280171994,0.01760328488161258
80,0.7975521623691589,0.4641148325358851,2.302585092994046,0.5023923444976076,0.0017445431420965,0.0008402916635335,0.0015288363858935,0.0023691364079652,0.0024073925556093,0.0005866990546414,0.0023348068734022,0.0,0.0025857051024303,0.0014127758253734,0.0021656258550301,0.0,0.0002902251141209,0.0023743953187823,0.0726545795267105,0.0832238201017028,0.0092349843264797,6.071055634187034,2.302585092994046,0.0,0.0,0.6599974190103217,0.3400025808032492,0.0815533297305088,0.1043496344024288,0.0143408448644116,6.129454210413392,2.302585092994046,0.0,0.0,0.5799959708830615,0.4200040289710935,0.1026841986534556,0.1375323986080091,0.0239659209334351,6.270376619723173,2.302585092994046,0.0,0.0,0.597311863617715,0.402688136292344,0.0019844018223,0.0010698733686489,0.0005054357748338,0.0013814320427172,0.7885083575988564,-1.0003689404109892e-05,0.0015989082361953,02,Tribolium,0.5,0.5,0.0,1.0,0.0,3.0,3.0,0.0,0.9999999999996666,9.0,12.0,0.7853981633974483,1031.5555555555557,80.24691358024691,1032.0,1035.0,1036.0,21.217017018300307,26.580067720004024,1031.0,1035.75,-0.0046046962516156,0.0051970435509865,0.0026383991198043,0.0,0.0,0.0,0.0,0.0,0.0,0.0,0.0,6.888888888888914,26.888888888889028,-227.53086419753086,30.69135802469134,10.0,31.0,1.3302414055789065,8.895763117929523,-0.013225385906788,0.0080860801252921,-0.0024557897603028006,0.0033153028379523993,-1.7738098569099713e-05,6.483657207340034e-05,0.5023923444976076,0.5023923444976076,0.5023923444976076,0.5023923444976076,0.5023923444976076,0.5023923444976076,0.5023923444976076,0.5023923444976076,0.5023923444976076,0.5023923444976076,0.5023923444976076,0.5023923444976076,0.5263157894736842,0.11004784688995216,0.5478468899521531,0.5358851674641149,0.5119617224880383,0.3827751196172249,0.3588516746411483,0.5263157894736842,0.5502392344497608,0.07177033492822966,0.19617224880382775,0.16267942583732056,0.5,0.0,0.0,1.0,0.0,0.0,0.9999999999996666,0.0,0.0,0.7853981633974483,0.0,0.0,1130.9777777777776,107.75453128451574,-99.42222222222199,867.2493827160495,769.8736007672688,-787.0024691358026,0.020488301028396078,0.012020800710164516,-0.02509299728001168,0.013685092634807158,0.008023809498063127,-0.008488049083820658
81,0.5702102343456631,0.3253588516746411,2.302585092994046,0.5023923444976076,0.0019638943736363,-0.0019079117653845,0.0004655682617058,0.0023691364079652,0.0001415681108921,0.0001406389145155,1.6193385855708867e-05,0.0,0.0019190469246551,0.0002819490304129,0.001898221758193,0.0,-0.0020205878068781,0.003463947857384,0.0531298973524729,0.0569579022673586,0.0028177707749909,6.829497969816127,2.302585092994046,0.0,0.0,0.6123094828162498,0.3876905168304839,0.0561175973680774,0.0641419345298199,0.0048139342166385,7.102751760432891,2.302585092994046,0.0,0.0,0.5870747202158318,0.4129252794689452,0.0779666911266542,0.114603530171366,0.0230885707047204,6.635138434694564,2.302585092994046,0.0,0.0,0.6526990082565928,0.3473009915921644,0.0033813608640996,0.0018282491159599,0.0011176897973791,0.0030798773303548,-0.997604438574825,0.0010124809760555,0.0023529492515183,02,Tribolium,0.5,0.5,0.0,1.0,0.0,3.0,3.0,0.0,0.9999999999996666,9.0,12.0,0.7853981633974483,1253.111111111111,1400.5432098765432,1247.0,1271.0,1280.0,31.700797473696277,55.509008277936296,1253.875,1232.8333333333333,0.0167915410533783,0.0178919823991187,0.0111853805421044,0.0,0.0,0.0,0.0,0.0,0.0,0.0,0.0,-5.0,-26.44444444444457,896.6666666666667,902.2962962962963,6.0,-6.0,5.709848052459396,7.843597817491414,0.002649970798145598,-0.0008578163623909028,0.010341754754507802,0.006105414572343301,0.0086976006213721,-0.0048737090359197,0.5023923444976076,0.5023923444976076,0.5023923444976076,0.5023923444976076,0.5023923444976076,0.5023923444976076,0.5023923444976076,0.5023923444976076,0.5023923444976076,0.5023923444976076,0.5023923444976076,0.5023923444976076,0.84688995215311,0.9043062200956937,0.84688995215311,0.8516746411483254,0.8516746411483254,0.722488038277512,0.861244019138756,0.84688995215311,0.8373205741626795,0.5406698564593302,0.8133971291866029,0.6411483253588517,0.5,0.0,0.0,1.0,0.0,0.0,0.9999999999996666,0.0,0.0,0.7853981633974483,0.0,0.0,1132.5555555555554,194.1126693316583,120.55555555555566,2711.051851851852,4111.981261906674,-1310.5086419753088,0.03130709728782792,0.02971708719951168,-0.014515556234449622,0.01962305602079812,0.016262193091418572,-0.0017310736216794194
82,0.7294727627414442,0.416267942583732,2.302585092994046,0.5023923444976076,0.0008904408147515,0.0004480418900111,0.0007695084855741,0.0,0.0023388370576705,-0.0001463742930086,0.0023342522033146,0.0,0.0010789820251947,0.0009187476967325,0.0005657781194442,0.0,-0.000416755580923,0.0018486687135195,0.0804633778349022,0.0854532756699837,0.0053867963558298,6.0181833601472965,2.302585092994046,0.0,0.0,0.6555623374725448,0.3444376623736889,0.0914162728040771,0.1092117921931357,0.0140750127198375,6.038370381120245,2.302585092994046,0.0,0.0,0.5728312648688824,0.4271687350142273,0.1213688343199113,0.1593673527449982,0.0323171939903797,5.975671786949049,2.302585092994046,0.0,0.0,0.5751665067718899,0.4248334931647178,0.0021149998535201,0.0011054657344969,0.0008023417494715,0.0016752324196281,-0.9586324053940508,-0.0005392647217454,0.0018751467194042,02,Tribolium,0.5,0.5,0.0,1.0,0.0,3.0,3.0,0.0,0.9999999999996666,9.0,12.0,0.7853981633974483,1265.2222222222222,829.0617283950618,1264.0,1272.0,1284.0,33.39508053252628,56.8792580823625,1265.375,1235.4166666666667,0.0236783173794677,0.0096213404504523,0.0105405284444146,0.0,0.0,0.0,0.0,0.0,0.0,0.0,0.0,-10.555555555555657,-35.111111111111086,631.5555555555557,449.50617283950623,-2.0,-34.0,13.654429793984288,3.1511744868102802,-0.0014044208194522977,0.011598081542502902,0.006271094956127099,0.0009835695288207998,0.008087198707224599,0.008447484145766,0.5023923444976076,0.5023923444976076,0.5023923444976076,0.5023923444976076,0.5023923444976076,0.5023923444976076,0.5023923444976076,0.5023923444976076,0.5023923444976076,0.5023923444976076,0.5023923444976076,0.5023923444976076,0.8516746411483254,0.8038277511961722,0.8660287081339713,0.8564593301435407,0.8564593301435407,0.7416267942583732,0.8660287081339713,0.8564593301435407,0.8516746411483254,0.7272727272727273,0.3827751196172249,0.6363636363636364,0.5,0.0,0.0,1.0,0.0,0.0,0.9999999999996666,0.0,0.0,0.7853981633974483,0.0,0.0,1024.4888888888886,134.35581284203684,240.73333333333358,313.120987654321,187.00015125834713,515.9407407407407,0.010709557232191181,0.010398666615572032,0.01296876014727652,0.00887426438015644,0.004240647784414728,0.0007470760702958587
84,0.632071199022252,0.3636363636363636,2.302585092994046,0.5023923444976076,0.0008904408147515,0.0003351943707396,0.0008249421667,0.0,0.0001415681108921,0.0001415458928911,2.5080325429237e-06,0.0,0.0009716664581466,0.0002838956538206,0.000929267971916,0.0,6.408912903803544e-05,0.0014561572292418,0.054813588600463,0.0569579022673586,0.0019837409145863,6.829497969816127,2.302585092994046,0.0,0.0,0.6526218737882122,0.3473781258793922,0.056455674781949,0.0592284101991322,0.0025385329891219,7.262145812541139,2.302585092994046,0.0,0.0,0.6619151939368698,0.3380848057500125,0.0716462816027538,0.1006534510674211,0.017941509589951,6.894728772256762,2.302585092994046,0.0,0.0,0.6753417216424363,0.3246582781742483,0.0027201573138651,0.0014454802406181,0.0004770082399076,0.000529755005618,0.8708481571872277,-0.0001166999789606,0.0023489289131724,02,Tribolium,0.5,0.5,0.0,1.0,0.0,3.0,3.0,0.0,0.9999999999996666,9.0,12.0,0.7853981633974483,994.7777777777778,157.06172839506172,989.0,995.0,1000.0,23.79536708354816,26.1725046566048,994.125,974.5,0.0197280241259912,0.0050679605033446,0.0069766545784043,0.0,0.0,0.0,0.0,0.0,0.0,0.0,0.0,66.55555555555566,19.333333333333485,-334.44444444444446,-255.8518518518518,70.0,17.0,-3.4283529218119746,-7.306766840521288,0.0150596018133266,0.0031543824811570004,-0.0102847542175432,-0.005924032281080301,-0.0145743983416396,0.0013963157179665998,0.5023923444976076,0.5023923444976076,0.5023923444976076,0.5023923444976076,0.5023923444976076,0.5023923444976076,0.5023923444976076,0.5023923444976076,0.5023923444976076,0.5023923444976076,0.5023923444976076,0.5023923444976076,0.4880382775119617,0.22488038277511962,0.4880382775119617,0.4880382775119617,0.46411483253588515,0.507177033492823,0.3444976076555024,0.4880382775119617,0.48325358851674644,0.6411483253588517,0.18181818181818182,0.4449760765550239,0.5,0.0,0.0,1.0,0.0,0.0,0.9999999999996666,0.0,0.0,0.7853981633974483,0.0,0.0,1233.6444444444446,157.0507569128961,-238.8666666666668,347.3777777777778,339.59031214184307,-190.31604938271607,0.01380331599428554,0.008212619362410977,0.005924708131705661,0.0062585200625508595,0.004262986528955149,-0.0011905595592062593
85,0.5750804283326765,0.3301435406698564,2.302585092994046,0.5023923444976076,0.0029924075954728,0.0025835977658049,0.0015098098562306,0.0023691364079652,0.0048757349544531,0.0046826014701529,0.0013586886390184,0.0,0.0019800481700549,0.0017193982413876,0.0009819676385965,0.0,0.0006472509078013,0.0017445311283292,0.0446764660047784,0.0502569725888457,0.0049622596023058,7.079824255636464,2.302585092994046,0.0,0.0,0.5472131433735614,0.4527868561315386,0.0498843666594028,0.0592284101991322,0.0075097804010985,7.262145812541139,2.302585092994046,0.0,0.0,0.627146736449963,0.372853263157086,0.0734613536127775,0.1047254768544608,0.0243946989937267,6.81541081042854,2.302585092994046,0.0,0.0,0.65214695889921,0.3478530409338915,0.0031808489488585,0.00141649143729,0.0006272804233498,0.0035219744712587,-0.8141161646086063,-0.0003416087571159,0.0022099849051741,02,Tribolium,0.5,0.5,0.0,1.0,0.0,3.0,3.0,0.0,0.9999999999996666,9.0,12.0,0.7853981633974483,935.0,245.77777777777777,926.0,932.0,948.0,18.618079729691672,24.82438317461282,935.625,928.4166666666666,0.0077094474153298,0.0037191877253398,0.0013098875629828,0.0,0.0,0.0,0.0,0.0,0.0,0.0,0.0,-75.77777777777783,-46.22222222222217,-871.0617283950617,33.827160493827165,-68.0,-49.0,-27.810637926796325,-2.5372208248979824,-0.003832819265993599,-0.010635020934800399,-0.0144894741412726,-0.0022700998034464,-0.0081143337185037,0.0008938265716278999,0.5023923444976076,0.5023923444976076,0.5023923444976076,0.5023923444976076,0.5023923444976076,0.5023923444976076,0.5023923444976076,0.5023923444976076,0.5023923444976076,0.5023923444976076,0.5023923444976076,0.5023923444976076,0.4019138755980861,0.36363636363636365,0.4138755980861244,0.4090909090909091,0.41148325358851673,0.2631578947368421,0.3062200956937799,0.4019138755980861,0.41626794258373206,0.24880382775119617,0.10047846889952153,0.09569377990430622,0.5,0.0,0.0,1.0,0.0,0.0,0.9999999999996666,0.0,0.0,0.7853981633974483,0.0,0.0,1259.9555555555555,160.59976477082535,-324.9555555555555,3933.4024691358018,6557.417157665305,-3687.624691358024,0.024784047077948002,0.024371438698817742,-0.017074599662618203,0.020441063499271737,0.02158890547087957,-0.016721875773931937
87,0.2338106409179569,0.1004784688995215,2.302585092994046,0.5023923444976076,0.0024713209101331,-0.0009691204684297,0.0022733747070229,0.0033504648392563,0.0023388370576705,-0.0008519031354656,0.0021781689168007,0.0,0.0009716664581466,0.0004360459450759,0.0008683315263596,0.0,0.0005493074293984,0.0027583459072919,0.0559010557096896,0.0594176388288432,0.0035540487009568,6.744940581813055,2.302585092994046,0.0,0.0,0.6746488191051454,0.3253511805761355,0.0685456580201347,0.0922747457528456,0.0160149638863952,6.375407483096626,2.302585092994046,0.0,0.0,0.7131076611737639,0.286892338624419,0.090918128142281,0.1236725513028848,0.0256127407798375,6.482820935959722,2.302585092994046,0.0,0.0,0.6035405137582853,0.3964594861296335,0.0028142470165995,0.0009161271016208,0.0017093728453544,0.0014214818447791,0.829556533147528,-0.0001150615803319,0.0021468526762544,02,Tribolium,0.5,0.5,0.0,1.0,0.0,3.0,3.0,0.0,0.9999999999996666,9.0,12.0,0.7853981633974483,1181.3333333333333,762.4444444444445,1157.0,1183.0,1205.0,41.43662113023055,49.32798394420757,1178.0,1142.6666666666667,0.0299097065462753,0.0142859402480165,0.0140536939718918,0.0,0.0,0.0,0.0,0.0,0.0,0.0,0.0,2.0,4.222222222222172,272.6666666666667,288.3456790123457,-1.0,-2.0,6.303093141200428,14.44372228715116,-0.0032304856527070012,0.011078292538346302,0.0028600421828327994,0.0030615980953367997,-0.001754676800657098,0.0067704273211402,0.5023923444976076,0.5023923444976076,0.5023923444976076,0.5023923444976076,0.5023923444976076,0.5023923444976076,0.5023923444976076,0.5023923444976076,0.5023923444976076,0.5023923444976076,0.5023923444976076,0.5023923444976076,0.7464114832535885,0.7894736842105263,0.7416267942583732,0.7583732057416268,0.7464114832535885,0.8755980861244019,0.8277511961722488,0.7464114832535885,0.7177033492822966,0.8181818181818182,0.6985645933014354,0.7655502392344498,0.5,0.0,0.0,1.0,0.0,0.0,0.9999999999996666,0.0,0.0,0.7853981633974483,0.0,0.0,1239.0444444444443,179.07840341007415,-57.711111111110995,603.8123456790123,424.2977847871446,158.63209876543215,0.03154877418801479,0.007802540362056413,-0.0016390676417394924,0.007883961938325659,0.004475867653583113,0.0064019783096908416
88,0.3153344439164044,0.1674641148325359,2.302585092994046,0.5023923444976076,0.0024713209101331,-0.001086601646031,0.0022196224687328,0.0033504648392563,0.0022320592690683,-0.0020604621896057,0.0008582448053086,0.0,0.0010953394517227,0.0008302225826184,0.0007144921117903,0.0,-0.0004442844095058,0.0036051029348742,0.0549315792899235,0.0729832456543951,0.0132743723594338,6.333663039999079,2.302585092994046,0.0,0.0,0.7355804685024818,0.2644195311844006,0.0680852280662547,0.0928810252427439,0.0193782376406459,6.362309718908091,2.302585092994046,0.0,0.0,0.7006054326885295,0.299394567111914,0.0919259500103187,0.126166245716651,0.0284441197746833,6.442894755407608,2.302585092994046,0.0,0.0,0.5257500086187947,0.4742499912732074,0.0021635453927346,0.0009770860655344,0.0014682252237875,0.0010051394517769,0.9994344203296508,-0.0008741692592712,0.001510356081866,02,Tribolium,0.5,0.5,0.0,1.0,0.0,3.0,3.0,0.0,0.9999999999996666,9.0,12.0,0.7853981633974483,1470.0,758.4444444444445,1446.0,1464.0,1492.0,40.9303778288514,49.60090724976712,1466.875,1421.8333333333333,0.030640589569161,0.0104802225784069,0.0066652782115895,0.0,0.0,0.0,0.0,0.0,0.0,0.0,0.0,-10.555555555555657,17.555555555555657,-1868.6913580246915,637.5308641975308,-3.0,11.0,-11.5261501831718,18.60812922384967,0.007619951670474398,0.013829849055085098,-0.0110993513135039,0.0061612240354965,-0.013831390180168001,0.0005752830585841993,0.5023923444976076,0.5023923444976076,0.5023923444976076,0.5023923444976076,0.5023923444976076,0.5023923444976076,0.5023923444976076,0.5023923444976076,0.5023923444976076,0.5023923444976076,0.5023923444976076,0.5023923444976076,0.9904306220095693,0.784688995215311,1.0,0.9856459330143541,0.9856459330143541,0.861244019138756,0.8325358851674641,0.9904306220095693,1.0,0.8373205741626795,0.45933014354066987,0.41626794258373206,0.5,0.0,0.0,1.0,0.0,0.0,0.9999999999996666,0.0,0.0,0.7853981633974483,0.0,0.0,1176.8444444444444,137.26302767108155,293.15555555555557,394.05925925925925,243.43293329633968,364.3851851851852,0.022929068006412923,0.01653609253960429,0.007711521562748076,0.00695346158301746,0.004802950671074819,0.0035267609953894396
89,0.5374127784560566,0.3205741626794258,2.302585092994046,0.5023923444976076,0.0029924075954728,0.0026894055575529,0.0013120979248695,0.0023691364079652,0.0025067128113332,0.002456350619561,0.0004999507498587,0.0,0.0010412386984392,-0.0007880062912219,0.0006806056950408,0.0,-0.0010863491199981,0.0020102789035538,0.046217642027327,0.047971356047272,0.0024801261515299,7.172914678663844,2.302585092994046,0.0,0.0,0.9236539346383787,0.0763460648948162,0.0503549706865772,0.0569579022673586,0.0054249306158493,7.340323593581984,2.302585092994046,0.0,0.0,0.6614958218396089,0.3385041777705357,0.0663310380986219,0.0987392845530722,0.0191025003159885,6.933129876778774,2.302585092994046,0.0,0.0,0.6048370095993374,0.3951629901907862,0.0035247966930787,0.0017218314810047,0.0007176043336819,0.00264877502809,0.5712700071321769,0.0006872517501702,0.0025440088789087,02,Tribolium,0.5,0.5,0.0,1.0,0.0,3.0,3.0,0.0,0.9999999999996666,9.0,12.0,0.7853981633974483,1182.111111111111,1396.5432098765432,1170.0,1183.0,1187.0,36.125638118786064,41.400483088968905,1181.5,1181.4166666666667,7.049534730701356e-05,0.0170501611804287,0.0238295129596985,0.0,0.0,0.0,0.0,0.0,0.0,0.0,0.0,-74.55555555555566,4.6666666666667425,738.320987654321,1287.4074074074074,-79.0,9.0,3.3877350098861996,13.752362390334007,-0.022608549745531087,-0.013447481438575788,0.004052588147847801,0.010982215371130201,0.013758666537125198,0.017819629661329398,0.5023923444976076,0.5023923444976076,0.5023923444976076,0.5023923444976076,0.5023923444976076,0.5023923444976076,0.5023923444976076,0.5023923444976076,0.5023923444976076,0.5023923444976076,0.5023923444976076,0.5023923444976076,0.7511961722488039,0.8995215311004785,0.7559808612440191,0.7583732057416268,0.7320574162679426,0.8038277511961722,0.7272727272727273,0.7511961722488039,0.7799043062200957,0.09569377990430622,0.7799043062200957,0.9473684210526315,0.5,0.0,0.0,1.0,0.0,0.0,0.9999999999996666,0.0,0.0,0.7853981633974483,0.0,0.0,1264.8222222222223,182.9627311439527,-82.71111111111122,3060.3407407407403,4021.9636295293017,-1663.7975308641971,0.043045142475251805,0.04071726805845374,-0.04297464712794479,0.01683123058056332,0.017803171527385794,0.00021893059986538219
91,0.4133397323572836,0.2392344497607655,2.302585092994046,0.5023923444976076,0.0024713209101331,-0.001503984113913,0.0019609841472991,0.0033504648392563,0.0046010596899344,-0.0045202141523078,0.0008587282967362,0.0,0.0004515661722312,-4.844433220887074e-05,0.0004489600812771,0.0,-0.0008182755568647,0.0026850212623606,0.0471737272834698,0.0532397191612716,0.0044454900746129,6.964513409168586,2.302585092994046,0.0,0.0,0.7992885077947549,0.2007114917598352,0.0599455966869102,0.08103693333209,0.0160634311566122,6.635138434618526,2.302585092994046,0.0,0.0,0.8596229617573563,0.1403770379830051,0.0763173531638991,0.1012095517141177,0.0204093621816226,6.883709377008232,2.302585092994046,0.0,0.0,0.6954057315056895,0.3045942683340766,0.0025106314054753,0.0010528005631121,0.0014804554274512,0.0014410894171536,0.8503662294214683,-0.0002689779498361,0.0016050100611938,02,Tribolium,0.5,0.5,0.0,1.0,0.0,3.0,3.0,0.0,0.9999999999996666,9.0,12.0,0.7853981633974483,1154.111111111111,736.9876543209876,1148.0,1159.0,1167.0,23.47374499562916,36.52738698565776,1153.125,1149.75,0.0029243284875324,0.009650016801954,0.0134418903762901,0.0,0.0,0.0,0.0,0.0,0.0,0.0,0.0,-30.555555555555657,34.33333333333326,389.87654320987656,1.0370370370369528,-30.0,35.0,-4.44791316166949,-5.766048240604508,-0.0180027958793781,-0.0143037921713285,-0.00030730508628539974,-0.0067954079291353,0.0120634493280077,0.0006815994955490998,0.5023923444976076,0.5023923444976076,0.5023923444976076,0.5023923444976076,0.5023923444976076,0.5023923444976076,0.5023923444976076,0.5023923444976076,0.5023923444976076,0.5023923444976076,0.5023923444976076,0.5023923444976076,0.6985645933014354,0.7751196172248804,0.7177033492822966,0.7057416267942583,0.6889952153110048,0.4688995215311005,0.645933014354067,0.7033492822966507,0.7320574162679426,0.13875598086124402,0.3875598086124402,0.7272727272727273,0.5,0.0,0.0,1.0,0.0,0.0,0.9999999999996666,0.0,0.0,0.7853981633974483,0.0,0.0,1243.8444444444444,193.8331801534378,-89.73333333333335,3124.6962962962966,4390.455384538306,-2387.708641975309,0.01922630377091964,0.051004742255934536,-0.01630197528338724,0.02239274406388292,0.028875064771964436,-0.012742727261928918
92,0.4730080188269672,0.277511961722488,2.302585092994046,0.5023923444976076,0.0040644300146257,0.0005839375137828,0.0040222640793199,0.0047382728159305,0.0047745838502092,0.0001918891356281,0.0047707263076293,0.0,0.0007099314729432,0.0005123182688752,0.0004914597518128,0.0,-0.0009277323744768,0.001979012940465,0.059822730269169,0.06569816457658,0.0045739884941754,6.543980869059419,2.302585092994046,0.0,0.0,0.6858484251198954,0.3141515746023021,0.0632356167730656,0.0688681507303407,0.0054890677988685,6.9605608349945856,2.302585092994046,0.0,0.0,0.6974199565522635,0.3025800431995279,0.0795402847231242,0.1128514944874519,0.0184758816240464,6.665950158264086,2.302585092994046,0.0,0.0,0.6393866703663533,0.3606133294836769,0.0031082866107057,0.0017003586533805,0.0007729072478531,0.0033252414077036,0.9644893442166884,0.0003023005959515,0.0024514722952396,02,Tribolium,0.5,0.5,0.0,1.0,0.0,3.0,3.0,0.0,0.9999999999996666,9.0,12.0,0.7853981633974483,1209.2222222222222,1151.9506172839508,1183.0,1212.0,1238.0,35.98956580596187,44.90267252625394,1208.875,1197.4166666666667,0.0094757879261232,0.0191883746739678,0.026896446224573,0.0,0.0,0.0,0.0,0.0,0.0,0.0,0.0,-112.55555555555566,10.666666666666515,786.2222222222224,492.37037037037067,-117.0,12.0,-0.8449199949842523,7.876889568190784,-0.011550187191563399,-0.006272334814212301,0.0158324736520486,0.006919597111123499,0.0232930441988051,0.0181539455202892,0.5023923444976076,0.5023923444976076,0.5023923444976076,0.5023923444976076,0.5023923444976076,0.5023923444976076,0.5023923444976076,0.5023923444976076,0.5023923444976076,0.5023923444976076,0.5023923444976076,0.5023923444976076,0.7799043062200957,0.8708133971291866,0.7751196172248804,0.784688995215311,0.80622009569378,0.7894736842105263,0.7799043062200957,0.7799043062200957,0.7990430622009569,0.291866028708134,0.8421052631578947,0.9617224880382775,0.5,0.0,0.0,1.0,0.0,0.0,0.9999999999996666,0.0,0.0,0.7853981633974483,0.0,0.0,1191.4222222222222,130.71747689361243,17.799999999999955,905.762962962963,304.9478559397485,246.1876543209878,0.02501710453564074,0.022614186733042153,-0.015541316609517538,0.012398517267528459,0.002868089414341025,0.00678985740643934
93,0.1982867872495898,0.0765550239234449,2.302585092994046,0.5023923444976076,0.0024713209101331,-0.0024671314118308,0.0001438389294265,0.0033504648392563,0.0001415681108921,7.172906646030811e-05,0.0001220511001438,0.0,0.0038394841696543,-0.0030303528425538,0.0023576684115141,0.0,-0.0033604840925508,0.0035317000374533,0.084781577799609,0.094409417027329,0.0073808159303179,5.818841196877471,2.302585092994046,0.0,0.0,0.8574462789494527,0.1425537209124713,0.0926996375892822,0.1143583886496471,0.0128453000056969,5.946273915926391,2.302585092994046,0.0,0.0,0.6300925743775477,0.3699074255082739,0.1174830644916741,0.1563630029257091,0.0273666317541982,6.0137351590286965,2.302585092994046,0.0,0.0,0.5525365478360623,0.4474634520952149,0.0034265594695991,0.0021464987711374,0.0013870299066564,0.0029304598954611,-0.0811477979220203,-1.367280197326706e-05,0.0025813794208211,02,Tribolium,0.5,0.5,0.0,1.0,0.0,3.0,3.0,0.0,0.9999999999996666,9.0,12.0,0.7853981633974483,1364.4444444444443,1202.0246913580247,1354.0,1375.0,1394.0,43.43038141697303,58.30951894845301,1361.875,1321.4166666666667,0.0296518729641693,0.0162578634124585,0.0131650100182643,0.0,0.0,0.0,0.0,0.0,0.0,0.0,0.0,3.0,3.666666666666515,379.7777777777778,400.96296296296293,26.0,25.0,-10.429260725267781,13.8247486228803,-0.016714323069455004,0.0199147944959731,0.005962529881681498,0.004627089059781899,0.0028696764874909988,0.0048647059172675,0.5023923444976076,0.5023923444976076,0.5023923444976076,0.5023923444976076,0.5023923444976076,0.5023923444976076,0.5023923444976076,0.5023923444976076,0.5023923444976076,0.5023923444976076,0.5023923444976076,0.5023923444976076,0.9425837320574163,0.8803827751196173,0.9569377990430622,0.9521531100478469,0.9473684210526315,0.8851674641148325,0.8803827751196173,0.9473684210526315,0.9617224880382775,0.8086124401913876,0.7607655502392344,0.722488038277512,0.5,0.0,0.0,1.0,0.0,0.0,0.9999999999996666,0.0,0.0,0.7853981633974483,0.0,0.0,1216.688888888889,56.248891347099246,147.75555555555525,1169.1654320987652,593.6883805698018,32.85925925925949,0.0027962474295221197,0.018924026905921557,0.026855625534647178,0.0156496299324744,0.008244922622502185,0.0006082334799840973
94,0.1941321818566643,0.0717703349282296,2.302585092994046,0.5023923444976076,0.0017445431420965,0.0009133306641534,0.0014863572493022,0.0023691364079652,0.0001415681108921,0.0001415641979475,1.052559281567102e-06,0.0,0.0010953394517227,0.0007209570077428,0.0008246147630783,0.0,-6.137522718819893e-05,0.0031030763411993,0.0470204267703517,0.0476190524590405,0.00072494843636,7.187656960394596,2.302585092994046,0.0,0.0,0.6478291737184451,0.352170825829362,0.0553492839182409,0.078432371009827,0.0122158781692709,6.700474994892083,2.302585092994046,0.0,0.0,0.7572093429269937,0.2427906567617483,0.077081280116518,0.1072148748562045,0.0237546041786731,6.768425656876056,2.302585092994046,0.0,0.0,0.6174280443979131,0.3825719554483779,0.0032309555896662,0.0014547517599728,0.0019201929956792,0.0003350464839256,0.9878497479088412,0.0004754512334317,0.0023413698327341,02,Tribolium,0.5,0.5,0.0,1.0,0.0,3.0,3.0,0.0,0.9999999999996666,9.0,12.0,0.7853981633974483,1278.4444444444443,1353.8024691358023,1259.0,1281.0,1297.0,35.65888867019143,49.00255095400647,1279.875,1241.75,0.0298213975317225,0.013042976054853,0.001064440180241,0.0,0.0,0.0,0.0,0.0,0.0,0.0,0.0,-36.44444444444457,8.55555555555543,557.037037037037,340.1481481481479,-34.0,10.0,-11.46430175558396,-11.350780383479886,-0.0125459338862257,-0.004466379176650902,0.004035750266400601,0.0008567215264346003,-0.011147820663411401,-0.015009733475271101,0.5023923444976076,0.5023923444976076,0.5023923444976076,0.5023923444976076,0.5023923444976076,0.5023923444976076,0.5023923444976076,0.5023923444976076,0.5023923444976076,0.5023923444976076,0.5023923444976076,0.5023923444976076,0.8708133971291866,0.8899521531100478,0.8564593301435407,0.8755980861244019,0.8851674641148325,0.7799043062200957,0.8229665071770335,0.8708133971291866,0.8564593301435407,0.8133971291866029,0.6172248803827751,0.07177033492822966,0.5,0.0,0.0,1.0,0.0,0.0,0.9999999999996666,0.0,0.0,0.7853981633974483,0.0,0.0,1151.4888888888886,128.44435986156384,126.95555555555575,444.0740740740741,206.9332092401308,909.7283950617282,0.02699528383860438,0.01236389762220412,0.00282611369311812,0.00678398841606064,0.004877307253947009,0.00625898763879236
95,0.4394493916679939,0.2440191387559808,2.302585092994046,0.5023923444976076,0.0024713209101331,-0.0019813607335578,0.0014770364532997,0.0033504648392563,0.0025067128113332,0.0024917374425006,0.000273593925632,0.0,0.0010412386984392,-0.0009581321295981,0.0004076283225674,0.0,-0.0024877263836767,0.0037275751289768,0.0527342450418717,0.0592284101991322,0.0057434138567482,6.751320188775282,2.302585092994046,0.0,0.0,0.7632995510880957,0.236700448556524,0.0698521193217506,0.0985401271706899,0.0215163062119044,6.244020774967795,2.302585092994046,0.0,0.0,0.6558839893090941,0.3441160105037195,0.0914325250469902,0.1213589980450171,0.0270917659568554,6.520589492990571,2.302585092994046,0.0,0.0,0.5131233230777996,0.4868766768122362,0.0029501986011675,0.0018214113205036,0.0007176043336819,0.00264877502809,-0.1109787239365224,0.0005198644314988,0.0022973835330984,02,Tribolium,0.5,0.5,0.0,1.0,0.0,3.0,3.0,0.0,0.9999999999996666,9.0,12.0,0.7853981633974483,1161.7777777777778,733.283950617284,1136.0,1159.0,1180.0,38.22355685352751,53.53503525729669,1156.625,1130.25,0.0227022762050497,0.0084156769317881,0.009604923436744,0.0,0.0,0.0,0.0,0.0,0.0,0.0,0.0,36.888888888888914,51.44444444444457,517.6296296296296,462.61728395061726,33.0,43.0,7.208514034624077,12.145151554023876,-0.010893634502180602,-0.008331947751719901,0.0077475739459339004,-0.0012967902420853005,0.0090000514141688,0.0091146823194297,0.5023923444976076,0.5023923444976076,0.5023923444976076,0.5023923444976076,0.5023923444976076,0.5023923444976076,0.5023923444976076,0.5023923444976076,0.5023923444976076,0.5023923444976076,0.5023923444976076,0.5023923444976076,0.722488038277512,0.7703349282296651,0.69377990430622,0.7057416267942583,0.7200956937799043,0.8373205741626795,0.8516746411483254,0.7129186602870813,0.69377990430622,0.7129186602870813,0.3349282296650718,0.583732057416268,0.5,0.0,0.0,1.0,0.0,0.0,0.9999999999996666,0.0,0.0,0.7853981633974483,0.0,0.0,1232.8222222222223,86.46279725200877,-71.04444444444448,857.7086419753086,441.9816258325006,-124.42469135802469,0.018069367092028242,0.01935867604961333,0.004632909113021458,0.0132408477338748,0.0043910606538431485,-0.004825170802086699
96,0.4102331788225137,0.2344497607655502,2.302585092994046,0.5023923444976076,0.0024713209101331,-0.0021267666532222,0.001258686078259,0.0033504648392563,0.0032298925420121,-0.0017183533390804,0.0027348615385456,0.0,0.0017101854429099,-0.0011859463560068,0.001232179163034,0.0,-0.0034185778719258,0.0042497960731999,0.0644631502328567,0.0735959174367881,0.0081978230115332,6.316943737273134,2.302585092994046,0.0,0.0,0.594461685039619,0.4055383147235656,0.082294869384913,0.1128514944874519,0.0228709734569141,5.972802977704241,2.302585092994046,0.0,0.0,0.6440473273145982,0.3559526725483313,0.1118441329252751,0.1492743951875214,0.0338651758987081,6.106523269396335,2.302585092994046,0.0,0.0,0.5127749053826097,0.4872250945441621,0.0028479252600653,0.0012757149973113,0.0013505808827028,0.0012758190007475,0.9443248610055562,-0.0006739356311083,0.0024797918925554,02,Tribolium,0.5,0.5,0.0,1.0,0.0,3.0,3.0,0.0,0.9999999999996666,9.0,12.0,0.7853981633974483,1149.2222222222222,202.6172839506173,1140.0,1151.0,1163.0,27.574501416365116,36.39024594585752,1147.25,1112.75,0.030020303586967,0.0069395429048332,0.0073416012788217,0.0,0.0,0.0,0.0,0.0,0.0,0.0,0.0,25.666666666666515,6.111111111111086,-88.74074074074073,-73.25925925925921,29.0,4.0,11.836914030369357,5.276879779484624,0.038104757700890904,0.010227826915116402,-0.002903853603578801,0.0003488676441861993,-0.0063447288701747005,0.0034130844868458,0.5023923444976076,0.5023923444976076,0.5023923444976076,0.5023923444976076,0.5023923444976076,0.5023923444976076,0.5023923444976076,0.5023923444976076,0.5023923444976076,0.5023923444976076,0.5023923444976076,0.5023923444976076,0.6842105263157895,0.291866028708134,0.7009569377990431,0.6818181818181818,0.6746411483253588,0.6028708133971292,0.6363636363636364,0.6794258373205742,0.645933014354067,0.8277511961722488,0.2679425837320574,0.4688995215311005,0.5,0.0,0.0,1.0,0.0,0.0,0.9999999999996666,0.0,0.0,0.7853981633974483,0.0,0.0,1283.1111111111109,85.79783875950763,-133.8888888888887,2095.4518518518516,2319.7073319964243,-1892.8345679012343,0.038134015377929355,0.029960053063789693,-0.008113711790962354,0.017054552968179558,0.010096142598101586,-0.010115010063346358
97,0.1934264905316844,0.0669856459330143,2.302585092994046,0.5023923444976076,0.0033473943818296,0.0028923555739594,0.0016850306766614,0.0033504648392563,0.0048757349544531,0.0048751238437595,7.71936142690261e-05,0.0,0.0004416111773401,-0.0004411769276458,1.9579337699484906e-05,0.0,-0.0001787624823777,0.0023743953187823,0.0538251063798755,0.0576922415970395,0.0044324703705917,6.803877439498575,2.302585092994046,0.0,0.0,0.5806254440116778,0.4193745556454793,0.0572057097508143,0.0625469959448416,0.0053814530809941,7.153112051546464,2.302585092994046,0.0,0.0,0.5180603331706406,0.4819396665264625,0.076732228023907,0.1043496344024288,0.0206672373022882,6.8226013909732375,2.302585092994046,0.0,0.0,0.6494107720713898,0.3505892277702562,0.0030706704656929,0.0015199334720223,0.0018975363645817,0.0028528180126574,0.5248213180173122,0.0002775487424511,0.0022085919673312,02,Tribolium,0.5,0.5,0.0,1.0,0.0,3.0,3.0,0.0,0.9999999999996666,9.0,12.0,0.7853981633974483,1129.3333333333333,551.1111111111112,1116.0,1139.0,1146.0,28.28887775224149,40.96644968751869,1133.625,1124.8333333333333,0.0077848288075561,0.0037373907739183,0.002168969665922,0.0,0.0,0.0,0.0,0.0,0.0,0.0,0.0,-110.66666666666674,-55.333333333333485,-138.44444444444434,-357.7777777777776,-92.0,-55.0,-6.476510130203643,-1.7696480980255984,-0.024338827106422302,-0.0036107817720724003,-0.0102040060975536,-0.0008981545612762004,-0.0114393066827979,-0.0042637552260629,0.5023923444976076,0.5023923444976076,0.5023923444976076,0.5023923444976076,0.5023923444976076,0.5023923444976076,0.5023923444976076,0.5023923444976076,0.5023923444976076,0.5023923444976076,0.5023923444976076,0.5023923444976076,0.6507177033492823,0.6794258373205742,0.645933014354067,0.6650717703349283,0.6411483253588517,0.6124401913875598,0.7129186602870813,0.6507177033492823,0.6842105263157895,0.2535885167464115,0.10526315789473684,0.14354066985645933,0.5,0.0,0.0,1.0,0.0,0.0,0.9999999999996666,0.0,0.0,0.7853981633974483,0.0,0.0,1156.0444444444443,114.30923188363732,-26.711111111110995,744.3308641975307,530.3244048867954,-193.21975308641947,0.02136426370118816,0.016852369994949625,-0.013579434893632062,0.01107922057077746,0.005702030866232209,-0.007341829796859161
98,0.116820744375838,0.0287081339712918,2.302585092994046,0.5023923444976076,0.0019638943736363,-0.0015862450015299,0.0011578894186932,0.0023691364079652,0.0023388370576705,0.0007348778690497,0.0022203858448283,0.0,0.0015107342210417,-0.0007987411709571,0.0012823144811023,0.0,-0.0009162364996781,0.0023901026255755,0.0538051112935553,0.0585133528771294,0.0046689259020911,6.775612881337317,2.302585092994046,0.0,0.0,0.792534045345143,0.2074659543120142,0.0639945313236449,0.0854204279748742,0.0135611305240165,6.529777918975926,2.302585092994046,0.0,0.0,0.6450909737384688,0.3549090260278428,0.0878838208140838,0.1288296209879526,0.0269331189659052,6.40111412320972,2.302585092994046,0.0,0.0,0.6793961464650706,0.3206038534165715,0.0032940313843358,0.0021593938193564,0.0024090387637496,0.0042181274521952,-0.8594464633023197,0.0005348488607931,0.0019661695549935,02,Tribolium,0.5,0.5,0.0,1.0,0.0,3.0,3.0,0.0,0.9999999999996666,9.0,12.0,0.7853981633974483,1304.2222222222222,857.7283950617284,1285.0,1315.0,1324.0,35.13651023693593,46.810789354592174,1302.875,1267.25,0.0273151303458851,0.0133559488519677,0.018885570090413,0.0,0.0,0.0,0.0,0.0,0.0,0.0,0.0,74.88888888888891,-4.0,710.1728395061729,537.7777777777778,81.0,10.0,9.917002154741414,20.048850549247856,0.010571637938076098,0.026996631959610197,0.008353745633601101,0.0045730899578659,0.0164502494856898,0.0077553083918190015,0.5023923444976076,0.5023923444976076,0.5023923444976076,0.5023923444976076,0.5023923444976076,0.5023923444976076,0.5023923444976076,0.5023923444976076,0.5023923444976076,0.5023923444976076,0.5023923444976076,0.5023923444976076,0.9043062200956937,0.8229665071770335,0.8995215311004785,0.9090909090909091,0.9090909090909091,0.7751196172248804,0.7990430622009569,0.9090909090909091,0.8851674641148325,0.7894736842105263,0.6507177033492823,0.8516746411483254,0.5,0.0,0.0,1.0,0.0,0.0,0.9999999999996666,0.0,0.0,0.7853981633974483,0.0,0.0,1188.9333333333334,84.9273502166105,115.28888888888878,679.0074074074073,417.6627306788092,178.7209876543211,0.01764207243557854,0.01858875070838413,0.009673057910306558,0.01035778483610272,0.006011175307134462,0.0029981640158649805
99,0.0711268906496161,0.0095693779904306,2.302585092994046,0.5023923444976076,0.0024713209101331,-0.0023336972316458,0.0008131938710233,0.0033504648392563,0.0001415681108921,0.0001130473090066,8.521640656552776e-05,0.0,0.0015107342210417,-0.0009699717968339,0.0011582195819331,0.0,-0.001047964259306,0.0026850212623606,0.0546573649609212,0.0592284101991322,0.0051623624558159,6.751320188775282,2.302585092994046,0.0,0.0,0.8310059864602224,0.1689940132080011,0.0663405693191634,0.1010152647223965,0.0183951994562298,6.194405187727179,2.302585092994046,0.0,0.0,0.8411759993745156,0.1588240004144896,0.091962674921167,0.1353728772624704,0.0301861411644334,6.30202960135735,2.302585092994046,0.0,0.0,0.6200918521274498,0.3799081477658076,0.0032432887306861,0.0021839523906125,0.0022273312207869,0.0033167909711514,0.0061158752422614,0.0003438273409578,0.001990358161387,02,Tribolium,0.5,0.5,0.0,1.0,0.0,3.0,3.0,0.0,0.9999999999996666,9.0,12.0,0.7853981633974483,1152.7777777777778,176.39506172839504,1148.0,1151.0,1157.0,30.91735703994654,45.50274716981382,1149.875,1119.25,0.0265662650602409,0.0047461928268078,0.0055482418270416,0.0,0.0,0.0,0.0,0.0,0.0,0.0,0.0,-33.44444444444434,-10.55555555555543,-942.6666666666669,-395.82716049382714,-35.0,-19.0,-5.461905064262542,-0.337296592694738,0.012867314142294202,0.012203800876859901,-0.0138066418829428,-0.0079348462033859,-0.0199194765551995,-0.012232199476791099,0.5023923444976076,0.5023923444976076,0.5023923444976076,0.5023923444976076,0.5023923444976076,0.5023923444976076,0.5023923444976076,0.5023923444976076,0.5023923444976076,0.5023923444976076,0.5023923444976076,0.5023923444976076,0.69377990430622,0.2583732057416268,0.7177033492822966,0.6818181818181818,0.6626794258373205,0.7081339712918661,0.784688995215311,0.6889952153110048,0.6602870813397129,0.7655502392344498,0.1722488038277512,0.35406698564593303,0.5,0.0,0.0,1.0,0.0,0.0,0.9999999999996666,0.0,0.0,0.7853981633974483,0.0,0.0,1261.4888888888888,77.89913072622336,-108.711111111111,575.9753086419753,221.468937806291,-399.58024691358025,0.023033674826150718,0.012858683149579922,0.0035325902340901834,0.010302410201617,0.0029041448208056006,-0.005556217374809201
100,0.0206709189735298,0.0047846889952153,2.302585092994046,0.5023923444976076,0.0008904408147515,0.0006868720325507,0.0005666494996688,0.0,0.0047059420601764,0.0046943086264513,0.0003306919916817,0.0,0.0006303203827057,0.0004681266722918,0.0004220914634806,0.0,-0.0031496797320817,0.0031627946398632,0.0643660952036955,0.0667154869906569,0.0017318953780803,6.513248616937227,2.302585092994046,0.0,0.0,0.5649474686539117,0.4350525311048915,0.0812199906792393,0.1090832320635896,0.0207496476629534,6.040726094812506,2.302585092994046,0.0,0.0,0.7952340311840821,0.2047659686736143,0.1079619918190911,0.1554269046958372,0.0328753812444787,6.025744541239433,2.302585092994046,0.0,0.0,0.6941079051248192,0.3058920947966666,0.0031430048640828,0.0018470825464936,0.0022697186820985,0.0028528180126574,-0.5428026786315904,-0.0012334863784322,0.0016465455249163,02,Tribolium,0.5,0.5,0.0,1.0,0.0,3.0,3.0,0.0,0.9999999999996666,9.0,12.0,0.7853981633974483,1201.888888888889,508.9876543209877,1185.0,1211.0,1215.0,30.203077815537736,36.53080891521566,1198.375,1190.5,0.0065521863733012,0.0104599074333036,0.0147191303763477,0.0,0.0,0.0,0.0,0.0,0.0,0.0,0.0,-52.66666666666674,-20.0,287.1851851851852,-124.88888888888886,-44.0,-11.0,12.891652283444472,-0.09872329887199527,-0.004075747379245,-0.0043257803448947,0.0027070835048116004,0.0006630730306244007,0.0037635700176746004,0.006477689939573299,0.5023923444976076,0.5023923444976076,0.5023923444976076,0.5023923444976076,0.5023923444976076,0.5023923444976076,0.5023923444976076,0.5023923444976076,0.5023923444976076,0.5023923444976076,0.5023923444976076,0.5023923444976076,0.7751196172248804,0.6602870813397129,0.7799043062200957,0.7799043062200957,0.7655502392344498,0.6794258373205742,0.6507177033492823,0.7751196172248804,0.784688995215311,0.20574162679425836,0.45454545454545453,0.7894736842105263,0.5,0.0,0.0,1.0,0.0,0.0,0.9999999999996666,0.0,0.0,0.7853981633974483,0.0,0.0,1262.4222222222222,90.73405447777203,-60.5333333333333,562.4641975308641,283.6943583972635,-53.47654320987641,0.031446489331476,0.010393190487621386,-0.0248943029581748,0.00875412483218516,0.003919777413905756,0.001705782601118441
101,0.09645561953286,0.0239234449760765,2.302585092994046,0.5023923444976076,0.0017445431420965,0.0009021131966768,0.0014931920690311,0.0023691364079652,0.0032798759073196,-0.0016250465731734,0.0028490015097281,0.0,0.0019845336751089,0.0009307844529044,0.001752716237693,0.0,0.0004126240299946,0.0031746034972693,0.0548348488897729,0.057301765085683,0.0023121293344339,6.817459991260336,2.302585092994046,0.0,0.0,0.6585250871021504,0.341474912565867,0.0728943591023744,0.1022852523271806,0.0222383773086296,6.169417467221485,2.302585092994046,0.0,0.0,0.7778444895693505,0.222155510258477,0.0972937879170129,0.1437384560347415,0.0315180150506744,6.182104909695027,2.302585092994046,0.0,0.0,0.7780868069241386,0.2219131929802541,0.0027080837472199,0.001563675789969,0.0017445431420965,1.0842021724855044e-19,1.0000000000000002,0.0004455081662833,0.001903684735967,02,Tribolium,0.5,0.5,0.0,1.0,0.0,3.0,3.0,0.0,0.9999999999996666,9.0,12.0,0.7853981633974483,1357.3333333333333,794.6666666666666,1352.0,1370.0,1378.0,45.95819352996298,60.21004899516359,1354.75,1293.5833333333333,0.0450638506876228,0.0120384096058219,0.0090231694846474,0.0,0.0,0.0,0.0,0.0,0.0,0.0,0.0,39.7777777777776,19.7777777777776,159.97530864197518,316.1975308641974,46.0,37.0,13.26962482838146,18.70960688511262,0.024697853048898002,0.030516168348363903,0.0020809810419743988,0.0009405967232551989,-0.0030610900829507997,-3.168128411100077e-05,0.5023923444976076,0.5023923444976076,0.5023923444976076,0.5023923444976076,0.5023923444976076,0.5023923444976076,0.5023923444976076,0.5023923444976076,0.5023923444976076,0.5023923444976076,0.5023923444976076,0.5023923444976076,0.937799043062201,0.7942583732057417,0.9521531100478469,0.9425837320574163,0.937799043062201,0.8995215311004785,0.8923444976076556,0.937799043062201,0.937799043062201,0.9330143540669856,0.569377990430622,0.5645933014354066,0.5,0.0,0.0,1.0,0.0,0.0,0.9999999999996666,0.0,0.0,0.7853981633974483,0.0,0.0,1201.4444444444443,74.21823009889378,155.8888888888889,679.4567901234568,401.248148981928,115.20987654320982,0.02217079803124392,0.007989203891302516,0.022893052656378882,0.00913508893515556,0.0041044671302267405,0.0029033206706663393
102,0.0808917449684871,0.0143540669856459,2.302585092994046,0.5023923444976076,0.0017445431420965,-0.001342458412816,0.0011141077975203,0.0023691364079652,0.0023388370576705,0.0022197377307473,0.0007368332165623,0.0,0.0009716664581466,-0.0008899458491726,0.0003900411406861,0.0,-0.0031385120722087,0.0031469805675776,0.0588386733519878,0.0625918485830509,0.0032353227357222,6.6408527357791245,2.302585092994046,0.0,0.0,0.5254661685945735,0.4745338311174459,0.0647126846610173,0.0815203279332416,0.0091441136333024,6.623243646968176,2.302585092994046,0.0,0.0,0.6846088439785012,0.3153911557873806,0.092227245593916,0.139437314069476,0.0301598980220265,6.24286537338869,2.302585092994046,0.0,0.0,0.7047868865592819,0.2952131133345099,0.0031556813835165,0.0021955597532568,0.0019436319811328,0.000473827281593,0.9727381942801732,-0.0006766529912422,0.0020441745033127,02,Tribolium,0.5,0.5,0.0,1.0,0.0,3.0,3.0,0.0,0.9999999999996666,9.0,12.0,0.7853981633974483,1301.5555555555557,260.24691358024694,1291.0,1305.0,1311.0,23.489978375982105,30.0,1299.625,1277.6666666666667,0.0168708383131295,0.0048648489487608,0.0055413589024388,0.0,0.0,0.0,0.0,0.0,0.0,0.0,0.0,-26.666666666666515,-22.333333333333258,-664.814814814815,-345.40740740740733,-10.0,-21.0,-8.967108613555709,-3.2503646238603885,0.0134828510285386,-0.0026109073855695997,-0.008919988717371902,0.0043772723629846,-0.002347661935570701,0.0052329883935302995,0.5023923444976076,0.5023923444976076,0.5023923444976076,0.5023923444976076,0.5023923444976076,0.5023923444976076,0.5023923444976076,0.5023923444976076,0.5023923444976076,0.5023923444976076,0.5023923444976076,0.5023923444976076,0.8995215311004785,0.39712918660287083,0.9090909090909091,0.8995215311004785,0.8899521531100478,0.47368421052631576,0.47368421052631576,0.8995215311004785,0.9090909090909091,0.5454545454545454,0.17703349282296652,0.3492822966507177,0.5,0.0,0.0,1.0,0.0,0.0,0.9999999999996666,0.0,0.0,0.7853981633974483,0.0,0.0,1224.911111111111,90.44521976189665,76.64444444444462,711.4765432098766,492.4573528637528,-451.22962962962964,0.01251002729167162,0.015889674821436942,0.00436081102145788,0.011918344552827762,0.005876192957038336,-0.007053495604066962
103,0.0835667096541866,0.0191387559808612,2.302585092994046,0.5023923444976076,0.0017445431420965,-0.0017443367643159,2.683332427842245e-05,0.0023691364079652,0.0001415681108921,-7.315511509905008e-05,0.0001212017291808,0.0,0.0004416111773401,0.0001070850308315,0.0004284311241303,0.0,-0.0026366618095616,0.0031030763411993,0.0601643149935875,0.0637909500373786,0.0039348962687016,6.602900183696328,2.302585092994046,0.0,0.0,0.7050590478330173,0.2949409518918968,0.067516290131631,0.0907103937289185,0.0122300182541636,6.409604579994475,2.302585092994046,0.0,0.0,0.620874753171633,0.3791252466159636,0.0939282579669968,0.137103215546397,0.0303254351959284,6.2766275702750445,2.302585092994046,0.0,0.0,0.5794318784395812,0.420568121457772,0.0029020233844182,0.001992043025006,0.0014164327008454,0.000529755005618,0.9649975824829932,-0.0007632725906375,0.0020574415476754,02,Tribolium,0.5,0.5,0.0,1.0,0.0,3.0,3.0,0.0,0.9999999999996666,9.0,12.0,0.7853981633974483,1154.5555555555557,835.8024691358025,1140.0,1161.0,1180.0,35.907805787163724,52.478567053607705,1151.125,1119.6666666666667,0.0272471369454334,0.01453961159147,0.0170905597490173,0.0,0.0,0.0,0.0,0.0,0.0,0.0,0.0,-10.333333333333258,11.555555555555657,549.2592592592594,-332.6419753086418,2.0,27.0,-1.7107932851464938,-9.683306300144615,-0.014316197659679102,-0.008514017910209597,0.0118911103750069,0.007217331153249701,0.013352307566269102,0.009828050061600202,0.5023923444976076,0.5023923444976076,0.5023923444976076,0.5023923444976076,0.5023923444976076,0.5023923444976076,0.5023923444976076,0.5023923444976076,0.5023923444976076,0.5023923444976076,0.5023923444976076,0.5023923444976076,0.7081339712918661,0.8133971291866029,0.7009569377990431,0.722488038277512,0.7200956937799043,0.784688995215311,0.84688995215311,0.6985645933014354,0.6650717703349283,0.784688995215311,0.7081339712918661,0.8325358851674641,0.5,0.0,0.0,1.0,0.0,0.0,0.9999999999996666,0.0,0.0,0.7853981633974483,0.0,0.0,1292.9333333333332,74.99792918951864,-138.3777777777775,710.1283950617284,472.3429100097601,125.67407407407416,0.01341838568335334,0.018450210894724966,0.01382875126208006,0.01055046569653742,0.005891374108556558,0.003989145894932581
104,0.1225720849486984,0.0334928229665071,2.302585092994046,0.5023923444976076,0.0040644300146257,-0.0031022340439792,0.0026259732062925,0.0047382728159305,0.0032798759073196,4.186714219853132e-05,0.0032796086824223,0.0,0.0009716664581466,-0.0006760040371586,0.0006979643598583,0.0,-0.0013111233009558,0.0031469805675776,0.0644470602144804,0.0663781119484739,0.0019482601782204,6.523388120787377,2.302585092994046,0.0,0.0,0.6733257641193281,0.3266742356401264,0.0755810307730958,0.0943499465225128,0.0137817257450442,6.330927060255474,2.302585092994046,0.0,0.0,0.6778450140627458,0.3221549857678324,0.1001441345828615,0.1348952235254099,0.0271904974430409,6.3090989407718725,2.302585092994046,0.0,0.0,0.663204630834127,0.3367953690730067,0.0024754681050306,0.0013612979013209,0.0010906775226954,0.0030798773303548,0.927538571081774,-0.0010525788279592,0.0024146623744647,02,Tribolium,0.5,0.5,0.0,1.0,0.0,3.0,3.0,0.0,0.9999999999996666,9.0,12.0,0.7853981633974483,1345.888888888889,745.2098765432098,1337.0,1350.0,1355.0,49.80710085248749,71.14246270688132,1340.75,1284.9166666666667,0.0414843556509534,0.0075815611880653,0.0100098854344576,0.0,0.0,0.0,0.0,0.0,0.0,0.0,0.0,-36.888888888888914,-34.44444444444434,-917.1851851851851,-1932.5679012345681,-26.0,-47.0,-9.921518795204996,-12.276227397139515,0.00035337935525240477,0.017094111748514402,-0.005629208518756999,-0.015200756601582599,-0.0039647045002971,-0.009510317780152601,0.5023923444976076,0.5023923444976076,0.5023923444976076,0.5023923444976076,0.5023923444976076,0.5023923444976076,0.5023923444976076,0.5023923444976076,0.5023923444976076,0.5023923444976076,0.5023923444976076,0.5023923444976076,0.9282296650717703,0.7799043062200957,0.9330143540669856,0.9282296650717703,0.9282296650717703,0.9186602870813397,0.9425837320574163,0.9282296650717703,0.9234449760765551,0.9043062200956937,0.28708133971291866,0.6028708133971292,0.5,0.0,0.0,1.0,0.0,0.0,0.9999999999996666,0.0,0.0,0.7853981633974483,0.0,0.0,1221.088888888889,142.45436609578903,124.79999999999995,766.8345679012345,250.4986465654217,-21.624691358024734,0.03339096848135868,0.017297203849779036,0.00809338716959472,0.0113279732699545,0.003235137927829767,-0.0037464120818891996
105,0.1459522842152595,0.0430622009569378,2.302585092994046,0.5023923444976076,0.0078233707447954,0.0007316424172325,0.0077890839759131,0.0074918671368001,0.0096139481857614,0.0028763219644792,0.0091735909912726,0.0,0.0014453117690228,-0.0013672651272583,0.0004685212710852,0.0,-0.0026547342812385,0.0027035388698084,0.0708635311255376,0.0854204279748742,0.0104146937778132,6.0189522952100685,2.302585092994046,0.0,0.0,0.7845520163461879,0.2154479834588843,0.0782939583785108,0.0907103937289185,0.0121877950864346,6.409604579994475,2.302585092994046,0.0,0.0,0.6752204148006185,0.3247795850401074,0.0988049998314313,0.1328618794838244,0.0243211362949719,6.339475473931258,2.302585092994046,0.0,0.0,0.6171805461424881,0.3828194537609302,0.0020628590900275,0.0008266694820743,0.0004097363009151,0.0082240092534321,-0.9766459930395648,-0.0003254225154379,0.0020790001545949,02,Tribolium,0.5,0.5,0.0,1.0,0.0,3.0,3.0,0.0,0.9999999999996666,9.0,12.0,0.7853981633974483,1216.7777777777778,1601.9506172839506,1188.0,1224.0,1234.0,43.70986885174628,66.22122016393234,1214.625,1233.5,-0.0155122819833805,0.0217842882791826,0.0101773156146306,0.0,0.0,0.0,0.0,0.0,0.0,0.0,0.0,-188.8888888888889,-10.777777777777828,-88.27160493827137,320.5925925925926,-177.0,7.0,-14.02656760569856,-1.9428310535146736,-0.0522682696523395,-0.042666518044205896,0.0083611535881191,0.008066470967255499,-0.005602734502827302,-0.0014626383585309016,0.5023923444976076,0.5023923444976076,0.5023923444976076,0.5023923444976076,0.5023923444976076,0.5023923444976076,0.5023923444976076,0.5023923444976076,0.5023923444976076,0.5023923444976076,0.5023923444976076,0.5023923444976076,0.7990430622009569,0.9330143540669856,0.7894736842105263,0.8133971291866029,0.7990430622009569,0.8899521531100478,0.9330143540669856,0.7942583732057417,0.8421052631578947,0.019138755980861243,0.8899521531100478,0.6124401913875598,0.5,0.0,0.0,1.0,0.0,0.0,0.9999999999996666,0.0,0.0,0.7853981633974483,0.0,0.0,1268.8222222222223,80.18129457672782,-52.04444444444448,1147.7283950617284,824.5691190547736,454.2222222222222,0.01984819450150756,0.005206295136291315,-0.03536047648488806,0.015434859559657482,0.008468671144175502,0.006349428719525117
106,0.2922388603888343,0.1483253588516746,2.302585092994046,0.5023923444976076,0.0024713209101331,-0.0012476303952226,0.0021332710652371,0.0033504648392563,0.0024073925556093,-0.0023803687854338,0.0003596989882325,0.0,0.0030320447383127,-0.0019586007396354,0.0023145579357253,0.0,-0.0019769247107418,0.0020593173025413,0.0785729852027347,0.0925177343124478,0.0114603469386806,5.8593221496384045,2.302585092994046,0.0,0.0,0.7683286822194655,0.2316713176219316,0.0923320541279522,0.1326081646511245,0.022738169941809,5.650151171553544,2.302585092994046,0.0,0.0,0.6676008114487079,0.3323991884406999,0.1253791400223992,0.1801167019101221,0.0380447593606408,5.730885681425201,2.302585092994046,0.0,0.0,0.5839337314016055,0.4160662685401443,0.0031783323792462,0.0017840890656025,0.0008099098949807,0.0032223738984111,-0.9043784618159731,0.000538544422916,0.0020786479918188,02,Tribolium,0.5,0.5,0.0,1.0,0.0,3.0,3.0,0.0,0.9999999999996666,9.0,12.0,0.7853981633974483,1281.4444444444443,358.0246913580247,1268.0,1279.0,1295.0,18.986252173976705,24.515301344262525,1280.75,1271.5,0.0072184167172461,0.0100040368864252,0.0087079753276876,0.0,0.0,0.0,0.0,0.0,0.0,0.0,0.0,-141.1111111111113,-20.77777777777783,-1447.3333333333333,61.18518518518522,-156.0,-23.0,-43.869907988340486,-3.4945887549915042,-0.035837898208943,0.0091382119390891,-0.007705482558337201,0.0017541278235548002,0.0019160604741931004,0.007453970339956801,0.5023923444976076,0.5023923444976076,0.5023923444976076,0.5023923444976076,0.5023923444976076,0.5023923444976076,0.5023923444976076,0.5023923444976076,0.5023923444976076,0.5023923444976076,0.5023923444976076,0.5023923444976076,0.8755980861244019,0.5167464114832536,0.8755980861244019,0.868421052631579,0.8803827751196173,0.2966507177033493,0.2966507177033493,0.8755980861244019,0.8995215311004785,0.22488038277511962,0.41626794258373206,0.5406698564593302,0.5,0.0,0.0,1.0,0.0,0.0,0.9999999999996666,0.0,0.0,0.7853981633974483,0.0,0.0,1163.888888888889,225.10739275200388,117.55555555555543,8531.249382716049,13487.377772877824,-8173.224691358024,0.03951235322055412,0.03302431208616718,-0.032293936503308016,0.035484508726399,0.025569800760447535,-0.025480471839973803
107,0.229255654330324,0.0956937799043062,2.302585092994046,0.5023923444976076,0.0031253725463707,0.0030374209264901,0.0007362252840861,0.0023691364079652,0.0047059420601764,0.0043674694517852,0.0017524557801727,0.0,0.0004983672216973,-0.0004428025790989,0.0002286826701033,0.0,-0.0027840822846299,0.0029123144584836,0.087132565565022,0.0925177343124478,0.0038911273194359,5.859322149638405,2.302585092994046,0.0,0.0,0.5722533772671703,0.4277466226013756,0.1077306576435795,0.1484259705348788,0.0261516406858396,5.424775832300702,2.302585092994046,0.0,0.0,0.7540670131370728,0.2459329867815587,0.1370392661521731,0.1759073811773139,0.035285297312344,5.778180424500448,2.302585092994046,0.0,0.0,0.5591497221235878,0.4408502778264741,0.0030001101365864,0.0022589783119204,0.0013870299066564,0.0040553083047126,-0.5482971360882095,0.0001102400632137,0.0021013056344088,02,Tribolium,0.5,0.5,0.0,1.0,0.0,3.0,3.0,0.0,0.9999999999996666,9.0,12.0,0.7853981633974483,1248.2222222222222,1807.506172839506,1214.0,1229.0,1276.0,48.398580431934754,61.39218191268331,1246.375,1215.9166666666667,0.0244013708385258,0.0221838849621062,0.0206050187549166,0.0,0.0,0.0,0.0,0.0,0.0,0.0,0.0,-10.666666666666742,21.77777777777783,307.40740740740716,1425.7037037037035,-11.0,3.0,4.948907355453706,20.927102362533592,0.0017623593645628988,0.022668719995981898,0.005705305690627303,0.011970402605680702,0.0004988805308260014,0.013836633435598902,0.5023923444976076,0.5023923444976076,0.5023923444976076,0.5023923444976076,0.5023923444976076,0.5023923444976076,0.5023923444976076,0.5023923444976076,0.5023923444976076,0.5023923444976076,0.5023923444976076,0.5023923444976076,0.8325358851674641,0.937799043062201,0.8229665071770335,0.8181818181818182,0.84688995215311,0.9138755980861244,0.9090909090909091,0.8325358851674641,0.8181818181818182,0.7368421052631579,0.9043062200956937,0.8995215311004785,0.5,0.0,0.0,1.0,0.0,0.0,0.9999999999996666,0.0,0.0,0.7853981633974483,0.0,0.0,1304.5111111111112,69.49491854591747,-56.288888888889005,1179.8617283950616,783.7180386562673,627.6444444444444,0.01234641114087348,0.015000956115358049,0.01205495969765232,0.01569859058727046,0.008401023176553422,0.006485294374835741
108,0.2149242953494884,0.0861244019138756,2.302585092994046,0.5023923444976076,0.0008904408147515,0.0007074630294899,0.0005407225781122,0.0,0.0023388370576705,0.0023342395549948,0.0001465758582797,0.0,0.0004515661722312,0.0004502370597937,3.462077254845487e-05,0.0,-0.003313641184786,0.003409508410906,0.0775109132725629,0.0881688047870228,0.0079526666992615,5.955616420046669,2.302585092994046,0.0,0.0,0.6479289447873778,0.3520710550479097,0.0835136416885169,0.0925177343124478,0.009591458034693,6.370147773404262,2.302585092994046,0.0,0.0,0.6841413244696991,0.3158586753887885,0.1115212616863657,0.1506778205561996,0.0299465066442851,6.087807813585811,2.302585092994046,0.0,0.0,0.6235629084760291,0.3764370914489734,0.003176402325203,0.0017242087122873,0.0010522109220343,0.0014410894171536,-0.0943003995730787,-0.0003354691726392,0.0020976450986331,02,Tribolium,0.5,0.5,0.0,1.0,0.0,3.0,3.0,0.0,0.9999999999996666,9.0,12.0,0.7853981633974483,1241.2222222222222,2400.8395061728397,1201.0,1245.0,1267.0,50.69800308284177,59.60075502877459,1240.75,1224.5833333333333,0.013024796347686,0.0275242296625756,0.0211597672704497,0.0,0.0,0.0,0.0,0.0,0.0,0.0,0.0,40.111111111111086,81.66666666666652,-489.92592592592564,1584.5925925925926,47.0,92.0,-10.660051356826507,11.511699921390111,0.005392973961006999,0.0233735889885445,-0.003095531887451,0.012112791840417698,-0.003199173279899801,0.0107149327021889,0.5023923444976076,0.5023923444976076,0.5023923444976076,0.5023923444976076,0.5023923444976076,0.5023923444976076,0.5023923444976076,0.5023923444976076,0.5023923444976076,0.5023923444976076,0.5023923444976076,0.5023923444976076,0.8229665071770335,0.9521531100478469,0.7990430622009569,0.8325358851674641,0.8373205741626795,0.9282296650717703,0.8851674641148325,0.8229665071770335,0.8277511961722488,0.4258373205741627,0.9425837320574163,0.9138755980861244,0.5,0.0,0.0,1.0,0.0,0.0,0.9999999999996666,0.0,0.0,0.7853981633974483,0.0,0.0,1342.8222222222223,128.77613075353622,-101.60000000000014,7928.632098765433,13769.01703703048,-5527.792592592593,0.024658473698338058,0.0351261939987229,-0.011633677350652058,0.02888452061068576,0.027379070224093336,-0.00136029094811016
109,0.1425495180541818,0.0382775119617224,2.302585092994046,0.5023923444976076,0.0017445431420965,-0.0017128704671934,0.0003309162088094,0.0023691364079652,0.0024073925556093,-0.0024022257659737,0.0001576397351407,0.0,0.0010993907815022,-0.0006134675272643,0.000912314465217,0.0,-0.0037235282984265,0.0038037573502099,0.0663138855500885,0.075292332894805,0.0063504517349549,6.27136622878504,2.302585092994046,0.0,0.0,0.7217493858501413,0.2782506139245248,0.0717358747631471,0.0815203279332416,0.0083297558961139,6.623243646968176,2.302585092994046,0.0,0.0,0.5729834504369217,0.427016549371339,0.0928919716498738,0.1407394650788478,0.0266185623164903,6.224274819396693,2.302585092994046,0.0,0.0,0.5919716591298698,0.4080283407630346,0.0030401063248456,0.0019545283187296,0.0010522109220343,0.0009768199651537,0.8706563884317802,-0.0003511451795362,0.0023455117176127,02,Tribolium,0.5,0.5,0.0,1.0,0.0,3.0,3.0,0.0,0.9999999999996666,9.0,12.0,0.7853981633974483,1398.5555555555557,434.2469135802469,1380.0,1400.0,1417.0,30.685133411136626,43.15669125408017,1395.5,1370.75,0.0176968300627631,0.0080617226333748,0.0050597229928873,0.0,0.0,0.0,0.0,0.0,0.0,0.0,0.0,34.2222222222224,47.77777777777783,328.69135802469134,-358.14814814814827,38.0,43.0,13.542316349483634,-6.257001146391616,0.0131463780715587,-0.007443007068107899,0.005929459833198501,-0.0059784283436604985,0.0025661468233898,-0.0121675018987022,0.5023923444976076,0.5023923444976076,0.5023923444976076,0.5023923444976076,0.5023923444976076,0.5023923444976076,0.5023923444976076,0.5023923444976076,0.5023923444976076,0.5023923444976076,0.5023923444976076,0.5023923444976076,0.9760765550239234,0.583732057416268,0.9808612440191388,0.9712918660287081,0.9665071770334929,0.69377990430622,0.7416267942583732,0.9760765550239234,0.9904306220095693,0.5550239234449761,0.31100478468899523,0.32057416267942584,0.5,0.0,0.0,1.0,0.0,0.0,0.9999999999996666,0.0,0.0,0.7853981633974483,0.0,0.0,1180.9333333333334,106.21561113782998,217.62222222222226,1251.2395061728396,722.2252316746417,-816.9925925925927,0.021727668311561883,0.02670918283658372,-0.004030838248798782,0.01542705900289924,0.008344700872444481,-0.007365336369524439
111,0.2475574696750475,0.1148325358851674,2.302585092994046,0.5023923444976076,0.0055310290326001,-0.00541851190647,0.0011099598546382,0.00529755005618,0.005435833766117,-0.005429365350375,0.0002651049320642,0.0,0.0024456519545016,-0.001604277834182,0.0018459431500752,0.0,-0.0011803712967243,0.0030174858347339,0.0637071987937499,0.0719375308766017,0.0111716252483283,6.362526615046916,2.302585092994046,0.0,0.0,0.7109367326523891,0.2890632671085714,0.0749938614719178,0.0966712169523339,0.016582558137222,6.282317060041054,2.302585092994046,0.0,0.0,0.5602253475391713,0.4397746522913101,0.0964142955053068,0.131161177314061,0.0251773916684273,6.3652417946940085,2.302585092994046,0.0,0.0,0.6307833860412532,0.369216613858038,0.0023996763705609,0.0009889634054916,0.0008213789598714,0.0057643576686146,-0.2158092874835099,-4.17708035316927e-05,0.0020574132303209,02,Tribolium,0.5,0.5,0.0,1.0,0.0,3.0,3.0,0.0,0.9999999999996666,9.0,12.0,0.7853981633974483,1214.888888888889,3385.2098765432097,1173.0,1213.0,1226.0,68.9411866695058,75.58108228915486,1215.125,1148.4166666666667,0.0549089994512528,0.0319926654813104,0.0173619402840598,0.0,0.0,0.0,0.0,0.0,0.0,0.0,0.0,66.33333333333326,127.22222222222217,2333.4074074074074,-731.9012345679016,69.0,137.0,23.723843011849922,3.1769360381541674,0.046202411466344295,0.022691714743928296,0.014409013813263899,-0.009485824866330504,0.007054036268332299,-0.014041774366928803,0.5023923444976076,0.5023923444976076,0.5023923444976076,0.5023923444976076,0.5023923444976076,0.5023923444976076,0.5023923444976076,0.5023923444976076,0.5023923444976076,0.5023923444976076,0.5023923444976076,0.5023923444976076,0.7894736842105263,0.9712918660287081,0.7655502392344498,0.7894736842105263,0.784688995215311,0.9617224880382775,0.9569377990430622,0.8038277511961722,0.7272727272727273,0.9617224880382775,0.9665071770334929,0.8373205741626795,0.5,0.0,0.0,1.0,0.0,0.0,0.9999999999996666,0.0,0.0,0.7853981633974483,0.0,0.0,1123.111111111111,144.99474660555768,91.77777777777783,1248.711111111111,938.8514477839101,2136.4987654320985,0.03356472452266686,0.018469727692236686,0.02134427492858594,0.01771556368434074,0.011074484072256065,0.014277101796969657
112,0.3017938864862022,0.1578947368421052,2.302585092994046,0.5023923444976076,0.0019638943736363,0.0018723855040158,0.000592497793373,0.0023691364079652,0.0051594444974872,0.0050497717853076,0.0010581457550651,0.0,0.0014453117690228,-0.0009298545290599,0.0011064794008307,0.0,-0.0018779620681349,0.003000906116756,0.0586541388449977,0.0687049558309934,0.0076381864472195,6.45448017861195,2.302585092994046,0.0,0.0,0.8277006043347003,0.1722993953794751,0.0647272033617942,0.0764023534475774,0.0096416352230854,6.752921470255873,2.302585092994046,0.0,0.0,0.6516391760487854,0.3483608237177099,0.0872652967620222,0.1243740204892912,0.0248296434908627,6.471509010924254,2.302585092994046,0.0,0.0,0.632008993818003,0.367991006060516,0.0025510501494015,0.001333006217504,0.000382350398618,0.0021842358438627,-0.5112648698818631,-0.0001769139805444,0.002560608513001,02,Tribolium,0.5,0.5,0.0,1.0,0.0,3.0,3.0,0.0,0.9999999999996666,9.0,12.0,0.7853981633974483,973.8888888888888,446.0987654320988,957.0,972.0,988.0,24.09375312714449,26.706740722147284,970.125,959.5,0.0109098687963491,0.0044473205347257,0.006287908638021,0.0,0.0,0.0,0.0,0.0,0.0,0.0,0.0,-153.1111111111112,-70.55555555555554,257.87654320987656,156.74074074074076,-158.0,-78.0,-1.9981988132626824,3.503978316568144,-0.0166707286600246,-0.006443854607906202,-0.0005312385396594003,-0.0016895575045447007,0.0055634218758373,-0.0023113638632533,0.5023923444976076,0.5023923444976076,0.5023923444976076,0.5023923444976076,0.5023923444976076,0.5023923444976076,0.5023923444976076,0.5023923444976076,0.5023923444976076,0.5023923444976076,0.5023923444976076,0.5023923444976076,0.45454545454545453,0.6076555023923444,0.4449760765550239,0.44976076555023925,0.44976076555023925,0.5167464114832536,0.3684210526315789,0.44976076555023925,0.44976076555023925,0.36363636363636365,0.14354066985645933,0.39712918660287083,0.5,0.0,0.0,1.0,0.0,0.0,0.9999999999996666,0.0,0.0,0.7853981633974483,0.0,0.0,1055.888888888889,136.41841952311717,-82.00000000000011,1709.8024691358028,1277.1624220190827,-1263.703703703704,0.03544690904911648,0.023671650398293748,-0.02453704025276738,0.022579952679872096,0.010410890577863551,-0.018132632145146398
113,0.2116061575421451,0.0813397129186602,2.302585092994046,0.5023923444976076,0.0017445431420965,-0.0014278448087468,0.0010023422453288,0.0023691364079652,0.0022320592690683,0.0017624017570458,0.0013696819438818,0.0,0.0021547694312427,-0.0019373354881274,0.0009432722344371,0.0,-0.0009499002677072,0.0015794242719768,0.062664431668758,0.071703078767266,0.0105189544232679,6.369055473928113,2.302585092994046,0.0,0.0,0.7846192925197706,0.21538070723255,0.0706999309201209,0.0902140266995253,0.0136201544860341,6.420578627025112,2.302585092994046,0.0,0.0,0.6024671732375013,0.397532826569597,0.0914412038477427,0.1280210817524844,0.0248796694140062,6.4137057477991055,2.302585092994046,0.0,0.0,0.5214508886181649,0.4785491112704825,0.003047497988557,0.0011866098544085,0.0005054357748338,0.0013814320427172,0.7885083575988563,-0.0002767838949277,0.0028201131409547,02,Tribolium,0.5,0.5,0.0,1.0,0.0,3.0,3.0,0.0,0.9999999999996666,9.0,12.0,0.7853981633974483,1332.111111111111,565.8765432098766,1315.0,1344.0,1345.0,37.6280552775733,46.44620544242554,1328.125,1288.1666666666667,0.0299962465593459,0.0097648253886996,0.0007150900075082,0.0,0.0,0.0,0.0,0.0,0.0,0.0,0.0,50.77777777777783,56.77777777777783,49.87654320987656,-21.679012345679098,57.0,72.0,5.018360678238885,0.5838714481660077,0.005607588911062899,0.0023564138358749993,-0.000994067425805701,-0.0002868654231735993,-0.0125604137146458,-0.0133697961245957,0.5023923444976076,0.5023923444976076,0.5023923444976076,0.5023923444976076,0.5023923444976076,0.5023923444976076,0.5023923444976076,0.5023923444976076,0.5023923444976076,0.5023923444976076,0.5023923444976076,0.5023923444976076,0.9234449760765551,0.6889952153110048,0.9234449760765551,0.9234449760765551,0.9234449760765551,0.8229665071770335,0.7942583732057417,0.9234449760765551,0.9282296650717703,0.8229665071770335,0.3923444976076555,0.05263157894736842,0.5,0.0,0.0,1.0,0.0,0.0,0.9999999999996666,0.0,0.0,0.7853981633974483,0.0,0.0,1147.4666666666667,149.55067517214505,184.6444444444444,1828.4,1133.7107538429093,-1262.5234567901234,0.051039909789337076,0.016044265616840598,-0.021043663229991176,0.02006371590647512,0.012004642858804856,-0.01029889051777552
114,0.3183158247707186,0.1722488038277512,2.302585092994046,0.5023923444976076,0.0019638943736363,0.0019557881624686,0.000178251996757,0.0023691364079652,0.0032298925420121,0.0030369677312826,0.0010995602903405,0.0,0.0005072094869125,-0.0004642965388303,0.0002041817514965,0.0,-0.0011231912840634,0.0025270788351629,0.0673569760553817,0.0693554314589095,0.0023811413148271,6.435633919991073,2.302585092994046,0.0,0.0,0.6392567399447027,0.3607432598351605,0.0693983409394284,0.0729832456543952,0.0031244212585828,6.8444886637649365,2.302585092994046,0.0,0.0,0.639470822118563,0.3605291776742213,0.0939347335242487,0.1328830005203594,0.0260958570016144,6.339157559447593,2.302585092994046,0.0,0.0,0.7291236579911861,0.2708763419036031,0.0023326197741054,0.0013655751629253,0.0005882426879346,0.0025516380014951,-0.9988975987555788,-0.0004028038558131,0.0022881245313169,02,Tribolium,0.5,0.5,0.0,1.0,0.0,3.0,3.0,0.0,0.9999999999996666,9.0,12.0,0.7853981633974483,1123.5555555555557,1377.358024691358,1098.0,1115.0,1151.0,46.44989946353404,60.21004899516359,1122.875,1083.4166666666667,0.0351191653481011,0.0220436361677857,0.0236180033545799,0.0,0.0,0.0,0.0,0.0,0.0,0.0,0.0,79.66666666666674,82.11111111111131,1316.5925925925926,821.7777777777777,69.0,73.0,24.211333754947066,17.950144141646053,0.019592289350229997,0.0173153672044972,0.0177151289687294,0.0184735235290284,0.0181428267076004,0.022703332054125197,0.5023923444976076,0.5023923444976076,0.5023923444976076,0.5023923444976076,0.5023923444976076,0.5023923444976076,0.5023923444976076,0.5023923444976076,0.5023923444976076,0.5023923444976076,0.5023923444976076,0.5023923444976076,0.631578947368421,0.8947368421052632,0.6124401913875598,0.6172248803827751,0.6507177033492823,0.9043062200956937,0.8923444976076556,0.631578947368421,0.5980861244019139,0.8851674641148325,0.8947368421052632,0.9425837320574163,0.5,0.0,0.0,1.0,0.0,0.0,0.9999999999996666,0.0,0.0,0.7853981633974483,0.0,0.0,1075.622222222222,144.1169038499948,47.93333333333362,950.3308641975309,1219.0285212969409,427.02716049382707,0.025338397483330517,0.020890006205114758,0.00978076786477058,0.01241393135414462,0.010033715742354395,0.009629704813641081
115,0.3847058257991859,0.2105263157894736,2.302585092994046,0.5023923444976076,0.0008904408147515,-0.000216336622815,0.0008637611418699,0.0,0.0053300523695568,-0.0004596592578922,0.0053101950650473,0.0,0.0005072094869125,-0.0004752351866938,0.0001772370755291,0.0,-0.0011775350042236,0.003000906116756,0.0674465891110608,0.0693554314589095,0.0025857735752481,6.435633919991073,2.302585092994046,0.0,0.0,0.7604512951637729,0.2395487046167232,0.0691079709913812,0.0734814305889855,0.0030931967444556,6.830883011711695,2.302585092994046,0.0,0.0,0.536524900613217,0.4634750991778175,0.0927471463088841,0.1243740204892912,0.0255743504750923,6.471509010924254,2.302585092994046,0.0,0.0,0.622003098191827,0.3779969017001359,0.0020698120550345,0.0010116384073035,0.0007325626175852,0.001589265016854,-0.9169276096287792,-8.842298043065482e-05,0.0017002475818702,02,Tribolium,0.5,0.5,0.0,1.0,0.0,3.0,3.0,0.0,0.9999999999996666,9.0,12.0,0.7853981633974483,1161.4444444444443,330.4691358024691,1148.0,1163.0,1174.0,22.5535323563844,28.96981187374195,1161.5,1144.5833333333333,0.0145651965942792,0.0058542392122435,0.0037493385520155,0.0,0.0,0.0,0.0,0.0,0.0,0.0,0.0,-68.55555555555566,-34.77777777777783,57.358024691358025,-2198.5925925925917,-65.0,-60.0,-4.161383333597541,-19.39614124807023,0.0019974459167724987,0.0075988209673055,-0.00039500336641759993,-0.0225932636595619,-0.0012292991365574998,-0.015817456718222298,0.5023923444976076,0.5023923444976076,0.5023923444976076,0.5023923444976076,0.5023923444976076,0.5023923444976076,0.5023923444976076,0.5023923444976076,0.5023923444976076,0.5023923444976076,0.5023923444976076,0.5023923444976076,0.7177033492822966,0.4880382775119617,0.7177033492822966,0.7296650717703349,0.7033492822966507,0.430622009569378,0.45454545454545453,0.722488038277512,0.722488038277512,0.47368421052631576,0.23923444976076555,0.24401913875598086,0.5,0.0,0.0,1.0,0.0,0.0,0.9999999999996666,0.0,0.0,0.7853981633974483,0.0,0.0,1076.6444444444446,89.47781020185126,84.79999999999973,512.6617283950618,442.08197192825907,-182.1925925925927,0.029089379577824898,0.01543424867581921,-0.014524182983545698,0.0116337103956709,0.005467855162995915,-0.0057794711834274004
116,0.5073464347526717,0.291866028708134,2.302585092994046,0.5023923444976076,0.0040644300146257,-0.0021409170087815,0.003454861170192,0.0047382728159305,0.0047745838502092,-0.0020802086138494,0.0042976020133959,0.0,0.0010993907815022,-0.0010981588946734,5.20301114899453e-05,0.0,-0.0004381715379834,0.0014302295079272,0.0738734370666608,0.0840292306759363,0.0089824932272441,6.051793401394735,2.302585092994046,0.0,0.0,0.6601486764664164,0.3398513233530119,0.0817702565930478,0.0943499465225127,0.0119233603345532,6.330927060255475,2.302585092994046,0.0,0.0,0.607853083707174,0.3921469161463818,0.1030221290625444,0.1326081646511244,0.0232907009716627,6.34329835211339,2.302585092994046,0.0,0.0,0.6763220326393748,0.3236779672709874,0.0015377224232701,0.0008703298547698,0.0003837661107651,0.0037980145880755,0.7186711809987449,-0.0003561697170082,0.0012563970916749,02,Tribolium,0.5,0.5,0.0,1.0,0.0,3.0,3.0,0.0,0.9999999999996666,9.0,12.0,0.7853981633974483,1016.4444444444443,862.6913580246913,993.0,1005.0,1044.0,31.518991202281565,43.846322536787504,1013.0,995.3333333333334,0.0173808482728464,0.0172701509909305,0.0192788873502662,0.0,0.0,0.0,0.0,0.0,0.0,0.0,0.0,28.22222222222217,25.555555555555543,-300.5925925925925,805.0370370370371,19.0,16.0,-10.340913350951563,16.40062094695626,-0.0156751445312911,0.015320408712406898,-0.005026306149654401,0.0132697448540359,-0.0114292424361381,0.013648192157711798,0.5023923444976076,0.5023923444976076,0.5023923444976076,0.5023923444976076,0.5023923444976076,0.5023923444976076,0.5023923444976076,0.5023923444976076,0.5023923444976076,0.5023923444976076,0.5023923444976076,0.5023923444976076,0.507177033492823,0.8325358851674641,0.49521531100478466,0.49760765550239233,0.5263157894736842,0.7177033492822966,0.7655502392344498,0.5023923444976076,0.5023923444976076,0.5502392344497608,0.7894736842105263,0.8755980861244019,0.5,0.0,0.0,1.0,0.0,0.0,0.9999999999996666,0.0,0.0,0.7853981633974483,0.0,0.0,898.4,80.06696579954607,118.04444444444437,335.0765432098766,270.21010802388713,527.6148148148147,0.01869825183979736,0.019766088810350604,-0.0013174035669509601,0.008354860661580499,0.006874061824437404,0.00891529032935
117,0.9069666532362236,0.5311004784688995,2.302585092994046,0.5023923444976076,0.0008904408147515,-0.0003165238902109,0.0008322844895233,0.0,0.0025067128113332,-0.0024148716124434,0.0006723125864634,0.0,0.0024456519545016,-0.0011594127729433,0.0021533637650182,0.0,-0.0006244827992417,0.0009209546951448,0.0731356152302257,0.0924266884636144,0.0145465770129591,5.8612913002580544,2.302585092994046,0.0,0.0,0.5884618873134285,0.4115381125067289,0.085651689906618,0.1107682120489855,0.0194430037835077,6.010068793744618,2.302585092994046,0.0,0.0,0.5963299776492178,0.4036700222211517,0.1207297515717055,0.1826080181301653,0.0391044131449321,5.703411894736719,2.302585092994046,0.0,0.0,0.5564390559162578,0.4435609440216492,0.0018684455936434,0.0010971080259698,0.0007729072478531,0.0014410894171536,-0.49872141991823,-0.0005511981303116,0.0008689179552848,02,Tribolium,0.5,0.5,0.0,1.0,0.0,3.0,3.0,0.0,0.9999999999996666,9.0,12.0,0.7853981633974483,1250.3333333333333,440.0,1230.0,1253.0,1263.0,29.67402824977522,36.36619309193636,1249.125,1225.5833333333333,0.0188283124500133,0.0104086141439966,0.0058772081271538,0.0,0.0,0.0,0.0,0.0,0.0,0.0,0.0,47.888888888888914,21.111111111111086,361.5308641975309,-300.17283950617286,51.0,27.0,16.415919467502228,2.0348511817953536,0.0176501568410685,-0.0049333254420592006,0.006106598122214199,-0.0031747043887009,-0.00012089556747990008,-0.0027578908486254,0.5023923444976076,0.5023923444976076,0.5023923444976076,0.5023923444976076,0.5023923444976076,0.5023923444976076,0.5023923444976076,0.5023923444976076,0.5023923444976076,0.5023923444976076,0.5023923444976076,0.5023923444976076,0.8421052631578947,0.5956937799043063,0.8301435406698564,0.8421052631578947,0.8325358851674641,0.6555023923444976,0.631578947368421,0.8421052631578947,0.8325358851674641,0.6076555023923444,0.44019138755980863,0.37799043062200954,0.5,0.0,0.0,1.0,0.0,0.0,0.9999999999996666,0.0,0.0,0.7853981633974483,0.0,0.0,978.5333333333334,149.51928567955196,271.79999999999984,480.8543209876543,296.8042906994352,-40.85432098765432,0.0267012498685567,0.0071213140049347975,-0.007872937418543398,0.01226657492262418,0.005287896030152995,-0.0018579607786275813
118,1.0083041400041195,0.5933014354066986,2.302585092994046,0.5023923444976076,0.0024713209101331,0.0011903166556251,0.0021657731414445,0.0033504648392563,0.0032798759073196,0.0013265475569139,0.0029996429031905,0.0,0.0006778973495423,-0.0003322076012327,0.0005909170214165,0.0,0.0004015929093851,0.0004467286452341,0.092566804401949,0.1044840190484567,0.0111244921239542,5.616054582652598,2.302585092994046,0.0,0.0,0.6268244966465198,0.3731755032384367,0.1009305936898427,0.1161843431943812,0.0134950175822928,5.914592279948661,2.302585092994046,0.0,0.0,0.6601605503957264,0.3398394495078333,0.1263855340704167,0.1617271841994644,0.0280952992075484,5.946273915964524,2.302585092994046,0.0,0.0,0.559314279865033,0.4406857200753106,0.0013788033141811,0.0006815107594894,0.0005873200656031,0.0030339749511254,-0.9482310944253048,-0.000435928000728,0.0010390496005971,02,Tribolium,0.5,0.5,0.0,1.0,0.0,3.0,3.0,0.0,0.9999999999996666,9.0,12.0,0.7853981633974483,1037.0,292.6666666666667,1024.0,1033.0,1055.0,20.998781735076086,24.86463351831271,1038.625,1020.0,0.017960462873674,0.0088327803573205,0.0118104616335524,0.0,0.0,0.0,0.0,0.0,0.0,0.0,0.0,18.0,30.8888888888888,-179.1111111111111,-350.7654320987654,14.0,16.0,-11.9160408179875,-10.491013007050164,-0.0161824877314943,-0.0067220329849676,-0.0037658675636632003,-0.0073177385324964,-0.0018111692553677006,0.004506626950377199,0.5023923444976076,0.5023923444976076,0.5023923444976076,0.5023923444976076,0.5023923444976076,0.5023923444976076,0.5023923444976076,0.5023923444976076,0.5023923444976076,0.5023923444976076,0.5023923444976076,0.5023923444976076,0.5406698564593302,0.4449760765550239,0.5263157894736842,0.5311004784688995,0.5406698564593302,0.3684210526315789,0.31100478468899523,0.5406698564593302,0.5334928229665071,0.5789473684210527,0.3588516746411483,0.6698564593301436,0.5,0.0,0.0,1.0,0.0,0.0,0.9999999999996666,0.0,0.0,0.7853981633974483,0.0,0.0,969.4666666666668,156.71437256327584,67.53333333333319,418.18765432098763,341.9131041522655,-125.52098765432095,0.0234668803270284,0.005275771340153064,-0.005506417453354399,0.012194767924384679,0.005910053025636951,-0.003361987567064179
120,0.2976180545788562,0.1531100478468899,2.302585092994046,0.5023923444976076,0.0031253725463707,0.001997442076295,0.0024037842468603,0.0023691364079652,0.0025067128113332,-0.0016494640178233,0.001887558627542,0.0,0.0013341453614027,-0.0001474590257488,0.0013259712218135,0.0,-0.001034958286921,0.00199783123648,0.0509000983303877,0.0570563602531485,0.0055100824118299,6.826043734949102,2.302585092994046,0.0,0.0,0.7653290800757236,0.2346709195427688,0.0695006563261583,0.1022852523271806,0.0233822193634168,6.169417467221485,2.302585092994046,0.0,0.0,0.5485335709194297,0.4514664288945955,0.0920185785129292,0.1257429052438466,0.0286176679456913,6.44961687518283,2.302585092994046,0.0,0.0,0.6044192063635015,0.3955807935288138,0.0026685766824382,0.0012454740426247,0.0005032853282035,0.0027012311110696,0.8660774262442854,0.0004747468483122,0.0025367550187517,02,Tribolium,0.5,0.5,0.0,1.0,0.0,3.0,3.0,0.0,0.9999999999996666,9.0,12.0,0.7853981633974483,1142.6666666666667,522.6666666666666,1134.0,1147.0,1150.0,30.83450304898794,40.79215610874228,1142.0,1119.9166666666667,0.0193261376896148,0.0118764311469102,0.0067882592055471,0.0,0.0,0.0,0.0,0.0,0.0,0.0,0.0,-22.666666666666515,9.0,-46.0,84.4444444444444,-17.0,18.0,5.696252404376192,-1.317634943327846,0.008456572472223499,0.0021988221941722993,-0.0024265817884844988,0.0003600018966571014,-0.0037215652057540002,-0.0085765691330157,0.5023923444976076,0.5023923444976076,0.5023923444976076,0.5023923444976076,0.5023923444976076,0.5023923444976076,0.5023923444976076,0.5023923444976076,0.5023923444976076,0.5023923444976076,0.5023923444976076,0.5023923444976076,0.6698564593301436,0.6746411483253588,0.6866028708133971,0.6746411483253588,0.645933014354067,0.7033492822966507,0.7081339712918661,0.6650717703349283,0.6698564593301436,0.6220095693779905,0.5645933014354066,0.430622009569378,0.5,0.0,0.0,1.0,0.0,0.0,0.9999999999996666,0.0,0.0,0.7853981633974483,0.0,0.0,1032.911111111111,164.96143058377893,109.7555555555557,1169.185185185185,1028.84336299034,-646.5185185185184,0.02248039046547156,0.024361162386159582,-0.0031542527758567605,0.01738104420721746,0.01188385528203856,-0.005504613060307259
121,0.8194577920962482,0.4784688995215311,2.302585092994046,0.5023923444976076,0.0017445431420965,-0.0010322742628365,0.0014063572166847,0.0023691364079652,0.0024073925556093,-0.0008858255064125,0.0022384932631107,0.0,0.0014545105147544,-0.0013879878023894,0.0004348456024262,0.0,-0.0007973179046542,0.001202853689327,0.0627274429030904,0.0658261897020481,0.00303323535316,6.540087288541188,2.302585092994046,0.0,0.0,0.5821491631711517,0.4178508365752941,0.0726243308514428,0.0924266884636144,0.012738592469071,6.372116924023912,2.302585092994046,0.0,0.0,0.6983387687083444,0.3016612311077157,0.0983929232940897,0.1387108629178191,0.0296061347310091,6.253312363352805,2.302585092994046,0.0,0.0,0.5870377725750309,0.4129622273302513,0.0019338507572671,0.0011493514940804,0.0005882426879346,0.0014214818447791,0.6669411072795229,-0.0005851110501058,0.0007830548017443,02,Tribolium,0.5,0.5,0.0,1.0,0.0,3.0,3.0,0.0,0.9999999999996666,9.0,12.0,0.7853981633974483,956.2222222222222,353.9506172839506,942.0,953.0,972.0,25.54567020523696,34.51448971084464,954.25,933.0833333333334,0.0221357192656285,0.0126718435698302,0.0101042163453614,0.0,0.0,0.0,0.0,0.0,0.0,0.0,0.0,-6.555555555555657,-18.444444444444457,224.4444444444444,-444.0493827160493,-10.0,-9.0,0.36281312030540036,-10.012205127606947,-0.0034845923327556996,0.0166637630412783,0.010410341210656501,-0.006582531524649998,0.0078427139861885,-0.0164235453468237,0.5023923444976076,0.5023923444976076,0.5023923444976076,0.5023923444976076,0.5023923444976076,0.5023923444976076,0.5023923444976076,0.5023923444976076,0.5023923444976076,0.5023923444976076,0.5023923444976076,0.5023923444976076,0.430622009569378,0.5023923444976076,0.43301435406698563,0.4258373205741627,0.4258373205741627,0.5598086124401914,0.583732057416268,0.4354066985645933,0.42105263157894735,0.6889952153110048,0.5933014354066986,0.6076555023923444,0.5,0.0,0.0,1.0,0.0,0.0,0.9999999999996666,0.0,0.0,0.7853981633974483,0.0,0.0,996.8,199.68463284036804,-40.57777777777778,406.8740740740741,136.3551837360327,-52.92345679012351,0.019081029561044842,0.010575685069803605,0.003054689704583658,0.01126906747470364,0.0032271796734276163,0.0014027760951265608
122,0.164197767884726,0.0526315789473684,2.302585092994046,0.5023923444976076,0.0017445431420965,-0.0011153194816458,0.0013414519106167,0.0023691364079652,0.0001415681108921,-0.0001402765674109,1.907916814157318e-05,0.0,0.0010665493344604,4.915393525146773e-05,0.0010654160565184,0.0,-0.0003510566936923,0.0026048532404099,0.0735791470684973,0.0871764940260056,0.0097027848023597,5.978253385192942,2.302585092994046,0.0,0.0,0.7164586501296702,0.2835413496887767,0.090121796364505,0.1293296787757902,0.0234488619923078,5.700218883003367,2.302585092994046,0.0,0.0,0.6625715390890139,0.3374284607956695,0.1209990645038608,0.1572399956836781,0.0354296203603519,6.002549104711723,2.302585092994046,0.0,0.0,0.6244266929030555,0.3755733070340357,0.0025675642423801,0.0013856920278488,0.0012233230911578,0.000529755005618,0.997898445074326,-0.0010842828909047,0.0024347858834372,02,Tribolium,0.5,0.5,0.0,1.0,0.0,3.0,3.0,0.0,0.9999999999996666,9.0,12.0,0.7853981633974483,1229.6666666666667,840.8888888888888,1208.0,1223.0,1252.0,31.97724190775489,37.13825520941984,1228.75,1198.0,0.02500677690431,0.0158513902037209,0.0118413030847619,0.0,0.0,0.0,0.0,0.0,0.0,0.0,0.0,-76.0,79.44444444444457,-541.1111111111112,-624.3950617283953,-93.0,67.0,-15.325188944459843,-15.067862678740884,-0.0090754288654117,-0.0019083119674054988,-0.001669528802441398,-3.7864208634798974e-05,-0.005043104128726699,-0.010046042472406102,0.5023923444976076,0.5023923444976076,0.5023923444976076,0.5023923444976076,0.5023923444976076,0.5023923444976076,0.5023923444976076,0.5023923444976076,0.5023923444976076,0.5023923444976076,0.5023923444976076,0.5023923444976076,0.8133971291866029,0.8181818181818182,0.8181818181818182,0.8086124401913876,0.8181818181818182,0.7272727272727273,0.6698564593301436,0.8133971291866029,0.8038277511961722,0.7464114832535885,0.7416267942583732,0.6842105263157895,0.5,0.0,0.0,1.0,0.0,0.0,0.9999999999996666,0.0,0.0,0.7853981633974483,0.0,0.0,1207.6,130.0784113003374,22.066666666666833,1337.8913580246913,1041.4870969765896,-497.00246913580247,0.044128918108385304,0.015042449386564932,-0.019122141204075304,0.0144601960364105,0.00909078548274728,0.0013911941673104018
124,0.349529892181711,0.200956937799043,2.302585092994046,0.5023923444976076,0.0008904408147515,-1.8103708705559088e-05,0.0008902567608878,0.0,0.0022320592690683,0.0017853900241069,0.0013395786809491,0.0,0.0005072094869125,-0.0004236920209027,0.0002788306565595,0.0,-0.0008235198703133,0.0021072148051442,0.0583739831570949,0.0640105408762422,0.0059160724328297,6.596027304410248,2.302585092994046,0.0,0.0,0.6541074749503623,0.3458925247591531,0.0714396107819538,0.0925177343124478,0.0166715826874442,6.370147773404262,2.302585092994046,0.0,0.0,0.758697864879147,0.2413021349350331,0.0930554040090685,0.1258990384014104,0.026181189641082,6.4471350444462265,2.302585092994046,0.0,0.0,0.6488171544947714,0.3511828453982167,0.0025003074957518,0.0013446822205811,0.0005603871400073,0.0003350464839256,0.9966725709393508,7.923759858719182e-05,0.0026258861134693,02,Tribolium,0.5,0.5,0.0,1.0,0.0,3.0,3.0,0.0,0.9999999999996666,9.0,12.0,0.7853981633974483,842.0,250.44444444444449,832.0,843.0,850.0,21.60193708857441,28.46049894151541,842.5,841.5833333333334,0.0010886777513855,0.0105163844765824,0.0148689005236118,0.0,0.0,0.0,0.0,0.0,0.0,0.0,0.0,-4.444444444444457,-19.66666666666663,-60.024691358024626,63.77777777777786,-1.0,-14.0,2.8787731289966842,0.0628680459808102,-0.0133343991716914,-0.0085825021325603,0.0021710498556915,0.002463517940962801,0.007634256363444201,0.004129680503725301,0.5023923444976076,0.5023923444976076,0.5023923444976076,0.5023923444976076,0.5023923444976076,0.5023923444976076,0.5023923444976076,0.5023923444976076,0.5023923444976076,0.5023923444976076,0.5023923444976076,0.5023923444976076,0.2583732057416268,0.37799043062200954,0.2583732057416268,0.2679425837320574,0.2583732057416268,0.3923444976076555,0.4449760765550239,0.2583732057416268,0.28708133971291866,0.12440191387559808,0.46411483253588515,0.7942583732057417,0.5,0.0,0.0,1.0,0.0,0.0,0.9999999999996666,0.0,0.0,0.7853981633974483,0.0,0.0,1094.5555555555557,67.43098895615385,-252.55555555555566,559.0864197530864,431.2178649661862,-308.6419753086419,0.0178510999277599,0.009293668740501115,-0.0167624221763744,0.010026365859175119,0.006531657028915028,0.0004900186174072816
125,0.4080621112530171,0.2296650717703349,2.302585092994046,0.5023923444976076,0.0024713209101331,0.0013869974302372,0.0020454009800957,0.0033504648392563,0.0032798759073196,0.0016003567046682,0.0028629433080728,0.0,0.0010665493344604,0.0001989178436464,0.0010478354710149,0.0,-0.0001784568408673,0.0020774082852134,0.0688154792348262,0.0701600457471518,0.0012803106570623,6.412564846221411,2.302585092994046,0.0,0.0,0.7858704080507823,0.2141295917381228,0.0716299619739646,0.0781455972122984,0.0038691469562118,6.707801034982962,2.302585092994046,0.0,0.0,0.5930795576051942,0.4069204422004732,0.1031476713755153,0.1575074866550676,0.0328306937193586,5.999149668010396,2.302585092994046,0.0,0.0,0.596287578988429,0.403712420926227,0.0019844018223,0.0010698733686489,0.0005054357748338,0.002038008198331,0.8844069975969414,2.042089931768981e-05,0.0016414333371233,02,Tribolium,0.5,0.5,0.0,1.0,0.0,3.0,3.0,0.0,0.9999999999996666,9.0,12.0,0.7853981633974483,1086.4444444444443,370.2469135802469,1069.0,1091.0,1104.0,38.70138519043233,49.74434641243163,1084.0,1036.5,0.0437205972591531,0.0106374739530932,0.0085173503021062,0.0,0.0,0.0,0.0,0.0,0.0,0.0,0.0,140.55555555555554,43.22222222222217,34.370370370370324,-18.814814814814895,139.0,54.0,13.892058939733872,17.198738154882356,0.027554145949391703,0.0238303001029065,-0.0019856269330519004,0.0012885863891401988,0.0014678379448056994,0.001734228211063199,0.5023923444976076,0.5023923444976076,0.5023923444976076,0.5023923444976076,0.5023923444976076,0.5023923444976076,0.5023923444976076,0.5023923444976076,0.5023923444976076,0.5023923444976076,0.5023923444976076,0.5023923444976076,0.5933014354066986,0.5311004784688995,0.5885167464114832,0.5933014354066986,0.5933014354066986,0.84688995215311,0.8373205741626795,0.5885167464114832,0.5550239234449761,0.9282296650717703,0.4784688995215311,0.5263157894736842,0.5,0.0,0.0,1.0,0.0,0.0,0.9999999999996666,0.0,0.0,0.7853981633974483,0.0,0.0,1074.7333333333333,132.1676750230087,11.711111111110995,748.1679012345679,607.2201042938877,-377.92098765432104,0.024744013469470378,0.01231003588228424,0.018976583789682724,0.013296632924194179,0.006087031755248018,-0.002659158971100979
126,0.3379528930101116,0.1818181818181818,2.302585092994046,0.5023923444976076,0.0024713209101331,0.0013722548823584,0.0020553207970301,0.0033504648392563,0.0032798759073196,0.0015797304075765,0.0028743760726101,0.0,0.0013800093871699,-0.0011873606993355,0.0007032783789869,0.0,-0.0003086539284374,0.0025467451149192,0.0722082406635108,0.0734814305889855,0.0014625033034293,6.3200573879458375,2.302585092994046,0.0,0.0,0.5416949174060862,0.4583050824022022,0.0913105724496637,0.1223034402892735,0.0234695766930048,5.811938125895805,2.302585092994046,0.0,0.0,0.6387604952629296,0.3612395046245646,0.1137605110806703,0.1482746312444051,0.028606699609241,6.1199633094111325,2.302585092994046,0.0,0.0,0.5708219904632461,0.4291780094640784,0.0020803190704478,0.0013917495000842,0.0003010083958167,0.0027012311110696,-0.7384283078013308,-0.000246775521745,0.0023025906840586,02,Tribolium,0.5,0.5,0.0,1.0,0.0,3.0,3.0,0.0,0.9999999999996666,9.0,12.0,0.7853981633974483,1185.888888888889,339.4320987654321,1172.0,1175.0,1198.0,36.09832991542224,47.859168400631454,1184.375,1130.75,0.045219244823386,0.0092590470658611,0.0005737584894283,0.0,0.0,0.0,0.0,0.0,0.0,0.0,0.0,-6.777777777777828,57.888888888888914,-890.5679012345679,-169.01234567901236,-21.0,47.0,-5.780506535306863,9.885198458238843,0.023384420899406098,0.0356521644451354,-0.0077452356831464,-0.0014382572233871994,-0.0231589537565682,-0.0107664718011948,0.5023923444976076,0.5023923444976076,0.5023923444976076,0.5023923444976076,0.5023923444976076,0.5023923444976076,0.5023923444976076,0.5023923444976076,0.5023923444976076,0.5023923444976076,0.5023923444976076,0.5023923444976076,0.7559808612440191,0.49282296650717705,0.7607655502392344,0.7464114832535885,0.7416267942583732,0.7990430622009569,0.8181818181818182,0.7559808612440191,0.6985645933014354,0.937799043062201,0.37320574162679426,0.03827751196172249,0.5,0.0,0.0,1.0,0.0,0.0,0.9999999999996666,0.0,0.0,0.7853981633974483,0.0,0.0,1100.4888888888888,101.51593197348107,85.40000000000009,1164.143209876543,1179.3781669066677,-824.711111111111,0.03207334358016304,0.01657565525369681,0.013145901243222957,0.01616924147436736,0.009551164927099782,-0.006910194408506258
127,0.4479592817463182,0.2535885167464115,2.302585092994046,0.5023923444976076,0.0008904408147515,-0.0002334868195003,0.0008592838586258,0.0,0.0023388370576705,0.0007458580185746,0.0022167215879449,0.0,0.0010412386984392,0.0006624354673432,0.0008033413214401,0.0,-0.0005907156582507,0.0015794242719768,0.0665119117450235,0.0735577749530462,0.0050250238456684,6.317980544001382,2.302585092994046,0.0,0.0,0.821099173078691,0.1789008266965436,0.0733455158592083,0.090058350955061,0.0100946981934034,6.424032861892774,2.302585092994046,0.0,0.0,0.6036507706011421,0.3963492292164249,0.0945391548374053,0.1328830005203594,0.0239894837070072,6.339157559447593,2.302585092994046,0.0,0.0,0.5392339889277595,0.4607660109671228,0.0022279000645727,0.0009356547077867,0.0010334903039274,0.0019100588361894,-0.9711026888506336,4.605781689159202e-05,0.001752296713006,02,Tribolium,0.5,0.5,0.0,1.0,0.0,3.0,3.0,0.0,0.9999999999996666,9.0,12.0,0.7853981633974483,916.1111111111112,357.4320987654321,910.0,924.0,926.0,21.171970293392967,28.16025568065745,914.875,903.8333333333334,0.012052759248029,0.010318192557404,0.0037135987609893,0.0,0.0,0.0,0.0,0.0,0.0,0.0,0.0,19.555555555555657,10.44444444444457,213.62962962962965,86.32098765432102,31.0,21.0,-8.482304979868566,0.5169394363669433,-0.0096506736432834,0.0044156595056662,0.0026768079037925,0.0016833156783593994,-0.0056970075131234,-0.00019308344433220008,0.5023923444976076,0.5023923444976076,0.5023923444976076,0.5023923444976076,0.5023923444976076,0.5023923444976076,0.5023923444976076,0.5023923444976076,0.5023923444976076,0.5023923444976076,0.5023923444976076,0.5023923444976076,0.37320574162679426,0.507177033492823,0.3875598086124402,0.38516746411483255,0.36363636363636365,0.37799043062200954,0.42105263157894735,0.3684210526315789,0.3875598086124402,0.4019138755980861,0.4258373205741627,0.23923444976076555,0.5,0.0,0.0,1.0,0.0,0.0,0.9999999999996666,0.0,0.0,0.7853981633974483,0.0,0.0,1049.311111111111,83.2382687393007,-133.1999999999997,497.4716049382716,288.25882356205136,-140.03950617283948,0.02099779337938484,0.011898112542105255,-0.00894503413135584,0.012098640075880199,0.006037395741740556,-0.0017804475184761987
128,0.4064712537246663,0.2200956937799043,2.302585092994046,0.5023923444976076,0.0033473943818296,-0.0033428345848,0.0001746599157474,0.0033504648392563,0.0025067128113332,-0.0021275109584249,0.0013256342784811,0.0,0.0009807746213023,-0.0008376661573567,0.000510131616948,0.0,-0.0006352890446363,0.0014302295079272,0.0658794206546857,0.0697186570347379,0.0036836772928696,6.425186930028579,2.302585092994046,0.0,0.0,0.6807492201075848,0.3192507796627236,0.0768735659742904,0.0966712169523339,0.0139219802352779,6.282317060041054,2.302585092994046,0.0,0.0,0.5977604409217405,0.4022395589144154,0.0961084918414327,0.1347078545003757,0.0230705209225157,6.311878865341908,2.302585092994046,0.0,0.0,0.5929351963688347,0.4070648035288016,0.0019352017177343,0.001092595245084,0.0004097363009151,0.003708285039326,-0.8670652537620345,0.0004849965016683,0.0016064915897851,02,Tribolium,0.5,0.5,0.0,1.0,0.0,3.0,3.0,0.0,0.9999999999996666,9.0,12.0,0.7853981633974483,1071.2222222222222,118.83950617283952,1064.0,1073.0,1076.0,18.904009602513845,28.36370920736567,1071.0,1061.0,0.0093351312104553,0.0059102022342105,0.006097682172732,0.0,0.0,0.0,0.0,0.0,0.0,0.0,0.0,-12.44444444444457,-48.55555555555566,-348.9382716049382,-347.7777777777778,-7.0,-51.0,-10.751896126127196,-1.9248960473159151,-0.0145036876145215,6.990001378940139e-05,-0.0051497767320248,-0.006921646555072601,-0.007087820902808501,0.0008720392406057998,0.5023923444976076,0.5023923444976076,0.5023923444976076,0.5023923444976076,0.5023923444976076,0.5023923444976076,0.5023923444976076,0.5023923444976076,0.5023923444976076,0.5023923444976076,0.5023923444976076,0.5023923444976076,0.583732057416268,0.16267942583732056,0.583732057416268,0.5789473684210527,0.5645933014354066,0.28708133971291866,0.4354066985645933,0.583732057416268,0.5885167464114832,0.28708133971291866,0.24401913875598086,0.3923444976076555,0.5,0.0,0.0,1.0,0.0,0.0,0.9999999999996666,0.0,0.0,0.7853981633974483,0.0,0.0,961.6888888888891,155.60293564148108,109.53333333333308,475.85185185185185,462.31363531015387,-357.01234567901236,0.017911414143759637,0.011852612024226829,-0.008576282933304336,0.01079691585817792,0.006032766013210901,-0.00488671362396742
129,0.3283282783929497,0.1770334928229665,2.302585092994046,0.5023923444976076,0.0029924075954728,-0.0004182644931911,0.002963031898441,0.0023691364079652,0.0034254527249422,0.0012396697443547,0.0031932656162219,0.0,0.003008862405277,-0.0023232942328985,0.0019119510666515,0.0,-0.0015847573923144,0.0019536399303074,0.0772347529043606,0.1056592341377616,0.0201327904545753,5.593684559853199,2.302585092994046,0.0,0.0,0.8002477263962902,0.1997522734467371,0.0910177305702624,0.1131495183192839,0.0230000603258188,5.967528240200107,2.302585092994046,0.0,0.0,0.720033230990106,0.2799667688964282,0.1267153807593868,0.1838944373826156,0.0401258594675396,5.689371884734022,2.302585092994046,0.0,0.0,0.6394681010153973,0.3605318989279996,0.0025859559293802,0.0009404624273532,0.0009144773712366,0.0038201176723788,-0.8774979353940021,0.0006450953244792,0.0022016671218391,02,Tribolium,0.5,0.5,0.0,1.0,0.0,3.0,3.0,0.0,0.9999999999996666,9.0,12.0,0.7853981633974483,992.5555555555557,230.46913580246917,983.0,990.0,1007.0,26.66300859776132,36.28015986734347,989.875,965.4166666666666,0.0246417776782715,0.0053329530409998,0.0067180676925448,0.0,0.0,0.0,0.0,0.0,0.0,0.0,0.0,-128.66666666666652,-32.55555555555543,-129.70370370370375,11.92592592592598,-125.0,-31.0,0.5077925597042139,4.8096540081431876,0.004500067243230502,0.0065543074853386014,-0.0052652283266432995,-0.003097410252060699,-0.0060257844029305,-0.004565621237354901,0.5023923444976076,0.5023923444976076,0.5023923444976076,0.5023923444976076,0.5023923444976076,0.5023923444976076,0.5023923444976076,0.5023923444976076,0.5023923444976076,0.5023923444976076,0.5023923444976076,0.5023923444976076,0.48325358851674644,0.3397129186602871,0.48325358851674644,0.4784688995215311,0.4688995215311005,0.583732057416268,0.6244019138755981,0.48325358851674644,0.4688995215311005,0.7416267942583732,0.20574162679425836,0.4258373205741627,0.5,0.0,0.0,1.0,0.0,0.0,0.9999999999996666,0.0,0.0,0.7853981633974483,0.0,0.0,1201.9555555555555,212.15818230977482,-209.39999999999986,8181.125925925926,13663.001023054057,-7950.656790123457,0.037287949296734804,0.0345136002933058,-0.012646171618463303,0.03328916579235099,0.02637835977015148,-0.02795621275135119
130,0.2875423705680161,0.1435406698564593,2.302585092994046,0.5023923444976076,0.0024713209101331,-0.000506070789007,0.002418950060951,0.0033504648392563,0.0032798759073196,-0.0009454192647036,0.0031406636848511,0.0,0.0020500971421389,-0.0019819222734921,0.0005242922792125,0.0,-0.0011796015900851,0.0018486687135195,0.0550998282153019,0.0615975466070975,0.0045954307767581,6.6728787624902255,2.302585092994046,0.0,0.0,0.8758053591807167,0.1241946404921769,0.0688958205382757,0.0933331503804325,0.0174289970590911,6.352597761704643,2.302585092994046,0.0,0.0,0.6862214691336344,0.3137785306683617,0.0972016959009031,0.1438750617532035,0.0322913064918879,6.180205058397655,2.302585092994046,0.0,0.0,0.609658569304916,0.3903414305997632,0.0026380645979142,0.0009470799548348,0.000625548981792,0.0025626128392462,-0.0220727632489531,0.0005813192802413,0.0022062230445645,02,Tribolium,0.5,0.5,0.0,1.0,0.0,3.0,3.0,0.0,0.9999999999996666,9.0,12.0,0.7853981633974483,1060.2222222222222,1570.1728395061727,1034.0,1050.0,1085.0,36.0027935791203,44.51123453691214,1061.5,1057.6666666666667,0.0036155942150491,0.0257060445093078,0.0141188362872334,0.0,0.0,0.0,0.0,0.0,0.0,0.0,0.0,-34.44444444444457,-47.77777777777783,-191.82716049382725,24.39506172839492,-48.0,-61.0,-3.015489334136703,-7.019937117714107,-0.0025887297800788,-0.0066130459774898995,-0.0007972653512365972,0.002547532712944802,-0.006268715368012101,0.004539002756484299,0.5023923444976076,0.5023923444976076,0.5023923444976076,0.5023923444976076,0.5023923444976076,0.5023923444976076,0.5023923444976076,0.5023923444976076,0.5023923444976076,0.5023923444976076,0.5023923444976076,0.5023923444976076,0.5741626794258373,0.9282296650717703,0.5550239234449761,0.5502392344497608,0.5813397129186603,0.7942583732057417,0.7703349282296651,0.5741626794258373,0.583732057416268,0.1674641148325359,0.9330143540669856,0.7703349282296651,0.5,0.0,0.0,1.0,0.0,0.0,0.9999999999996666,0.0,0.0,0.7853981633974483,0.0,0.0,1188.4222222222222,222.66555111718782,-128.20000000000005,7913.185185185185,13802.44374203808,-6343.0123456790125,0.041493185989379275,0.031284568424963376,-0.03787759177433017,0.029214547498689403,0.02870582816303334,-0.003508502989381601
131,0.4591431867252603,0.2631578947368421,2.302585092994046,0.5023923444976076,0.0008904408147515,0.0001193297635448,0.0008824087783492,0.0,0.0001415681108921,-0.0001215637069585,7.255201700905046e-05,0.0,0.0004983672216973,-0.0003740847082028,0.000329287896454,0.0,-0.0005555354429616,0.0013494606895215,0.0831368426974401,0.1055529370946168,0.0193793762243747,5.595697645585701,2.302585092994046,0.0,0.0,0.754120954039396,0.2458790458233787,0.1075216759291983,0.162298813152261,0.0353519537155978,5.246070146730222,2.302585092994046,0.0,0.0,0.8121895229037305,0.1878104770182096,0.1415364718920115,0.1804280533990507,0.0424146492909063,5.72743144655722,2.302585092994046,0.0,0.0,0.588547944638541,0.4114520553156538,0.0022970448917156,0.001137839399001,6.41027971807113e-05,0.0008542042797487,0.589780659857881,4.513263411064031e-05,0.0019418646174009,02,Tribolium,0.5,0.5,0.0,1.0,0.0,3.0,3.0,0.0,0.9999999999996666,9.0,12.0,0.7853981633974483,904.2222222222222,310.39506172839504,887.0,913.0,914.0,23.6559934456506,30.52867504494749,903.125,890.75,0.0136857950356352,0.0129081369269215,0.017608153103087,0.0,0.0,0.0,0.0,0.0,0.0,0.0,0.0,-73.88888888888903,-14.0,-284.8148148148148,-126.88888888888897,-72.0,1.0,-4.244228506658757,1.8879031829985813,-0.013833232568590498,0.0017061241740670002,-0.0035024955824071013,-0.0005072530181391994,0.007173543838606699,0.0010094810802857984,0.5023923444976076,0.5023923444976076,0.5023923444976076,0.5023923444976076,0.5023923444976076,0.5023923444976076,0.5023923444976076,0.5023923444976076,0.5023923444976076,0.5023923444976076,0.5023923444976076,0.5023923444976076,0.35406698564593303,0.45933014354066987,0.36363636363636365,0.3660287081339713,0.3492822966507177,0.4880382775119617,0.4880382775119617,0.35406698564593303,0.3660287081339713,0.44019138755980863,0.6076555023923444,0.84688995215311,0.5,0.0,0.0,1.0,0.0,0.0,0.9999999999996666,0.0,0.0,0.7853981633974483,0.0,0.0,874.8444444444445,130.28804934632004,29.377777777777624,214.22222222222226,132.18416162100377,96.17283950617278,0.015408864291275082,0.010719650415418265,-0.0017230692556398815,0.00676638499490662,0.002160983753134694,0.00614175193201488
132,0.4042319207773044,0.215311004784689,2.302585092994046,0.5023923444976076,0.0035821711042094,0.0035065270989235,0.0007322687514485,0.0033504648392563,0.0032298925420121,0.003229221137759,6.585344634720866e-05,0.0,0.00066465153623,-6.825275758902458e-05,0.0006611378265494,0.0,-0.0016292312952023,0.0022111939807676,0.0850781401450403,0.1040803445743964,0.0194977059640075,5.623796556805502,2.302585092994046,0.0,0.0,0.7736494786693764,0.2263505211993632,0.0956085956880294,0.115384483194079,0.0200192126166906,5.928408702369875,2.302585092994046,0.0,0.0,0.7045920575300683,0.2954079423651294,0.1195121489830921,0.1568110610477908,0.029338740162319,6.008012355267883,2.302585092994046,0.0,0.0,0.6129081308430694,0.3870918690908974,0.0021353603326315,0.0008146863969555,0.0002443254828658,0.0034168171189949,0.6952603557997815,0.0001978258425329,0.0016538678787399,02,Tribolium,0.5,0.5,0.0,1.0,0.0,3.0,3.0,0.0,0.9999999999996666,9.0,12.0,0.7853981633974483,721.7777777777778,192.1728395061729,711.0,719.0,737.0,24.351901992181624,32.00390601161052,719.5,698.5833333333334,0.0289793719211821,0.0077058908521405,0.0065988409019486,0.0,0.0,0.0,0.0,0.0,0.0,0.0,0.0,-81.77777777777771,-83.11111111111109,59.92592592592598,-17.03703703703701,-86.0,-90.0,7.057852367961807,4.338374503186575,0.005438166168969801,0.012258637520298599,0.0018345209004392996,-0.0036740565628608996,0.0049053330599148,-0.0070958491287265,0.5023923444976076,0.5023923444976076,0.5023923444976076,0.5023923444976076,0.5023923444976076,0.5023923444976076,0.5023923444976076,0.5023923444976076,0.5023923444976076,0.5023923444976076,0.5023923444976076,0.5023923444976076,0.13875598086124402,0.2727272727272727,0.14354066985645933,0.13875598086124402,0.13875598086124402,0.5311004784688995,0.5263157894736842,0.13875598086124402,0.13875598086124402,0.8038277511961722,0.2966507177033493,0.41148325358851673,0.5,0.0,0.0,1.0,0.0,0.0,0.9999999999996666,0.0,0.0,0.7853981633974483,0.0,0.0,986.8,108.97188220413153,-265.0222222222221,329.68888888888887,142.75929252164389,-137.51604938271598,0.01086912209668798,0.005957627700824253,0.01811024982449412,0.00913169506387006,0.003347650963319564,-0.001425804211729561
133,0.4721607002847514,0.2727272727272727,2.302585092994046,0.5023923444976076,0.0017445431420965,-0.0013822187827041,0.0010643786973516,0.0023691364079652,0.0001415681108921,-0.0001326839158555,4.936100176082719e-05,0.0,0.0007099314729432,-0.0006990983816831,0.0001235481647102,0.0,-0.000405718072252,0.0009607262781024,0.0823145945624544,0.0943499465225127,0.0113987482134807,5.820101436489618,2.302585092994046,0.0,0.0,0.7849667743228759,0.2150332255323145,0.09398147335561,0.1201037668486503,0.0176597947585527,5.848236284604012,2.302585092994046,0.0,0.0,0.768768059912977,0.2312319399776662,0.1173167530044792,0.1631954985017938,0.0291596399438974,5.928197932040872,2.302585092994046,0.0,0.0,0.6654634231796132,0.3345365767519569,0.0019881414858191,0.0012230395336747,6.410279718071134e-05,0.0017247573392682,0.3252794506958528,-1.2640844112463568e-05,0.0017940923875936,02,Tribolium,0.5,0.5,0.0,1.0,0.0,3.0,3.0,0.0,0.9999999999996666,9.0,12.0,0.7853981633974483,765.3333333333334,63.55555555555556,763.0,767.0,768.0,15.22182937241396,21.70829334609241,765.125,744.6666666666666,0.0267312717770034,0.005252126876874,0.0072901480440217,0.0,0.0,0.0,0.0,0.0,0.0,0.0,0.0,81.0,25.33333333333337,-232.44444444444446,20.0,77.0,28.0,-6.524742320695701,-0.38743874042584814,0.0029246473249820992,-0.0028295390338072997,-0.0110418124154915,0.0017508584636064,-0.0010617409961262,0.0025088617593852997,0.5023923444976076,0.5023923444976076,0.5023923444976076,0.5023923444976076,0.5023923444976076,0.5023923444976076,0.5023923444976076,0.5023923444976076,0.5023923444976076,0.5023923444976076,0.5023923444976076,0.5023923444976076,0.18181818181818182,0.05741626794258373,0.21052631578947367,0.18660287081339713,0.17464114832535885,0.13875598086124402,0.19617224880382775,0.18181818181818182,0.17703349282296652,0.7703349282296651,0.20095693779904306,0.46411483253588515,0.5,0.0,0.0,1.0,0.0,0.0,0.9999999999996666,0.0,0.0,0.7853981633974483,0.0,0.0,925.9555555555555,119.62312423545809,-160.62222222222215,368.3061728395062,261.20689979270094,-304.75061728395065,0.016286781137629595,0.006860267494339428,0.010444490639373805,0.0108225147123214,0.004000508282897639,-0.0055703878354474
134,0.4492042296146928,0.2583732057416268,2.302585092994046,0.5023923444976076,0.0019638943736363,0.0019004422070142,0.0004951772698733,0.0023691364079652,0.0046010596899344,0.0045667179686212,0.0005611036137929,0.0,0.0014453117690228,-0.0001981277781791,0.001431667382177,0.0,0.0001509882375371,0.0014561572292418,0.085422791701648,0.1201037668486503,0.0245364523163436,5.337410660838156,2.302585092994046,0.0,0.0,0.8707754624070897,0.1292245374663134,0.1003078646104319,0.1228757571271915,0.0263361668245513,5.802600989900487,2.302585092994046,0.0,0.0,0.5764427098685948,0.4235572900384274,0.134466314400477,0.1978902642084171,0.0417790721189298,5.542670339157676,2.302585092994046,0.0,0.0,0.6501102189617187,0.3498897809878443,0.0020351444759497,0.0010796856821822,0.0007325626175852,0.0021842358438627,-0.1311473974191158,-6.100825272336488e-05,0.0015913348799215,02,Tribolium,0.5,0.5,0.0,1.0,0.0,3.0,3.0,0.0,0.9999999999996666,9.0,12.0,0.7853981633974483,1199.2222222222222,1908.395061728395,1163.0,1171.0,1233.0,50.39430045124851,57.98706752371601,1195.0,1156.75,0.0318956731214675,0.020230551796539,0.0190639431478056,0.0,0.0,0.0,0.0,0.0,0.0,0.0,0.0,108.77777777777783,77.44444444444434,411.4814814814813,1371.333333333333,90.0,48.0,3.6058081547702443,1.3107776669437214,0.024138897087230802,-0.019807971886456298,-0.0025201160845139993,0.0153895414802268,0.0112018148720528,0.0131197574605416,0.5023923444976076,0.5023923444976076,0.5023923444976076,0.5023923444976076,0.5023923444976076,0.5023923444976076,0.5023923444976076,0.5023923444976076,0.5023923444976076,0.5023923444976076,0.5023923444976076,0.5023923444976076,0.7703349282296651,0.9425837320574163,0.7511961722488039,0.7368421052631579,0.7942583732057417,0.9234449760765551,0.8755980861244019,0.7655502392344498,0.7416267942583732,0.84688995215311,0.861244019138756,0.861244019138756,0.5,0.0,0.0,1.0,0.0,0.0,0.9999999999996666,0.0,0.0,0.7853981633974483,0.0,0.0,1022.9555555555555,104.48539622689553,176.26666666666665,389.2,235.08232330154536,1519.1950617283949,0.02160239364656926,0.021614231936022233,0.010293279474898241,0.0104914851413546,0.006173088448466878,0.009739066655184401
135,0.7615028116307132,0.4449760765550239,2.302585092994046,0.5023923444976076,0.0017445431420965,-0.0009844309003625,0.0014402522616013,0.0023691364079652,0.0024073925556093,-0.0008101011042889,0.0022669969381614,0.0,0.0013800093871699,-0.0012147138812323,0.0006549015921636,0.0,-0.0003566148281835,0.0012635394175814,0.0718138758134606,0.0764023534475773,0.0057221565389591,6.242095846490017,2.302585092994046,0.0,0.0,0.5702031076556363,0.4297968921516844,0.088844054810941,0.1170267057542588,0.0213885168904262,5.900144144202337,2.302585092994046,0.0,0.0,0.616772390898518,0.383227608981732,0.1193338834466569,0.1661100863370176,0.0350714282059656,5.892794172400282,2.302585092994046,0.0,0.0,0.5603170207893395,0.4396829791460216,0.0015803613641891,0.0008271488924988,0.0008099098949807,0.0019100588361894,0.0180689477928044,-0.0005967592944292,0.0007820261268751,02,Tribolium,0.5,0.5,0.0,1.0,0.0,3.0,3.0,0.0,0.9999999999996666,9.0,12.0,0.7853981633974483,843.7777777777778,271.9506172839507,834.0,842.0,851.0,19.36318278443951,22.13594362117865,844.0,835.5,0.0100737424282328,0.0112906095244215,0.0146762948770538,0.0,0.0,0.0,0.0,0.0,0.0,0.0,0.0,-6.111111111111086,-8.777777777777715,-204.14814814814804,-499.62962962962945,-3.0,7.0,-8.841081418161142,-12.818058500487957,-0.0101249763585366,0.0057729474327943,-0.005975831007734501,-0.0081267101107973,-0.003897427842439998,0.00015110482142949994,0.5023923444976076,0.5023923444976076,0.5023923444976076,0.5023923444976076,0.5023923444976076,0.5023923444976076,0.5023923444976076,0.5023923444976076,0.5023923444976076,0.5023923444976076,0.5023923444976076,0.5023923444976076,0.2679425837320574,0.41626794258373206,0.2631578947368421,0.2631578947368421,0.2631578947368421,0.3014354066985646,0.21052631578947367,0.2679425837320574,0.2727272727272727,0.3253588516746411,0.5358851674641149,0.784688995215311,0.5,0.0,0.0,1.0,0.0,0.0,0.9999999999996666,0.0,0.0,0.7853981633974483,0.0,0.0,947.0444444444445,150.02678937731156,-103.26666666666665,350.4493827160494,184.44703480422757,-78.49876543209871,0.019489821923650043,0.010881305049092562,-0.009416079495417243,0.01049191045410654,0.0041910961289518475,0.0007986990703149587
136,0.8665984707733952,0.5167464114832536,2.302585092994046,0.5023923444976076,0.0008904408147515,-0.000354359604823,0.0008168929642523,0.0,0.0025067128113332,-0.0024431632417829,0.000560858709929,0.0,0.0007099314729432,-0.0006101148410219,0.0003629911528398,0.0,0.000269435952598,0.0003531700037453,0.083855447676692,0.1117519408600644,0.0222494609025399,5.481559644116332,2.302585092994046,0.0,0.0,0.7969218848779491,0.2030781149891918,0.0975342029216468,0.1197996173453023,0.0240604825592494,5.853307487201739,2.302585092994046,0.0,0.0,0.6843669519271347,0.3156330479737751,0.1376483481018147,0.1955506488561761,0.0454612097121539,5.566456812322629,2.302585092994046,0.0,0.0,0.6014437416392167,0.3985562583131955,0.0017436591483057,0.0010311549288549,0.0009509613770446,0.0017247573392682,-0.75437734973313,-0.0004195869694435,0.0006635165476284,02,Tribolium,0.5,0.5,0.0,1.0,0.0,3.0,3.0,0.0,0.9999999999996666,9.0,12.0,0.7853981633974483,1216.6666666666667,449.1111111111111,1204.0,1220.0,1231.0,37.80748431832074,43.34166586553867,1212.75,1168.25,0.0365753424657534,0.0069043451435262,0.0016777327005099,0.0,0.0,0.0,0.0,0.0,0.0,0.0,0.0,50.888888888888914,80.2222222222224,-739.2839506172841,369.3086419753086,52.0,83.0,1.6343492163841375,17.105684345852247,0.017239181581269997,0.0170333987817488,-0.012692091396191998,0.0047875446845046,4.3494404648700006e-05,-0.0011961309007727998,0.5023923444976076,0.5023923444976076,0.5023923444976076,0.5023923444976076,0.5023923444976076,0.5023923444976076,0.5023923444976076,0.5023923444976076,0.5023923444976076,0.5023923444976076,0.5023923444976076,0.5023923444976076,0.7942583732057417,0.6124401913875598,0.8086124401913876,0.7990430622009569,0.7894736842105263,0.8277511961722488,0.7511961722488039,0.7894736842105263,0.7703349282296651,0.8947368421052632,0.2631578947368421,0.10526315789473684,0.5,0.0,0.0,1.0,0.0,0.0,0.9999999999996666,0.0,0.0,0.7853981633974483,0.0,0.0,946.6222222222223,166.49141304368806,270.0444444444445,474.88888888888897,299.7244105306523,-25.777777777777885,0.02157449977632044,0.007572394847201013,0.015000842689432959,0.01345899455613846,0.0043945414461452155,-0.00655464941261226
137,0.5372940820864693,0.3157894736842105,2.302585092994046,0.5023923444976076,0.0024713209101331,0.0012814973648331,0.0021130999845693,0.0033504648392563,0.0034726224248087,-0.0030881227323489,0.0015882709136774,0.0,0.0009807746213023,-0.0009464177481484,0.0002573175154947,0.0,-0.0004379638416725,0.0005694695198324,0.062741092957633,0.0754040702794005,0.008969635416442,6.268400334372185,2.302585092994046,0.0,0.0,0.6317725305665025,0.3682274691845492,0.0796718790980531,0.1096221714396746,0.0220577848675981,6.030869173889705,2.302585092994046,0.0,0.0,0.5245558178173872,0.4754441820362888,0.1104930388154486,0.1694056782544261,0.0373278131092241,5.853503048007605,2.302585092994046,0.0,0.0,0.6222513073088511,0.3777486926176305,0.0015586833329001,0.0009994849681178,0.0002465350726084,0.0023691364079652,0.455792787135851,-0.0001740834751882,0.0011013302090097,02,Tribolium,0.5,0.5,0.0,1.0,0.0,3.0,3.0,0.0,0.9999999999996666,9.0,12.0,0.7853981633974483,1015.3333333333334,73.77777777777777,1010.0,1012.0,1026.0,14.958535615734537,17.7341478509682,1016.0,1029.1666666666667,-0.012967826657912,0.0014215781414914,0.001206249052624,0.0,0.0,0.0,0.0,0.0,0.0,0.0,0.0,-28.66666666666663,-30.8888888888888,-403.77777777777777,-236.3950617283951,-29.0,-35.0,-10.092078970510798,-3.127483819379666,-0.0215486057128289,-0.0126890458592714,-0.0125930486966116,-0.0083834512962383,-0.018606567087342502,-0.0099798234770778,0.5023923444976076,0.5023923444976076,0.5023923444976076,0.5023923444976076,0.5023923444976076,0.5023923444976076,0.5023923444976076,0.5023923444976076,0.5023923444976076,0.5023923444976076,0.5023923444976076,0.5023923444976076,0.5023923444976076,0.0861244019138756,0.507177033492823,0.507177033492823,0.49760765550239233,0.1291866028708134,0.0861244019138756,0.507177033492823,0.5406698564593302,0.023923444976076555,0.028708133971291867,0.07655502392344497,0.5,0.0,0.0,1.0,0.0,0.0,0.9999999999996666,0.0,0.0,0.7853981633974483,0.0,0.0,966.488888888889,82.42984596717892,48.84444444444432,665.4814814814815,247.2189198466262,-591.7037037037037,0.02010821406378916,0.014906796916335981,-0.03307604072170116,0.0131778603949223,0.005803546352248618,-0.0117562822534309
138,0.4862063987538037,0.2822966507177033,2.302585092994046,0.5023923444976076,0.0008904408147515,-0.000354094878895,0.0008170077486264,0.0,0.0001415681108921,-0.0001415661195699,7.508738106792395e-07,0.0,0.0015369912394651,-0.0015307985341817,0.0001378329348865,0.0,-6.807879355810354e-05,0.0016107030366104,0.0677538184983065,0.07713349310591,0.0082492517310526,6.2230476515225535,2.302585092994046,0.0,0.0,0.5928267013291821,0.4071732984561624,0.0748576155899924,0.0928810252427439,0.0117575199798757,6.36230971890809,2.302585092994046,0.0,0.0,0.6018047812642959,0.3981952185615457,0.1078906378964196,0.1668686223118985,0.0372641903865808,5.883682030785487,2.302585092994046,0.0,0.0,0.5824875320153136,0.4175124679079345,0.0020351444759497,0.0010796856821822,0.0007325626175852,0.001589265016854,-0.9169276096287792,-4.7657751443094985e-05,0.0015819756657204,02,Tribolium,0.5,0.5,0.0,1.0,0.0,3.0,3.0,0.0,0.9999999999996666,9.0,12.0,0.7853981633974483,911.0,805.1111111111111,884.0,910.0,940.0,26.415052867478614,33.58943286213687,911.125,892.9166666666666,0.0199871935601902,0.0208211339889233,0.0083651314548599,0.0,0.0,0.0,0.0,0.0,0.0,0.0,0.0,-24.22222222222217,-9.777777777777828,-777.506172839506,465.60493827160496,-39.0,-4.0,-11.654426413230524,5.514199504790252,-0.018595436830685402,0.013651969715614401,-0.007207667021204199,0.0091793594671261,-0.001965970584926001,-0.0047882767210972,0.5023923444976076,0.5023923444976076,0.5023923444976076,0.5023923444976076,0.5023923444976076,0.5023923444976076,0.5023923444976076,0.5023923444976076,0.5023923444976076,0.5023923444976076,0.5023923444976076,0.5023923444976076,0.3588516746411483,0.7990430622009569,0.35645933014354064,0.3588516746411483,0.38995215311004783,0.5741626794258373,0.5598086124401914,0.3588516746411483,0.37799043062200954,0.6507177033492823,0.8755980861244019,0.5167464114832536,0.5,0.0,0.0,1.0,0.0,0.0,0.9999999999996666,0.0,0.0,0.7853981633974483,0.0,0.0,1046.7111111111112,93.58992770539587,-135.71111111111122,714.5086419753086,648.672295738025,90.6024691358025,0.018416410248716802,0.01922774649680858,0.0015707833114733984,0.011975589487891621,0.006513086173178632,0.008845544501031678
139,0.5929136532064304,0.3444976076555024,2.302585092994046,0.5023923444976076,0.0008904408147515,-0.0003189504523391,0.0008313575966622,0.0,0.0023388370576705,0.0005185120119882,0.0022806367697985,0.0,0.0004515661722312,9.392227960761806e-05,0.0004416906307551,0.0,-0.0001759950637191,0.0006317697087907,0.083071879766317,0.1060833572040924,0.0207668025269108,5.585672498967217,2.302585092994046,0.0,0.0,0.7794087403574818,0.2205912595061335,0.0946348047309658,0.1148237100672816,0.0215068457875926,5.938152477827843,2.302585092994046,0.0,0.0,0.5612221191012873,0.4387778807925364,0.1272124552086574,0.186094119094621,0.0389556209385464,5.665590526194139,2.302585092994046,0.0,0.0,0.8201446855425717,0.1798553144009328,0.0018021815751727,0.0009680466499588,0.0007325626175852,0.001589265016854,-0.9169276096287792,-6.0816148387278175e-05,0.0011881974745716,02,Tribolium,0.5,0.5,0.0,1.0,0.0,3.0,3.0,0.0,0.9999999999996666,9.0,12.0,0.7853981633974483,1104.6666666666667,926.6666666666666,1072.0,1111.0,1136.0,28.828294598296814,37.16517186829626,1110.375,1106.5833333333333,0.003432407966204,0.0135185526941439,0.0170000796873876,0.0,0.0,0.0,0.0,0.0,0.0,0.0,0.0,7.6666666666667425,10.44444444444457,575.1111111111111,550.716049382716,21.0,13.0,7.966682583906241,2.667548928462555,0.0100793237972584,-0.0034217756243727004,0.0033930847395443,0.0016875411204801006,0.0126583324476318,0.0003351921196994012,0.5023923444976076,0.5023923444976076,0.5023923444976076,0.5023923444976076,0.5023923444976076,0.5023923444976076,0.5023923444976076,0.5023923444976076,0.5023923444976076,0.5023923444976076,0.5023923444976076,0.5023923444976076,0.6076555023923444,0.8421052631578947,0.5933014354066986,0.6076555023923444,0.6244019138755981,0.6172248803827751,0.6746411483253588,0.6076555023923444,0.631578947368421,0.15789473684210525,0.6650717703349283,0.8277511961722488,0.5,0.0,0.0,1.0,0.0,0.0,0.9999999999996666,0.0,0.0,0.7853981633974483,0.0,0.0,912.8,102.93767501877824,191.8666666666668,468.4395061728395,313.8106067066136,458.2271604938271,0.01887261302793996,0.019283028510840496,-0.015440205061735959,0.01091117257411528,0.007443474389812395,0.00260738012002862
140,0.7059817006790932,0.4019138755980861,2.302585092994046,0.5023923444976076,0.0017445431420965,-0.0010818990543192,0.0013685485782022,0.0023691364079652,0.0024073925556093,-0.0009652972940475,0.002205388866143,0.0,0.001923096814241,0.0010649244208345,0.0016013236196516,0.0,-0.0007527683063701,0.0017445311283292,0.0744268808434934,0.0752923328948051,0.000692987951557,6.271366228785039,2.302585092994046,0.0,0.0,0.8198866530603526,0.1801133467591367,0.0845849490285269,0.1166904904318267,0.0163977241919094,5.905898372985168,2.302585092994046,0.0,0.0,0.7351349867344358,0.2648650131308568,0.1102422715211967,0.1474585214761216,0.0290940647323262,6.131001799109518,2.302585092994046,0.0,0.0,0.6661479963923129,0.3338520035307628,0.0015803613641891,0.0008271488924988,0.0008099098949807,0.0019100588361894,0.0180689477928043,-0.000553322393841,0.0007914556808606,02,Tribolium,0.5,0.5,0.0,1.0,0.0,3.0,3.0,0.0,0.9999999999996666,9.0,12.0,0.7853981633974483,889.1111111111111,75.87654320987653,882.0,888.0,896.0,13.00091772644008,16.53027525481654,887.75,879.9166666666666,0.0088102974256436,0.0051415949956024,0.003673316285139,0.0,0.0,0.0,0.0,0.0,0.0,0.0,0.0,100.22222222222217,82.0,-151.33333333333337,-213.55555555555557,102.0,81.0,-8.34993160904157,-11.332385666760628,-0.0033904067997084005,0.0047319659278463,-0.0055150356645507995,-0.009427357550691,-0.004606649042500299,-0.0086348301370979,0.5023923444976076,0.5023923444976076,0.5023923444976076,0.5023923444976076,0.5023923444976076,0.5023923444976076,0.5023923444976076,0.5023923444976076,0.5023923444976076,0.5023923444976076,0.5023923444976076,0.5023923444976076,0.3253588516746411,0.10047846889952153,0.3492822966507177,0.32057416267942584,0.32057416267942584,0.08133971291866028,0.06220095693779904,0.3253588516746411,0.3492822966507177,0.2727272727272727,0.19138755980861244,0.23444976076555024,0.5,0.0,0.0,1.0,0.0,0.0,0.9999999999996666,0.0,0.0,0.7853981633974483,0.0,0.0,836.0222222222222,91.50433842511123,53.088888888888846,374.7111111111111,138.58438468347669,-298.83456790123455,0.01578297173305106,0.006362240295051473,-0.0069726743074074605,0.014001827769408021,0.0029148618064414543,-0.008860232773805621
141,0.6394840822356057,0.3684210526315789,2.302585092994046,0.5023923444976076,0.0008904408147515,-0.0002170259134608,0.0008635882105852,0.0,0.0001415681108921,-0.0001398168448137,2.2198646984143967e-05,0.0,4.035659798674701e-05,-3.940304507671655e-05,8.720954061692787e-06,0.0,0.0,0.0,0.0745638550856289,0.0873694337545086,0.0100838070399398,5.973831859935646,2.302585092994046,0.0,0.0,0.5697595494140144,0.4302404504093523,0.0886421301678321,0.1106160926656323,0.0189367397843853,6.012817306697741,2.302585092994046,0.0,0.0,0.7393249517104369,0.2606750481678497,0.1108062235432375,0.1465229947730596,0.0266566735030654,6.143730896815232,2.302585092994046,0.0,0.0,0.6569614864228032,0.3430385135002062,0.001931061848377,0.0009827182173927,0.0007729072478531,0.0014410894171536,-0.49872141991823,-0.0005117393723864,0.0009897044163631,02,Tribolium,0.5,0.5,0.0,1.0,0.0,3.0,3.0,0.0,0.9999999999996666,9.0,12.0,0.7853981633974483,737.0,225.11111111111111,734.0,743.0,747.0,21.083813935446987,24.150569351466643,736.25,719.8333333333334,0.022274988692899,0.0110817280060214,0.0088629208241771,0.0,0.0,0.0,0.0,0.0,0.0,0.0,0.0,1.3333333333333712,-13.111111111111086,158.0,11.234567901234584,7.0,-9.0,6.1586957467232875,0.8235752070397098,0.003641096531594102,0.0084437044387145,0.0044508107975855,0.001611492594617599,0.0053483229452907,0.0025133325411953993,0.5023923444976076,0.5023923444976076,0.5023923444976076,0.5023923444976076,0.5023923444976076,0.5023923444976076,0.5023923444976076,0.5023923444976076,0.5023923444976076,0.5023923444976076,0.5023923444976076,0.5023923444976076,0.15311004784688995,0.3253588516746411,0.15789473684210525,0.15789473684210525,0.15311004784688995,0.37320574162679426,0.27751196172248804,0.15311004784688995,0.14832535885167464,0.6985645933014354,0.507177033492823,0.5550239234449761,0.5,0.0,0.0,1.0,0.0,0.0,0.9999999999996666,0.0,0.0,0.7853981633974483,0.0,0.0,905.6,119.81748671816146,-168.60000000000002,452.2765432098766,274.42295019209917,-227.16543209876548,0.02129582619029228,0.015746946542311693,0.0009791625026067223,0.010932590828144201,0.005453396791788035,0.00014913717787719792
142,0.8522631305612958,0.492822966507177,2.302585092994046,0.5023923444976076,0.0008904408147515,-0.0002381810926068,0.0008579945289452,0.0,0.0001415681108921,-0.0001403201075703,1.8756263834467607e-05,0.0,0.0027792017503416,-0.0017167578931376,0.0021855673646565,0.0,2.251975559779732e-06,0.0008505460004983,0.0636098781209695,0.0749186713680019,0.0080143183812936,6.281316559636445,2.302585092994046,0.0,0.0,0.8009740251855691,0.1990259745711481,0.073748148532869,0.0972212298117885,0.014833843990714,6.270970267654534,2.302585092994046,0.0,0.0,0.5548516629010459,0.4451483369222391,0.0965760015368988,0.1333889020981991,0.0265595129869252,6.331557776194919,2.302585092994046,0.0,0.0,0.5600339112873334,0.4399660886129888,0.0020411961131556,0.0010957671571043,0.0003837661107651,0.0009768199651537,-0.0205079167412378,-0.0003612206082795,0.0010906710871571,02,Tribolium,0.5,0.5,0.0,1.0,0.0,3.0,3.0,0.0,0.9999999999996666,9.0,12.0,0.7853981633974483,759.1111111111111,249.43209876543213,745.0,757.0,768.0,23.76428026461557,33.50373113550191,758.0,740.3333333333334,0.0232728337236533,0.0108096021298266,0.0118315517436014,0.0,0.0,0.0,0.0,0.0,0.0,0.0,0.0,-36.33333333333337,5.555555555555543,-262.3703703703703,-141.2592592592592,-35.0,4.0,-4.856225755516338,0.06374738790998435,-0.005379911073105901,-0.0019409675149193,-0.005937230543681999,-0.005409131938509599,-0.008184532898611799,0.0017186480576935007,0.5023923444976076,0.5023923444976076,0.5023923444976076,0.5023923444976076,0.5023923444976076,0.5023923444976076,0.5023923444976076,0.5023923444976076,0.5023923444976076,0.5023923444976076,0.5023923444976076,0.5023923444976076,0.1722488038277512,0.37320574162679426,0.1722488038277512,0.1722488038277512,0.17464114832535885,0.5023923444976076,0.5550239234449761,0.1722488038277512,0.1722488038277512,0.7177033492822966,0.49760765550239233,0.6794258373205742,0.5,0.0,0.0,1.0,0.0,0.0,0.9999999999996666,0.0,0.0,0.7853981633974483,0.0,0.0,874.2444444444445,86.04780181696022,-115.13333333333344,473.8716049382716,337.6690155558447,-224.4395061728395,0.01940215003594516,0.0093045474238272,0.00387068368770814,0.0135008563106676,0.005575221951935612,-0.002691254180840999
143,0.7057407332734311,0.3971291866028708,2.302585092994046,0.5023923444976076,0.0008904408147515,-0.0001015214879461,0.0008846345189176,0.0,0.0001415681108921,-0.000135680930396,4.0400682524585575e-05,0.0,0.0009807746213023,-0.0008557441361828,0.0004791876784512,0.0,-0.0002662846006851,0.0008053515183052,0.0762436952358832,0.1106160926656323,0.0247324156095907,5.501991682931884,2.302585092994046,0.0,0.0,0.6733994199896539,0.3266005798546989,0.0913968013798566,0.1157002396588651,0.0266914046101516,5.92294305916546,2.302585092994046,0.0,0.0,0.6687003849961028,0.3312996148935925,0.111344326639358,0.1517912186087821,0.0285578471907945,6.073083621192519,2.302585092994046,0.0,0.0,0.5905955995258401,0.4094044003984774,0.0020473527796236,0.0008025457065418,0.0005379210783087,0.0007107409223895,0.6024082208680862,-0.0004920606859005,0.001065408392617,02,Tribolium,0.5,0.5,0.0,1.0,0.0,3.0,3.0,0.0,0.9999999999996666,9.0,12.0,0.7853981633974483,921.0,484.6666666666667,896.0,927.0,941.0,29.452206288047048,34.73110997362451,918.5,892.0,0.028773072747014,0.0140087433927452,0.0063534840715351,0.0,0.0,0.0,0.0,0.0,0.0,0.0,0.0,-10.666666666666629,2.3333333333333712,-869.1111111111113,406.8888888888889,-5.0,9.0,-14.014398698140365,15.945785904493652,0.00015053249656690054,0.020563711353690402,-0.0127719637078558,0.0093703352483471,-0.0308927821425091,-0.00016426802581099957,0.5023923444976076,0.5023923444976076,0.5023923444976076,0.5023923444976076,0.5023923444976076,0.5023923444976076,0.5023923444976076,0.5023923444976076,0.5023923444976076,0.5023923444976076,0.5023923444976076,0.5023923444976076,0.38516746411483255,0.6411483253588517,0.37320574162679426,0.39473684210526316,0.39712918660287083,0.645933014354067,0.5885167464114832,0.3827751196172249,0.37320574162679426,0.7990430622009569,0.6794258373205742,0.4019138755980861,0.5,0.0,0.0,1.0,0.0,0.0,0.9999999999996666,0.0,0.0,0.7853981633974483,0.0,0.0,771.5777777777778,51.68042349709905,149.42222222222222,392.57777777777784,357.04311884579846,92.08888888888885,0.019022874356213942,0.007846153735799447,0.009750198390800057,0.01427573831033552,0.007491532765988697,-0.000266994917590321
144,0.58849018731545,0.3397129186602871,2.302585092994046,0.5023923444976076,0.0008904408147515,-0.0001652439106378,0.000874973882223,0.0,0.0034254527249422,-0.0012030408630438,0.0032072447759191,0.0,0.0007099314729432,-0.0006752050622137,0.0002193189919641,0.0,-0.0007051646999076,0.00099891561824,0.0842796006485395,0.1060833572040924,0.0177013649026571,5.585672498967217,2.302585092994046,0.0,0.0,0.589197488699831,0.4108025111653325,0.0950176864960405,0.1126274590949094,0.0190227731559238,5.976777370217437,2.302585092994046,0.0,0.0,0.7804911961488907,0.2195088037446154,0.1151536196411577,0.1462162203045656,0.0246870826723482,6.14792267659707,2.302585092994046,0.0,0.0,0.6016521307904547,0.3983478691374462,0.0017802464520187,0.000966617961165,0.0009509613770446,0.0017247573392682,-0.75437734973313,-0.0005155303637426,0.0009437080706415,02,Tribolium,0.5,0.5,0.0,1.0,0.0,3.0,3.0,0.0,0.9999999999996666,9.0,12.0,0.7853981633974483,884.2222222222222,375.5061728395062,873.0,888.0,895.0,37.17577850039871,38.20013088982812,880.5,838.3333333333334,0.0476878612716762,0.0039612717432098,0.0033858239721519,0.0,0.0,0.0,0.0,0.0,0.0,0.0,0.0,34.111111111111086,33.22222222222217,-142.37037037037038,123.9506172839506,33.0,34.0,10.477330049793625,19.968466687512283,0.0329839010050445,0.0269279709465686,-0.0142874428480867,-0.005442832834246699,-0.014862890619138099,-0.0092470060108242,0.5023923444976076,0.5023923444976076,0.5023923444976076,0.5023923444976076,0.5023923444976076,0.5023923444976076,0.5023923444976076,0.5023923444976076,0.5023923444976076,0.5023923444976076,0.5023923444976076,0.5023923444976076,0.3181818181818182,0.5358851674641149,0.3253588516746411,0.32057416267942584,0.3157894736842105,0.8133971291866029,0.6889952153110048,0.31100478468899523,0.27751196172248804,0.9425837320574163,0.11483253588516747,0.22009569377990432,0.5,0.0,0.0,1.0,0.0,0.0,0.9999999999996666,0.0,0.0,0.7853981633974483,0.0,0.0,921.8666666666668,154.82908777020256,-37.644444444444616,441.71358024691364,373.6277206949404,-66.20740740740746,0.00814170406851726,0.012319790098423404,0.03954615720315894,0.0104645987387429,0.005288752175913189,-0.006503326995533101
145,0.7410652887561309,0.4210526315789473,2.302585092994046,0.5023923444976076,0.0031253725463707,0.0008831981063227,0.0029979850997954,0.0023691364079652,0.0032298925420121,0.0030357497409742,0.0011029185568846,0.0,0.0019912429875574,-0.001948708826063,0.0004093684730421,0.0,-0.0002101287842034,0.000473827281593,0.0700448916245682,0.07713349310591,0.0052317101586406,6.223047651522554,2.302585092994046,0.0,0.0,0.6678505941291456,0.3321494056681649,0.0803982559941348,0.1089029929166418,0.0156380222989913,6.044033444862228,2.302585092994046,0.0,0.0,0.6593785681659189,0.3406214316850148,0.1041426715904687,0.1341023290320774,0.0265182257079733,6.320889334878592,2.302585092994046,0.0,0.0,0.649167283966041,0.3508327159473708,0.0017511818296581,0.0007517903412994,0.0008105791993606,0.0033252414077036,-0.1247824498368795,-0.0007083054710994,0.0009021067279865,02,Tribolium,0.5,0.5,0.0,1.0,0.0,3.0,3.0,0.0,0.9999999999996666,9.0,12.0,0.7853981633974483,729.0,398.6666666666667,707.0,737.0,744.0,25.18595480004214,33.03407331831786,727.125,714.1666666666666,0.0177754915409236,0.0180327913150197,0.0078401592133666,0.0,0.0,0.0,0.0,0.0,0.0,0.0,0.0,21.888888888888914,-24.555555555555543,123.67901234567898,-407.5802469135803,29.0,-23.0,3.828409213985644,-1.7518724039500881,0.008936710899817398,0.009260304280528498,0.001672935865664301,-0.0071835966176670984,0.0034138342537751998,-0.021776201581058204,0.5023923444976076,0.5023923444976076,0.5023923444976076,0.5023923444976076,0.5023923444976076,0.5023923444976076,0.5023923444976076,0.5023923444976076,0.5023923444976076,0.5023923444976076,0.5023923444976076,0.5023923444976076,0.14354066985645933,0.5502392344497608,0.1339712918660287,0.14354066985645933,0.145933014354067,0.5502392344497608,0.5454545454545454,0.14354066985645933,0.14354066985645933,0.5598086124401914,0.8229665071770335,0.48325358851674644,0.5,0.0,0.0,1.0,0.0,0.0,0.9999999999996666,0.0,0.0,0.7853981633974483,0.0,0.0,865.2,67.10155929081873,-136.20000000000005,309.85185185185185,209.7804352206653,88.81481481481484,0.01573102464394564,0.008438872861806404,0.002044466896977959,0.010668911200438098,0.004500042438932488,0.007363880114581603
146,0.7774737066266374,0.4545454545454545,2.302585092994046,0.5023923444976076,0.0017445431420965,-0.0011194757082468,0.0013379853935232,0.0023691364079652,0.0023388370576705,0.0007457178536918,0.002216768744145,0.0,0.0015369912394651,-0.0015347682257237,8.263512268630102e-05,0.0,-0.0006473410876039,0.00099891561824,0.0695183080936115,0.074392392198887,0.0035956212736702,6.295415484013416,2.302585092994046,0.0,0.0,0.7087618043899777,0.2912381954036547,0.0719751898192827,0.0764023534475773,0.0041269393475593,6.752921470255874,2.302585092994046,0.0,0.0,0.5831499815873652,0.4168500182202331,0.0981898535084077,0.1386501535139697,0.0291295085351298,6.254187892374104,2.302585092994046,0.0,0.0,0.6691640091369266,0.3308359907677424,0.0019338507572671,0.0011493514940804,0.0005882426879346,0.0014214818447791,0.666941107279523,-0.0005411572962021,0.0007918837346457,02,Tribolium,0.5,0.5,0.0,1.0,0.0,3.0,3.0,0.0,0.9999999999996666,9.0,12.0,0.7853981633974483,914.1111111111112,623.8765432098766,890.0,921.0,928.0,26.10438096715496,32.901367752724205,913.25,907.1666666666666,0.0066549167375714,0.0169321664317473,0.0220326049550914,0.0,0.0,0.0,0.0,0.0,0.0,0.0,0.0,48.000000000000114,15.333333333333371,415.33333333333337,304.81481481481484,59.0,21.0,5.890707873390845,2.143318773137583,-0.006334178836514499,0.0166221561985678,0.009364299232961198,0.008014464668872099,0.013862401836254298,0.020972744144127198,0.5023923444976076,0.5023923444976076,0.5023923444976076,0.5023923444976076,0.5023923444976076,0.5023923444976076,0.5023923444976076,0.5023923444976076,0.5023923444976076,0.5023923444976076,0.5023923444976076,0.5023923444976076,0.36363636363636365,0.7320574162679426,0.3684210526315789,0.37799043062200954,0.3708133971291866,0.569377990430622,0.5406698564593302,0.36363636363636365,0.4019138755980861,0.21052631578947367,0.7751196172248804,0.9330143540669856,0.5,0.0,0.0,1.0,0.0,0.0,0.9999999999996666,0.0,0.0,0.7853981633974483,0.0,0.0,835.4444444444446,83.29948942383503,78.66666666666663,269.97530864197535,111.09777149005463,353.9012345679012,0.01641361687681636,0.005994171982869748,-0.009758700139244961,0.01158928830694008,0.004122148117167055,0.005342878124807219
147,1.1453542594504451,0.6650717703349283,2.302585092994046,0.5023923444976076,0.0008904408147515,-0.000284379703183,0.0008438086447725,0.0,0.0001415681108921,-0.0001411310388945,1.1115749283787594e-05,0.0,0.0004515661722312,0.0001120650709824,0.0004374396275707,0.0,0.0003487982867903,0.0005694695198324,0.0771699511405028,0.1052067299850444,0.020833730016243,5.602268303543817,2.302585092994046,0.0,0.0,0.6669700774343736,0.3330299224091133,0.0957608044884579,0.1292645635520055,0.0281332322077428,5.701226101486979,2.302585092994046,0.0,0.0,0.5648637091997032,0.4351362906999113,0.1244856480563544,0.1819305492856182,0.0367980103094242,5.710845617091731,2.302585092994046,0.0,0.0,0.6102020235414375,0.3897979763992181,0.0018544333576799,0.0007620026902568,0.0003010083958167,0.00074918671368,0.6010707256014945,-0.0002710618020623,0.0015039141555793,02,Tribolium,0.5,0.5,0.0,1.0,0.0,3.0,3.0,0.0,0.9999999999996666,9.0,12.0,0.7853981633974483,1023.3333333333334,224.66666666666663,1016.0,1025.0,1038.0,23.67714740359849,31.9100297712177,1021.375,1002.25,0.0186889250814332,0.0087104371705741,0.0087766733454167,0.0,0.0,0.0,0.0,0.0,0.0,0.0,0.0,15.0,-3.9999999999998863,-101.33333333333337,40.66666666666663,13.0,-5.0,-2.3907363801082333,2.7124573471301296,-0.0004019840094757997,0.009360566872477999,-0.0025389509466538004,0.0020030905412673997,-0.006608551485406601,0.0010938696962777992,0.5023923444976076,0.5023923444976076,0.5023923444976076,0.5023923444976076,0.5023923444976076,0.5023923444976076,0.5023923444976076,0.5023923444976076,0.5023923444976076,0.5023923444976076,0.5023923444976076,0.5023923444976076,0.5119617224880383,0.32057416267942584,0.5143540669856459,0.5119617224880383,0.5167464114832536,0.49282296650717705,0.5215311004784688,0.5119617224880383,0.507177033492823,0.5980861244019139,0.3492822966507177,0.5454545454545454,0.5,0.0,0.0,1.0,0.0,0.0,0.9999999999996666,0.0,0.0,0.7853981633974483,0.0,0.0,850.3111111111111,61.13811120712927,173.02222222222224,275.1456790123457,104.23156146643318,-50.47901234567905,0.019822689868160662,0.012101824926130817,-0.0011337647867274633,0.012598681650430479,0.0029429368703325315,-0.0038882444798563794
148,1.0041150149702536,0.583732057416268,2.302585092994046,0.5023923444976076,0.0017445431420965,-0.0012532217126119,0.0012136169550868,0.0023691364079652,0.0032798759073196,0.0008443916070732,0.0031693199241036,0.0,0.0004515661722312,0.0001821544565337,0.0004131970012819,0.0,-0.0001481057665376,0.0003158848543953,0.0653023329139568,0.0722100962460157,0.0055923028549189,6.354963099791128,2.302585092994046,0.0,0.0,0.7178627849593314,0.2821372148078758,0.0706024068505708,0.0827503772187591,0.0082431362940558,6.5932913246892655,2.302585092994046,0.0,0.0,0.6548117973280894,0.3451882024739945,0.0951535503230436,0.1465229947730596,0.0270505346074643,6.143730896815232,2.302585092994046,0.0,0.0,0.6751493025053671,0.3248506973924453,0.0018396380631477,0.0010801653550644,0.0002465350726084,0.00149837342736,0.9987273026074508,-0.0001630102402928,0.0012721233131206,02,Tribolium,0.5,0.5,0.0,1.0,0.0,3.0,3.0,0.0,0.9999999999996666,9.0,12.0,0.7853981633974483,854.1111111111111,243.87654320987656,841.0,856.0,862.0,20.89833129781073,23.259406699226016,853.125,846.9166666666666,0.0072687654481592,0.0120778728700287,0.0162513304125045,0.0,0.0,0.0,0.0,0.0,0.0,0.0,0.0,40.111111111111086,19.555555555555543,-93.01234567901236,-197.03703703703707,36.0,22.0,-5.92542947420683,-2.8962775554412445,0.002969011148405,0.0028252825564004996,-0.0032533470372371007,-0.004952744258880102,-0.0031412992738386984,-0.006740152328354298,0.5023923444976076,0.5023923444976076,0.5023923444976076,0.5023923444976076,0.5023923444976076,0.5023923444976076,0.5023923444976076,0.5023923444976076,0.5023923444976076,0.5023923444976076,0.5023923444976076,0.5023923444976076,0.28708133971291866,0.3588516746411483,0.2799043062200957,0.291866028708134,0.28708133971291866,0.3588516746411483,0.2535885167464115,0.2822966507177033,0.3062200956937799,0.22966507177033493,0.5741626794258373,0.8229665071770335,0.5,0.0,0.0,1.0,0.0,0.0,0.9999999999996666,0.0,0.0,0.7853981633974483,0.0,0.0,843.4444444444443,99.60861681205031,10.666666666666742,143.97037037037038,76.09808509481896,99.90617283950618,0.017569185831434082,0.002661805397411591,-0.010300420383274882,0.00762963320766792,0.0029374452464912193,0.0044482396623607805
149,1.1468746091096582,0.6698564593301436,2.302585092994046,0.5023923444976076,0.0019638943736363,0.001956369592759,0.0001717530999083,0.0023691364079652,0.0032798759073196,0.0009414277972572,0.0031418624524264,0.0,0.0006778973495423,-0.0002557853507955,0.0006277887151223,0.0,7.198789024687337e-05,0.000223364322617,0.0736420924239434,0.0817952707978869,0.0085820466692252,6.105683991021982,2.302585092994046,0.0,0.0,0.7827946795004236,0.2172053203176525,0.0771494708562869,0.0824105385048021,0.0079147628025834,6.601521823824574,2.302585092994046,0.0,0.0,0.5755178269479275,0.4244821728858126,0.0939889187689167,0.1232178712661995,0.0200488800925143,6.490187451776004,2.302585092994046,0.0,0.0,0.613319551969173,0.3866804479225535,0.0016918513144369,0.0009105595380237,0.0012707245312087,0.0031161124278202,-0.8492121696568268,-0.0010059643014391,0.000949244342991,02,Tribolium,0.5,0.5,0.0,1.0,0.0,3.0,3.0,0.0,0.9999999999996666,9.0,12.0,0.7853981633974483,791.5555555555555,489.1358024691359,767.0,796.0,813.0,26.983806318397672,36.55475345286848,790.25,771.1666666666666,0.0241086468276249,0.0193760979178327,0.0036102810639771,0.0,0.0,0.0,0.0,0.0,0.0,0.0,0.0,-46.77777777777783,-15.0,39.80246913580265,336.66666666666674,-42.0,-16.0,-0.0471813019172167,9.855250574490817,-0.0014380728542835002,0.014138265232364,0.011233899082364801,0.0090744480510175,-0.0006101784001544997,0.00023586345447030015,0.5023923444976076,0.5023923444976076,0.5023923444976076,0.5023923444976076,0.5023923444976076,0.5023923444976076,0.5023923444976076,0.5023923444976076,0.5023923444976076,0.5023923444976076,0.5023923444976076,0.5023923444976076,0.22966507177033493,0.6507177033492823,0.22009569377990432,0.22966507177033493,0.23923444976076555,0.5933014354066986,0.6555023923444976,0.22966507177033493,0.20574162679425836,0.7320574162679426,0.8564593301435407,0.22966507177033493,0.5,0.0,0.0,1.0,0.0,0.0,0.9999999999996666,0.0,0.0,0.7853981633974483,0.0,0.0,786.7777777777777,34.62226501209735,4.777777777777828,249.16049382716045,49.62555600258569,239.97530864197546,0.012596999969173841,0.009061245916219766,0.011511646858451059,0.0128094340874686,0.0017669580573660213,0.006566663830364101
150,1.138673590930369,0.6602870813397129,2.302585092994046,0.5023923444976076,0.0008904408147515,-0.0002316359190536,0.0008597846507001,0.0,0.0001415681108921,-0.0001401731031345,1.9825013977503407e-05,0.0,0.0006778973495423,-0.0003001460277898,0.0006078298927484,0.0,-6.361641898832407e-05,0.00099891561824,0.0716354920567637,0.0815891505102385,0.0078787044708628,6.110730259088852,2.302585092994046,0.0,0.0,0.6146099400302023,0.3853900597772574,0.0798600026154752,0.1019829984022828,0.0133047499045604,6.175336236181091,2.302585092994046,0.0,0.0,0.6001204825438102,0.399879517303626,0.1008515263217307,0.1424046096357914,0.0242982532776349,6.200750911925497,2.302585092994046,0.0,0.0,0.6485709449145336,0.3514290549925419,0.0018544333576799,0.0007620026902568,0.0003010083958167,0.00074918671368,0.6010707256014945,-0.0002700767216072,0.0015042387675943,02,Tribolium,0.5,0.5,0.0,1.0,0.0,3.0,3.0,0.0,0.9999999999996666,9.0,12.0,0.7853981633974483,801.4444444444445,322.0246913580247,788.0,797.0,814.0,18.901276079297997,21.2602916254693,802.75,802.5833333333334,0.0002079578538749,0.0147405792181793,0.0191870470632995,0.0,0.0,0.0,0.0,0.0,0.0,0.0,0.0,-76.22222222222217,-40.888888888888914,-651.530864197531,127.80246913580248,-93.0,-49.0,-16.263335724183374,-2.00598854160652,-0.0354452893926119,-0.0204687338754483,-0.0033030102689784995,0.0044713774139063,0.007713300958476501,0.0062626848800779004,0.5023923444976076,0.5023923444976076,0.5023923444976076,0.5023923444976076,0.5023923444976076,0.5023923444976076,0.5023923444976076,0.5023923444976076,0.5023923444976076,0.5023923444976076,0.5023923444976076,0.5023923444976076,0.24401913875598086,0.4688995215311005,0.24401913875598086,0.23444976076555024,0.24401913875598086,0.2822966507177033,0.19138755980861244,0.24401913875598086,0.24401913875598086,0.10047846889952153,0.7272727272727273,0.8708133971291866,0.5,0.0,0.0,1.0,0.0,0.0,0.9999999999996666,0.0,0.0,0.7853981633974483,0.0,0.0,847.9111111111112,95.361233938491,-46.4666666666667,337.8716049382716,105.72133962539056,-15.846913580246905,0.02097011120720524,0.010005432113411998,-0.02076215335333034,0.01423932316425828,0.0034667947716071133,0.000501256053921019
151,1.239591687786121,0.722488038277512,2.302585092994046,0.5023923444976076,0.0029924075954728,-0.0024050767326371,0.0017804800272879,0.0023691364079652,0.0034726224248087,-0.003241908451383,0.0012446429601036,0.0,0.0009807746213023,-0.0009130010859878,0.0003582567163023,0.0,-0.0003059651067284,0.0007897121359884,0.0612002109765008,0.065826189702048,0.0038878117917477,6.540087288541191,2.302585092994046,0.0,0.0,0.6132373717967052,0.3867626279373783,0.0737074487024226,0.1019829984022828,0.0167310279305948,6.175336236181091,2.302585092994046,0.0,0.0,0.7213180141238033,0.2786819857011485,0.0967484689323486,0.1292645635520055,0.0267132988672075,6.394373282046824,2.302585092994046,0.0,0.0,0.5966824738363726,0.4033175260643606,0.0015080837932236,0.0006920862860598,0.0004770082399076,0.0028528180126574,0.365513245527162,0.0001356025725751,0.0013383267514716,02,Tribolium,0.5,0.5,0.0,1.0,0.0,3.0,3.0,0.0,0.9999999999996666,9.0,12.0,0.7853981633974483,875.4444444444445,439.3580246913581,854.0,879.0,894.0,28.98727375110749,35.556293395122054,873.375,843.0833333333334,0.0346014722680542,0.0154140778690128,0.0085494311367658,0.0,0.0,0.0,0.0,0.0,0.0,0.0,0.0,14.222222222222285,15.111111111111086,266.07407407407413,168.246913580247,18.0,17.0,8.67635357428616,4.484396887832315,0.0162651285704669,0.0074317706020333996,0.0050568078012328994,0.005870375477105699,-0.0021953309913799006,0.0061768141833532,0.5023923444976076,0.5023923444976076,0.5023923444976076,0.5023923444976076,0.5023923444976076,0.5023923444976076,0.5023923444976076,0.5023923444976076,0.5023923444976076,0.5023923444976076,0.5023923444976076,0.5023923444976076,0.3014354066985646,0.5885167464114832,0.3014354066985646,0.3062200956937799,0.30861244019138756,0.6220095693779905,0.6076555023923444,0.3014354066985646,0.2966507177033493,0.8803827751196173,0.7368421052631579,0.5311004784688995,0.5,0.0,0.0,1.0,0.0,0.0,0.9999999999996666,0.0,0.0,0.7853981633974483,0.0,0.0,790.7555555555555,36.87766897643886,84.68888888888898,256.31111111111113,80.48175566530765,183.04691358024695,0.007699133958563942,0.01229997754499701,0.026902338309490258,0.013181049603588,0.0028465569068186285,0.0022330282654248
152,1.317293283803367,0.7799043062200957,2.302585092994046,0.5023923444976076,0.0019638943736363,0.0019638653636511,1.0674467288456646e-05,0.0023691364079652,0.0023388370576705,0.000727642440838,0.0022227674778582,0.0,0.0019800481700549,-0.0016290639905191,0.0011254960108911,0.0,-0.0001157351194339,0.0003158848543953,0.078497896536052,0.0829536121803277,0.0037468956070056,6.07755972215527,2.302585092994046,0.0,0.0,0.6679318628696819,0.3320681369683999,0.1003458112367712,0.1363643305621309,0.0269932748768683,5.594288060208931,2.302585092994046,0.0,0.0,0.64279273285926,0.3572072670481296,0.1329074626381566,0.1832217251807456,0.0393976496128763,5.696701586048103,2.302585092994046,0.0,0.0,0.6080766350995719,0.3919233648483897,0.0015625661103924,0.0009501550134949,0.00077079946318,0.0021322227671687,-0.0314978780346258,1.53740991420327e-05,0.0014386070340038,02,Tribolium,0.5,0.5,0.0,1.0,0.0,3.0,3.0,0.0,0.9999999999996666,9.0,12.0,0.7853981633974483,774.6666666666666,359.1111111111111,766.0,770.0,789.0,21.64306905987921,24.423349483639623,775.75,781.6666666666666,-0.0076376936316694,0.0168383194432301,0.0087833108964553,0.0,0.0,0.0,0.0,0.0,0.0,0.0,0.0,-17.0,-41.222222222222285,-381.55555555555543,174.34567901234564,-23.0,-55.0,-6.54544331985122,0.8114795822749663,-0.024532430473774597,-0.0352149781202979,-0.0063673728567417015,0.006225128207781299,-0.0237046583234825,-0.0057274890233356,0.5023923444976076,0.5023923444976076,0.5023923444976076,0.5023923444976076,0.5023923444976076,0.5023923444976076,0.5023923444976076,0.5023923444976076,0.5023923444976076,0.5023923444976076,0.5023923444976076,0.5023923444976076,0.20574162679425836,0.5215311004784688,0.215311004784689,0.20095693779904306,0.21052631578947367,0.39712918660287083,0.28708133971291866,0.20574162679425836,0.22488038277511962,0.04784688995215311,0.7655502392344498,0.5502392344497608,0.5,0.0,0.0,1.0,0.0,0.0,0.9999999999996666,0.0,0.0,0.7853981633974483,0.0,0.0,801.3555555555555,53.689293596708644,-26.68888888888887,296.22222222222223,124.3184312020308,62.88888888888886,0.020273885076800464,0.010686201728175918,-0.027911578708469865,0.01351351260463684,0.00318517031699918,0.0033248068385932587
153,1.2004642539544712,0.6985645933014354,2.302585092994046,0.5023923444976076,0.0017445431420965,-0.0011821171729695,0.0012829769148377,0.0023691364079652,0.0024073925556093,-0.001129016944343,0.0021262313270643,0.0,0.0005072094869125,-0.0004701208446454,0.0001903886946325,0.0,0.000209487631967,0.000223364322617,0.0665607997113117,0.0815891505102385,0.0108583979663961,6.110730259088852,2.302585092994046,0.0,0.0,0.6126201416232574,0.3873798581568774,0.074094833901108,0.0880413931528457,0.012597018518641,6.469334309024301,2.302585092994046,0.0,0.0,0.6900087331727722,0.3099912666501968,0.0946819226350864,0.1363643305621309,0.0246002033721388,6.287435240768776,2.302585092994046,0.0,0.0,0.6195693058327418,0.3804306940627631,0.0016109351154072,0.0008172823375969,0.0007160913201696,0.0021322227671687,-0.3962996318972023,-0.0002810613236337,0.0013831946608902,02,Tribolium,0.5,0.5,0.0,1.0,0.0,3.0,3.0,0.0,0.9999999999996666,9.0,12.0,0.7853981633974483,777.4444444444445,259.358024691358,768.0,775.0,783.0,14.330267603466773,18.06239186818844,777.75,774.75,0.0038587966271259,0.0129959507499407,0.0,0.0,0.0,0.0,0.0,0.0,0.0,0.0,0.0,-10.0,10.777777777777828,181.55555555555554,195.80246913580248,-13.0,6.0,1.9502674803774909,2.461328118329888,-0.0011150992385434997,-0.0036955511989609,0.0088250374569403,0.008030728282432,-0.0005184471022149,-0.0067449717553907,0.5023923444976076,0.5023923444976076,0.5023923444976076,0.5023923444976076,0.5023923444976076,0.5023923444976076,0.5023923444976076,0.5023923444976076,0.5023923444976076,0.5023923444976076,0.5023923444976076,0.5023923444976076,0.21052631578947367,0.3923444976076555,0.22488038277511962,0.20813397129186603,0.19617224880382775,0.10526315789473684,0.10047846889952153,0.21052631578947367,0.215311004784689,0.17703349282296652,0.6124401913875598,0.011961722488038277,0.5,0.0,0.0,1.0,0.0,0.0,0.9999999999996666,0.0,0.0,0.7853981633974483,0.0,0.0,804.911111111111,36.942223826328714,-27.466666666666583,404.8641975308642,204.7636501330016,-145.50617283950618,0.01246493132701748,0.014216020225359817,-0.00860613469989158,0.015815493247028297,0.006023334813398092,-0.0028195424970875963
154,1.102691851997539,0.6363636363636364,2.302585092994046,0.5023923444976076,0.0008904408147515,-9.340125449666824e-05,0.0008855286840265,0.0,0.0001415681108921,-0.000135304569563,4.1643768764885085e-05,0.0,0.0010789820251947,-0.0006062566377779,0.0008925553763456,0.0,-0.0002421667941405,0.0005694695198324,0.0766382374715029,0.0906794503905702,0.0122115851196766,5.899461317223963,2.302585092994046,0.0,0.0,0.6975153936489946,0.3024846061849623,0.0902258761888626,0.1146035301713661,0.0193079623016111,5.9419912541347175,2.302585092994046,0.0,0.0,0.5775344485238194,0.42246555135872,0.1198728118155941,0.1683587745373276,0.0341742916443379,5.865901120817763,2.302585092994046,0.0,0.0,0.5332017896907746,0.4667982102448644,0.0018671658136107,0.0006722484428405,0.0005882426879346,0.0009476545631861,0.2299229623965596,-0.0005861738490772,0.0014429360905267,02,Tribolium,0.5,0.5,0.0,1.0,0.0,3.0,3.0,0.0,0.9999999999996666,9.0,12.0,0.7853981633974483,797.8888888888889,258.9876543209877,786.0,798.0,808.0,21.96883596761833,32.03903868720159,795.875,778.6666666666666,0.0215673304553683,0.0098722356619001,0.0126209609360774,0.0,0.0,0.0,0.0,0.0,0.0,0.0,0.0,4.0,-12.444444444444457,146.22222222222226,-124.12345679012338,2.0,-24.0,4.843524286198619,-1.2923027323421117,-0.0005285407832599995,-0.0021883256532288994,0.001274210439564001,-0.0052250488329525,0.00816422662451,0.0055677202123022,0.5023923444976076,0.5023923444976076,0.5023923444976076,0.5023923444976076,0.5023923444976076,0.5023923444976076,0.5023923444976076,0.5023923444976076,0.5023923444976076,0.5023923444976076,0.5023923444976076,0.5023923444976076,0.23923444976076555,0.3875598086124402,0.23923444976076555,0.23923444976076555,0.22966507177033493,0.41148325358851673,0.5311004784688995,0.23923444976076555,0.22009569377990432,0.6746411483253588,0.39712918660287083,0.6985645933014354,0.5,0.0,0.0,1.0,0.0,0.0,0.9999999999996666,0.0,0.0,0.7853981633974483,0.0,0.0,787.6,56.65972070719449,10.288888888888891,234.5382716049383,142.48825718441475,24.4493827160494,0.01667810023357484,0.005552376830334635,0.00488923022179346,0.01132941846388378,0.0050221884124349294,-0.0014571828019836787
155,1.1608825026986602,0.6794258373205742,2.302585092994046,0.5023923444976076,0.0008904408147515,-0.0001074752664527,0.0008839309428209,0.0,0.0001415681108921,-0.0001359498653754,3.948625236691944e-05,0.0,0.0006303203827057,0.0006077734566559,0.0001670784553399,0.0,7.952449554542973e-05,0.0001579424271976,0.0706888791747349,0.0824105385048021,0.0088843184129731,6.090696200058717,2.302585092994046,0.0,0.0,0.6231872085010574,0.3768127913019311,0.0879994220185619,0.1206632594740589,0.022688905094341,5.838941097617531,2.302585092994046,0.0,0.0,0.5908810903268115,0.4091189095521038,0.1189099456951613,0.1648210770096042,0.0363750972423843,5.9083746433749615,2.302585092994046,0.0,0.0,0.5682628642843724,0.4317371356509558,0.0015496237796501,0.0006436853439777,0.0005882426879346,0.0009476545631861,0.2299229623965596,-0.0005822238510389,0.0010753382025856,02,Tribolium,0.5,0.5,0.0,1.0,0.0,3.0,3.0,0.0,0.9999999999996666,9.0,12.0,0.7853981633974483,739.5555555555555,192.6913580246913,729.0,738.0,748.0,18.21146385862111,22.7705950734714,738.5,723.9166666666666,0.0197190504807692,0.0111509846627141,0.0104883500104233,0.0,0.0,0.0,0.0,0.0,0.0,0.0,0.0,-33.77777777777783,-2.0,121.80246913580243,84.22222222222219,-33.0,-6.0,-0.6046070060505926,8.613491380503897,-0.0094296564157824,0.0067957660935951,0.009301215526205,0.002003979425366299,0.0087286591031256,0.0036984848259964,0.5023923444976076,0.5023923444976076,0.5023923444976076,0.5023923444976076,0.5023923444976076,0.5023923444976076,0.5023923444976076,0.5023923444976076,0.5023923444976076,0.5023923444976076,0.5023923444976076,0.5023923444976076,0.15789473684210525,0.2799043062200957,0.15311004784688995,0.14832535885167464,0.15789473684210525,0.24401913875598086,0.22966507177033493,0.15789473684210525,0.15311004784688995,0.6363636363636364,0.5215311004784688,0.631578947368421,0.5,0.0,0.0,1.0,0.0,0.0,0.9999999999996666,0.0,0.0,0.7853981633974483,0.0,0.0,799.8,22.91125121198676,-60.24444444444441,255.59012345679017,134.65327327042095,-62.898765432098855,0.0131233747260148,0.009422743834249684,0.0065956757547544,0.01167755857903902,0.0045093714763022,-0.0005265739163249194
156,1.2928041706043538,0.7655502392344498,2.302585092994046,0.5023923444976076,0.0008904408147515,-0.0001944767655888,0.0008689439753065,0.0,0.0001415681108921,-0.0001391917455048,2.5829982673359723e-05,0.0,0.0010789820251947,-0.0007047460832176,0.0008170282546415,0.0,0.0001560889984095,0.0004467286452341,0.0686341471589586,0.0729832456543951,0.0031184610789862,6.333663039999079,2.302585092994046,0.0,0.0,0.7354250821819723,0.2645749176061798,0.0744170190975633,0.0923963199106461,0.0095200025564225,6.372774170186177,2.302585092994046,0.0,0.0,0.5440002623146383,0.4559997375076951,0.1036174492268245,0.1627132819603294,0.0332295431362228,5.9341163598004165,2.302585092994046,0.0,0.0,0.6758547369813728,0.3241452629341733,0.001880108144353,0.0009654854884788,0.00077079946318,0.0002369136407965,0.9695389080872115,3.776815293194613e-05,0.0017123167248863,02,Tribolium,0.5,0.5,0.0,1.0,0.0,3.0,3.0,0.0,0.9999999999996666,9.0,12.0,0.7853981633974483,745.0,207.77777777777777,735.0,746.0,753.0,17.331395879099915,21.005951537600005,744.875,734.3333333333334,0.0141498881431766,0.0131160571905918,0.0098637170849483,0.0,0.0,0.0,0.0,0.0,0.0,0.0,0.0,10.222222222222172,19.77777777777783,-151.06172839506178,6.049382716049365,17.0,20.0,-1.631526276115686,-0.6203401814408274,0.0054737955981895,-0.0021669496077042997,-0.004401505885907701,0.0021964363983238994,-0.0018040474542951011,0.0085502171462084,0.5023923444976076,0.5023923444976076,0.5023923444976076,0.5023923444976076,0.5023923444976076,0.5023923444976076,0.5023923444976076,0.5023923444976076,0.5023923444976076,0.5023923444976076,0.5023923444976076,0.5023923444976076,0.16267942583732056,0.31100478468899523,0.16267942583732056,0.16267942583732056,0.16267942583732056,0.215311004784689,0.17703349282296652,0.16267942583732056,0.16267942583732056,0.44976076555023925,0.6220095693779905,0.5933014354066986,0.5,0.0,0.0,1.0,0.0,0.0,0.9999999999996666,0.0,0.0,0.7853981633974483,0.0,0.0,789.7777777777777,43.61685029469266,-44.777777777777715,439.4765432098766,145.50193917160613,-231.6987654320988,0.010919216485346859,0.014948862349553806,0.0032306716578297413,0.017387658043399458,0.0036222802469058906,-0.004271600852807658
157,1.219600773752637,0.7081339712918661,2.302585092994046,0.5023923444976076,0.0029924075954728,-0.0022158137147532,0.0020111371904857,0.0023691364079652,0.0025067128113332,-0.0022189060804191,0.0011662182149072,0.0,0.00066465153623,0.0001501460000345,0.000647470341627,0.0,0.0001387887538491,0.0001579424271976,0.068662101825724,0.0827503772187592,0.0115373463668662,6.082465700923407,2.302585092994046,0.0,0.0,0.6278794112904679,0.3721205885032442,0.0813030196903772,0.1135456666412183,0.0197512601664988,5.960538259795944,2.302585092994046,0.0,0.0,0.6289368779660263,0.3710631218911225,0.1090284562476047,0.1548842744882206,0.0325813169540199,6.03273920720167,2.302585092994046,0.0,0.0,0.5840199397664754,0.415980060156297,0.0012933930814466,0.0006838386054886,0.0007160913201696,0.002380952622952,0.8862910283113387,-0.0002717318304119,0.0010223966255125,02,Tribolium,0.5,0.5,0.0,1.0,0.0,3.0,3.0,0.0,0.9999999999996666,9.0,12.0,0.7853981633974483,788.4444444444445,75.58024691358025,783.0,790.0,792.0,15.688725118919226,19.96246477767713,787.375,787.0,0.0004756200676437,0.0056839048729438,0.0077668431808891,0.0,0.0,0.0,0.0,0.0,0.0,0.0,0.0,18.555555555555543,6.0,-284.7407407407407,-77.33333333333331,20.0,8.0,-6.277653760029953,-1.8631546136623172,-0.0146239614015437,-0.014168657126335301,-0.011588095726945198,-0.0019685765728926,-1.0436995267499444e-05,0.00011436173505540055,0.5023923444976076,0.5023923444976076,0.5023923444976076,0.5023923444976076,0.5023923444976076,0.5023923444976076,0.5023923444976076,0.5023923444976076,0.5023923444976076,0.5023923444976076,0.5023923444976076,0.5023923444976076,0.22009569377990432,0.09090909090909091,0.23444976076555024,0.22009569377990432,0.215311004784689,0.15789473684210525,0.145933014354067,0.22009569377990432,0.23444976076555024,0.11004784688995216,0.22966507177033493,0.4784688995215311,0.5,0.0,0.0,1.0,0.0,0.0,0.9999999999996666,0.0,0.0,0.7853981633974483,0.0,0.0,764.2444444444444,19.55371203431685,24.200000000000045,369.43703703703704,195.91714195343545,-293.8567901234568,0.01295346833931726,0.008423850233585911,-0.01247784827167356,0.016100379375650443,0.004775474188640663,-0.010416474502706642
158,1.2677497244338742,0.7511961722488039,2.302585092994046,0.5023923444976076,0.0008904408147515,-0.0001520145267355,0.0008773690376556,0.0,0.0023388370576705,0.0009501133060948,0.0021371578060392,0.0,0.0014870054737669,0.000191868709907,0.0014745750835991,0.0,0.0004209186704071,0.000473827281593,0.0642847967766783,0.0712712468264007,0.007132831991335,6.381136894899953,2.302585092994046,0.0,0.0,0.7873332900402628,0.2126667097206978,0.0768219358626667,0.1032138958304529,0.0170093105025539,6.151341483298861,2.302585092994046,0.0,0.0,0.6339949048833098,0.3660050949551635,0.1056258718954693,0.1627132819603294,0.0331387792143903,5.9341163598004165,2.302585092994046,0.0,0.0,0.5331101984486367,0.4668898014697639,0.001880108144353,0.0009654854884788,0.00077079946318,0.0002369136407965,0.9695389080872115,4.593799430671173e-05,0.0017113169061785,02,Tribolium,0.5,0.5,0.0,1.0,0.0,3.0,3.0,0.0,0.9999999999996666,9.0,12.0,0.7853981633974483,767.6666666666666,698.2222222222223,753.0,769.0,786.0,23.383453768200503,26.612966764342527,767.5,765.25,0.0029309596178897,0.0238628063571729,0.0104588142150579,0.0,0.0,0.0,0.0,0.0,0.0,0.0,0.0,-11.1111111111112,-41.44444444444446,532.716049382716,417.23456790123464,-5.0,-46.0,10.214290341093331,1.9854142973339322,0.0019144094680823998,-0.0161228717471198,0.014621448185443,0.012214043229884898,0.0039934753305565,-0.00013702853373229879,0.5023923444976076,0.5023923444976076,0.5023923444976076,0.5023923444976076,0.5023923444976076,0.5023923444976076,0.5023923444976076,0.5023923444976076,0.5023923444976076,0.5023923444976076,0.5023923444976076,0.5023923444976076,0.19138755980861244,0.7511961722488039,0.17942583732057416,0.19617224880382775,0.20574162679425836,0.45454545454545453,0.36363636363636365,0.19138755980861244,0.20095693779904306,0.14354066985645933,0.9186602870813397,0.6267942583732058,0.5,0.0,0.0,1.0,0.0,0.0,0.9999999999996666,0.0,0.0,0.7853981633974483,0.0,0.0,787.9999999999999,46.445507696495106,-20.333333333333258,284.68148148148146,140.5300103984484,413.54074074074083,0.014785664930266859,0.012279495872945963,-0.011854705312377159,0.013007425296025981,0.004066139935306381,0.010855381061146918
159,1.5868012466299333,0.9186602870813396,2.302585092994046,0.5023923444976076,0.0024713209101331,0.0004011089165526,0.0024385525784619,0.0033504648392563,0.0032798759073196,0.0002518621388775,0.0032701913446182,0.0,0.0018721403740086,0.0011389020316652,0.0014858707017308,0.0,0.0011349699472034,0.0011389390396649,0.0752117870119766,0.0874015489674126,0.009425012143636,5.973096836014372,2.302585092994046,0.0,0.0,0.6205097566822287,0.3794902431437262,0.0930810948414461,0.1212896037776191,0.0230880024455756,5.828586259171221,2.302585092994046,0.0,0.0,0.5371030889458697,0.4628969109454008,0.1265614169088625,0.1879249415447234,0.0400732011781652,5.646010378915963,2.302585092994046,0.0,0.0,0.6695005510694798,0.3304994488737784,0.0031193576342135,0.0027671067294627,0.0018008323789589,0.0028821788343073,0.1172323078700087,0.0017493713849406,0.0032589728013557,02,Tribolium,0.5,0.5,0.0,1.0,0.0,3.0,3.0,0.0,0.9999999999996666,9.0,12.0,0.7853981633974483,597.6666666666666,241.11111111111111,583.0,596.0,615.0,18.45422230523605,20.71834935510066,597.875,594.5,0.0056469604015616,0.018332232136408,0.0031876609406281,0.0,0.0,0.0,0.0,0.0,0.0,0.0,0.0,-42.888888888888914,-33.77777777777783,179.53086419753086,83.97530864197532,-42.0,-40.0,5.159210022284807,3.4442277676728796,-0.0119159190433646,-0.004844857300356299,0.0101897424753722,0.005066528944700201,-0.005947469930105101,0.0025411301270126,0.5023923444976076,0.5023923444976076,0.5023923444976076,0.5023923444976076,0.5023923444976076,0.5023923444976076,0.5023923444976076,0.5023923444976076,0.5023923444976076,0.5023923444976076,0.5023923444976076,0.5023923444976076,0.04784688995215311,0.35406698564593303,0.0430622009569378,0.045454545454545456,0.06220095693779904,0.24880382775119617,0.1674641148325359,0.04784688995215311,0.04784688995215311,0.19138755980861244,0.8277511961722488,0.215311004784689,0.5,0.0,0.0,1.0,0.0,0.0,0.9999999999996666,0.0,0.0,0.7853981633974483,0.0,0.0,556.7555555555556,94.00481731811591,40.91111111111104,177.14567901234568,150.0808537664826,63.96543209876543,0.010002163101576738,0.004821897492366484,-0.004355202700015138,0.01541956505697482,0.005503739338604993,0.0029126670794331795
160,1.464707780380309,0.84688995215311,2.302585092994046,0.5023923444976076,0.0008904408147515,-0.0001618407581876,0.0008756097381623,0.0,0.0001415681108921,-0.0001381282710838,3.101791013226147e-05,0.0,0.0004515661722312,0.0001729679726705,0.0004171259861646,0.0,0.001413462480575,0.0014561572292418,0.072028438742638,0.0885182411601539,0.019584451609241,5.947705555346802,2.302585092994046,0.0,0.0,0.95443946613071,0.0455605336898096,0.0820686120766084,0.1019829984022826,0.0197677283650805,6.175336236181096,2.302585092994046,0.0,0.0,0.6345306529481165,0.3654693469115527,0.1142783792908307,0.1597894254843475,0.0362144154671636,5.970381935513278,2.302585092994046,0.0,0.0,0.7304101638328853,0.2695898360975302,0.0019596409026174,0.0011398371259139,0.001221104575013,0.000529755005618,0.9212275914538964,0.000317142367592,0.0016105085297061,02,Tribolium,0.5,0.5,0.0,1.0,0.0,3.0,3.0,0.0,0.9999999999996666,9.0,12.0,0.7853981633974483,689.5555555555555,353.80246913580254,672.0,692.0,709.0,16.82544190610644,21.0535032714273,689.25,693.25,-0.0058008378988075,0.0192250272694217,0.004341667284923,0.0,0.0,0.0,0.0,0.0,0.0,0.0,0.0,-31.33333333333337,-16.888888888888914,-56.07407407407396,80.88888888888891,-41.0,-16.0,-7.141605646894071,-3.601225292082624,-0.0274754679851206,-0.0237310046179014,0.00022564368233319795,0.0031522059974737997,-0.004719330530436601,0.004341667284923,0.5023923444976076,0.5023923444976076,0.5023923444976076,0.5023923444976076,0.5023923444976076,0.5023923444976076,0.5023923444976076,0.5023923444976076,0.5023923444976076,0.5023923444976076,0.5023923444976076,0.5023923444976076,0.12440191387559808,0.49760765550239233,0.12440191387559808,0.12440191387559808,0.12440191387559808,0.19138755980861244,0.18181818181818182,0.12440191387559808,0.12440191387559808,0.05741626794258373,0.84688995215311,0.28708133971291866,0.5,0.0,0.0,1.0,0.0,0.0,0.9999999999996666,0.0,0.0,0.7853981633974483,0.0,0.0,656.3777777777777,15.769731907817716,33.177777777777806,427.8617283950618,334.78769932809536,-74.05925925925925,0.00883433832392024,0.005206259191999047,-0.01463517622272774,0.01871516351345546,0.008874451790901131,0.0005098637559662403
161,1.576436688853926,0.9043062200956936,2.302585092994046,0.5023923444976076,0.0008904408147515,-9.560499516873998e-05,0.0008852934708186,0.0,0.0024073925556093,-0.0013556334180486,0.0019894212607371,0.0,0.0014659277769898,0.0010980508496312,0.0009711995567207,0.0,0.0018953462595368,0.0022111939807676,0.0663840098227765,0.0704394894251744,0.0057353142556386,6.404614775957558,2.302585092994046,0.0,0.0,0.5920659662889105,0.4079340334858505,0.0702131662134284,0.0784323710098271,0.0066468892624849,6.700474994892082,2.302585092994046,0.0,0.0,0.6415372817854669,0.3584627180134903,0.0891314767512324,0.137103215546397,0.0230903448997151,6.2766275702750445,2.302585092994046,0.0,0.0,0.6377542720630417,0.3622457278190001,0.0020739850789888,0.0014002030198739,0.001221104575013,0.000529755005618,0.9212275914538964,0.0003555352479489,0.0012277648800888,02,Tribolium,0.5,0.5,0.0,1.0,0.0,3.0,3.0,0.0,0.9999999999996666,9.0,12.0,0.7853981633974483,611.1111111111111,23.20987654320988,609.0,611.0,614.0,7.195657580637497,7.905694150420948,611.5,610.0833333333334,0.0023181818181817,0.0040144367573914,0.003785575056909,0.0,0.0,0.0,0.0,0.0,0.0,0.0,0.0,-7.333333333333371,-7.6666666666667425,0.07407407407407618,-30.74074074074074,-8.0,-6.0,-1.2414027456770294,-4.778385223389447,-0.0131776859504133,-0.0199703798625508,-0.00039186883666429955,-0.0031490770710159,-0.0008352733619095003,-0.0008327841277006001,0.5023923444976076,0.5023923444976076,0.5023923444976076,0.5023923444976076,0.5023923444976076,0.5023923444976076,0.5023923444976076,0.5023923444976076,0.5023923444976076,0.5023923444976076,0.5023923444976076,0.5023923444976076,0.06220095693779904,0.009569377990430622,0.05741626794258373,0.05741626794258373,0.05741626794258373,0.004784688995215311,0.009569377990430622,0.06220095693779904,0.06220095693779904,0.1339712918660287,0.11961722488038277,0.24880382775119617,0.5,0.0,0.0,1.0,0.0,0.0,0.9999999999996666,0.0,0.0,0.7853981633974483,0.0,0.0,630.2222222222222,34.330924043477374,-19.111111111111086,156.7604938271605,142.63998348814596,-133.55061728395063,0.01453483823250922,0.0042052456440247864,-0.01221665641432752,0.010910775241125378,0.006078907314466255,-0.0068963384837339775
162,1.5419763488391809,0.8947368421052632,2.302585092994046,0.5023923444976076,0.0008904408147515,-0.0001323656353348,0.0008805476609234,0.0,0.0001415681108921,-0.0001370095638651,3.56357886269048e-05,0.0,0.0006778973495423,-0.0002290816512916,0.0006380175652425,0.0,0.0017394446278616,0.0019018786751049,0.0641705879973627,0.0696783921413796,0.0071119996289877,6.426342331658897,2.302585092994046,0.0,0.0,0.5834612236516542,0.4165387761084481,0.0684791096057302,0.0764023534475773,0.0076841746429185,6.752921470255875,2.302585092994046,0.0,0.0,0.5817081606082534,0.4182918391811508,0.0901782800256169,0.1294598109691435,0.0240964440064032,6.391354664963646,2.302585092994046,0.0,0.0,0.5431819106582959,0.4568180892269299,0.0018612883391406,0.0009598070367987,0.0007160913201696,0.0002369136407965,0.979823685409234,-0.0002396988587173,0.0014294044232652,02,Tribolium,0.5,0.5,0.0,1.0,0.0,3.0,3.0,0.0,0.9999999999996666,9.0,12.0,0.7853981633974483,626.8888888888889,301.20987654321,615.0,628.0,640.0,16.456183693569507,19.03943276465977,628.375,621.5833333333334,0.0108339241403756,0.0173939001577767,0.0225759423299098,0.0,0.0,0.0,0.0,0.0,0.0,0.0,0.0,-15.333333333333258,-9.555555555555543,155.25925925925935,178.74074074074088,-14.0,-6.0,0.33585262724264453,-2.850154256664986,-0.0043477367592783,-0.005663980887557299,0.004164544002844299,0.007575755583119898,0.0043530947624979,0.008891642090805498,0.5023923444976076,0.5023923444976076,0.5023923444976076,0.5023923444976076,0.5023923444976076,0.5023923444976076,0.5023923444976076,0.5023923444976076,0.5023923444976076,0.5023923444976076,0.5023923444976076,0.5023923444976076,0.07655502392344497,0.45454545454545453,0.07177033492822966,0.07655502392344497,0.07655502392344497,0.18660287081339713,0.1291866028708134,0.07655502392344497,0.07655502392344497,0.3492822966507177,0.7942583732057417,0.937799043062201,0.5,0.0,0.0,1.0,0.0,0.0,0.9999999999996666,0.0,0.0,0.7853981633974483,0.0,0.0,624.1777777777778,34.58413252088627,2.7111111111111086,161.23950617283953,205.1948739522903,139.97037037037046,0.00408231747298418,0.006609617100212729,0.00675160666739142,0.010314101544598601,0.00683428269232969,0.007079798613178097
163,1.5091133194846011,0.8755980861244019,2.302585092994046,0.5023923444976076,0.0019638943736363,0.0019394475991249,0.0003089079491515,0.0023691364079652,0.0051908812023703,0.0027650839906078,0.0043931262424389,0.0,0.0023306991799751,0.0021422477334397,0.0009181139995169,0.0,0.0010004019072811,0.0010113249837084,0.0612654385480072,0.0704394894251744,0.006812972541662,6.404614775957559,2.302585092994046,0.0,0.0,0.6136200508550483,0.3863799488817848,0.0725057167007402,0.0902140266995253,0.0147530778211811,6.420578627025112,2.302585092994046,0.0,0.0,0.680475168399848,0.3195248314174945,0.0936696470476413,0.1292862722705313,0.0247785944848383,6.39403742981867,2.302585092994046,0.0,0.0,0.569758496500538,0.4302415033929428,0.0021269248470736,0.0014993116788371,0.0014145170885436,0.00264877502809,-0.2084746626555538,-6.430278935601447e-05,0.0014883447389227,02,Tribolium,0.5,0.5,0.0,1.0,0.0,3.0,3.0,0.0,0.9999999999996666,9.0,12.0,0.7853981633974483,657.8888888888889,43.65432098765432,651.0,659.0,662.0,10.679271532572193,18.553975315279477,656.75,648.25,0.0129201148454652,0.005411744627654,0.0,0.0,0.0,0.0,0.0,0.0,0.0,0.0,0.0,8.111111111111086,14.222222222222285,15.037037037037042,-431.90123456790104,7.0,16.0,3.6777755795896487,-7.811695805385286,0.0069565375540836,0.0147326472121145,0.0032555339208904005,-0.0179171639261002,-0.0008377187903704,-0.0008456722743635,0.5023923444976076,0.5023923444976076,0.5023923444976076,0.5023923444976076,0.5023923444976076,0.5023923444976076,0.5023923444976076,0.5023923444976076,0.5023923444976076,0.5023923444976076,0.5023923444976076,0.5023923444976076,0.09569377990430622,0.019138755980861243,0.10047846889952153,0.09569377990430622,0.09090909090909091,0.05263157894736842,0.11483253588516747,0.09090909090909091,0.09569377990430622,0.42105263157894735,0.21052631578947367,0.011961722488038277,0.5,0.0,0.0,1.0,0.0,0.0,0.9999999999996666,0.0,0.0,0.7853981633974483,0.0,0.0,638.8666666666667,23.033459291074376,19.02222222222224,210.4641975308642,117.43511339826338,-166.80987654320987,0.01129297228331054,0.005204720627335566,0.0016271425621546595,0.01379777510260646,0.005251930311259609,-0.008386030474952458
164,1.5516443903476496,0.8995215311004785,2.302585092994046,0.5023923444976076,0.0008904408147515,-0.0001715062493492,0.0008737679617664,0.0,0.0001415681108921,-0.0001384625819295,2.9489717309571148e-05,0.0,0.0013474086793395,-0.0004748127637707,0.0012609769976172,0.0,0.002903984316216,0.00303808324678,0.0724750145002219,0.0885182411601539,0.0121199387208238,5.947705555346802,2.302585092994046,0.0,0.0,0.6542580470119261,0.3457419528028722,0.0882665967025003,0.1192360723120805,0.0219865517313165,5.862737812490593,2.302585092994046,0.0,0.0,0.6254398062631585,0.3745601936159866,0.1185591821262244,0.1783630900360008,0.0372548111527273,5.750453042280445,2.302585092994046,0.0,0.0,0.6062208532232083,0.3937791467120424,0.0020450511353519,0.0010873093339178,0.0009932200282831,0.0003350464839256,0.942507824613003,0.0002069379839845,0.0016761936683369,02,Tribolium,0.5,0.5,0.0,1.0,0.0,3.0,3.0,0.0,0.9999999999996666,9.0,12.0,0.7853981633974483,668.7777777777778,567.0617283950618,653.0,667.0,688.0,21.70862256048717,29.5296461204668,669.75,669.5,0.0003738162485462,0.0231734808981943,0.0154644642341152,0.0,0.0,0.0,0.0,0.0,0.0,0.0,0.0,24.1111111111112,-2.8888888888888005,450.83950617283955,500.6172839506173,28.0,-8.0,7.723611575921071,5.858579293147761,-0.0046029159127775,-0.0183606750665903,0.0123996099571446,0.0153057409804995,0.0042766879185205005,0.0045238152589070005,0.5023923444976076,0.5023923444976076,0.5023923444976076,0.5023923444976076,0.5023923444976076,0.5023923444976076,0.5023923444976076,0.5023923444976076,0.5023923444976076,0.5023923444976076,0.5023923444976076,0.5023923444976076,0.11004784688995216,0.69377990430622,0.10526315789473684,0.1076555023923445,0.11244019138755981,0.4019138755980861,0.45933014354066987,0.11483253588516747,0.11961722488038277,0.10526315789473684,0.9090909090909091,0.8038277511961722,0.5,0.0,0.0,1.0,0.0,0.0,0.9999999999996666,0.0,0.0,0.7853981633974483,0.0,0.0,631.4888888888888,39.58473330857631,37.288888888889005,174.18765432098766,128.54163011318022,392.8740740740741,0.00455053510795222,0.008291379246453305,-0.00417671885940602,0.01220030349892114,0.005295791582314127,0.01097317739927316
165,1.533977329261815,0.8851674641148325,2.302585092994046,0.5023923444976076,0.0017445431420965,-0.0013632111263803,0.001088616644898,0.0023691364079652,0.0032798759073196,0.0005384063482203,0.0032353832186638,0.0,0.0006778973495423,-0.0001747175317618,0.0006549951149524,0.0,0.0014473457825207,0.00149837342736,0.0637916896329369,0.0784323710098271,0.0104124884293309,6.189649371126225,2.302585092994046,0.0,0.0,0.6307721119720031,0.3692278877886363,0.0770200080088018,0.1052067299850443,0.0188516610854398,6.113093927309676,2.302585092994046,0.0,0.0,0.7258109749036511,0.2741890249373023,0.1064039332029981,0.1471155499060924,0.0327732812539537,6.135658987345808,2.302585092994046,0.0,0.0,0.6032453877829191,0.3967546121364088,0.0032881781591799,0.0027592863253074,0.0024076877211458,0.0041375188609379,-0.985482182398568,0.0020522643958073,0.0030059059832384,02,Tribolium,0.5,0.5,0.0,1.0,0.0,3.0,3.0,0.0,0.9999999999996666,9.0,12.0,0.7853981633974483,673.7777777777778,357.9506172839506,650.0,682.0,688.0,20.48117074246715,31.084562084739105,672.75,660.6666666666666,0.0179337071240105,0.0189620495871658,0.0054531846187813,0.0,0.0,0.0,0.0,0.0,0.0,0.0,0.0,12.333333333333371,17.888888888888914,-228.07407407407413,287.40740740740733,13.0,30.0,-7.889922575756273,8.795578890487505,-0.012618115486438,0.0117715861685642,-0.005695788914103401,0.0113373955871502,-0.0099769960219269,5.8746764145500494e-05,0.5023923444976076,0.5023923444976076,0.5023923444976076,0.5023923444976076,0.5023923444976076,0.5023923444976076,0.5023923444976076,0.5023923444976076,0.5023923444976076,0.5023923444976076,0.5023923444976076,0.5023923444976076,0.11961722488038277,0.5119617224880383,0.09569377990430622,0.11961722488038277,0.11244019138755981,0.3397129186602871,0.5023923444976076,0.11961722488038277,0.10526315789473684,0.5741626794258373,0.8373205741626795,0.3349282296650718,0.5,0.0,0.0,1.0,0.0,0.0,0.9999999999996666,0.0,0.0,0.7853981633974483,0.0,0.0,579.0,99.31008925159868,94.77777777777783,63.595061728395066,47.1371478637966,294.3555555555555,0.01005498259489212,0.006822221393343532,0.00787872452911838,0.008624953049121,0.004948808460573857,0.0103370965380448
166,1.665984648339755,0.9617224880382776,2.302585092994046,0.5023923444976076,0.0035821711042094,0.0032719864836832,0.0014580995406443,0.0033504648392563,0.0053300523695568,0.0006667390025646,0.0052881865856527,0.0,0.0014870054737669,0.0003927668354528,0.0014341964621282,0.0,0.0020640545965408,0.0025270788351629,0.0716772374126989,0.0861401838658399,0.0105046885084587,6.002170818250345,2.302585092994046,0.0,0.0,0.7581735993596461,0.241826400449804,0.078245064679699,0.0893073300523301,0.011467334856392,6.440781334340123,2.302585092994046,0.0,0.0,0.6560498880256845,0.3439501118144124,0.1026268959026261,0.1493307854414453,0.0279545336466518,6.105767887263005,2.302585092994046,0.0,0.0,0.5733511715819768,0.4266488283296349,0.0035640037198302,0.0031381279962638,0.0021421919646357,0.00149837342736,0.9888200576868712,0.0020466845844645,0.0034917233522403,02,Tribolium,0.5,0.5,0.0,1.0,0.0,3.0,3.0,0.0,0.9999999999996666,9.0,12.0,0.7853981633974483,574.0,69.77777777777777,570.0,576.0,582.0,9.20048767436174,12.298373876248844,573.75,570.1666666666666,0.0062427409988386,0.0099247651997125,0.0037932477626162,0.0,0.0,0.0,0.0,0.0,0.0,0.0,0.0,-5.333333333333371,-0.11111111111108585,41.33333333333333,56.12345679012345,-2.0,2.0,4.252119537777458,3.8890642705977765,0.0093353762117269,0.010597298769305,0.0037433987366055008,0.0074331079151295,0.0028536659664437,0.0011858946399856997,0.5023923444976076,0.5023923444976076,0.5023923444976076,0.5023923444976076,0.5023923444976076,0.5023923444976076,0.5023923444976076,0.5023923444976076,0.5023923444976076,0.5023923444976076,0.5023923444976076,0.5023923444976076,0.03349282296650718,0.07655502392344497,0.03588516746411483,0.03588516746411483,0.03827751196172249,0.023923444976076555,0.028708133971291867,0.03349282296650718,0.03827751196172249,0.20095693779904306,0.40669856459330145,0.2535885167464115,0.5,0.0,0.0,1.0,0.0,0.0,0.9999999999996666,0.0,0.0,0.7853981633974483,0.0,0.0,549.4444444444445,91.94273580151216,24.555555555555543,73.18024691358025,50.95894184538092,-3.402469135802477,0.012977998875915242,0.006060244836219401,-0.006735257877076643,0.00980640894906974,0.005993783070553806,0.00011835625064276004
167,1.7307570191332933,0.985645933014354,2.302585092994046,0.5023923444976076,0.0008904408147515,1.755644350073973e-05,0.0008902677214563,0.0,0.0001415681108921,-0.0001290683293982,5.816267160234544e-05,0.0,0.0006303203827057,0.0006251988830041,8.018816337000224e-05,0.0,0.0025574343486764,0.0036634472763087,0.0679223615231041,0.0829197742787852,0.0109553781895366,6.078375715672475,2.302585092994046,0.0,0.0,0.6128117527472672,0.3871882470414711,0.082095177756965,0.1093145314371099,0.0196856425704801,6.036489797585436,2.302585092994046,0.0,0.0,0.7089862799021547,0.2910137199575366,0.1056325319912262,0.1440505073242162,0.029419789684079,6.177767684137624,2.302585092994046,0.0,0.0,0.5862338125505712,0.4137661873662601,0.0035548077849122,0.0029685757516495,0.0025088883231778,0.0027012311110696,-0.0468313566155166,0.0024820534092103,0.0032868752434625,02,Tribolium,0.5,0.5,0.0,1.0,0.0,3.0,3.0,0.0,0.9999999999996666,9.0,12.0,0.7853981633974483,559.4444444444445,227.358024691358,542.0,561.0,573.0,17.035585678190316,22.005681084665387,559.25,551.3333333333334,0.0141509433962263,0.0188613901818485,0.0029189550062286,0.0,0.0,0.0,0.0,0.0,0.0,0.0,0.0,9.888888888888914,-3.7777777777777146,58.66666666666666,-137.03703703703704,8.0,-6.0,-2.6774339175290898,-3.341719764924484,-0.0007853687752254011,0.0043857037039793986,0.002748741260768999,-0.0046343186582995,0.0024237083942444003,1.9578707875199993e-05,0.5023923444976076,0.5023923444976076,0.5023923444976076,0.5023923444976076,0.5023923444976076,0.5023923444976076,0.5023923444976076,0.5023923444976076,0.5023923444976076,0.5023923444976076,0.5023923444976076,0.5023923444976076,0.023923444976076555,0.3349282296650718,0.023923444976076555,0.023923444976076555,0.02631578947368421,0.20574162679425836,0.20574162679425836,0.023923444976076555,0.023923444976076555,0.45454545454545453,0.8325358851674641,0.18660287081339713,0.5,0.0,0.0,1.0,0.0,0.0,0.9999999999996666,0.0,0.0,0.7853981633974483,0.0,0.0,588.6,66.39275581485799,-29.155555555555566,201.1753086419753,159.90721482804292,26.18271604938269,0.01103490620810468,0.0056145154965783085,0.0031160371881216193,0.015729413702042304,0.006948186543982549,0.0031319764798061964
169,1.6738008353852507,0.9665071770334928,2.302585092994046,0.5023923444976076,0.0019638943736363,0.0018780904557936,0.000574157949224,0.0023691364079652,0.0023388370576705,0.0013352752135071,0.0019202080320961,0.0,0.0021256879447589,-0.0004669599953176,0.0020737641141814,0.0,0.0012415345011005,0.0015794242719768,0.0710515338357925,0.0848269944278283,0.0113383783662583,6.032895201177159,2.302585092994046,0.0,0.0,0.7350590983281517,0.2649409014786816,0.077339266868126,0.0874015489674126,0.0116875052345081,6.483922459780229,2.302585092994046,0.0,0.0,0.6129476661968297,0.387052333639717,0.0980076828858044,0.1377363014606817,0.0259141717491717,6.267413654592672,2.302585092994046,0.0,0.0,0.6191566360263688,0.3808433638763269,0.0034474624290237,0.0030426474581852,0.0023174797057159,0.0007107409223895,0.9582392618742628,0.002296000007981,0.0033674664664206,02,Tribolium,0.5,0.5,0.0,1.0,0.0,3.0,3.0,0.0,0.9999999999996666,9.0,12.0,0.7853981633974483,563.7777777777778,141.7283950617284,557.0,566.0,573.0,15.820203373902444,23.521266972678152,563.5,554.5,0.015963736696886,0.0143532845534901,0.0086895576212551,0.0,0.0,0.0,0.0,0.0,0.0,0.0,0.0,-38.777777777777715,-14.8888888888888,35.703703703703724,-74.49382716049382,-39.0,-16.0,2.744108478590036,1.025077631548072,0.0043465506375093,-0.0031894891095656,0.0025780194412437993,-0.0026844928660782006,0.0028176478560635,0.0009290774453834996,0.5023923444976076,0.5023923444976076,0.5023923444976076,0.5023923444976076,0.5023923444976076,0.5023923444976076,0.5023923444976076,0.5023923444976076,0.5023923444976076,0.5023923444976076,0.5023923444976076,0.5023923444976076,0.028708133971291867,0.21052631578947367,0.028708133971291867,0.028708133971291867,0.02631578947368421,0.1674641148325359,0.2679425837320574,0.028708133971291867,0.028708133971291867,0.5119617224880383,0.7033492822966507,0.5358851674641149,0.5,0.0,0.0,1.0,0.0,0.0,0.9999999999996666,0.0,0.0,0.7853981633974483,0.0,0.0,598.8222222222222,36.81616660458811,-35.044444444444366,226.80493827160495,138.49739466141153,-85.07654320987655,0.01011625500739682,0.0037794554674457324,0.005847481689489179,0.01681443645931966,0.005669584658705818,-0.0024611519058295606
170,1.654061172693402,0.9473684210526316,2.302585092994046,0.5023923444976076,0.0008904408147515,-7.603673539344047e-05,0.0008871884013252,0.0,0.0023388370576705,0.0011302985087228,0.0020475800505748,0.0,0.0019800481700549,-0.0013899735831126,0.0014101645981895,0.0,0.0038588811024496,0.0042906885237818,0.0739452790523572,0.0854204279748742,0.0084815405594497,6.018952295210069,2.302585092994046,0.0,0.0,0.8037892639193105,0.1962107359001789,0.0811944419907429,0.0972500916885744,0.0115207777555472,6.270376619670406,2.302585092994046,0.0,0.0,0.7310053619687812,0.2689946378825257,0.1064534943931331,0.1554269046958372,0.0298157708113023,6.025744541239433,2.302585092994046,0.0,0.0,0.643380345537859,0.3566196543803167,0.0031628276746833,0.0027692057381639,0.0016727342655736,0.001589265016854,0.3575637164055136,0.0015006642361435,0.0033719590013547,02,Tribolium,0.5,0.5,0.0,1.0,0.0,3.0,3.0,0.0,0.9999999999996666,9.0,12.0,0.7853981633974483,647.0,8.444444444444445,646.0,647.0,648.0,7.232615020036807,7.433034373659253,646.375,636.5,0.0152627511591962,0.0008009083851212,0.0004206576923426,0.0,0.0,0.0,0.0,0.0,0.0,0.0,0.0,20.33333333333337,7.0,-70.22222222222223,-67.55555555555556,22.0,6.0,-2.774163269979937,-2.370145535224969,0.0040260490315367995,0.0008747303258628998,-0.0088153322472306,-0.0079104086377125,-0.0102198562612466,-0.0040445579846745995,0.5023923444976076,0.5023923444976076,0.5023923444976076,0.5023923444976076,0.5023923444976076,0.5023923444976076,0.5023923444976076,0.5023923444976076,0.5023923444976076,0.5023923444976076,0.5023923444976076,0.5023923444976076,0.0861244019138756,0.004784688995215311,0.09090909090909091,0.0861244019138756,0.08133971291866028,0.009569377990430622,0.004784688995215311,0.0861244019138756,0.0861244019138756,0.49760765550239233,0.009569377990430622,0.028708133971291867,0.5,0.0,0.0,1.0,0.0,0.0,0.9999999999996666,0.0,0.0,0.7853981633974483,0.0,0.0,582.6888888888889,29.55759391467258,64.31111111111113,57.49629629629629,33.46795531432733,-49.05185185185185,0.00980702645656434,0.006201315212604074,0.005455724702631859,0.0080390587274953,0.0035076886197267505,-0.0072381503423741
172,1.6389193553968606,0.9425837320574164,2.302585092994046,0.5023923444976076,0.0019638943736363,0.0018552264644782,0.0006442172586169,0.0023691364079652,0.0001415681108921,-0.0001269200372888,6.27123126363099e-05,0.0,0.0010196666844458,0.0009888626677863,0.0002487383597821,0.0,0.0010654444181096,0.0012733725574596,0.0636044016515622,0.0737863341002945,0.01266268962979,6.31177576711564,2.302585092994046,0.0,0.0,0.6315440423646429,0.3684559573975937,0.0840329391339285,0.1197293192752812,0.0270630631015039,5.854481425900358,2.302585092994046,0.0,0.0,0.6693939423990609,0.3306060574726342,0.1203133917219084,0.1984708587389559,0.0450647482817057,5.5368110869539,2.302585092994046,0.0,0.0,0.5866801561708604,0.4133198437685561,0.0038204442928452,0.0030396425402188,0.0028097773184949,0.0014214818447791,0.8817445052615206,0.0026907178555682,0.0031380080773734,02,Tribolium,0.5,0.5,0.0,1.0,0.0,3.0,3.0,0.0,0.9999999999996666,9.0,12.0,0.7853981633974483,596.3333333333334,472.44444444444446,585.0,596.0,613.0,21.822105829809736,27.50454507895013,596.375,587.6666666666666,0.0146031302403577,0.0255913933306524,0.0130073519041776,0.0,0.0,0.0,0.0,0.0,0.0,0.0,0.0,-20.444444444444457,-13.0,364.71604938271605,305.55555555555554,-20.0,-12.0,11.766736265157746,9.882611487671245,0.018251121593267,0.0087223862578632,0.0173212589900957,0.010877823197517799,0.0035200470097199992,0.0085407404112196,0.5023923444976076,0.5023923444976076,0.5023923444976076,0.5023923444976076,0.5023923444976076,0.5023923444976076,0.5023923444976076,0.5023923444976076,0.5023923444976076,0.5023923444976076,0.5023923444976076,0.5023923444976076,0.0430622009569378,0.631578947368421,0.04784688995215311,0.045454545454545456,0.050239234449760764,0.40669856459330145,0.3827751196172249,0.0430622009569378,0.0430622009569378,0.48325358851674644,0.9282296650717703,0.7177033492822966,0.5,0.0,0.0,1.0,0.0,0.0,0.9999999999996666,0.0,0.0,0.7853981633974483,0.0,0.0,610.6666666666666,47.25361048326046,-14.333333333333258,180.38518518518518,46.448057039487495,292.0592592592593,0.0095153287664915,0.005225892602585588,0.005087801473866199,0.01516228366491644,0.0029642513973697194,0.010429109665735958
173,0.8154252638093485,0.4736842105263157,2.302585092994046,0.5023923444976076,0.0029924075954728,-0.0022393183162965,0.001984932415913,0.0023691364079652,0.0034254527249422,-0.001126204988405,0.0032350253005047,0.0,4.035659798674701e-05,-3.9992594067544505e-05,5.408088461972152e-06,0.0,-0.000426834145411,0.0004467286452341,0.0731070820060211,0.0771334931059101,0.0056942051851525,6.223047651522553,2.302585092994046,0.0,0.0,0.8046016141940001,0.1953983856200248,0.0808227771678712,0.0947654563186116,0.0105355319888501,6.322138554223377,2.302585092994046,0.0,0.0,0.628924705641638,0.3710752942078347,0.1016557956202883,0.1356834846549612,0.0243654219588248,6.297445941689942,2.302585092994046,0.0,0.0,0.5601545154001261,0.4398454845083622,0.0020544926082454,0.0011079676851025,6.410279718071134e-05,0.0029304598954611,0.9670886886324188,1.0247438621636528e-05,0.0010215266326972,02,Tribolium,0.5,0.5,0.0,1.0,0.0,3.0,3.0,0.0,0.9999999999996666,9.0,12.0,0.7853981633974483,864.7777777777778,139.7283950617284,861.0,867.0,872.0,17.448921168110182,26.30589287593181,865.25,854.75,0.0121418476166002,0.0061803231760742,0.0034619538956932,0.0,0.0,0.0,0.0,0.0,0.0,0.0,0.0,-0.4444444444443434,26.0,-115.11111111111103,-60.22222222222223,7.0,31.0,-3.6538690633940085,-4.627396996589049,0.0053516845242669005,0.0036473450334767003,-0.0064815064521425,-0.0049244834862234,-0.0105360290955515,-0.0051367317822995,0.5023923444976076,0.5023923444976076,0.5023923444976076,0.5023923444976076,0.5023923444976076,0.5023923444976076,0.5023923444976076,0.5023923444976076,0.5023923444976076,0.5023923444976076,0.5023923444976076,0.5023923444976076,0.2966507177033493,0.20574162679425836,0.3062200956937799,0.2966507177033493,0.2966507177033493,0.22009569377990432,0.3492822966507177,0.2966507177033493,0.31100478468899523,0.41148325358851673,0.24880382775119617,0.22488038277511962,0.5,0.0,0.0,1.0,0.0,0.0,0.9999999999996666,0.0,0.0,0.7853981633974483,0.0,0.0,795.9333333333334,73.21797660933711,68.84444444444443,582.9234567901235,295.1137308790127,-443.1950617283951,0.01912789006791854,0.008377994514135722,-0.00698604245131834,0.01819512525290338,0.005571335053802991,-0.012014802076829178
174,1.0322316032862184,0.6028708133971292,2.302585092994046,0.5023923444976076,0.0029924075954728,-0.0023601749483885,0.0018395862117451,0.0023691364079652,0.0034254527249422,-0.0013282107498793,0.003157464580121,0.0,0.0014598496824834,0.0014511801526268,0.0001588623935005,0.0,0.0002736152574452,0.0003531700037453,0.0572356130877161,0.0690716021358609,0.0086562442342285,6.443835489102779,2.302585092994046,0.0,0.0,0.7592242681102457,0.2407757315913223,0.0678839754637272,0.0955029418094717,0.0164102235184698,6.306634367689126,2.302585092994046,0.0,0.0,0.7139600740983078,0.2860399256966704,0.0959646265170352,0.142660573883173,0.0319658511464284,6.197159251758516,2.302585092994046,0.0,0.0,0.5527851011886625,0.4472148987135955,0.0015194502342701,0.0005509746655187,0.0002941747825209,0.0032223738984111,-0.7626181253257729,4.975087395868402e-05,0.0011799174245182,02,Tribolium,0.5,0.5,0.0,1.0,0.0,3.0,3.0,0.0,0.9999999999996666,9.0,12.0,0.7853981633974483,982.6666666666666,250.66666666666663,975.0,979.0,989.0,23.433807483110243,29.90401310861136,981.25,960.6666666666666,0.0209464043419267,0.009132540344425,0.012878931822578,0.0,0.0,0.0,0.0,0.0,0.0,0.0,0.0,44.11111111111097,11.111111111110972,90.64197530864192,-7.802469135802596,35.0,11.0,7.554232777990022,-6.766983134585917,0.0030110426750627993,-0.014692319354322098,0.0012301602710743011,0.0020893899912013004,0.0025845212780999,0.002934182752596,0.5023923444976076,0.5023923444976076,0.5023923444976076,0.5023923444976076,0.5023923444976076,0.5023923444976076,0.5023923444976076,0.5023923444976076,0.5023923444976076,0.5023923444976076,0.5023923444976076,0.5023923444976076,0.46411483253588515,0.3827751196172249,0.4784688995215311,0.45454545454545453,0.45454545454545453,0.46411483253588515,0.46411483253588515,0.46411483253588515,0.45454545454545453,0.6698564593301436,0.3684210526315789,0.7081339712918661,0.5,0.0,0.0,1.0,0.0,0.0,0.9999999999996666,0.0,0.0,0.7853981633974483,0.0,0.0,885.0888888888888,89.14511404459971,97.57777777777778,214.51851851851853,82.21624269214854,36.148148148148096,0.016966700360654417,0.005524748389667654,0.003979703981272283,0.01013772772816228,0.0033719197609085906,-0.0010051873837372792
175,0.6679305644786483,0.3827751196172249,2.302585092994046,0.5023923444976076,0.0017445431420965,-0.0013696506723869,0.0010805034984978,0.0023691364079652,0.0052686523887319,-0.0007977556600913,0.0052079059035358,0.0,0.0010953394517227,-0.0009609910829568,0.0005256088402773,0.0,-4.3496018777349215e-05,0.000223364322617,0.0773863695351133,0.1126274590949094,0.0254471805442614,5.46595174645158,2.302585092994046,0.0,0.0,0.6373894782706435,0.3626105215786679,0.0948963105611545,0.125295738446174,0.0292450019808599,5.763594769296945,2.302585092994046,0.0,0.0,0.6682514613224345,0.3317485385761515,0.1315839759898223,0.1877755457491529,0.0439158954940429,5.647600962995496,2.302585092994046,0.0,0.0,0.5714020569171412,0.4285979430308917,0.0021939312341421,0.0010700281393901,0.0005379210783087,0.0016583954855757,0.3103675445396182,-0.0004472611406719,0.0011289456656519,02,Tribolium,0.5,0.5,0.0,1.0,0.0,3.0,3.0,0.0,0.9999999999996666,9.0,12.0,0.7853981633974483,735.8888888888889,120.32098765432102,727.0,741.0,744.0,14.686340425218596,20.796634343085422,735.125,727.3333333333334,0.0105881020685489,0.0090309838611273,0.0005547689285671,0.0,0.0,0.0,0.0,0.0,0.0,0.0,0.0,-59.66666666666663,-42.55555555555554,-159.7037037037037,-5.925925925925867,-53.0,-40.0,-11.686237880904333,-1.3427542364186706,-0.017432149328099,-0.004880781745324801,-0.0040061851437414,-0.0003252250371236984,-0.017747982641046902,-0.0122066321007869,0.5023923444976076,0.5023923444976076,0.5023923444976076,0.5023923444976076,0.5023923444976076,0.5023923444976076,0.5023923444976076,0.5023923444976076,0.5023923444976076,0.5023923444976076,0.5023923444976076,0.5023923444976076,0.14832535885167464,0.1674641148325359,0.14832535885167464,0.15311004784688995,0.145933014354067,0.11961722488038277,0.1722488038277512,0.14832535885167464,0.15789473684210525,0.3397129186602871,0.36363636363636365,0.03349282296650718,0.5,0.0,0.0,1.0,0.0,0.0,0.9999999999996666,0.0,0.0,0.7853981633974483,0.0,0.0,782.3555555555556,104.50864220865323,-46.4666666666667,342.9283950617284,100.73318127047612,-222.60740740740738,0.0247853704480741,0.013398364288764938,-0.0141972683795252,0.012645090918797721,0.004918546627272955,-0.0036141070576704206
176,0.6259237754371644,0.3588516746411483,2.302585092994046,0.5023923444976076,0.0024713209101331,0.0004088691891787,0.0024372634299561,0.0033504648392563,0.0022320592690683,0.001730365980379,0.001409936932838,0.0,0.0013474086793395,-0.0001968461832966,0.0013329522606909,0.0,-0.0003654027825392,0.0008053515183052,0.1053652899143125,0.1304961969082035,0.0281370643705464,5.171434678829545,2.302585092994046,0.0,0.0,0.7488402460726375,0.2511597538432831,0.1284824776195393,0.1682754079689394,0.0358761379002168,5.1737445297395785,2.302585092994046,0.0,0.0,0.6288314735398136,0.3711685264039903,0.1593390159599286,0.2220425623498747,0.0415450222399705,5.312357479352854,2.302585092994046,0.0,0.0,0.5970419971173007,0.4029580028458193,0.0019110567792663,0.0010879315243809,0.0005379210783087,0.0028918995325087,-0.7395565127418073,-0.00041552262629,0.0010190575466129,02,Tribolium,0.5,0.5,0.0,1.0,0.0,3.0,3.0,0.0,0.9999999999996666,9.0,12.0,0.7853981633974483,640.5555555555555,230.6913580246913,632.0,640.0,654.0,16.073351090037914,18.741664813991317,639.75,635.0,0.0074154379878577,0.0161409201369925,0.0142338085659097,0.0,0.0,0.0,0.0,0.0,0.0,0.0,0.0,-53.0,-24.0,34.2222222222222,-161.3333333333334,-55.0,-22.0,-4.0154353099161035,-4.880745146518233,-0.014512629939088802,0.006976548170101599,0.005930439285272801,-0.004406353957033898,0.0044232921337733,0.0109574470974597,0.5023923444976076,0.5023923444976076,0.5023923444976076,0.5023923444976076,0.5023923444976076,0.5023923444976076,0.5023923444976076,0.5023923444976076,0.5023923444976076,0.5023923444976076,0.5023923444976076,0.5023923444976076,0.08133971291866028,0.3444976076555024,0.08133971291866028,0.08133971291866028,0.0861244019138756,0.17703349282296652,0.11961722488038277,0.08133971291866028,0.08133971291866028,0.23923444976076555,0.7559808612440191,0.7751196172248804,0.5,0.0,0.0,1.0,0.0,0.0,0.9999999999996666,0.0,0.0,0.7853981633974483,0.0,0.0,808.688888888889,78.2788746867392,-168.13333333333344,253.83209876543214,156.80845184988982,-23.140740740740824,0.027211059311428303,0.012022121287194345,-0.019795621323570604,0.00866697077599554,0.003696020966869481,0.00747394936099696
177,0.8893956107530709,0.5215311004784688,2.302585092994046,0.5023923444976076,0.0044253347455323,-0.0001483868327009,0.0044228462507639,0.00529755005618,0.0052686523887319,-0.0001198537646484,0.005267288967618,0.0,0.0010953394517227,-0.0008852295430855,0.0006450869480533,0.0,-0.0004233094528746,0.0004467286452341,0.0727415784894828,0.0806898784896479,0.0088458141451982,6.1328965545427465,2.302585092994046,0.0,0.0,0.7072549901334514,0.2927450096803143,0.0778640039511199,0.090058350955061,0.0097183598535287,6.4240328618927744,2.302585092994046,0.0,0.0,0.6274529759125429,0.3725470239250468,0.0988912055758825,0.1387108629178191,0.023803722227184,6.253312363352805,2.302585092994046,0.0,0.0,0.656090398741958,0.3439096011613871,0.0015496237796501,0.0006436853439777,0.0005882426879346,0.0044700776344025,-0.0099833993889172,-0.0005789092734612,0.0010618184070408,02,Tribolium,0.5,0.5,0.0,1.0,0.0,3.0,3.0,0.0,0.9999999999996666,9.0,12.0,0.7853981633974483,712.4444444444445,192.6913580246913,703.0,716.0,716.0,19.990211490398917,24.88473427625861,710.125,694.0833333333334,0.0225163755458514,0.0096056449630689,0.0120335194787673,0.0,0.0,0.0,0.0,0.0,0.0,0.0,0.0,-52.44444444444446,-67.66666666666663,-344.74074074074076,-597.4074074074075,-54.0,-64.0,-9.483216814077768,-11.563108572590881,0.0084620466672925,0.0124750708883952,-0.011525080349353,-0.012263136010268,-0.0160765458437234,-0.0179702004869716,0.5023923444976076,0.5023923444976076,0.5023923444976076,0.5023923444976076,0.5023923444976076,0.5023923444976076,0.5023923444976076,0.5023923444976076,0.5023923444976076,0.5023923444976076,0.5023923444976076,0.5023923444976076,0.1339712918660287,0.2799043062200957,0.1291866028708134,0.1339712918660287,0.1339712918660287,0.32057416267942584,0.3157894736842105,0.1339712918660287,0.1291866028708134,0.7081339712918661,0.37799043062200954,0.69377990430622,0.5,0.0,0.0,1.0,0.0,0.0,0.9999999999996666,0.0,0.0,0.7853981633974483,0.0,0.0,828.6666666666667,62.46844141516183,-116.22222222222229,445.29382716049383,352.6320773963142,-252.60246913580252,0.01990714096281184,0.007787655990073498,0.0026092345830395595,0.013762309259576421,0.0059802321540451,-0.004156664296507521
178,0.9457381956748924,0.5598086124401914,2.302585092994046,0.5023923444976076,0.0019638943736363,0.0019510985341733,0.0002238205101124,0.0023691364079652,0.0032298925420121,0.0030617878008717,0.0010284266115666,0.0,0.0010539699971928,-1.852573948031209e-05,0.0010538071701974,0.0,7.152100571762309e-06,0.0003531700037453,0.0664652146578453,0.0804809272235159,0.009940533031404,6.138082391574312,2.302585092994046,0.0,0.0,0.5232312755971738,0.4767687241814127,0.077197050378517,0.1017626134912209,0.0161470890372947,6.179662905991409,2.302585092994046,0.0,0.0,0.6129376832832325,0.3870623165559987,0.0968203748913824,0.1303240382621266,0.0237927881680421,6.378047748715269,2.302585092994046,0.0,0.0,0.6303393922389152,0.369660607660484,0.0019205542621773,0.0011361839202979,0.0009088262530576,0.0028626384135161,-0.9838010262806376,-0.0009347979122091,0.0008433144977608,02,Tribolium,0.5,0.5,0.0,1.0,0.0,3.0,3.0,0.0,0.9999999999996666,9.0,12.0,0.7853981633974483,762.8888888888889,157.87654320987656,755.0,767.0,773.0,20.540099388671184,27.829840100151493,762.25,751.4166666666666,0.0142004078065831,0.0103551592181179,0.0082053982063044,0.0,0.0,0.0,0.0,0.0,0.0,0.0,0.0,-50.111111111111086,-34.777777777777715,-107.01234567901236,124.54320987654322,-43.0,-31.0,-11.593111639371646,8.57308795057998,-0.013884873046225401,0.007148590004660901,-0.000467965382473701,0.0095922081699191,-0.0066917308838641,0.0078641961247656,0.5023923444976076,0.5023923444976076,0.5023923444976076,0.5023923444976076,0.5023923444976076,0.5023923444976076,0.5023923444976076,0.5023923444976076,0.5023923444976076,0.5023923444976076,0.5023923444976076,0.5023923444976076,0.17703349282296652,0.22966507177033493,0.18660287081339713,0.18660287081339713,0.18899521531100477,0.3444976076555024,0.3923444976076555,0.17703349282296652,0.18181818181818182,0.46411483253588515,0.430622009569378,0.5023923444976076,0.5,0.0,0.0,1.0,0.0,0.0,0.9999999999996666,0.0,0.0,0.7853981633974483,0.0,0.0,796.0666666666666,81.38090897550241,-33.17777777777769,238.36543209876544,213.29918759656653,-80.48888888888888,0.016302591869167,0.005291124327935277,-0.0021021840625839,0.01025030386069648,0.006379935893598732,0.00010485535742141977
179,1.0139219903247223,0.5980861244019139,2.302585092994046,0.5023923444976076,0.0017445431420965,-0.0013384703236242,0.0011188958697812,0.0023691364079652,0.0025067128113332,-0.0021404787664209,0.0013045918016772,0.0,0.0005072094869125,-0.0004414707256185,0.0002497299782483,0.0,0.0003858454100296,0.00049945780912,0.0836268587826116,0.0906794503905702,0.0068468828409609,5.899461317223963,2.302585092994046,0.0,0.0,0.7347304226238912,0.2652695772340699,0.0908756443296759,0.1017626134912209,0.0103414359118362,6.179662905991409,2.302585092994046,0.0,0.0,0.5517454794306428,0.448254520449816,0.1219408851373085,0.1573113710825804,0.0321606914083828,6.001641457724101,2.302585092994046,0.0,0.0,0.590207868489289,0.4097921314478333,0.0017322927072592,0.0011152523245514,0.0003837661107651,0.0014410894171536,0.8319449266004961,-0.0003768235261132,0.0010671432129837,02,Tribolium,0.5,0.5,0.0,1.0,0.0,3.0,3.0,0.0,0.9999999999996666,9.0,12.0,0.7853981633974483,709.1111111111111,52.098765432098766,708.0,709.0,712.0,10.481574210333012,14.577379737113253,710.0,698.1666666666666,0.0166875587590097,0.0035825331762656,0.0030704979540596,0.0,0.0,0.0,0.0,0.0,0.0,0.0,0.0,-34.66666666666674,-29.222222222222285,-126.07407407407408,10.320987654320987,-40.0,-31.0,-1.3168739455509488,-5.328769682276816,0.0125420553230969,-0.0100618769069044,-0.0071834776584266,0.0009436049720740001,0.0019727284248006,0.0017803227696133002,0.5023923444976076,0.5023923444976076,0.5023923444976076,0.5023923444976076,0.5023923444976076,0.5023923444976076,0.5023923444976076,0.5023923444976076,0.5023923444976076,0.5023923444976076,0.5023923444976076,0.5023923444976076,0.1291866028708134,0.028708133971291867,0.13875598086124402,0.1291866028708134,0.1291866028708134,0.04784688995215311,0.0430622009569378,0.1291866028708134,0.1339712918660287,0.5311004784688995,0.09569377990430622,0.20574162679425836,0.5,0.0,0.0,1.0,0.0,0.0,0.9999999999996666,0.0,0.0,0.7853981633974483,0.0,0.0,808.8666666666666,34.715023253717845,-99.75555555555547,298.89382716049386,173.7154975244601,-246.7950617283951,0.01465563287157936,0.004548607073828317,0.0020319258874303397,0.01282640202595808,0.004334520801336653,-0.00924386884969248
180,1.0685668098036505,0.6172248803827751,2.302585092994046,0.5023923444976076,0.0008904408147515,-0.0001506868122819,0.0008775980453372,0.0,0.0001415681108921,-0.0001377224327057,3.277287828678979e-05,0.0,0.0014870054737669,0.0001940996586489,0.0014742830805259,0.0,0.0002182136736909,0.000473827281593,0.0683110949890114,0.0706781332124479,0.0023067134712122,6.397850375870377,2.302585092994046,0.0,0.0,0.5934607467597148,0.4065392530262314,0.0730107019289336,0.0817952707978869,0.0061258733466212,6.616509614787839,2.302585092994046,0.0,0.0,0.5389593298455426,0.4610406699681712,0.093176724973514,0.1243288838445496,0.0215575678392388,6.472234963769157,2.302585092994046,0.0,0.0,0.5586161880296401,0.4413838118610301,0.0015715589028041,0.0006536148171075,0.0003010083958167,0.00074918671368,0.6010707256014945,-0.0002851439365279,0.0013123072348462,02,Tribolium,0.5,0.5,0.0,1.0,0.0,3.0,3.0,0.0,0.9999999999996666,9.0,12.0,0.7853981633974483,843.6666666666666,194.88888888888889,835.0,851.0,852.0,19.367423973979868,25.004999500099974,843.25,830.0833333333334,0.0156064796523112,0.0104596036925778,0.0046776769748607,0.0,0.0,0.0,0.0,0.0,0.0,0.0,0.0,-9.888888888888914,16.111111111111086,-119.58024691358023,53.975308641975346,-5.0,20.0,2.061727045857271,2.8743465741938543,0.0112619079261982,0.0082051638628376,7.824361060700114e-05,0.0010039790223926003,-0.009989926275363301,0.0008955700950313006,0.5023923444976076,0.5023923444976076,0.5023923444976076,0.5023923444976076,0.5023923444976076,0.5023923444976076,0.5023923444976076,0.5023923444976076,0.5023923444976076,0.5023923444976076,0.5023923444976076,0.5023923444976076,0.2631578947368421,0.28708133971291866,0.2679425837320574,0.2751196172248804,0.2679425837320574,0.3062200956937799,0.32057416267942584,0.2631578947368421,0.2631578947368421,0.507177033492823,0.44976076555023925,0.2966507177033493,0.5,0.0,0.0,1.0,0.0,0.0,0.9999999999996666,0.0,0.0,0.7853981633974483,0.0,0.0,839.6,76.58535462612856,4.066666666666606,303.90123456790127,93.27196231680604,-109.01234567901238,0.01949677246097342,0.00622830524074451,-0.0038902928086622223,0.01303175978162352,0.0037183391672962578,-0.0025721560890457195
181,0.9283234252041112,0.5454545454545454,2.302585092994046,0.5023923444976076,0.0008904408147515,-7.192229078407474e-05,0.0008875314240429,0.0,0.0001415681108921,-0.0001342560608287,4.490924350668586e-05,0.0,0.0006778973495423,-0.0001849753658342,0.0006521724699426,0.0,1.1513771602229896e-05,0.0005694695198324,0.0800379096629502,0.0858464676650402,0.0049334844899661,6.009001964358256,2.302585092994046,0.0,0.0,0.6540131582161504,0.3459868416283384,0.0906739406833363,0.1080492444427868,0.0136051197779297,6.059774289781582,2.302585092994046,0.0,0.0,0.5541842656238141,0.4458157342572354,0.1219163166353363,0.175907381177314,0.0355326391907774,5.778180424500447,2.302585092994046,0.0,0.0,0.6970164397051365,0.3029835602328524,0.0022513927912277,0.0010557365068257,0.0005882426879346,0.0009476545631861,0.2299229623965597,-0.0005772502391851,0.0013397092596374,02,Tribolium,0.5,0.5,0.0,1.0,0.0,3.0,3.0,0.0,0.9999999999996666,9.0,12.0,0.7853981633974483,785.7777777777778,638.8395061728395,762.0,784.0,798.0,29.8648465172852,35.78058132562969,786.0,774.5,0.014635180995475,0.0213671386871659,0.0254577907373285,0.0,0.0,0.0,0.0,0.0,0.0,0.0,0.0,51.1111111111112,-3.3333333333332575,-662.0493827160494,-678.148148148148,39.0,1.0,-7.682485694712739,-4.932894309765857,-0.0034002092041619993,-0.009706553727138299,-0.010270446724750595,-0.0091729503394773,-0.018812327874488898,-0.007480292962298702,0.5023923444976076,0.5023923444976076,0.5023923444976076,0.5023923444976076,0.5023923444976076,0.5023923444976076,0.5023923444976076,0.5023923444976076,0.5023923444976076,0.5023923444976076,0.5023923444976076,0.5023923444976076,0.215311004784689,0.7416267942583732,0.20574162679425836,0.215311004784689,0.22248803827751196,0.6602870813397129,0.6172248803827751,0.215311004784689,0.21052631578947367,0.4880382775119617,0.8851674641148325,0.9521531100478469,0.5,0.0,0.0,1.0,0.0,0.0,0.9999999999996666,0.0,0.0,0.7853981633974483,0.0,0.0,774.2888888888889,60.013973681443865,11.488888888888937,253.37283950617285,193.93512356877267,385.46666666666664,0.01540636644255034,0.004914784950283206,-0.0007711854470753392,0.010994673717745419,0.005065551836731237,0.010372464969420483
182,0.8059981689431048,0.4688995215311005,2.302585092994046,0.5023923444976076,0.0031253725463707,0.0013007226974682,0.0028418434189622,0.0023691364079652,0.0023388370576705,0.0012094165279897,0.0020018667398601,0.0,0.0006778973495423,-0.0001624130632241,0.0006581540954903,0.0,-0.000268409377997,0.000473827281593,0.0923455982953727,0.1125526815327686,0.0175704334667446,5.467280061900272,2.302585092994046,0.0,0.0,0.5794574557769697,0.4205425441098623,0.1061738398635308,0.1279333660301256,0.0217365205476101,5.721929369372956,2.302585092994046,0.0,0.0,0.6165944336017833,0.3834055663130766,0.1350680233281855,0.186094119094621,0.0352029055774549,5.665590526194139,2.302585092994046,0.0,0.0,0.6090696369856186,0.3909303629630537,0.0021992841226938,0.0010304323375388,0.0004792766026384,0.0035851539383633,-0.9532128154947632,-0.0003127892755313,0.0011705259066692,02,Tribolium,0.5,0.5,0.0,1.0,0.0,3.0,3.0,0.0,0.9999999999996666,9.0,12.0,0.7853981633974483,791.2222222222222,1079.061728395062,753.0,800.0,809.0,34.04379978251559,42.85440467443224,789.25,763.6666666666666,0.032333941862098,0.027052865193435,0.0067076323528096,0.0,0.0,0.0,0.0,0.0,0.0,0.0,0.0,3.2222222222221717,-0.8888888888889142,311.0617283950619,950.5185185185187,7.0,8.0,4.591940018159903,16.571185573983453,0.008486649137901803,0.0195516442046426,0.0024984334589425,0.0188811859973593,-0.0126340802240173,-0.0018822461111455994,0.5023923444976076,0.5023923444976076,0.5023923444976076,0.5023923444976076,0.5023923444976076,0.5023923444976076,0.5023923444976076,0.5023923444976076,0.5023923444976076,0.5023923444976076,0.5023923444976076,0.5023923444976076,0.22488038277511962,0.861244019138756,0.17942583732057416,0.24401913875598086,0.23444976076555024,0.7464114832535885,0.7368421052631579,0.22488038277511962,0.19617224880382775,0.8516746411483254,0.937799043062201,0.42105263157894735,0.5,0.0,0.0,1.0,0.0,0.0,0.9999999999996666,0.0,0.0,0.7853981633974483,0.0,0.0,826.6888888888891,65.7276610879983,-35.466666666666924,456.44444444444446,181.42067209996625,622.6172839506174,0.01793686351063222,0.005734514982520016,0.01439707835146578,0.0157882309864502,0.005372937913718081,0.0112646342069848
183,0.8572897284908432,0.5023923444976076,2.302585092994046,0.5023923444976076,0.0017445431420965,-0.0013207832766266,0.0011397202774451,0.0023691364079652,0.0022320592690683,0.0018901923650136,0.0011871231628934,0.0,0.0013474086793395,-0.0003588049084296,0.0012987567851011,0.0,-5.30935501334528e-05,0.000223364322617,0.0695197503137585,0.0737863341002944,0.0035676279030513,6.311775767115644,2.302585092994046,0.0,0.0,0.6826842451824705,0.3173157546111618,0.0787891637351589,0.1043496344024288,0.0138154993466588,6.129454210413391,2.302585092994046,0.0,0.0,0.6994149644769898,0.3005850353667259,0.113439639894543,0.1561834197690327,0.0364406593508652,6.016033482265077,2.302585092994046,0.0,0.0,0.6113340164847593,0.3886659834448006,0.002179279053583,0.0011359499634497,0.000382350398618,0.0019100588361894,-0.3438408916053412,-0.0001037008103228,0.0011875912890214,02,Tribolium,0.5,0.5,0.0,1.0,0.0,3.0,3.0,0.0,0.9999999999996666,9.0,12.0,0.7853981633974483,832.8888888888889,620.320987654321,815.0,836.0,840.0,27.02534247315701,31.80015723231569,832.125,818.5,0.0163587246531483,0.019352158361246,0.0021240239230383,0.0,0.0,0.0,0.0,0.0,0.0,0.0,0.0,32.55555555555554,-12.777777777777715,432.7654320987655,106.98765432098764,40.0,-8.0,8.786382449595163,2.308426866530823,-0.008318493172757499,0.0105940419570506,0.0093008004631829,0.0006961083138709995,0.0004236978487299999,-0.0237837312069538,0.5023923444976076,0.5023923444976076,0.5023923444976076,0.5023923444976076,0.5023923444976076,0.5023923444976076,0.5023923444976076,0.5023923444976076,0.5023923444976076,0.5023923444976076,0.5023923444976076,0.5023923444976076,0.24880382775119617,0.7272727272727273,0.24880382775119617,0.2535885167464115,0.24880382775119617,0.5980861244019139,0.5167464114832536,0.24880382775119617,0.24880382775119617,0.5215311004784688,0.8516746411483254,0.1339712918660287,0.5,0.0,0.0,1.0,0.0,0.0,0.9999999999996666,0.0,0.0,0.7853981633974483,0.0,0.0,783.4222222222222,49.28402941679542,49.4666666666667,441.63950617283956,368.4675964073297,178.68148148148146,0.01916555076532154,0.007471865249870101,-0.002806826112173238,0.01491222624757238,0.0079275949027008,0.00443993211367362
184,1.0856293937445716,0.631578947368421,2.302585092994046,0.5023923444976076,0.0017445431420965,-0.0011612466666221,0.0013018974436932,0.0023691364079652,0.0001415681108921,-0.0001395291139031,2.394068493126209e-05,0.0,0.0006303203827057,0.0005851179134595,0.0002343945652164,0.0,-0.0002082088865769,0.000223364322617,0.0623416679967486,0.0706781332124479,0.0067987812593283,6.397850375870377,2.302585092994046,0.0,0.0,0.7964042491550658,0.2035957505906561,0.072804228151798,0.0996446493710428,0.0155444623754352,6.221727768302104,2.302585092994046,0.0,0.0,0.7030294405881853,0.2969705592313772,0.096788496054481,0.1416933723997649,0.0274408671531762,6.210764903813622,2.302585092994046,0.0,0.0,0.5202046095967569,0.4797953903044387,0.0015368913237193,0.0007314196970288,0.0003010083958167,0.0016752324196281,0.3119590175819435,-0.0002622212675563,0.0011535368885062,02,Tribolium,0.5,0.5,0.0,1.0,0.0,3.0,3.0,0.0,0.9999999999996666,9.0,12.0,0.7853981633974483,771.7777777777778,276.8395061728395,757.0,775.0,785.0,22.098683108906837,23.706539182259394,770.625,752.4166666666666,0.023592715231788,0.0147000521139311,0.0202772329700862,0.0,0.0,0.0,0.0,0.0,0.0,0.0,0.0,21.0,-2.0,-30.88888888888897,-550.4444444444446,25.0,-5.0,-0.4242466815594348,-13.384046934032067,0.0062218405832755,-0.0018237121088207006,0.0010149454850469,-0.010073316318119899,0.002332917109798903,-0.0103238020130677,0.5023923444976076,0.5023923444976076,0.5023923444976076,0.5023923444976076,0.5023923444976076,0.5023923444976076,0.5023923444976076,0.5023923444976076,0.5023923444976076,0.5023923444976076,0.5023923444976076,0.5023923444976076,0.20095693779904306,0.4258373205741627,0.19138755980861244,0.20813397129186603,0.20095693779904306,0.42105263157894735,0.2727272727272727,0.20095693779904306,0.18660287081339713,0.722488038277512,0.722488038277512,0.8947368421052632,0.5,0.0,0.0,1.0,0.0,0.0,0.9999999999996666,0.0,0.0,0.7853981633974483,0.0,0.0,867.6444444444445,72.94243967796002,-95.86666666666667,264.20740740740746,140.62617871476743,12.632098765432033,0.01625491345461548,0.008471603576655834,0.007337801777172519,0.01166543015599362,0.0050287595586552426,0.0030346219579374806
185,1.246195312931715,0.7320574162679426,2.302585092994046,0.5023923444976076,0.0008904408147515,-0.0002631086009038,0.000850681320299,0.0,0.0023388370576705,0.0006686328699122,0.0022412248587783,0.0,0.0010789820251947,-0.0007676174878908,0.0007582648633409,0.0,-0.0004182514626228,0.0008053515183052,0.0725582371635634,0.0787537433275337,0.0078648818151246,6.1814712246836585,2.302585092994046,0.0,0.0,0.8105504068072541,0.1894495930050072,0.0866995068282734,0.1106160926656322,0.0184391757309162,6.012817306697742,2.302585092994046,0.0,0.0,0.5790909859089224,0.4209090139637994,0.1165237052563509,0.17807964890868,0.037804616696946,5.753633818950427,2.302585092994046,0.0,0.0,0.636630541170931,0.3633694587624332,0.0015934940259581,0.0006626700060947,0.0002443254828658,0.0006700929678512,0.9274684150639736,2.686246421498221e-05,0.0014227326154395,02,Tribolium,0.5,0.5,0.0,1.0,0.0,3.0,3.0,0.0,0.9999999999996666,9.0,12.0,0.7853981633974483,855.2222222222222,133.28395061728395,848.0,855.0,866.0,20.14523101287629,28.151376520518493,853.875,830.0,0.0279167208003117,0.0082143414159981,0.0027050360938865,0.0,0.0,0.0,0.0,0.0,0.0,0.0,0.0,76.55555555555554,49.66666666666663,-322.04938271604937,-87.62962962962965,70.0,57.0,-2.1375564081639595,5.484672556695267,0.016840094087983003,0.029416720800311703,-0.0096842386610511,-0.002740109734019199,-0.0212376076532527,-0.0038832466624969,0.5023923444976076,0.5023923444976076,0.5023923444976076,0.5023923444976076,0.5023923444976076,0.5023923444976076,0.5023923444976076,0.5023923444976076,0.5023923444976076,0.5023923444976076,0.5023923444976076,0.5023923444976076,0.291866028708134,0.19617224880382775,0.291866028708134,0.28708133971291866,0.291866028708134,0.33014354066985646,0.41626794258373206,0.28708133971291866,0.2583732057416268,0.7942583732057417,0.3253588516746411,0.1722488038277512,0.5,0.0,0.0,1.0,0.0,0.0,0.9999999999996666,0.0,0.0,0.7853981633974483,0.0,0.0,879.7111111111111,96.70192460454044,-24.488888888888937,297.3432098765432,88.74655353084486,-164.05925925925925,0.012461216706343679,0.014191928897426926,0.015455504093968023,0.01277662857355776,0.003103898701839068,-0.00456228715755966
186,1.338665035439881,0.7894736842105263,2.302585092994046,0.5023923444976076,0.0008904408147515,-0.0001568034466622,0.0008765258260258,0.0,0.0001415681108921,-0.000137947639001,3.181161604874684e-05,0.0,0.0006778973495423,-0.0002467370204979,0.0006313997618247,0.0,-5.633250070952424e-06,0.0007063400074906,0.0667227064718161,0.0729832456543951,0.0076750628804073,6.333663039999079,2.302585092994046,0.0,0.0,0.8333147891730162,0.1666852106052948,0.0852170522034182,0.1236044559221311,0.0243667629815167,5.7907752792857385,2.302585092994046,0.0,0.0,0.86433529609179,0.1356647037809136,0.1150646708459925,0.183665380489834,0.0374391599381294,5.691864615563551,2.302585092994046,0.0,0.0,0.7755596523045822,0.2244403476271189,0.0020184581451723,0.0010618909467471,0.0009076320605564,0.0003350464839256,0.9307339592720014,-0.0004892602751359,0.0018518947979818,02,Tribolium,0.5,0.5,0.0,1.0,0.0,3.0,3.0,0.0,0.9999999999996666,9.0,12.0,0.7853981633974483,753.6666666666666,441.33333333333326,737.0,750.0,769.0,23.57449022298285,30.26962173533062,752.125,736.4166666666666,0.0208425475453339,0.0178271357976408,0.0198617036493938,0.0,0.0,0.0,0.0,0.0,0.0,0.0,0.0,7.0,-11.555555555555543,317.99999999999994,147.16049382716045,5.0,-18.0,0.1902095577991716,2.2398587541334543,-0.012472184597523202,-0.0030611841230267015,0.015288635483806202,0.0034302431904869018,0.0165811370296467,0.0017226043489226989,0.5023923444976076,0.5023923444976076,0.5023923444976076,0.5023923444976076,0.5023923444976076,0.5023923444976076,0.5023923444976076,0.5023923444976076,0.5023923444976076,0.5023923444976076,0.5023923444976076,0.5023923444976076,0.1674641148325359,0.6028708133971292,0.1674641148325359,0.1674641148325359,0.18181818181818182,0.4784688995215311,0.4784688995215311,0.1674641148325359,0.1674641148325359,0.6602870813397129,0.8086124401913876,0.8899521531100478,0.5,0.0,0.0,1.0,0.0,0.0,0.9999999999996666,0.0,0.0,0.7853981633974483,0.0,0.0,725.8888888888889,52.42047474832241,27.777777777777715,441.7925925925926,352.7165983825783,-0.4592592592593405,0.00752006084278484,0.005789470118942281,0.013322486702549059,0.01805189206087216,0.00917211494971553,-0.0002247562632313599
187,1.4376651101097149,0.8325358851674641,2.302585092994046,0.5023923444976076,0.0033473943818296,-0.0033460365298598,9.53346125384268e-05,0.0033504648392563,0.0001415681108921,-0.0001373316010394,3.437384728997017e-05,0.0,0.0006778973495423,-0.0002349414642627,0.0006358831063069,0.0,0.0013753748676691,0.0018486687135195,0.0611698543395636,0.0902140266995253,0.0206112320581128,5.909753003259255,2.302585092994046,0.0,0.0,0.7838741219137463,0.2161258778462483,0.0782057957366494,0.1052067299850444,0.0262881385865122,6.113093927309675,2.302585092994046,0.0,0.0,0.9017579903122168,0.09824200954088,0.1130378938454997,0.1686252705878435,0.0422409974409392,5.862737812525659,2.302585092994046,0.0,0.0,0.8128509582885319,0.1871490416427955,0.0015758626054822,0.0009707777713131,0.0009486775736977,0.0038566746552955,-0.4359653091447353,0.0003919807493895,0.0012262713365293,02,Tribolium,0.5,0.5,0.0,1.0,0.0,3.0,3.0,0.0,0.9999999999996666,9.0,12.0,0.7853981633974483,657.2222222222222,221.06172839506172,641.0,658.0,664.0,18.61617418370949,19.300259065618786,656.875,647.3333333333334,0.0145181741335586,0.015327847109534,0.0215339757606699,0.0,0.0,0.0,0.0,0.0,0.0,0.0,0.0,11.111111111111086,23.555555555555543,-40.81481481481484,22.172839506172835,13.0,20.0,-1.594712269359178,1.9626964932648612,-0.003216133691033001,0.004194660193527201,0.0011771873833308008,0.00038349565197359943,0.0084756469514869,0.0028503349030870977,0.5023923444976076,0.5023923444976076,0.5023923444976076,0.5023923444976076,0.5023923444976076,0.5023923444976076,0.5023923444976076,0.5023923444976076,0.5023923444976076,0.5023923444976076,0.5023923444976076,0.5023923444976076,0.09090909090909091,0.3157894736842105,0.0861244019138756,0.09090909090909091,0.09569377990430622,0.2583732057416268,0.1339712918660287,0.09569377990430622,0.09090909090909091,0.4688995215311005,0.7320574162679426,0.9234449760765551,0.5,0.0,0.0,1.0,0.0,0.0,0.9999999999996666,0.0,0.0,0.7853981633974483,0.0,0.0,679.8222222222223,42.20576287372478,-22.600000000000136,429.2641975308642,317.4673405345043,-208.20246913580246,0.00886428217680456,0.008831990026901817,0.00565389195675404,0.0184253305253223,0.008521238232680195,-0.0030974834157882995
188,1.1942932357836986,0.6889952153110048,2.302585092994046,0.5023923444976076,0.0019638943736363,0.0019593371725296,0.0001337122101533,0.0023691364079652,0.0022320592690683,0.002120895447295,0.000695622801723,0.0,0.0009807746213023,-0.0009432191899166,0.000268805538566,0.0,-9.38168947731874e-05,0.0003158848543953,0.0817736607829138,0.1125526815327687,0.0235682154638261,5.467280061900271,2.302585092994046,0.0,0.0,0.7118546038750257,0.2881453959868982,0.1049328661360656,0.1537567703547736,0.0348877576068585,5.354204589266438,2.302585092994046,0.0,0.0,0.7255459697768987,0.2744540301413222,0.14113620389926,0.1889674050384244,0.0448183844522696,5.634946570785355,2.302585092994046,0.0,0.0,0.6187320165791186,0.3812679833752779,0.0016442366796078,0.0007070325891925,6.410279718071134e-05,0.0020241910342823,-0.938743966850336,-6.114899489229191e-05,0.0013354951957592,02,Tribolium,0.5,0.5,0.0,1.0,0.0,3.0,3.0,0.0,0.9999999999996666,9.0,12.0,0.7853981633974483,947.6666666666666,204.22222222222223,935.0,954.0,956.0,17.25381398332761,22.940139493908923,946.875,934.75,0.0127945831867745,0.0099243576350311,0.0139289779017837,0.0,0.0,0.0,0.0,0.0,0.0,0.0,0.0,-26.1111111111112,-3.2222222222221717,88.93827160493827,-76.54320987654319,-23.0,-2.0,-0.4820673762389234,-0.1831008677245478,-0.0074444629108978005,0.002015195479366301,0.0037715099623092004,0.0029038861392917,0.0095968132494436,0.0113529779385633,0.5023923444976076,0.5023923444976076,0.5023923444976076,0.5023923444976076,0.5023923444976076,0.5023923444976076,0.5023923444976076,0.5023923444976076,0.5023923444976076,0.5023923444976076,0.5023923444976076,0.5023923444976076,0.42105263157894735,0.3062200956937799,0.42105263157894735,0.430622009569378,0.41626794258373206,0.21052631578947367,0.23923444976076555,0.42105263157894735,0.4258373205741627,0.41626794258373206,0.4019138755980861,0.7464114832535885,0.5,0.0,0.0,1.0,0.0,0.0,0.9999999999996666,0.0,0.0,0.7853981633974483,0.0,0.0,866.0222222222222,86.5659642864302,81.64444444444439,295.6888888888889,106.56105608515068,-91.4666666666667,0.014755476474400921,0.016097442558407466,-0.001960893287626421,0.012783551023398879,0.003596073154805344,-0.0028591933883677784
189,1.388888783118044,0.8181818181818182,2.302585092994046,0.5023923444976076,0.0035821711042094,0.0030640166866246,0.001855734777364,0.0033504648392563,0.0052065283754485,0.0041818824865656,0.0031015796931411,0.0,0.0029851277625357,0.0004607659977494,0.0029493528873262,0.0,0.0007712030071006,0.0008053515183052,0.0625840581743584,0.0830550431685087,0.0147649490741155,6.075115729085747,2.302585092994046,0.0,0.0,0.8719930387998649,0.1280069609582834,0.0872664607604547,0.1262996373793356,0.0323457737868249,5.747634153842866,2.302585092994046,0.0,0.0,0.8637258071666156,0.1362741927179333,0.1207923158402098,0.1705778213735009,0.0418773369315543,5.839712405055969,2.302585092994046,0.0,0.0,0.8170552716320434,0.182944728306774,0.0017845167344703,0.0009879621757428,0.0008904408147515,0.0033504648392563,0.3760873253220669,-0.0001263886229527,0.0015847627919534,02,Tribolium,0.5,0.5,0.0,1.0,0.0,3.0,3.0,0.0,0.9999999999996666,9.0,12.0,0.7853981633974483,671.1111111111111,1006.320987654321,662.0,677.0,696.0,29.890045028141746,35.35533905932738,669.625,665.9166666666666,0.0055256622516556,0.0322688447741183,0.0265631751907349,0.0,0.0,0.0,0.0,0.0,0.0,0.0,0.0,-28.33333333333337,-26.77777777777783,420.2962962962964,469.55555555555566,-28.0,-33.0,6.599761636888449,5.284066230681468,-0.0199707634830545,-0.0101167513767474,0.008379328145025,0.009662801806984603,0.0236447998021146,0.018763494430515202,0.5023923444976076,0.5023923444976076,0.5023923444976076,0.5023923444976076,0.5023923444976076,0.5023923444976076,0.5023923444976076,0.5023923444976076,0.5023923444976076,0.5023923444976076,0.5023923444976076,0.5023923444976076,0.11483253588516747,0.84688995215311,0.11961722488038277,0.11483253588516747,0.11961722488038277,0.6650717703349283,0.5980861244019139,0.11004784688995216,0.11483253588516747,0.18660287081339713,0.9712918660287081,0.9569377990430622,0.5,0.0,0.0,1.0,0.0,0.0,0.9999999999996666,0.0,0.0,0.7853981633974483,0.0,0.0,722.6222222222221,42.10484268795904,-51.51111111111106,384.4395061728395,179.18526337276734,621.8814814814815,0.00932814630823026,0.009513960055491471,-0.00380248405657466,0.017871774744872237,0.003655520813244646,0.014397070029246065
190,1.6046104904309055,0.9282296650717704,2.302585092994046,0.5023923444976076,0.0008904408147515,-0.0001568045206097,0.0008765256339045,0.0,0.0001415681108921,-0.0001379476779775,3.181144703076996e-05,0.0,0.0004515661722312,0.0001753630209094,0.0004161247635037,0.0,0.0040831240708461,0.0044336552102715,0.0653766881453994,0.0743546582922246,0.0064913385268817,6.296430197443777,2.302585092994046,0.0,0.0,0.8322966087200442,0.167703391048273,0.0772994966618485,0.113965065425467,0.0194835382570929,5.9531645547319885,2.302585092994046,0.0,0.0,0.663811835261705,0.3361881645809341,0.116303796135437,0.1807078110794399,0.0434303569403,5.724332804036679,2.302585092994046,0.0,0.0,0.5840985594793303,0.4159014404557884,0.0020107770298002,0.0014619895032262,0.0010886868497044,0.0002369136407965,0.9913212356499824,2.797336584448042e-05,0.0015574796365249,02,Tribolium,0.5,0.5,0.0,1.0,0.0,3.0,3.0,0.0,0.9999999999996666,9.0,12.0,0.7853981633974483,608.2222222222222,115.06172839506172,601.0,606.0,608.0,11.483260206385118,14.326548781894402,609.125,612.3333333333334,-0.0052749360613811,0.0107266248130759,0.0091732809146833,0.0,0.0,0.0,0.0,0.0,0.0,0.0,0.0,4.222222222222172,16.0,5.061728395061721,-353.11111111111114,4.0,15.0,-2.5900063594698732,-5.759096891712648,-0.0119664371651337,-0.0080188385004054,-0.00025673195325180004,-0.014663127686216101,-0.0050207821642099006,-0.003005232815761899,0.5023923444976076,0.5023923444976076,0.5023923444976076,0.5023923444976076,0.5023923444976076,0.5023923444976076,0.5023923444976076,0.5023923444976076,0.5023923444976076,0.5023923444976076,0.5023923444976076,0.5023923444976076,0.05263157894736842,0.15789473684210525,0.05263157894736842,0.05263157894736842,0.0430622009569378,0.06220095693779904,0.03349282296650718,0.05263157894736842,0.06698564593301436,0.06698564593301436,0.4880382775119617,0.569377990430622,0.5,0.0,0.0,1.0,0.0,0.0,0.9999999999996666,0.0,0.0,0.7853981633974483,0.0,0.0,618.2888888888889,30.432244108535308,-10.06666666666672,200.3950617283951,208.87620134833924,-85.33333333333337,0.00713898053841156,0.004813206252730227,-0.01241391659979266,0.0120173425561516,0.0071312781067717585,-0.0012907177430757002
191,1.4870684208079634,0.861244019138756,2.302585092994046,0.5023923444976076,0.0031253725463707,0.0011921521848182,0.0028890702175338,0.0023691364079652,0.0001415681108921,-0.0001344102258791,4.44457107120997e-05,0.0,0.0006303203827057,0.0006134922431875,0.0001446756800676,0.0,0.0,0.0,0.0701795755951618,0.0962056093475451,0.0184800262659696,5.781147516129104,2.302585092994046,0.0,0.0,0.7550948809204163,0.2449051188897108,0.0864606401022779,0.1125526815327685,0.0245689350371529,5.97810568566613,2.302585092994046,0.0,0.0,0.6545586865178974,0.345441313358326,0.1149542616325485,0.1585906352811812,0.0346295672671695,5.985443128296546,2.302585092994046,0.0,0.0,0.6321830579475674,0.3678169419830541,0.0032377025659221,0.0027893312207274,0.0017789420661514,0.0018503546862489,0.8551277923880829,0.0013926361380609,0.0035107427784625,02,Tribolium,0.5,0.5,0.0,1.0,0.0,3.0,3.0,0.0,0.9999999999996666,9.0,12.0,0.7853981633974483,625.3333333333334,148.88888888888889,617.0,627.0,634.0,15.080287982899812,22.901964981197573,624.875,618.0833333333334,0.0108608742004263,0.0132906419011644,0.0139274470094411,0.0,0.0,0.0,0.0,0.0,0.0,0.0,0.0,-28.111111111111086,-51.111111111111086,76.19753086419753,-84.02469135802471,-25.0,-51.0,6.567922888368576,-7.163536488582835,-4.288366388239921e-05,-0.028868922120204303,0.0050310457839771,-0.0017886579896560992,0.0116366472159159,0.0137262734104461,0.5023923444976076,0.5023923444976076,0.5023923444976076,0.5023923444976076,0.5023923444976076,0.5023923444976076,0.5023923444976076,0.5023923444976076,0.5023923444976076,0.5023923444976076,0.5023923444976076,0.5023923444976076,0.07177033492822966,0.215311004784689,0.07655502392344497,0.07177033492822966,0.07177033492822966,0.1339712918660287,0.23444976076555024,0.07177033492822966,0.07177033492822966,0.3588516746411483,0.6411483253588517,0.7416267942583732,0.5,0.0,0.0,1.0,0.0,0.0,0.9999999999996666,0.0,0.0,0.7853981633974483,0.0,0.0,637.4666666666666,24.224403571503327,-12.133333333333212,149.96049382716052,147.93584178474222,-1.0716049382716335,0.012983592493323778,0.006414669382452975,-0.002122718292897478,0.01006481846726818,0.006657872443109416,0.0032258234338962202
192,1.5917946290852008,0.9234449760765552,2.302585092994046,0.5023923444976076,0.0054743617803113,0.0025572611541748,0.0048403566285018,0.0047382728159305,0.0023388370576705,0.0011736949743118,0.0020230172736801,0.0,0.0014870054737669,0.0003488042145476,0.0014455175194118,0.0,0.0024136154047736,0.0027035388698084,0.0665031132129407,0.071231859563472,0.0061357001436848,6.382242478207483,2.302585092994046,0.0,0.0,0.5908057658254934,0.4091942339503069,0.0734498081401958,0.0893073300523301,0.0103343804259408,6.440781334340123,2.302585092994046,0.0,0.0,0.6369535894664361,0.3630464103518009,0.0968911732701486,0.1383867716737884,0.0255399740708391,6.257990734458662,2.302585092994046,0.0,0.0,0.629403327693792,0.3705966722066082,0.0030006065280929,0.0026371710364325,0.0016297107916766,0.0045755624027991,0.655083627544688,0.0015367483982471,0.0032561743967368,02,Tribolium,0.5,0.5,0.0,1.0,0.0,3.0,3.0,0.0,0.9999999999996666,9.0,12.0,0.7853981633974483,617.6666666666666,23.777777777777786,614.0,620.0,621.0,10.365652447400311,18.9274932307477,617.25,604.3333333333334,0.0209120345385859,0.004541961206353,0.0006609524399299,0.0,0.0,0.0,0.0,0.0,0.0,0.0,0.0,13.111111111111086,15.444444444444457,-88.2469135802469,-138.8395061728395,12.0,9.0,-2.594117917505388,-3.216834395805769,0.0019587171336971007,0.005621444132681902,-0.0068925824074326,-0.008723901075448199,-0.0038409585005761,0.00020901706290830002,0.5023923444976076,0.5023923444976076,0.5023923444976076,0.5023923444976076,0.5023923444976076,0.5023923444976076,0.5023923444976076,0.5023923444976076,0.5023923444976076,0.5023923444976076,0.5023923444976076,0.5023923444976076,0.06698564593301436,0.014354066985645933,0.06698564593301436,0.06698564593301436,0.06698564593301436,0.0430622009569378,0.12440191387559808,0.06698564593301436,0.05741626794258373,0.6650717703349283,0.15311004784688995,0.04784688995215311,0.5,0.0,0.0,1.0,0.0,0.0,0.9999999999996666,0.0,0.0,0.7853981633974483,0.0,0.0,577.7777777777777,103.02570696819458,39.888888888888914,107.56543209876543,127.99180415004666,-83.78765432098764,0.0090042177344057,0.00639041952221233,0.011907816804180201,0.00991362813648662,0.006857793765479118,-0.005371666930133619
193,1.6084423607002574,0.937799043062201,2.302585092994046,0.5023923444976076,0.0031253725463707,0.0010349285823371,0.0029490466905543,0.0023691364079652,0.0023388370576705,0.0010209518245496,0.0021042376658262,0.0,0.0010196666844458,0.0010182343957843,5.402649914945962e-05,0.0,0.0034010508108129,0.0036634472763087,0.058860964967724,0.0625469959448416,0.0028006424431854,6.642286427780606,2.302585092994046,0.0,0.0,0.7381179035487998,0.2618820961632195,0.068507588484548,0.0972500916885744,0.0150257996420333,6.270376619670406,2.302585092994046,0.0,0.0,0.6401849948084051,0.3598150049883041,0.0953472855190788,0.1471918348735761,0.0313937593308826,6.134622180617418,2.302585092994046,0.0,0.0,0.6643754377249435,0.3356245621758174,0.0018504919058269,0.0013928946264158,0.0009932200282831,0.0021453442618909,0.9909110305754631,0.0002424818901983,0.0012119491576364,02,Tribolium,0.5,0.5,0.0,1.0,0.0,3.0,3.0,0.0,0.9999999999996666,9.0,12.0,0.7853981633974483,574.8888888888889,57.209876543209866,570.0,576.0,580.0,9.914944065305116,15.008331019803634,575.375,569.5833333333334,0.0100744105141089,0.0082442206266774,0.0115988594314047,0.0,0.0,0.0,0.0,0.0,0.0,0.0,0.0,4.0,-10.222222222222172,-253.5555555555556,-55.77777777777781,10.0,-11.0,-7.6343569054497475,-3.711559219553834,0.0144535463646343,0.0194031230093615,-0.012959990143056701,-0.0017226825905538,-0.0005580086964856006,0.00043521457244729937,0.5023923444976076,0.5023923444976076,0.5023923444976076,0.5023923444976076,0.5023923444976076,0.5023923444976076,0.5023923444976076,0.5023923444976076,0.5023923444976076,0.5023923444976076,0.5023923444976076,0.5023923444976076,0.03827751196172249,0.0430622009569378,0.03588516746411483,0.03588516746411483,0.03349282296650718,0.03349282296650718,0.050239234449760764,0.03827751196172249,0.03349282296650718,0.33014354066985646,0.33014354066985646,0.6602870813397129,0.5,0.0,0.0,1.0,0.0,0.0,0.9999999999996666,0.0,0.0,0.7853981633974483,0.0,0.0,620.6,14.811340333310014,-45.71111111111111,100.241975308642,106.93316548578771,-43.03209876543213,0.007046898205443561,0.007503454588534831,0.0030275123086653394,0.008039308890816681,0.005725912223773528,0.00020491173586071817
194,1.6052235311439702,0.9330143540669856,2.302585092994046,0.5023923444976076,0.0104679658865127,0.0104297664032791,0.0008934666049854,0.0105951001123601,0.0093392675069853,0.0075105160755023,0.0055510418703746,0.0,0.0025177568219778,0.0021249487871235,0.00135044143402,0.0,0.0010357555365789,0.0025467451149192,0.070088339623695,0.078432371009827,0.00602077809428,6.189649371126227,2.302585092994046,0.0,0.0,0.7448569758524777,0.2551430239454459,0.080677109143993,0.1052067299850443,0.0148269172399654,6.113093927309676,2.302585092994046,0.0,0.0,0.7363502586294642,0.263649741221917,0.1060223252752276,0.1487093165844491,0.0284598639894947,6.11410864078525,2.302585092994046,0.0,0.0,0.665626992482728,0.3343730074342892,0.0021616051270374,0.0013550617998704,0.0008193958715872,0.0097567008839828,0.8776839810505938,0.0007079323730859,0.0015200718595231,02,Tribolium,0.5,0.5,0.0,1.0,0.0,3.0,3.0,0.0,0.9999999999996666,9.0,12.0,0.7853981633974483,383.0,78.44444444444444,375.0,379.0,392.0,9.260359279859872,10.965856099730654,383.5,382.25,0.0032637075718015,0.0158659807530422,0.0042636897175251,0.0,0.0,0.0,0.0,0.0,0.0,0.0,0.0,-41.22222222222223,-44.55555555555554,45.604938271604944,49.75308641975309,-47.0,-50.0,1.4896338785862833,2.528211238972763,-0.0163800849897489,-0.0042401905570965005,0.0074733825498258,0.0071089171118909,0.0042636897175251,-0.0011470854418637998,0.5023923444976076,0.5023923444976076,0.5023923444976076,0.5023923444976076,0.5023923444976076,0.5023923444976076,0.5023923444976076,0.5023923444976076,0.5023923444976076,0.5023923444976076,0.5023923444976076,0.5023923444976076,0.004784688995215311,0.10526315789473684,0.004784688995215311,0.004784688995215311,0.004784688995215311,0.028708133971291867,0.023923444976076555,0.004784688995215311,0.004784688995215311,0.15311004784688995,0.7464114832535885,0.2822966507177033,0.5,0.0,0.0,1.0,0.0,0.0,0.9999999999996666,0.0,0.0,0.7853981633974483,0.0,0.0,605.3777777777777,38.997853692127634,-222.37777777777774,166.86913580246915,120.46404347547784,-88.4246913580247,0.01333983595197652,0.006243008728288915,-0.01007612838017502,0.013222858536625881,0.005414005422865455,0.0026431222164163184
195,1.783330242826301,1.0,2.302585092994046,0.5023923444976076,0.0019638943736363,0.0018546078522723,0.0006459959946394,0.0023691364079652,0.0022320592690683,0.0016777149258862,0.0014721960494759,0.0,0.0007099314729432,-0.0007081331866728,5.0498378269874926e-05,0.0,0.0019787886981271,0.00303808324678,0.0815886599410758,0.1060833572040925,0.0205648130247038,5.585672498967216,2.302585092994046,0.0,0.0,0.7007435827821819,0.2992564170765676,0.0979846655079595,0.1281306419623114,0.0258712225957682,5.718847702835735,2.302585092994046,0.0,0.0,0.6778582374650438,0.3221417624375881,0.1468484446913823,0.2196663481877521,0.0555959801091293,5.333876058927281,2.302585092994046,0.0,0.0,0.8242483448342367,0.1757516551252042,0.0034474624290237,0.0030426474581852,0.0023174797057159,0.0007107409223895,0.9582392618742628,0.0022983482683331,0.0033671660226382,02,Tribolium,0.5,0.5,0.0,1.0,0.0,3.0,3.0,0.0,0.9999999999996666,9.0,12.0,0.7853981633974483,544.2222222222222,512.8395061728395,521.0,545.0,568.0,23.011827815906432,28.442925306655784,544.125,538.9166666666666,0.0095702327480604,0.0293875238269858,0.0050009998832219,0.0,0.0,0.0,0.0,0.0,0.0,0.0,0.0,-9.333333333333371,-15.0,287.92592592592587,475.77777777777777,-5.0,-17.0,6.724038806675889,13.978514226930587,0.0060324968990038,0.0008527680152967,0.010455913293963302,0.0220831819057513,-0.008519868829491,0.0023242278615611,0.5023923444976076,0.5023923444976076,0.5023923444976076,0.5023923444976076,0.5023923444976076,0.5023923444976076,0.5023923444976076,0.5023923444976076,0.5023923444976076,0.5023923444976076,0.5023923444976076,0.5023923444976076,0.019138755980861243,0.6650717703349283,0.014354066985645933,0.019138755980861243,0.019138755980861243,0.44019138755980863,0.44019138755980863,0.019138755980861243,0.019138755980861243,0.3062200956937799,0.9569377990430622,0.3157894736842105,0.5,0.0,0.0,1.0,0.0,0.0,0.9999999999996666,0.0,0.0,0.7853981633974483,0.0,0.0,591.6444444444444,64.61316610852545,-47.42222222222222,144.07901234567902,54.9592833172016,368.7604938271605,0.01195104833773786,0.005674182914065152,-0.002380815589677461,0.01362418697301484,0.0029151976890707623,0.01576333685397096
196,1.661853067817321,0.9569377990430622,2.302585092994046,0.5023923444976076,0.0017445431420965,-0.0012685127738984,0.0011976251989219,0.0023691364079652,0.0024073925556093,-0.0012742085866602,0.002042530634895,0.0,0.0029642040576413,0.0021559585127683,0.002034293141747,0.0,0.0055553085836491,0.0061678489541631,0.0779849644187733,0.1038373866237453,0.0197935115584165,5.628470675935444,2.302585092994046,0.0,0.0,0.677597099328341,0.3224029005171815,0.0922805590789869,0.1198932839877157,0.023597461036833,5.851744376293508,2.302585092994046,0.0,0.0,0.6583559999591012,0.341643999930676,0.124132118200942,0.1838944373826156,0.0378031468115479,5.689371884734021,2.302585092994046,0.0,0.0,0.6473876958759187,0.3526123040646915,0.0018504919058269,0.0013928946264158,0.0009932200282831,0.0026167966924938,-0.8130903880287816,0.0002169054743018,0.0012130648341788,02,Tribolium,0.5,0.5,0.0,1.0,0.0,3.0,3.0,0.0,0.9999999999996666,9.0,12.0,0.7853981633974483,609.7777777777778,53.28395061728395,611.0,612.0,613.0,9.91703608080562,17.334935823359714,609.375,602.0,0.0120945699708454,0.0072606743407182,0.0069182017152494,0.0,0.0,0.0,0.0,0.0,0.0,0.0,0.0,9.777777777777828,6.555555555555657,-7.827160493827172,-99.11111111111111,11.0,10.0,-2.6557094313266525,-6.3554685621973235,0.0023029033041788004,0.001180957887588801,-0.0012799571833959997,-0.0067642503203767,-0.003061200940543499,-0.004135859566289099,0.5023923444976076,0.5023923444976076,0.5023923444976076,0.5023923444976076,0.5023923444976076,0.5023923444976076,0.5023923444976076,0.5023923444976076,0.5023923444976076,0.5023923444976076,0.5023923444976076,0.5023923444976076,0.05741626794258373,0.03349282296650718,0.06220095693779904,0.06220095693779904,0.050239234449760764,0.03827751196172249,0.06937799043062201,0.05741626794258373,0.05263157894736842,0.40669856459330145,0.27751196172248804,0.44019138755980863,0.5,0.0,0.0,1.0,0.0,0.0,0.9999999999996666,0.0,0.0,0.7853981633974483,0.0,0.0,613.6222222222223,23.77316673878605,-3.8444444444444343,101.02716049382718,106.59937360643622,-47.74320987654323,0.00664286631409626,0.007271585597279026,0.00545170365674914,0.00823601814800852,0.005712663098229356,-0.0009753438072903197
197,1.6793022469557806,0.971291866028708,2.302585092994046,0.5023923444976076,0.0024713209101331,0.000290127636652,0.0024542316507029,0.0033504648392563,0.0024073925556093,-0.0016826853632625,0.001721658759762,0.0,0.0006778973495423,-8.605284905640859e-05,0.0006724133577538,0.0,0.0017860115886697,0.0023691364079652,0.0683124255826814,0.0848269944278283,0.0165131145521273,6.032895201177159,2.302585092994046,0.0,0.0,0.7182807670845742,0.2817192327129667,0.0816829813461079,0.1060833572040925,0.0209599005788917,6.096498122733073,2.302585092994046,0.0,0.0,0.6087951267244956,0.3912048731348855,0.1236607180380982,0.2211560602437331,0.0502525856993539,5.320358436424615,2.302585092994046,0.0,0.0,0.7596311335311572,0.2403688664127176,0.003396719775374,0.0030626689225099,0.0024697843706935,0.0033167909711514,0.0988067412288628,0.0024547962898952,0.0033060137001671,02,Tribolium,0.5,0.5,0.0,1.0,0.0,3.0,3.0,0.0,0.9999999999996666,9.0,12.0,0.7853981633974483,666.6666666666666,123.33333333333331,659.0,667.0,675.0,15.99734752173567,19.96246477767713,666.625,660.0,0.0099374999999999,0.0113624014479769,0.0144928143113387,0.0,0.0,0.0,0.0,0.0,0.0,0.0,0.0,-14.1111111111112,-4.222222222222285,-9.950617283950635,-18.9876543209877,-9.0,-3.0,-0.6409396281522781,0.3454499613800728,-0.013136598253631499,-0.007141830904273,0.0008134243626316991,0.0001749252149376001,0.0022993367277746,-0.00011162933558720063,0.5023923444976076,0.5023923444976076,0.5023923444976076,0.5023923444976076,0.5023923444976076,0.5023923444976076,0.5023923444976076,0.5023923444976076,0.5023923444976076,0.5023923444976076,0.5023923444976076,0.5023923444976076,0.10526315789473684,0.1722488038277512,0.11483253588516747,0.1076555023923445,0.10047846889952153,0.1722488038277512,0.145933014354067,0.10526315789473684,0.10047846889952153,0.3157894736842105,0.5454545454545454,0.7799043062200957,0.5,0.0,0.0,1.0,0.0,0.0,0.9999999999996666,0.0,0.0,0.7853981633974483,0.0,0.0,585.9111111111112,43.39502161809082,80.75555555555547,304.5530864197531,156.57631117884543,-181.21975308641976,0.011233109283862822,0.005148633874475176,-0.0012956092838629224,0.0202191403795671,0.006367276348415822,-0.0088567389315902
198,1.7500616784140968,0.9904306220095692,2.302585092994046,0.5023923444976076,0.0008904408147515,7.25360107523858e-05,0.0008874814768317,0.0,0.0001415681108921,-0.0001252275722673,6.602715475940009e-05,0.0,0.0020173062863457,-0.0001510331365463,0.002011644512481,0.0,0.0007676678938816,0.0019084256090107,0.0798106793565614,0.1093145314371099,0.0222001774019161,5.525664173819579,2.302585092994046,0.0,0.0,0.7170792858905368,0.2829207139637457,0.0984721543043864,0.1331994141769664,0.0289176251188512,5.641253750290622,2.302585092994046,0.0,0.0,0.8013522770151926,0.1986477228898675,0.1526637143760579,0.2511396341674208,0.0617055802293401,5.066077459198692,2.302585092994046,0.0,0.0,0.861648000720225,0.1383519992428935,0.0035548077849122,0.0029685757516495,0.0025088883231778,0.0027012311110696,-0.0468313566155166,0.0024765554524851,0.0032909445085888,02,Tribolium,0.5,0.5,0.0,1.0,0.0,3.0,3.0,0.0,0.9999999999996666,9.0,12.0,0.7853981633974483,665.7777777777778,168.39506172839506,656.0,662.0,677.0,11.755092817202772,14.396180048887969,666.25,665.0,0.0018775033377837,0.0129021100048587,0.0030659501120225,0.0,0.0,0.0,0.0,0.0,0.0,0.0,0.0,-23.555555555555543,-10.222222222222172,130.8395061728395,160.17283950617283,-28.0,-15.0,2.6370910668193,7.579339523286355,-0.010755475385620501,-0.0025603664847015,0.0074170360116017995,0.0112420993313457,-0.0044357109313072005,0.0018581149332614999,0.5023923444976076,0.5023923444976076,0.5023923444976076,0.5023923444976076,0.5023923444976076,0.5023923444976076,0.5023923444976076,0.5023923444976076,0.5023923444976076,0.5023923444976076,0.5023923444976076,0.5023923444976076,0.10047846889952153,0.24880382775119617,0.11004784688995216,0.10047846889952153,0.10526315789473684,0.06698564593301436,0.03827751196172249,0.10047846889952153,0.11004784688995216,0.1291866028708134,0.6028708133971292,0.20095693779904306,0.5,0.0,0.0,1.0,0.0,0.0,0.9999999999996666,0.0,0.0,0.7853981633974483,0.0,0.0,586.0888888888888,43.72243540820537,79.68888888888898,295.5407407407407,165.21270257430788,-127.14567901234565,0.012845108616306061,0.0025961773986420806,-0.010967605278522361,0.019911198668190737,0.00674002657257953,-0.007009088663332037
199,0.7412309553933388,0.4258373205741627,2.302585092994046,0.5023923444976076,0.0008904408147515,0.000244494302131,0.0008562169005578,0.0,0.0025067128113332,0.0023488424864324,0.0008755273224932,0.0,0.00066465153623,-0.0002310121448019,0.0006232134895579,0.0,-1.703339995593032e-05,0.0017010920009967,0.0389876738238232,0.046000308254066,0.008040142392552,7.2568266508761505,2.302585092994046,0.0,0.0,0.8944146739954938,0.1055853253734651,0.0435232945077781,0.0529755005618006,0.0085117871189522,7.485289363784084,2.302585092994046,0.0,0.0,0.6911691495040478,0.3088308499874933,0.0629886856313852,0.1034311884832421,0.022996639452741,6.840282558814826,2.302585092994046,0.0,0.0,0.5983697579778677,0.401630241799733,0.0022590701929401,0.0014703196532409,0.0006882885751528,0.0012758190007475,-0.2945829315832813,-0.0007113433762253,0.0016036048295577,02,Tribolium,0.5,0.5,0.0,1.0,0.0,3.0,3.0,0.0,0.9999999999996666,9.0,12.0,0.7853981633974483,1325.7777777777778,281.5061728395061,1320.0,1323.0,1330.0,24.09990743059724,31.400636936215164,1322.0,1307.25,0.0111255447536037,0.004282224172254,0.0,0.0,0.0,0.0,0.0,0.0,0.0,0.0,0.0,69.44444444444457,22.555555555555657,-85.60493827160496,140.6666666666666,71.0,15.0,-6.275734086638646,6.6280198553654905,-0.008541475676218399,-0.0017591854024198005,-0.0033830977274532997,0.0029511222031387003,-0.0108317402616962,-0.0015663034419244,0.5023923444976076,0.5023923444976076,0.5023923444976076,0.5023923444976076,0.5023923444976076,0.5023923444976076,0.5023923444976076,0.5023923444976076,0.5023923444976076,0.5023923444976076,0.5023923444976076,0.5023923444976076,0.9186602870813397,0.4354066985645933,0.9282296650717703,0.9186602870813397,0.9186602870813397,0.5215311004784688,0.507177033492823,0.9186602870813397,0.9521531100478469,0.37320574162679426,0.13875598086124402,0.011961722488038277,0.5,0.0,0.0,1.0,0.0,0.0,0.9999999999996666,0.0,0.0,0.7853981633974483,0.0,0.0,1092.8666666666668,184.97916332440673,232.91111111111104,813.9802469135803,960.3277255723551,-532.4740740740742,0.021725364530975757,0.015992886849703604,-0.010599819777372057,0.013253904955799561,0.010087419685552365,-0.008971680783545561
200,0.663996537151231,0.3732057416267942,2.302585092994046,0.5023923444976076,0.0057474022973826,-0.0035228854416783,0.0045411354673439,0.00529755005618,0.0023388370576705,-0.0006390802472776,0.0022498300424415,0.0,0.0019161489057713,-0.0019069054309757,0.0001879848568478,0.0,0.0006034195699488,0.0006700929678512,0.0492555928667262,0.0569579022673586,0.0104405241252164,6.829497969816127,2.302585092994046,0.0,0.0,0.6896280484373876,0.3103719511681534,0.052828463939276,0.0594176388288432,0.0092279937338687,7.255766205578914,2.302585092994046,0.0,0.0,0.5881613703299701,0.4118386293223251,0.0700140902416696,0.0955029418094717,0.0191805098981678,6.999781548248972,2.302585092994046,0.0,0.0,0.6406297548400369,0.3593702449702047,0.0016109351154072,0.0008172823375969,0.0007160913201696,0.0055104707238808,0.3863449073629147,0.0003787156364826,0.0014465635313015,02,Tribolium,0.5,0.5,0.0,1.0,0.0,3.0,3.0,0.0,0.9999999999996666,9.0,12.0,0.7853981633974483,1317.0,248.44444444444449,1301.0,1320.0,1327.0,26.009501494746328,33.63406011768428,1315.75,1306.1666666666667,0.0072766388256137,0.0070781454987024,0.0099194725093289,0.0,0.0,0.0,0.0,0.0,0.0,0.0,0.0,-29.0,-26.666666666666742,-439.7777777777777,-282.8888888888889,-21.0,-24.0,-13.38504762430409,-6.636897320160646,-0.0218528807385268,-0.013003688636554399,0.0025313824134444,-0.0048461397418569,0.0047632905346911,-0.0027401743048369002,0.5023923444976076,0.5023923444976076,0.5023923444976076,0.5023923444976076,0.5023923444976076,0.5023923444976076,0.5023923444976076,0.5023923444976076,0.5023923444976076,0.5023923444976076,0.5023923444976076,0.5023923444976076,0.9138755980861244,0.3684210526315789,0.916267942583732,0.9138755980861244,0.9138755980861244,0.5645933014354066,0.5645933014354066,0.9138755980861244,0.9473684210526315,0.23444976076555024,0.2727272727272727,0.5980861244019139,0.5,0.0,0.0,1.0,0.0,0.0,0.9999999999996666,0.0,0.0,0.7853981633974483,0.0,0.0,1160.6,232.7359612400305,156.4000000000001,373.7234567901234,327.6698921379365,-125.27901234567892,0.014077571997351263,0.011383097387529144,-0.006800933171737563,0.007090008894014739,0.004855960067751597,-1.1863395312339264e-05
201,0.6078812506254045,0.3492822966507177,2.302585092994046,0.5023923444976076,0.0029924075954728,0.0024991430514443,0.0016458393681829,0.0023691364079652,0.0032298925420121,-0.0028869573535089,0.0014483380378785,0.0,0.0014545105147544,0.001377515798799,0.000466959378951,0.0,0.0013704742912604,0.0017084085594974,0.0523976748606572,0.0563137295474546,0.0048444415061534,6.852246107334971,2.302585092994046,0.0,0.0,0.5860976264387155,0.4139023732001413,0.059205998669239,0.0734814305889855,0.0094981098372075,6.830883011711695,2.302585092994046,0.0,0.0,0.6778217949526495,0.32217820476923,0.0802716848535859,0.115384483194079,0.0239848319539599,6.621555882929722,2.302585092994046,0.0,0.0,0.7514994414517568,0.2485005584057688,0.0025008633103981,0.0015286741869976,0.0002443254828658,0.0028821788343073,0.4836702197469211,-6.409714315191821e-06,0.0018407575788066,02,Tribolium,0.5,0.5,0.0,1.0,0.0,3.0,3.0,0.0,0.9999999999996666,9.0,12.0,0.7853981633974483,1389.888888888889,1015.2098765432098,1366.0,1373.0,1416.0,42.31732564000863,47.265209192385896,1388.75,1350.9166666666667,0.0272204013110559,0.0142478760495552,0.0140010006083041,0.0,0.0,0.0,0.0,0.0,0.0,0.0,0.0,150.22222222222217,67.44444444444457,-97.45679012345693,666.5185185185185,154.0,51.0,3.7465180331694157,17.02330243768448,0.0442948836987945,0.015657218652679203,-0.0028333096158380013,0.0075370902795248995,-0.008502602388467199,0.004636878335074699,0.5023923444976076,0.5023923444976076,0.5023923444976076,0.5023923444976076,0.5023923444976076,0.5023923444976076,0.5023923444976076,0.5023923444976076,0.5023923444976076,0.5023923444976076,0.5023923444976076,0.5023923444976076,0.9712918660287081,0.8516746411483254,0.9665071770334929,0.9473684210526315,0.9617224880382775,0.8803827751196173,0.8133971291866029,0.9712918660287081,0.9808612440191388,0.7799043062200957,0.6889952153110048,0.7607655502392344,0.5,0.0,0.0,1.0,0.0,0.0,0.9999999999996666,0.0,0.0,0.7853981633974483,0.0,0.0,1065.3111111111111,203.77821882903925,324.5777777777778,213.8962962962963,83.38849334917418,801.3135802469135,0.00723735883117064,0.008051788820380911,0.019983042479885263,0.0061402464887789195,0.0029014186609433697,0.008107629560776281
202,1.2716092682299132,0.7559808612440191,2.302585092994046,0.5023923444976076,0.0029924075954728,0.0018659100602777,0.0023394193434264,0.0023691364079652,0.0001415681108921,0.0001296576963683,5.683671167507951e-05,0.0,0.0026405727032556,-0.0026183595968211,0.0003417853462526,0.0,0.000693026632593,0.0007063400074906,0.0603083582970388,0.070678133212448,0.007615777803408,6.397850375870374,2.302585092994046,0.0,0.0,0.7514224870658426,0.2485775126635286,0.0660934622346019,0.0784681440429344,0.0095114869758165,6.699563002124963,2.302585092994046,0.0,0.0,0.6605023890784236,0.3394976106973013,0.0887010979396171,0.1284806068120273,0.0257709842797933,6.406539704507875,2.302585092994046,0.0,0.0,0.6201501213488144,0.37984987853398,0.0025718173060335,0.001202274341424,0.0005603871400073,0.0026167966924938,0.7218386046646678,-6.448764688223488e-05,0.0019752925773104,02,Tribolium,0.5,0.5,0.0,1.0,0.0,3.0,3.0,0.0,0.9999999999996666,9.0,12.0,0.7853981633974483,921.0,177.77777777777777,923.0,927.0,930.0,19.85421014178643,26.5377090194312,920.25,906.6666666666666,0.0147484618168657,0.0067013243046467,0.0048759296364045,0.0,0.0,0.0,0.0,0.0,0.0,0.0,0.0,63.66666666666663,54.22222222222217,59.55555555555553,-164.61728395061726,69.0,50.0,7.011210480131211,-2.281187686952279,0.014505460261655799,0.0010482951715638997,-0.0003847721553898002,-0.004752570409062899,-4.463685048390013e-05,0.003933938964922799,0.5023923444976076,0.5023923444976076,0.5023923444976076,0.5023923444976076,0.5023923444976076,0.5023923444976076,0.5023923444976076,0.5023923444976076,0.5023923444976076,0.5023923444976076,0.5023923444976076,0.5023923444976076,0.38516746411483255,0.2679425837320574,0.4043062200956938,0.39473684210526316,0.37799043062200954,0.3157894736842105,0.35406698564593303,0.3875598086124402,0.39712918660287083,0.49282296650717705,0.2583732057416268,0.3062200956937799,0.5,0.0,0.0,1.0,0.0,0.0,0.9999999999996666,0.0,0.0,0.7853981633974483,0.0,0.0,993.2666666666667,121.33293854229626,-72.26666666666665,478.3358024691359,510.61670215120756,-300.5580246913581,0.0098310503165467,0.0058056306308341965,0.004917411500319,0.01223530697283288,0.006998227265815135,-0.00553398266818618
203,1.3565986740421607,0.8038277511961722,2.302585092994046,0.5023923444976076,0.0019638943736363,-0.0018789463143545,0.0005713509066885,0.0023691364079652,0.0023388370576705,-0.0013324043855831,0.001922201169392,0.0,0.0009716664581466,0.0006249861438271,0.0007439946410501,0.0,-0.0001074169756578,0.0008934572904683,0.0759682494684812,0.0804460492469164,0.005182184267885,6.138949318373165,2.302585092994046,0.0,0.0,0.7633131673717145,0.2366868324558129,0.0865940176177477,0.1196120640133113,0.0173826271179924,5.856441058116591,2.302585092994046,0.0,0.0,0.6824610763944337,0.3175389234773724,0.1094953793417572,0.1475156058791152,0.0265670754535639,6.130227705405566,2.302585092994046,0.0,0.0,0.5719945397189324,0.4280054602022966,0.002516580618679,0.0013056943855224,0.0012357828887072,0.0028429636895583,-0.5559252040121658,0.0003401433791877,0.0019503373385969,02,Tribolium,0.5,0.5,0.0,1.0,0.0,3.0,3.0,0.0,0.9999999999996666,9.0,12.0,0.7853981633974483,884.2222222222222,67.06172839506172,880.0,883.0,889.0,17.61082928198026,25.019992006393608,883.0,863.5,0.0220532797185222,0.0031181591338284,0.0038475272410627,0.0,0.0,0.0,0.0,0.0,0.0,0.0,0.0,20.777777777777715,30.22222222222217,17.703703703703695,-149.6049382716049,19.0,35.0,4.096702567436701,4.275982047040449,0.0056943812498567,0.0265907504445175,-0.0007197621869728002,-0.007880858923562899,0.0014834591583016,-0.009697010108416698,0.5023923444976076,0.5023923444976076,0.5023923444976076,0.5023923444976076,0.5023923444976076,0.5023923444976076,0.5023923444976076,0.5023923444976076,0.5023923444976076,0.5023923444976076,0.5023923444976076,0.5023923444976076,0.3181818181818182,0.07177033492822966,0.3373205741626794,0.31100478468899523,0.3014354066985646,0.23444976076555024,0.3253588516746411,0.3157894736842105,0.32057416267942584,0.6842105263157895,0.08133971291866028,0.2631578947368421,0.5,0.0,0.0,1.0,0.0,0.0,0.9999999999996666,0.0,0.0,0.7853981633974483,0.0,0.0,896.6222222222223,110.14310780766482,-12.400000000000091,199.26419753086424,83.23774658736589,-132.20246913580252,0.0093521063981054,0.006324168124063158,0.012701173320416799,0.00901507251934278,0.0032938053171607667,-0.005896913385514379
204,0.4067366691837595,0.2248803827751196,2.302585092994046,0.5023923444976076,0.0024713209101331,-0.0018667239285454,0.0016194964697266,0.0033504648392563,0.0024073925556093,8.526266077022017e-05,0.0024058822073164,0.0,0.0013341453614027,-0.0009356296251324,0.0009510736301291,0.0,-0.0013350671282494,0.0035493146107514,0.0582034627759037,0.0678417423274806,0.0095092861582634,6.4797674983211735,2.302585092994046,0.0,0.0,0.8633566509127187,0.1366433487997653,0.0634555815800721,0.0735959174367881,0.009883318508361,6.827769361038992,2.302585092994046,0.0,0.0,0.5679934473895868,0.432006552367947,0.0794453523384032,0.1201037668486503,0.0214019368266568,6.541383465163858,2.302585092994046,0.0,0.0,0.5948953818696837,0.4051046179825971,0.0025558192039608,0.0011256962009138,0.0014787144486142,0.001059510011236,0.9812151508645262,-0.000839785926994,0.0019109365386687,02,Tribolium,0.5,0.5,0.0,1.0,0.0,3.0,3.0,0.0,0.9999999999996666,9.0,12.0,0.7853981633974483,1367.3333333333333,1489.7777777777776,1349.0,1363.0,1396.0,60.553462464915214,74.48825410761081,1360.75,1295.0,0.0480862993661628,0.0117928834311032,0.0083600332517709,0.0,0.0,0.0,0.0,0.0,0.0,0.0,0.0,27.0,33.0,1260.6666666666665,780.4444444444441,21.0,23.0,31.55770679691946,9.344319433477956,0.0251131583564637,0.0045252201755558025,0.006244899386718201,0.0031217095109233005,0.0069386266200094,-0.00010477017281660013,0.5023923444976076,0.5023923444976076,0.5023923444976076,0.5023923444976076,0.5023923444976076,0.5023923444976076,0.5023923444976076,0.5023923444976076,0.5023923444976076,0.5023923444976076,0.5023923444976076,0.5023923444976076,0.9497607655502392,0.9138755980861244,0.9473684210526315,0.937799043062201,0.9521531100478469,0.9473684210526315,0.9521531100478469,0.9425837320574163,0.9425837320574163,0.9473684210526315,0.5598086124401914,0.5119617224880383,0.5,0.0,0.0,1.0,0.0,0.0,0.9999999999996666,0.0,0.0,0.7853981633974483,0.0,0.0,1268.888888888889,76.36387873404965,98.44444444444434,674.1234567901236,263.9637465697223,815.654320987654,0.01841161614125222,0.0076309991845485824,0.02967468322491058,0.01138213747549928,0.004058141486343614,0.0004107459556039212
205,0.3474999006809706,0.1961722488038277,2.302585092994046,0.5023923444976076,0.0008904408147515,0.0005219061066119,0.000721456069665,0.0,0.0001415681108921,0.0001380751908065,3.1253347106003507e-05,0.0,0.0015107342210417,-0.0004085431025246,0.0014544450556848,0.0,-0.0010240296270351,0.0037971934844905,0.0546515980550033,0.0615063584792211,0.0052230604659455,6.675841727620101,2.302585092994046,0.0,0.0,0.693625997821529,0.3063740018466945,0.0608770001920535,0.074052094846784,0.0089660841721955,6.815410810337462,2.302585092994046,0.0,0.0,0.5414544275061317,0.4585455722297652,0.079326176113505,0.1039184357215206,0.0201136639350536,6.830883011804196,2.302585092994046,0.0,0.0,0.622095269769741,0.3779047300809428,0.0025914609965697,0.0009266493675273,0.0012964958393905,0.0021842358438627,-0.9948868816908468,-0.0008440900377541,0.0021502019620862,02,Tribolium,0.5,0.5,0.0,1.0,0.0,3.0,3.0,0.0,0.9999999999996666,9.0,12.0,0.7853981633974483,1297.5555555555557,424.2469135802469,1280.0,1307.0,1315.0,32.611131042143725,41.10048661512416,1296.375,1272.8333333333333,0.0181430895701319,0.0100235035535438,0.0038804213257034,0.0,0.0,0.0,0.0,0.0,0.0,0.0,0.0,-30.22222222222217,43.333333333333485,108.96296296296299,-654.5925925925926,-20.0,56.0,0.9204402622560437,-8.424608334860828,-0.005863186580495599,0.004289882624703201,0.007204587191591501,-0.0061994728228933,0.0011132153401470996,-0.0094650445832743,0.5023923444976076,0.5023923444976076,0.5023923444976076,0.5023923444976076,0.5023923444976076,0.5023923444976076,0.5023923444976076,0.5023923444976076,0.5023923444976076,0.5023923444976076,0.5023923444976076,0.5023923444976076,0.8947368421052632,0.569377990430622,0.8899521531100478,0.9043062200956937,0.9019138755980861,0.7320574162679426,0.7177033492822966,0.8947368421052632,0.9043062200956937,0.583732057416268,0.42105263157894735,0.2727272727272727,0.5,0.0,0.0,1.0,0.0,0.0,0.9999999999996666,0.0,0.0,0.7853981633974483,0.0,0.0,1314.8,81.71650482303946,-17.244444444444298,1899.6839506172837,2425.413054416895,-1475.4370370370368,0.036253240451852256,0.032376977416954354,-0.018110150881720355,0.015025304385889398,0.010505929987137144,-0.005001800832345598
206,0.995589809177576,0.5789473684210527,2.302585092994046,0.5023923444976076,0.0029924075954728,0.0023115361322753,0.0019003431076069,0.0023691364079652,0.0034726224248087,0.003300943073819,0.0010783697550887,0.0,0.0004983672216973,0.0002452934980669,0.0004338213773759,0.0,0.0010488099250557,0.0012733725574596,0.0585138973791858,0.0712712468264007,0.0138795771931045,6.381136894899954,2.302585092994046,0.0,0.0,0.6479965594070194,0.3520034403164715,0.0660913515166842,0.0822400925343213,0.0145210697258932,6.605662616489995,2.302585092994046,0.0,0.0,0.6906927232816192,0.3093072764999888,0.0811592323297316,0.1093145314371098,0.0194883414550847,6.729636978145285,2.302585092994046,0.0,0.0,0.5510979597201564,0.4489020401363018,0.0021823810150072,0.0011203395062296,0.0011167189808848,0.0019100588361894,0.9805311934936964,0.0007795171313283,0.0014352401241242,02,Tribolium,0.5,0.5,0.0,1.0,0.0,3.0,3.0,0.0,0.9999999999996666,9.0,12.0,0.7853981633974483,1248.888888888889,174.54320987654322,1246.0,1248.0,1261.0,21.275224802745655,24.413111231467404,1248.5,1234.4166666666667,0.011276690391459,0.0041074885101496,0.0022882244038257,0.0,0.0,0.0,0.0,0.0,0.0,0.0,0.0,-5.6666666666667425,39.55555555555566,-1037.2592592592591,-283.4567901234568,-7.0,35.0,-21.691492432831893,-17.22896488057782,-0.0093481435470761,-0.007121876311958802,-0.011035180473202,-0.007060506511142099,-0.010836753847728399,-0.0109899724745789,0.5023923444976076,0.5023923444976076,0.5023923444976076,0.5023923444976076,0.5023923444976076,0.5023923444976076,0.5023923444976076,0.5023923444976076,0.5023923444976076,0.5023923444976076,0.5023923444976076,0.5023923444976076,0.8373205741626795,0.2535885167464115,0.8421052631578947,0.8373205741626795,0.8277511961722488,0.3875598086124402,0.2822966507177033,0.8373205741626795,0.84688995215311,0.37799043062200954,0.1291866028708134,0.14832535885167464,0.5,0.0,0.0,1.0,0.0,0.0,0.9999999999996666,0.0,0.0,0.7853981633974483,0.0,0.0,1118.5555555555554,130.15751141512266,130.33333333333348,399.1358024691358,218.81147970075523,-224.59259259259258,0.02126628420967648,0.0120797397359582,-0.009989593818217481,0.00990507906790892,0.004950770046474839,-0.0057975905577593205
207,1.079856090384684,0.6267942583732058,2.302585092994046,0.5023923444976076,0.0008904408147515,0.0001946673209582,0.0008689013055153,0.0,0.0025067128113332,0.0022943928008063,0.0010096389424495,0.0,0.0044076636912997,0.0040032247328423,0.0018443673587335,0.0,0.0002248539113391,0.0016489673507051,0.065041895976455,0.071703078767266,0.0047104968136282,6.369055473928112,2.302585092994046,0.0,0.0,0.7136786260193757,0.2863213737454759,0.0718726912870269,0.0868862811080683,0.0096121872698696,6.495748170394201,2.302585092994046,0.0,0.0,0.6161182681092855,0.3838817317005308,0.0939707457915888,0.1208027277457812,0.0232758372040969,6.529777919044352,2.302585092994046,0.0,0.0,0.5340848296697194,0.4659151702235828,0.0028483792016671,0.0007331787063538,0.0008904408147515,1.5332934166833742e-19,1.0,0.0002202927595624,0.0017001885443301,02,Tribolium,0.5,0.5,0.0,1.0,0.0,3.0,3.0,0.0,0.9999999999996666,9.0,12.0,0.7853981633974483,1305.6666666666667,408.6666666666667,1301.0,1304.0,1315.0,40.985229169773575,61.516258013634086,1302.375,1255.9166666666667,0.0355820781210108,0.0045716538229795,0.006045034681314,0.0,0.0,0.0,0.0,0.0,0.0,0.0,0.0,-36.33333333333326,-3.4444444444443434,-915.5555555555554,190.3456790123457,-39.0,-1.0,-20.593673777325733,5.405622175842311,-0.013194623319624899,0.0050906505195849015,-0.007587613179424301,0.0022635780055138997,-0.009571020145154398,0.0034462720107659005,0.5023923444976076,0.5023923444976076,0.5023923444976076,0.5023923444976076,0.5023923444976076,0.5023923444976076,0.5023923444976076,0.5023923444976076,0.5023923444976076,0.5023923444976076,0.5023923444976076,0.5023923444976076,0.9090909090909091,0.5550239234449761,0.916267942583732,0.8947368421052632,0.9019138755980861,0.8660287081339713,0.9138755980861244,0.9043062200956937,0.8755980861244019,0.8899521531100478,0.15789473684210525,0.3875598086124402,0.5,0.0,0.0,1.0,0.0,0.0,0.9999999999996666,0.0,0.0,0.7853981633974483,0.0,0.0,1193.888888888889,127.23995024469164,111.77777777777783,905.3827160493826,1364.7810505117664,-496.7160493827159,0.0177098492142325,0.012984084843304173,0.017872228906778302,0.010870215506008321,0.009542894403292175,-0.006298561683028821
208,0.8534782838170505,0.4976076555023923,2.302585092994046,0.5023923444976076,0.0008904408147515,0.0002850287996867,0.0008435896087106,0.0,0.0001415681108921,0.0001411395489826,1.1007167417947434e-05,0.0,0.0025300870432216,-0.0019075553610749,0.0016620989713949,0.0,0.0002510503361787,0.0012733725574596,0.0531118320140837,0.0596533305071275,0.007648755129771,6.737022884078503,2.302585092994046,0.0,0.0,0.5969735233340948,0.403026476318607,0.0658875373551989,0.0904625506599225,0.0170775754374294,6.415076549871801,2.302585092994046,0.0,0.0,0.6584110442920714,0.3415889554920768,0.0877302014115191,0.1185515479786952,0.0255103666364108,6.567399910831307,2.302585092994046,0.0,0.0,0.5647524154214884,0.4352475844587132,0.0022866998812466,0.0009879497630486,0.0005054357748338,0.0013814320427172,-0.95543160092156,-3.549539907236493e-05,0.002043979570165,02,Tribolium,0.5,0.5,0.0,1.0,0.0,3.0,3.0,0.0,0.9999999999996666,9.0,12.0,0.7853981633974483,1210.111111111111,1328.7654320987654,1181.0,1209.0,1238.0,34.69444852124988,38.52920969861697,1210.25,1190.6666666666667,0.0161830869525295,0.0211989913368339,0.0188924009175432,0.0,0.0,0.0,0.0,0.0,0.0,0.0,0.0,26.444444444444343,9.55555555555543,-372.3456790123457,1155.4074074074074,28.0,16.0,-7.3485088886514305,15.14398056821678,-0.017751016117028402,4.472508302470063e-05,-0.0021136957339474988,0.0145075103310691,0.0164780911175786,0.0178722524823915,0.5023923444976076,0.5023923444976076,0.5023923444976076,0.5023923444976076,0.5023923444976076,0.5023923444976076,0.5023923444976076,0.5023923444976076,0.5023923444976076,0.5023923444976076,0.5023923444976076,0.5023923444976076,0.784688995215311,0.8851674641148325,0.7703349282296651,0.7751196172248804,0.80622009569378,0.7607655502392344,0.6985645933014354,0.784688995215311,0.7894736842105263,0.5167464114832536,0.8803827751196173,0.8564593301435407,0.5,0.0,0.0,1.0,0.0,0.0,0.9999999999996666,0.0,0.0,0.7853981633974483,0.0,0.0,1162.5333333333333,37.599802993967714,47.57777777777778,797.5259259259259,798.0331944602606,531.2395061728395,0.017085216993107576,0.013525854304387668,-0.0009021300405780766,0.0139987265399245,0.008106364974068817,0.007200264796909401
209,0.9353048798500884,0.5502392344497608,2.302585092994046,0.5023923444976076,0.0033473943818296,0.0033084253298453,0.0005092847772535,0.0033504648392563,0.0034726224248087,0.0032006068058039,0.0013473019631567,0.0,0.0051629788363289,0.0042198526592286,0.0029747594858713,0.0,-0.0010102889630897,0.0013494606895215,0.0548307700148607,0.0620062336696034,0.0061318155993898,6.659653000274429,2.302585092994046,0.0,0.0,0.5999281225427407,0.4000718771287455,0.0647221890680743,0.0876900566072285,0.0139915445990176,6.477331443610385,2.302585092994046,0.0,0.0,0.6756697798342757,0.3243302199376597,0.0882438562544535,0.1262996373793355,0.0274493980037004,6.440781334402713,2.302585092994046,0.0,0.0,0.5567899403258092,0.4432100595571009,0.0021907525826795,0.0010752609448839,0.0012999420814999,0.0037007093724979,-0.0919644063216867,4.175358601817224e-05,0.0015972624843462,02,Tribolium,0.5,0.5,0.0,1.0,0.0,3.0,3.0,0.0,0.9999999999996666,9.0,12.0,0.7853981633974483,1216.888888888889,283.87654320987656,1203.0,1222.0,1225.0,23.85491187706792,30.463092423455635,1214.75,1194.4166666666667,0.0167092768444119,0.0077979779275693,0.0095054158207211,0.0,0.0,0.0,0.0,0.0,0.0,0.0,0.0,80.0,36.77777777777783,-234.44444444444446,110.44444444444446,94.0,39.0,-0.07863088142858032,-0.1291272953331024,0.0017561884941383003,0.0013858609702005996,-0.0044583101444076005,0.0016343652342098005,-0.001027964621210799,0.0054694427015079,0.5023923444976076,0.5023923444976076,0.5023923444976076,0.5023923444976076,0.5023923444976076,0.5023923444976076,0.5023923444976076,0.5023923444976076,0.5023923444976076,0.5023923444976076,0.5023923444976076,0.5023923444976076,0.8038277511961722,0.44019138755980863,0.8038277511961722,0.8038277511961722,0.7799043062200957,0.5119617224880383,0.48325358851674644,0.7990430622009569,0.7942583732057417,0.5358851674641149,0.3014354066985646,0.5789473684210527,0.5,0.0,0.0,1.0,0.0,0.0,0.9999999999996666,0.0,0.0,0.7853981633974483,0.0,0.0,1083.9777777777776,113.15055850011917,132.91111111111127,367.10617283950614,163.51684056015884,-83.22962962962958,0.01221076295243468,0.01119593543153358,0.00449851389197722,0.00915710547663484,0.00567387555474283,-0.0013591275490655395
210,1.3021088550584703,0.7751196172248804,2.302585092994046,0.5023923444976076,0.0017445431420965,0.0014875581517308,0.0009113734250324,0.0023691364079652,0.0025067128113332,0.001926946858512,0.0016032731903743,0.0,0.0056903692747768,-0.0051482454397682,0.0024240196730287,0.0,0.000205344500141,0.0003158848543953,0.057985845197512,0.070678133212448,0.0094614088935727,6.397850375870374,2.302585092994046,0.0,0.0,0.7367864368468919,0.2632135628634106,0.0672878777098951,0.0837281096294058,0.0136373421257037,6.56979895229438,2.302585092994046,0.0,0.0,0.5477922053609431,0.4522077944269063,0.0836446363250679,0.1176962551003266,0.0204061128334725,6.581881258024983,2.302585092994046,0.0,0.0,0.6100593628740586,0.3899406369910402,0.0032082853627722,0.0017178483696707,0.0008193958715872,0.0025516380014951,-0.9779894955983364,-0.000738984885475,0.0028312292518668,02,Tribolium,0.5,0.5,0.0,1.0,0.0,3.0,3.0,0.0,0.9999999999996666,9.0,12.0,0.7853981633974483,853.8888888888889,204.0987654320988,847.0,853.0,857.0,18.5806436099782,18.027756377319943,854.0,841.9166666666666,0.0141509433962264,0.0105862980450517,0.007012202256528,0.0,0.0,0.0,0.0,0.0,0.0,0.0,0.0,-37.33333333333326,-9.111111111111086,-476.29629629629636,135.2098765432099,-37.0,-8.0,-11.847971214189002,5.6854231169499965,0.005501772469908,0.0061362659145734,-0.009773087713453001,0.00532327926406,0.0022787412151847996,0.0025970025141267995,0.5023923444976076,0.5023923444976076,0.5023923444976076,0.5023923444976076,0.5023923444976076,0.5023923444976076,0.5023923444976076,0.5023923444976076,0.5023923444976076,0.5023923444976076,0.5023923444976076,0.5023923444976076,0.2822966507177033,0.3014354066985646,0.28708133971291866,0.2822966507177033,0.2727272727272727,0.2535885167464115,0.09569377990430622,0.291866028708134,0.291866028708134,0.45933014354066987,0.47368421052631576,0.44976076555023925,0.5,0.0,0.0,1.0,0.0,0.0,0.9999999999996666,0.0,0.0,0.7853981633974483,0.0,0.0,956.4666666666666,107.12760131246736,-102.57777777777767,178.99259259259262,81.15155111165824,25.106172839506172,0.017262824378895057,0.004245363813248165,-0.0031118809826686574,0.00669686839446568,0.0039051853094393793,0.0038894296505860198
211,1.391845357312702,0.8229665071770335,2.302585092994046,0.5023923444976076,0.0017445431420965,0.001496460358276,0.000896681197943,0.0023691364079652,0.0053907530578908,0.0050265386361818,0.00194785211711,0.0,4.035659798674701e-05,4.016586091118462e-05,3.91900731401256e-06,0.0,-0.0005972161991081,0.0022778780793299,0.0829566317745845,0.0907103937289185,0.0055950805645948,5.898778956228619,2.302585092994046,0.0,0.0,0.7058974829835954,0.2941025168717518,0.0890929548684727,0.1012095517141177,0.0088688672659382,6.190562196448387,2.302585092994046,0.0,0.0,0.60107575908667,0.3989242407885828,0.1079989743356406,0.1425424936528015,0.0224049415881197,6.198815338253414,2.302585092994046,0.0,0.0,0.613352103572003,0.3866478963457991,0.0037122425229772,0.0029058295118662,0.0008193958715872,0.0025516380014951,-0.9779894955983364,-0.0007595983303402,0.0041608760804115,02,Tribolium,0.5,0.5,0.0,1.0,0.0,3.0,3.0,0.0,0.9999999999996666,9.0,12.0,0.7853981633974483,765.4444444444445,55.58024691358024,761.0,764.0,766.0,9.065805770139786,10.770329614269007,766.125,759.3333333333334,0.0088728407606328,0.0038005595765969,0.0030223055325587,0.0,0.0,0.0,0.0,0.0,0.0,0.0,0.0,-36.33333333333337,6.777777777777828,-220.8148148148149,17.802469135802454,-34.0,2.0,-6.756632999513894,-3.7724839647170025,0.0102759726896793,0.00041502002249579895,-0.010232940910818701,-0.0012250291570391003,-0.010046618399945601,-0.003973161658981799,0.5023923444976076,0.5023923444976076,0.5023923444976076,0.5023923444976076,0.5023923444976076,0.5023923444976076,0.5023923444976076,0.5023923444976076,0.5023923444976076,0.5023923444976076,0.5023923444976076,0.5023923444976076,0.18660287081339713,0.03827751196172249,0.20095693779904306,0.17703349282296652,0.1674641148325359,0.019138755980861243,0.019138755980861243,0.18660287081339713,0.19138755980861244,0.27751196172248804,0.11004784688995216,0.19617224880382775,0.5,0.0,0.0,1.0,0.0,0.0,0.9999999999996666,0.0,0.0,0.7853981633974483,0.0,0.0,904.2,41.57631091895514,-138.7555555555556,350.05925925925925,300.9107093740661,-294.479012345679,0.0252300557635649,0.009160073054449262,-0.0163572150029321,0.00929538889079134,0.00655616252302934,-0.00549482931419444
212,0.8665983003305945,0.5119617224880383,2.302585092994046,0.5023923444976076,0.0019638943736363,-0.0019635764088478,3.533832787174102e-05,0.0023691364079652,0.0023388370576705,-0.0007555013737118,0.0022134535135512,0.0,0.0049851138950052,0.0049632887032758,0.0004659675891178,0.0,-0.0019544853467758,0.0024519258317682,0.0592006389560563,0.0616430900858571,0.0018135385056125,6.671400565621304,2.302585092994046,0.0,0.0,0.8676838252815403,0.1323161744333973,0.0643101681382297,0.0725203451344188,0.0064228872977233,6.857214180134039,2.302585092994046,0.0,0.0,0.5856349185777973,0.4143650811827993,0.0814800738400066,0.1196120640133112,0.0198596681530935,6.549588238676438,2.302585092994046,0.0,0.0,0.6923851692268473,0.307614830630974,0.0021438558467225,0.001038012027891,0.0002465350726084,0.002119020022472,-0.5913073634042405,0.0001001645093001,0.0018203552807361,02,Tribolium,0.5,0.5,0.0,1.0,0.0,3.0,3.0,0.0,0.9999999999996666,9.0,12.0,0.7853981633974483,1126.5555555555557,423.58024691358025,1108.0,1132.0,1142.0,23.251007713796263,27.518175811634027,1125.875,1125.0833333333333,0.0007027320248545,0.0122772377825375,0.0091804527296805,0.0,0.0,0.0,0.0,0.0,0.0,0.0,0.0,62.55555555555566,-47.0,-734.6419753086419,73.55555555555554,58.0,-37.0,-20.33383125099644,0.4261646789539597,0.021222782150167603,-0.0051910380944411,-0.0067360678315532,0.0024324387433069996,-0.005911432694775799,0.0087166220645281,0.5023923444976076,0.5023923444976076,0.5023923444976076,0.5023923444976076,0.5023923444976076,0.5023923444976076,0.5023923444976076,0.5023923444976076,0.5023923444976076,0.5023923444976076,0.5023923444976076,0.5023923444976076,0.6411483253588517,0.5645933014354066,0.631578947368421,0.6507177033492823,0.6363636363636364,0.44976076555023925,0.3875598086124402,0.6411483253588517,0.6889952153110048,0.11483253588516747,0.5789473684210527,0.5741626794258373,0.5,0.0,0.0,1.0,0.0,0.0,0.9999999999996666,0.0,0.0,0.7853981633974483,0.0,0.0,1124.0666666666666,140.75820437461337,2.4888888888890506,465.2345679012345,465.72994078896687,-41.65432098765427,0.018190171035943777,0.0022106787498376067,-0.017487439011089276,0.01061126930161432,0.007209380720724713,0.00166596848092318
213,0.7772072553901888,0.4497607655502392,2.302585092994046,0.5023923444976076,0.0019638943736363,-0.0019621597519934,8.252404775296357e-05,0.0023691364079652,0.0001415681108921,0.0001396047442303,2.3495646617027e-05,0.0,0.0042316710325652,-0.003868604612971,0.0017149163467502,0.0,0.0007135978123623,0.0014302295079272,0.0455956954745708,0.0606794990225085,0.0132480247914463,6.702911049581067,2.302585092994046,0.0,0.0,0.665406182321594,0.3345938172348442,0.0566701332289837,0.075292332894805,0.0170554321905475,6.7821918525508975,2.302585092994046,0.0,0.0,0.6462332497258821,0.3537667499885986,0.0757441344605757,0.1105653396954608,0.0239437959435119,6.706882339547742,2.302585092994046,0.0,0.0,0.5629845909237312,0.4370154089178021,0.001795309167831,0.00094840561603,0.0006466493560769,0.0013814320427172,0.9318004993970924,-0.000636369982401,0.0012882344419144,02,Tribolium,0.5,0.5,0.0,1.0,0.0,3.0,3.0,0.0,0.9999999999996666,9.0,12.0,0.7853981633974483,1173.0,2723.1111111111118,1123.0,1174.0,1217.0,52.19372295356877,67.54628043053148,1172.125,1162.0,0.0086317135549872,0.0309744914666749,0.0281910584207544,0.0,0.0,0.0,0.0,0.0,0.0,0.0,0.0,-13.777777777777828,-42.33333333333326,2113.6049382716055,1684.222222222223,-13.0,-28.0,5.107034613632962,11.811705525888456,-0.040626314719518795,-0.0224982919304762,0.0262822938952058,0.013784578334812999,0.0261270749281148,0.011283353577108302,0.5023923444976076,0.5023923444976076,0.5023923444976076,0.5023923444976076,0.5023923444976076,0.5023923444976076,0.5023923444976076,0.5023923444976076,0.5023923444976076,0.5023923444976076,0.5023923444976076,0.5023923444976076,0.7416267942583732,0.9617224880382775,0.6650717703349283,0.7416267942583732,0.7703349282296651,0.937799043062201,0.937799043062201,0.7416267942583732,0.7559808612440191,0.2679425837320574,0.9617224880382775,0.9665071770334929,0.5,0.0,0.0,1.0,0.0,0.0,0.9999999999996666,0.0,0.0,0.7853981633974483,0.0,0.0,1127.911111111111,207.11055555481047,45.08888888888896,366.98765432098764,184.5317161770922,2356.1234567901242,0.020259908248904963,0.017149447129124244,-0.011628194693917763,0.008130836593886779,0.005400597085299393,0.02284365487278812
214,0.9863412642851476,0.569377990430622,2.302585092994046,0.5023923444976076,0.0008904408147515,-0.0002132814009622,0.0008645206120035,0.0,0.0001415681108921,-0.0001397193311066,2.28043534593563e-05,0.0,0.0064064748773661,0.005504009759554,0.0032785357891988,0.0,-0.0008703302352157,0.0009476545631861,0.0696914814908573,0.0827503772187591,0.0150475879577289,6.082465700923408,2.302585092994046,0.0,0.0,0.8265014421936906,0.173498557609588,0.0766165967836802,0.0891815450180004,0.0144806762901434,6.4436002227461895,2.302585092994046,0.0,0.0,0.6439027538737622,0.3560972459617584,0.0978560340694391,0.139638435353971,0.0261611998259271,6.239982696270113,2.302585092994046,0.0,0.0,0.6854601959248591,0.314539803977677,0.0018903807167974,0.0010966041839378,0.0004792766026384,0.0012758190007475,-0.7089613070535804,-0.0002738739973439,0.0011501333060382,02,Tribolium,0.5,0.5,0.0,1.0,0.0,3.0,3.0,0.0,0.9999999999996666,9.0,12.0,0.7853981633974483,918.8888888888888,64.32098765432097,914.0,914.0,928.0,16.37095101462399,24.520399670478454,917.75,899.0,0.0204050785973397,0.0046183296069533,0.0054795115165459,0.0,0.0,0.0,0.0,0.0,0.0,0.0,0.0,82.33333333333326,39.8888888888888,-306.59259259259255,3.2098765432098517,73.0,38.0,-4.1197682737962005,1.3942742338144551,0.010593018562806599,0.009834354289414099,-0.0093864422279175,0.0017448451115848,-0.0137155867466986,0.0023832029048202,0.5023923444976076,0.5023923444976076,0.5023923444976076,0.5023923444976076,0.5023923444976076,0.5023923444976076,0.5023923444976076,0.5023923444976076,0.5023923444976076,0.5023923444976076,0.5023923444976076,0.5023923444976076,0.37799043062200954,0.06220095693779904,0.3923444976076555,0.37320574162679426,0.3708133971291866,0.18181818181818182,0.3014354066985646,0.37799043062200954,0.3827751196172249,0.6555023923444976,0.16267942583732056,0.3397129186602871,0.5,0.0,0.0,1.0,0.0,0.0,0.9999999999996666,0.0,0.0,0.7853981633974483,0.0,0.0,912.0666666666666,96.27057035277905,6.822222222222194,400.8395061728395,332.03708344521925,-336.51851851851853,0.018787586296883464,0.008687348831860184,0.0016174923004562344,0.012502531240501902,0.004939668325040382,-0.007884201633548603
215,0.9078472648295484,0.5358851674641149,2.302585092994046,0.5023923444976076,0.0008904408147515,-0.0002517332078145,0.0008541166411321,0.0,0.0001415681108921,-0.0001405994349838,1.6532661727786018e-05,0.0,0.0054411516047962,-0.0046511622932386,0.0028236182653346,0.0,-3.5827212138890656e-05,0.0003531700037453,0.0720539007483543,0.0891815450180004,0.0131228140526236,5.932774598980332,2.302585092994046,0.0,0.0,0.6930885620158863,0.3069114377976845,0.0803680929694246,0.0956204116469989,0.0144950781144248,6.304175853851188,2.302585092994046,0.0,0.0,0.6236562159097225,0.3763437839403328,0.1010797981434789,0.1375323986080091,0.0245381701932259,6.270376619723173,2.302585092994046,0.0,0.0,0.6615039183150818,0.3384960815924903,0.0018903807167974,0.0010966041839378,0.0004792766026384,0.0012758190007475,-0.7089613070535804,-0.0002641242550977,0.0011298345345699,02,Tribolium,0.5,0.5,0.0,1.0,0.0,3.0,3.0,0.0,0.9999999999996666,9.0,12.0,0.7853981633974483,923.6666666666666,1059.111111111111,907.0,932.0,940.0,38.57035847120298,63.72793735874401,921.75,890.75,0.0335618910140743,0.0221143034126174,0.0309390620705565,0.0,0.0,0.0,0.0,0.0,0.0,0.0,0.0,135.44444444444446,78.55555555555554,-671.0617283950617,726.1234567901234,138.0,82.0,-4.13918768418597,6.242089208213557,0.0087698132018387,0.0030925247243032,-0.012122153286592802,0.0109014692109867,-0.0051437795026857,0.015319780907563502,0.5023923444976076,0.5023923444976076,0.5023923444976076,0.5023923444976076,0.5023923444976076,0.5023923444976076,0.5023923444976076,0.5023923444976076,0.5023923444976076,0.5023923444976076,0.5023923444976076,0.5023923444976076,0.3923444976076555,0.8564593301435407,0.37799043062200954,0.4090909090909091,0.38995215311004783,0.8421052631578947,0.9234449760765551,0.3923444976076555,0.3660287081339713,0.8660287081339713,0.8995215311004785,0.9760765550239234,0.5,0.0,0.0,1.0,0.0,0.0,0.9999999999996666,0.0,0.0,0.7853981633974483,0.0,0.0,919.4,189.4181291595949,4.2666666666666515,260.07901234567896,129.73750187738761,799.0320987654321,0.02143166391649724,0.0016058341002627545,0.012130227097577061,0.00962280688273512,0.0026969496867730106,0.01249149652988228
