sequence,frame,label,mask_voxels,center_x,center_y,center_z,eig1,eig2,eig3,eigfrac1,eigfrac2,eigfrac3,axis_ratio21,axis_ratio31,bbox_major,bbox_mid,bbox_minor,bbox_ratio_minor_major,proxy_volume_phys,surface_area_phys,projected_area_px,perimeter_px,sphericity,intensity_mean,intensity_var,intensity_q25,intensity_median,intensity_q75,gradient_mean_inplane,gradient_q75_inplane,boundary_mean_intensity,outside_neighbor_mean_intensity,boundary_contrast_norm,intensity_polarity_norm,intensity_axis_asym_abs,roundness
02,23,1,75,359.30999999999995,125.4539999999999,71.05000000000003,2.747266666666669,0.3296720000000007,0.329671999999991,0.8064516129032279,0.09677419354838745,0.09677419354838461,0.346410161514238,0.3464101615142329,6.09,2.0300000000000002,2.0300000000000002,0.33333333333327864,25.096281,57.69259999999996,,,0.718516797094176,976.3866666666667,14521.517155555559,891.0,978.0,1035.5,82.6725665426247,107.1924521695017,957.5208333333334,892.15,0.06695178822597604,0.02983541444700289,0.013580587411687255,
02,23,2,75,347.9420000000002,132.35599999999994,75.11000000000011,2.7472666666666523,0.32967200000000946,0.32967199999999586,0.8064516129032238,0.09677419354839013,0.09677419354838614,0.34641016151424364,0.3464101615142365,6.09,2.0300000000000002,2.0300000000000002,0.33333333333327864,25.096281,57.69259999999997,,,0.7185167970941759,826.8133333333334,8665.485155555556,757.5,812.0,879.0,67.04760672334376,87.33100546416429,811.625,776.4333333333333,0.042563013013820136,0.043148931719289955,0.041041425597959084,
02,23,7,75,455.53200000000004,114.89800000000005,146.16000000000008,2.7472666666666714,0.3296720000000094,0.32967199999999774,0.8064516129032244,0.09677419354838952,0.0967741935483861,0.3464101615142424,0.3464101615142363,6.09,2.0300000000000002,2.0300000000000002,0.33333333333327864,25.096281,57.69259999999996,,,0.718516797094176,690.4133333333333,2367.149155555556,653.0,685.0,725.5,41.17966689972757,56.20151516445053,694.9791666666666,674.9333333333333,0.02903453969602748,0.014117784660533744,0.01407317739088494,
02,23,10,75,412.90200000000016,110.83799999999987,103.53000000000013,2.7472666666666727,0.3296720000000094,0.3296720000000004,0.8064516129032239,0.09677419354838941,0.09677419354838677,0.3464101615142423,0.3464101615142376,6.09,2.0300000000000002,2.0300000000000002,0.33333333333327864,25.096281,57.692599999999956,,,0.7185167970941762,752.9066666666666,7541.711288888889,690.0,735.0,794.5,54.51435945138154,68.80925025124425,748.4375,736.2666666666667,0.016165128922575617,0.0697354040900104,0.07452403800566526,
02,23,13,75,363.7760000000002,129.10800000000003,93.37999999999998,2.74726666666667,0.32967200000000946,0.3296720000000005,0.8064516129032238,0.0967741935483895,0.09677419354838687,0.34641016151424253,0.34641016151423787,6.09,2.0300000000000002,2.0300000000000002,0.33333333333327864,25.096281,57.69259999999996,,,0.718516797094176,687.2533333333333,4351.282488888889,634.5,697.0,733.0,40.441221179116354,49.95568721955739,689.1875,671.35,0.025954766801179502,0.05587232469624639,0.06097111865567523,
02,23,18,75,388.9479999999998,120.58200000000014,91.35000000000002,2.747266666666671,0.3296720000000094,0.32967200000000024,0.8064516129032238,0.09677419354838945,0.09677419354838677,0.3464101615142425,0.34641016151423765,6.09,2.0300000000000002,2.0300000000000002,0.33333333333327864,25.096281,57.69259999999997,,,0.7185167970941759,673.9466666666667,8261.223822222222,588.0,685.0,732.0,38.72213144099765,52.58050851950832,664.7708333333334,663.9333333333333,0.001242679935108747,0.09808477157102494,0.10828522198091638,
02,23,23,75,203.8120000000001,151.03199999999998,32.48000000000004,2.7472666666666696,0.32967200000000985,0.3296720000000096,0.8064516129032213,0.09677419354838936,0.09677419354838929,0.34641016151424275,0.34641016151424264,6.09,2.0300000000000002,2.0300000000000002,0.33333333333327864,25.096281,57.69259999999997,,,0.7185167970941759,890.1066666666667,5204.895288888889,839.0,887.0,941.5,74.82487754262824,96.59963147827438,881.875,824.0333333333333,0.06498284849755831,0.0215844514637756,0.023317815565715015,
02,23,28,75,469.74199999999985,98.25200000000004,150.22000000000008,2.7472666666666337,0.32967200000000946,0.32967199999999797,0.8064516129032223,0.0967741935483906,0.09677419354838723,0.34641016151424486,0.3464101615142388,6.09,2.0300000000000002,2.0300000000000002,0.33333333333327864,25.096281,57.69259999999998,,,0.7185167970941759,679.84,2601.6277333333337,647.0,671.0,715.5,35.958898861912736,47.471909594388976,684.9375,678.6166666666667,0.009297530791558773,0.028528702841505587,0.029040490890194434,
02,23,33,75,329.6720000000001,151.84400000000002,73.0799999999999,2.7472666666666683,0.3296720000000094,0.3296719999999955,0.8064516129032248,0.09677419354838968,0.0967741935483856,0.3464101615142426,0.3464101615142353,6.09,2.0300000000000002,2.0300000000000002,0.33333333333327864,25.096281,57.69259999999997,,,0.7185167970941759,915.36,8944.657066666667,850.5,897.0,959.0,66.59819101205117,98.19738426167694,907.5208333333334,876.35,0.03405308658159993,0.029021456213104785,0.022067957319614508,
02,23,36,75,227.36000000000004,155.09199999999998,38.56999999999994,2.74726666666666,0.3296720000000096,0.32967200000000063,0.806451612903223,0.09677419354838983,0.09677419354838719,0.34641016151424325,0.34641016151423853,6.09,2.0300000000000002,2.0300000000000002,0.33333333333327864,25.096281,57.69259999999997,,,0.7185167970941759,955.9333333333333,25562.08888888889,832.0,920.0,1102.5,105.874351390941,142.20087120241755,921.0,831.9333333333333,0.0931724666992119,0.07944929742433779,0.08244115697510752,
02,23,37,75,335.76200000000017,129.9200000000001,69.02000000000005,2.747266666666671,0.3296720000000003,0.329671999999991,0.8064516129032281,0.0967741935483873,0.09677419354838457,0.34641016151423765,0.34641016151423276,6.09,2.0300000000000002,2.0300000000000002,0.33333333333327864,25.096281,57.69259999999996,,,0.718516797094176,871.4266666666666,13849.71128888889,784.0,875.0,927.5,83.45676246864154,113.0098223441774,842.5,788.4666666666667,0.06200560001224036,0.021402750343201223,0.014448005505830908,
02,23,40,75,422.646,113.68000000000015,109.61999999999985,2.747266666666668,0.3296720000000094,0.32967200000000063,0.8064516129032234,0.09677419354838954,0.09677419354838696,0.34641016151424264,0.34641016151423804,6.09,2.0300000000000002,2.0300000000000002,0.33333333333327864,25.096281,57.69259999999997,,,0.7185167970941759,787.16,7174.561066666668,735.0,784.0,853.5,57.55342654990986,74.07885913935058,781.0625,769.7333333333333,0.01439245727255785,0.031010701099247785,0.022031591263484408,
02,23,45,75,325.61199999999985,142.1000000000001,54.810000000000024,2.7472666666666705,0.32967200000000946,0.3296719999999956,0.8064516129032249,0.09677419354838962,0.09677419354838555,0.34641016151424253,0.3464101615142352,6.09,2.0300000000000002,2.0300000000000002,0.33333333333327864,25.096281,57.69259999999997,,,0.7185167970941759,998.2933333333333,22000.10062222222,897.0,994.0,1092.0,108.12189838189902,140.88662577625513,985.3333333333334,934.1833333333333,0.0512374452398761,0.021914926643957205,0.0027808343323878597,
02,23,46,75,476.6439999999997,98.65800000000007,174.58000000000018,2.7472666666666723,0.3296720000000028,0.3296719999999818,0.8064516129032299,0.0967741935483882,0.09677419354838204,0.34641016151423887,0.3464101615142279,6.09,2.0300000000000002,2.0300000000000002,0.33333333333327864,25.096281,57.69259999999996,,,0.718516797094176,514.4,698.5333333333332,496.5,520.0,534.0,17.37262840791146,22.810244278839008,515.5416666666666,511.05,0.008731855883877544,0.02822966855804219,0.03139638874573224,
02,23,49,75,354.032,143.72400000000002,75.11000000000011,2.747266666666652,0.3296720000000094,0.3296720000000001,0.8064516129032228,0.09677419354839001,0.09677419354838727,0.34641016151424364,0.34641016151423876,6.09,2.0300000000000002,2.0300000000000002,0.33333333333327864,25.096281,57.69259999999996,,,0.718516797094176,769.1333333333333,25666.248888888887,640.0,780.0,912.5,65.75451673494494,86.80521729005292,764.0833333333334,738.05,0.03384762069862189,0.1510829755602019,0.16416273460342193,
02,23,52,75,375.1439999999998,127.48400000000007,83.23000000000009,2.74726666666667,0.3296720000000051,0.32967199999999103,0.8064516129032269,0.0967741935483886,0.09677419354838447,0.34641016151424026,0.3464101615142329,6.09,2.0300000000000002,2.0300000000000002,0.33333333333327864,25.096281,57.69259999999996,,,0.718516797094176,768.96,4711.985066666667,719.0,766.0,816.0,49.92548901735456,63.370587867953994,759.0416666666666,722.85,0.04706573380496587,0.0572192757825294,0.06364544977724475,
02,23,57,75,236.29199999999997,153.062,38.56999999999994,2.7472666666666603,0.32967200000000935,0.32967199999999564,0.8064516129032243,0.09677419354838988,0.09677419354838586,0.3464101615142431,0.34641016151423587,6.09,2.0300000000000002,2.0300000000000002,0.33333333333327864,25.096281,57.69259999999997,,,0.7185167970941759,928.9466666666667,27096.717155555554,788.5,917.0,1061.5,111.82424187211178,153.6728469076857,888.8125,821.0833333333334,0.0729096395917956,0.08674971717324467,0.0915864675394873,
02,23,58,75,378.3920000000003,147.37799999999993,97.44000000000005,2.7472666666666528,0.32967200000000063,0.32967199999998176,0.8064516129032291,0.09677419354838818,0.09677419354838263,0.346410161514239,0.3464101615142291,6.09,2.0300000000000002,2.0300000000000002,0.33333333333327864,25.096281,57.69259999999997,,,0.7185167970941759,770.84,7491.654399999999,714.0,784.0,817.0,61.5523864088207,81.96416128249129,756.5833333333334,716.8833333333333,0.05150225727777488,0.0426587334530745,0.04412750708499351,
02,23,63,75,399.09800000000024,136.01000000000008,93.37999999999998,2.747266666666669,0.3296720000000094,0.32967199999999525,0.8064516129032249,0.09677419354838966,0.09677419354838551,0.34641016151424253,0.3464101615142351,6.09,2.0300000000000002,2.0300000000000002,0.33333333333327864,25.096281,57.69259999999997,,,0.7185167970941759,960.44,20821.073066666668,854.0,955.0,1035.0,106.8777850441413,134.39517933479755,931.8958333333334,883.2166666666667,0.05068423500340117,0.04386764617402393,0.03177777080823262,
02,23,68,75,408.0300000000002,139.664,115.70999999999992,2.7472666666666696,0.32967200000000946,0.3296720000000004,0.8064516129032236,0.09677419354838951,0.09677419354838686,0.3464101615142426,0.3464101615142378,6.09,2.0300000000000002,2.0300000000000002,0.33333333333327864,25.096281,57.69259999999998,,,0.7185167970941759,898.56,11937.793066666667,817.0,901.0,959.0,68.93460285739316,87.95268736598516,879.4583333333334,822.6166666666667,0.0632586212013295,0.02687906983022156,0.013884512727691043,
02,23,71,75,246.84800000000018,148.59599999999995,44.66000000000004,2.74726666666667,0.3296720000000005,0.3296720000000002,0.8064516129032258,0.09677419354838714,0.09677419354838702,0.34641016151423787,0.34641016151423765,6.09,2.0300000000000002,2.0300000000000002,0.33333333333327864,25.096281,57.69259999999996,,,0.718516797094176,828.4,6130.453333333333,764.0,828.0,886.0,54.76120383665853,74.47457847542789,823.2916666666666,810.65,0.015260341220022497,0.04402918382317662,0.04734970515182563,
02,23,76,75,446.6,114.89800000000005,129.92000000000007,2.7472666666666714,0.3296720000000094,0.32967199999999774,0.8064516129032244,0.09677419354838952,0.0967741935483861,0.3464101615142424,0.3464101615142363,6.09,2.0300000000000002,2.0300000000000002,0.33333333333327864,25.096281,57.69259999999998,,,0.7185167970941759,789.6133333333333,7957.623822222223,731.5,792.0,847.5,65.18478685653352,77.17001230717838,786.8958333333334,771.65,0.019307973522905777,0.037822132433183595,0.03507484341492612,
02,23,77,75,407.21800000000013,129.9200000000001,107.59,2.74726666666667,0.3296720000000094,0.3296720000000001,0.8064516129032238,0.0967741935483895,0.09677419354838676,0.34641016151424253,0.3464101615142376,6.09,2.0300000000000002,2.0300000000000002,0.33333333333327864,25.096281,57.69259999999996,,,0.718516797094176,864.36,11062.283733333332,791.0,875.0,943.0,70.58036292066924,90.78970727730633,854.9791666666666,837.1666666666666,0.02060773288907397,0.05159728429063462,0.047816947714529545,
02,23,82,75,370.27200000000005,149.00199999999998,91.35000000000002,2.74726666666667,0.32967200000000974,0.3296719999999817,0.806451612903228,0.0967741935483901,0.09677419354838188,0.3464101615142427,0.34641016151422793,6.09,2.0300000000000002,2.0300000000000002,0.33333333333327864,25.096281,57.69259999999997,,,0.7185167970941759,955.04,17020.57173333333,867.5,952.0,1028.0,81.76079779568093,103.00869823936253,943.9166666666666,860.45,0.08739599039481749,0.06555245618649637,0.0710792487626676,
02,23,87,75,431.98399999999987,135.60400000000007,129.92000000000007,2.7472666666666723,0.32967200000000946,0.3296719999999999,0.806451612903224,0.09677419354838945,0.09677419354838665,0.34641016151424237,0.34641016151423737,6.09,2.0300000000000002,2.0300000000000002,0.33333333333327864,25.096281,57.69259999999996,,,0.718516797094176,915.5066666666667,8984.409955555557,839.5,904.0,994.5,57.22154776961464,78.16568184229864,904.7708333333334,880.8333333333334,0.02614672385418636,0.032138392494138246,0.03116131381274879,
02,23,90,75,237.51,181.88800000000012,54.810000000000024,2.747266666666671,0.3296720000000004,0.3296720000000002,0.8064516129032259,0.09677419354838707,0.09677419354838701,0.3464101615142377,0.3464101615142376,6.09,2.0300000000000002,2.0300000000000002,0.33333333333327864,25.096281,57.69259999999996,,,0.718516797094176,968.6533333333333,14859.559822222223,875.0,937.0,1020.0,80.67026537927109,101.65678130896416,986.9166666666666,979.65,0.007501823837905522,0.05231546208316129,0.05396369300779986,
02,23,95,75,462.0279999999999,104.74800000000006,136.01000000000025,2.7472666666666674,0.3296720000000094,0.32967199999999774,0.8064516129032242,0.09677419354838963,0.09677419354838622,0.3464101615142427,0.34641016151423654,6.09,2.0300000000000002,2.0300000000000002,0.33333333333327864,25.096281,57.69259999999997,,,0.7185167970941759,712.88,1798.1055999999999,688.0,713.0,740.0,33.516250118946495,41.72676412057285,719.5625,720.6333333333333,-0.0015021228444244813,0.02001747768201414,0.020410123824489687,
02,23,100,75,438.07399999999996,112.86800000000011,117.74000000000007,2.7472666666666523,0.32967199999999813,0.329671999999991,0.8064516129032275,0.09677419354838726,0.09677419354838517,0.3464101615142377,0.3464101615142339,6.09,2.0300000000000002,2.0300000000000002,0.33333333333327864,25.096281,57.69259999999997,,,0.7185167970941759,959.44,17836.7264,846.0,911.0,1078.5,75.05970821279743,111.51050844109227,949.4583333333334,904.2,0.047171613997053774,0.06453059976138348,0.06637906832357908,
02,23,105,75,477.4559999999998,88.91399999999992,190.82000000000002,2.747266666666671,0.3296720000000094,0.32967199999999885,0.8064516129032242,0.09677419354838951,0.09677419354838641,0.3464101615142425,0.3464101615142369,6.09,2.0300000000000002,2.0300000000000002,0.33333333333327864,25.096281,57.69259999999996,,,0.718516797094176,637.5733333333334,5583.684622222222,584.5,621.0,660.0,49.44418769927738,64.60821805061946,646.375,644.4166666666666,0.0030715420971182943,0.03173327539580585,0.01872283451807681,
02,23,110,75,474.61400000000003,100.68800000000007,180.67000000000024,2.7472666666666674,0.3296720000000094,0.329671999999998,0.8064516129032241,0.09677419354838962,0.09677419354838629,0.3464101615142427,0.3464101615142367,6.09,2.0300000000000002,2.0300000000000002,0.33333333333327864,25.096281,57.69259999999996,,,0.718516797094176,522.4,531.3066666666666,501.5,521.0,539.5,18.571371412679436,24.969588547424856,522.3958333333334,520.7166666666667,0.003214331291475251,0.0048957648324256565,0.004876472688677804,
02,23,111,75,466.08800000000025,92.56800000000008,207.06,2.747266666666671,0.3296720000000094,0.32967200000000285,0.8064516129032231,0.09677419354838938,0.09677419354838745,0.3464101615142425,0.346410161514239,6.09,2.0300000000000002,2.0300000000000002,0.33333333333327864,25.096281,57.69259999999997,,,0.7185167970941759,786.6933333333334,12222.665955555556,709.0,759.0,833.0,67.25483255419472,84.94143858435118,772.1875,737.95,0.04352077048235641,0.045532399785514426,0.035308820484676325,
02,23,114,75,177.016,151.03199999999998,34.50999999999999,2.74726666666667,0.3296720000000093,0.3296720000000004,0.8064516129032238,0.09677419354838945,0.09677419354838684,0.3464101615142425,0.34641016151423776,6.09,2.0300000000000002,2.0300000000000002,0.33333333333327864,25.096281,57.69259999999997,,,0.7185167970941759,873.8666666666667,12955.555555555555,806.0,880.0,961.5,73.31734107649085,94.96463629434481,863.8541666666666,801.9166666666666,0.07087751754653639,0.0727982532277692,0.07882169465253883,
02,23,117,75,452.6900000000001,104.34199999999998,221.26999999999987,2.7472666666666683,0.3296720000000028,0.3296719999999817,0.8064516129032296,0.09677419354838832,0.09677419354838213,0.34641016151423915,0.34641016151422804,6.09,2.0300000000000002,2.0300000000000002,0.33333333333327864,25.096281,57.69259999999997,,,0.7185167970941759,749.6266666666667,5291.860622222222,703.0,748.0,785.5,56.28270565808487,72.65785811252789,738.7916666666666,691.5833333333334,0.06297579239443615,0.022092675013803176,0.011785190413303217,
02,23,120,75,472.5840000000001,104.74800000000006,192.84999999999985,2.7472666666666687,0.3296719999999982,0.3296719999999817,0.8064516129032306,0.09677419354838708,0.09677419354838224,0.3464101615142367,0.34641016151422804,6.09,2.0300000000000002,2.0300000000000002,0.33333333333327864,25.096281,57.69259999999996,,,0.718516797094176,704.3333333333334,3663.9555555555557,659.0,697.0,743.5,45.0121708707543,63.79845270859245,699.6875,670.8833333333333,0.04089564600094647,0.016296615424216416,0.00660771014376453,
02,23,123,75,289.07199999999995,143.72400000000002,46.68999999999995,2.74726666666667,0.3296720000000008,0.329671999999991,0.8064516129032279,0.09677419354838747,0.09677419354838458,0.346410161514238,0.3464101615142328,6.09,2.0300000000000002,2.0300000000000002,0.33333333333327864,25.096281,57.69259999999997,,,0.7185167970941759,898.76,13762.3424,820.5,890.0,974.5,89.53582785167497,119.30596543257099,903.1458333333334,873.8833333333333,0.03255874760781523,0.039362522157727536,0.0401907169213733,
02,23,128,75,256.59200000000004,152.65600000000006,42.62999999999999,2.74726666666667,0.32967200000000035,0.3296719999999817,0.8064516129032302,0.09677419354838761,0.09677419354838214,0.34641016151423776,0.34641016151422793,6.09,2.0300000000000002,2.0300000000000002,0.33333333333327864,25.096281,57.69259999999997,,,0.7185167970941759,1089.8933333333334,32846.76195555556,945.0,1086.0,1216.5,156.753509265285,230.6854294304208,1032.25,882.7,0.13721526265567255,0.0657919661934945,0.07043534095578254,
02,23,133,75,300.0340000000001,142.9120000000001,54.810000000000024,2.7472666666666705,0.3296720000000004,0.3296719999999817,0.8064516129032302,0.09677419354838761,0.09677419354838213,0.34641016151423776,0.34641016151422793,6.09,2.0300000000000002,2.0300000000000002,0.33333333333327864,25.096281,57.69259999999996,,,0.718516797094176,1048.72,20260.441600000002,944.0,1055.0,1133.5,74.42704592989472,94.38944271369226,1046.0625,971.6833333333333,0.07092376102931827,0.09484900038952347,0.10498169098734277,
02,23,138,75,269.17800000000017,152.24999999999997,48.72,2.747266666666661,0.3296719999999958,0.329671999999991,0.8064516129032285,0.09677419354838639,0.09677419354838497,0.3464101615142359,0.3464101615142334,6.09,2.0300000000000002,2.0300000000000002,0.33333333333327864,25.096281,57.69259999999997,,,0.7185167970941759,930.8,4414.506666666667,884.0,929.0,970.5,61.358973094548276,88.95969312284349,914.2708333333334,872.0666666666667,0.0453418206560664,0.01978856409235677,0.02129838524378614,
02,23,141,75,343.4760000000001,124.64199999999995,221.26999999999987,2.7472666666666674,0.32967199999999797,0.3296719999999817,0.8064516129032308,0.09677419354838707,0.09677419354838229,0.34641016151423665,0.34641016151422815,6.09,2.0300000000000002,2.0300000000000002,0.33333333333327864,25.096281,57.69259999999996,,,0.718516797094176,776.2533333333333,1765.4158222222222,751.0,780.0,805.0,44.44513787665981,57.8703836035266,764.7708333333334,728.9666666666667,0.04612433226266334,0.005607182472619096,0.0017670961233077114,
02,23,142,75,166.45999999999998,152.65600000000006,40.6,2.74726666666667,0.32967200000000046,0.3296720000000004,0.8064516129032258,0.09677419354838711,0.0967741935483871,0.3464101615142378,0.34641016151423776,6.09,2.0300000000000002,2.0300000000000002,0.33333333333327864,25.096281,57.69259999999998,,,0.7185167970941759,704.6266666666667,8216.207288888889,648.0,710.0,757.5,56.95013716043416,79.95142674221947,690.1875,670.6166666666667,0.027774755426041162,0.0531979061740513,0.05728933188408472,
02,23,147,75,308.1540000000001,140.0699999999999,62.929999999999986,2.74726666666667,0.32967199999999525,0.3296719999999817,0.8064516129032315,0.09677419354838626,0.09677419354838229,0.34641016151423504,0.34641016151422793,6.09,2.0300000000000002,2.0300000000000002,0.33333333333327864,25.096281,57.69259999999997,,,0.7185167970941759,776.7866666666666,6325.714488888889,717.0,777.0,822.0,61.73652350884908,79.45407641527109,780.3125,790.0833333333334,-0.012578528639351893,0.04799995066270976,0.05230376834516653,
02,23,152,75,394.22600000000017,121.39400000000009,219.24000000000004,2.747266666666672,0.32967199999999836,0.3296719999999817,0.8064516129032309,0.09677419354838704,0.09677419354838215,0.3464101615142366,0.3464101615142279,6.09,2.0300000000000002,2.0300000000000002,0.33333333333327864,25.096281,57.69259999999997,,,0.7185167970941759,816.6666666666666,4119.52888888889,774.5,817.0,867.0,61.110657858551534,79.42728922312399,793.1875,744.4166666666666,0.059719387755102014,0.011271607133703,0.0020595709673909847,
02,23,157,75,188.79000000000008,157.12200000000007,34.50999999999999,2.74726666666667,0.32967200000000013,0.3296719999999998,0.806451612903226,0.09677419354838704,0.09677419354838694,0.34641016151423765,0.3464101615142375,6.09,2.0300000000000002,2.0300000000000002,0.33333333333327864,25.096281,57.69259999999997,,,0.7185167970941759,825.4266666666666,8473.684622222223,767.5,830.0,896.5,67.76864650488166,90.05729099582861,807.0625,789.9166666666666,0.020772085547676376,0.02123293800479186,0.019368168851524436,
02,23,158,75,299.628,165.24200000000002,66.99000000000002,2.74726666666667,0.3296720000000001,0.3296719999999909,0.8064516129032281,0.09677419354838727,0.09677419354838458,0.3464101615142376,0.3464101615142328,6.09,2.0300000000000002,2.0300000000000002,0.33333333333327864,25.096281,57.69259999999997,,,0.7185167970941759,941.1866666666666,12995.458488888888,849.5,923.0,1016.5,70.90039183693877,99.71706218849826,927.0208333333334,873.1166666666667,0.057272556630636476,0.07406535323742339,0.08165081478369572,
02,23,161,75,401.12800000000004,107.99600000000007,229.38999999999984,2.7472666666666687,0.3296720000000094,0.32967199999999774,0.8064516129032243,0.09677419354838959,0.09677419354838618,0.3464101615142426,0.3464101615142365,6.09,2.0300000000000002,2.0300000000000002,0.33333333333327864,25.096281,57.69259999999997,,,0.7185167970941759,745.1333333333333,11001.395555555557,669.0,714.0,796.0,52.47211048882878,71.47389857052269,749.25,729.2166666666667,0.026885568578330424,0.08309475165896411,0.08759604994106925,
02,23,166,75,314.65,153.46800000000005,56.83999999999996,2.74726666666667,0.3296720000000094,0.3296720000000003,0.8064516129032238,0.09677419354838948,0.09677419354838682,0.34641016151424253,0.3464101615142377,6.09,2.0300000000000002,2.0300000000000002,0.33333333333327864,25.096281,57.69259999999997,,,0.7185167970941759,1009.08,21602.580266666664,904.5,965.0,1105.0,108.10149141832528,137.27785341261188,995.1458333333334,985.9,0.009162636593068324,0.046088195775472636,0.046250985616395894,
02,23,171,75,337.7919999999999,131.95,215.17999999999978,2.7472666666666683,0.3296720000000094,0.3296720000000007,0.8064516129032235,0.09677419354838952,0.09677419354838697,0.3464101615142426,0.34641016151423804,6.09,2.0300000000000002,2.0300000000000002,0.33333333333327864,25.096281,57.69259999999997,,,0.7185167970941759,867.44,11062.593066666666,794.0,850.0,938.5,62.79596268156483,78.971184917984,850.9583333333334,808.9,0.04848558209597591,0.04605228569512693,0.04474804880728465,
02,23,172,75,357.28000000000014,148.59599999999995,209.09000000000034,2.7472666666666683,0.3296720000000094,0.32967200000000013,0.8064516129032238,0.09677419354838955,0.09677419354838683,0.3464101615142426,0.34641016151423776,6.09,2.0300000000000002,2.0300000000000002,0.33333333333327864,25.096281,57.69259999999996,,,0.718516797094176,873.3333333333334,12623.12888888889,794.0,860.0,968.0,73.90886487508955,99.0711630024465,852.3958333333334,794.1166666666667,0.06673187022900759,0.040332636938581544,0.034610729113447695,
02,23,175,75,155.49799999999996,149.408,34.50999999999999,2.74726666666667,0.32967200000000074,0.32967199999999564,0.8064516129032269,0.09677419354838732,0.09677419354838582,0.346410161514238,0.34641016151423526,6.09,2.0300000000000002,2.0300000000000002,0.33333333333327864,25.096281,57.69259999999997,,,0.7185167970941759,804.0933333333334,22848.617955555557,657.5,775.0,919.5,96.90179967101915,126.86112604218158,778.9375,665.5333333333333,0.14103358648249775,0.09042683318788305,0.09936950363498424,
02,23,180,75,367.83599999999996,144.53599999999994,211.12,2.7472666666666705,0.3296720000000094,0.3296719999999956,0.8064516129032249,0.0967741935483896,0.09677419354838555,0.3464101615142425,0.3464101615142352,6.09,2.0300000000000002,2.0300000000000002,0.33333333333327864,25.096281,57.69259999999997,,,0.7185167970941759,1020.9333333333333,37795.82222222222,868.5,1010.0,1144.5,126.52565965523837,171.8163976680667,999.25,905.05,0.09226851247224757,0.053163101758064844,0.050608499060742766,
02,23,185,75,321.9580000000001,133.97999999999993,213.14999999999995,2.74726666666667,0.3296720000000094,0.32967199999999575,0.8064516129032248,0.0967741935483896,0.0967741935483856,0.34641016151424253,0.3464101615142353,6.09,2.0300000000000002,2.0300000000000002,0.33333333333327864,25.096281,57.69259999999997,,,0.7185167970941759,937.2666666666667,9968.168888888888,881.5,934.0,999.5,74.6439592287691,101.36129331173382,915.8125,857.7333333333333,0.06196653389287992,0.013661269277180655,0.0009408382254373971,
02,23,188,75,284.6060000000001,139.25799999999998,215.17999999999978,2.7472666666666674,0.3296720000000095,0.3296719999999817,0.806451612903228,0.09677419354839012,0.09677419354838196,0.34641016151424275,0.34641016151422815,6.09,2.0300000000000002,2.0300000000000002,0.33333333333327864,25.096281,57.69259999999996,,,0.718516797094176,957.84,15677.521066666664,877.0,980.0,1047.5,109.46666828470545,134.89279048556742,936.3125,832.3166666666667,0.10857328294217528,0.02930118575626348,0.02449898911708325,
02,23,189,75,203.8120000000001,172.95599999999996,40.6,2.74726666666667,0.3296720000000096,0.32967200000000035,0.8064516129032236,0.09677419354838954,0.09677419354838682,0.34641016151424264,0.34641016151423776,6.09,2.0300000000000002,2.0300000000000002,0.33333333333327864,25.096281,57.69259999999996,,,0.718516797094176,1266.88,57915.97226666666,1077.5,1214.0,1429.5,119.71134240720761,164.64108601475073,1245.0833333333333,1131.8333333333333,0.08939283910078295,0.117498401722743,0.1260759197090509,
02,23,194,75,308.1540000000001,165.24200000000002,73.0799999999999,2.747266666666668,0.3296720000000001,0.3296719999999817,0.8064516129032302,0.09677419354838761,0.09677419354838221,0.34641016151423776,0.3464101615142281,6.09,2.0300000000000002,2.0300000000000002,0.33333333333327864,25.096281,57.69259999999997,,,0.7185167970941759,854.3333333333334,3514.408888888889,818.0,856.0,896.0,45.093835354078294,62.6747507253153,850.9166666666666,830.1333333333333,0.024326960593054947,0.020518365803316146,0.021025663028240164,
02,23,201,75,309.37199999999996,134.79200000000003,213.14999999999995,2.74726666666667,0.3296720000000094,0.3296720000000007,0.8064516129032236,0.09677419354838947,0.09677419354838691,0.34641016151424253,0.3464101615142379,6.09,2.0300000000000002,2.0300000000000002,0.33333333333327864,25.096281,57.69259999999996,,,0.718516797094176,1019.4933333333333,29138.6232888889,883.0,1009.0,1110.5,110.96307978272162,146.33309290934682,992.4791666666666,913.9666666666667,0.07701129319138904,0.06337378350335456,0.06038670405097416,
02,23,206,75,275.6740000000002,155.09199999999998,209.09000000000034,2.7472666666666674,0.32967200000000946,0.3296720000000002,0.8064516129032235,0.09677419354838958,0.09677419354838686,0.3464101615142427,0.3464101615142378,6.09,2.0300000000000002,2.0300000000000002,0.33333333333327864,25.096281,57.692599999999956,,,0.7185167970941762,970.7733333333333,13517.29528888889,880.0,966.0,1037.5,82.44404337467944,107.10414227822345,957.4791666666666,892.45,0.06698697258543002,0.02594786616611612,0.002691451206465318,
02,23,211,75,183.51200000000006,165.24200000000002,73.0799999999999,2.7472666666666683,0.32967200000000035,0.32967199999999564,0.8064516129032269,0.09677419354838727,0.09677419354838589,0.34641016151423787,0.34641016151423537,6.09,2.0300000000000002,2.0300000000000002,0.33333333333327864,25.096281,57.69259999999997,,,0.7185167970941759,674.3466666666667,6029.986488888889,610.5,683.0,732.0,43.970045855220334,61.07981360309444,672.8333333333334,659.8833333333333,0.019203772540335375,0.07837071355718575,0.08669302909636746,
02,23,218,75,418.99199999999985,130.73200000000006,217.20999999999978,2.7472666666666674,0.32967200000000946,0.32967199999999536,0.8064516129032248,0.09677419354838972,0.09677419354838558,0.3464101615142427,0.3464101615142353,6.09,2.0300000000000002,2.0300000000000002,0.33333333333327864,25.096281,57.69259999999997,,,0.7185167970941759,958.3866666666667,17405.33048888889,837.5,958.0,1076.5,79.94474412017946,110.34856155965791,939.7916666666666,854.0833333333334,0.08942980564559869,0.08180287737039986,0.08959095888621996,
02,23,221,75,286.6360000000001,158.746,209.09000000000034,2.7472666666666674,0.3296720000000094,0.3296720000000093,0.8064516129032214,0.09677419354838931,0.09677419354838927,0.3464101615142427,0.3464101615142426,6.09,2.0300000000000002,2.0300000000000002,0.33333333333327864,25.096281,57.69259999999997,,,0.7185167970941759,1002.3466666666667,15140.013155555554,906.5,985.0,1082.5,69.18779441427314,90.3294896324524,994.6875,946.55,0.04802480179844631,0.06879293293755104,0.0743064456528489,
02,23,224,75,275.26800000000003,141.28800000000004,205.02999999999986,2.7472666666666674,0.3296720000000095,0.3296720000000094,0.8064516129032214,0.09677419354838934,0.09677419354838931,0.34641016151424275,0.3464101615142427,6.09,2.0300000000000002,2.0300000000000002,0.33333333333327864,25.096281,57.69259999999997,,,0.7185167970941759,699.2266666666667,2223.6686222222224,666.0,690.0,735.0,35.344395521553636,53.56041929857759,697.7708333333334,686.95,0.015475429998855844,0.007451416297605846,0.0037133296699004142,
02,23,227,75,319.52200000000005,171.738,81.1999999999998,2.747266666666667,0.32967199999999564,0.3296719999999817,0.8064516129032312,0.09677419354838646,0.09677419354838236,0.3464101615142355,0.34641016151422815,6.09,2.0300000000000002,2.0300000000000002,0.33333333333327864,25.096281,57.69259999999996,,,0.718516797094176,832.3333333333334,7128.542222222223,783.0,820.0,891.0,50.92098766225962,68.3871802984655,820.4791666666666,787.5166666666667,0.039602523027633084,0.059750143289095385,0.06588215103119478,
02,23,232,75,465.27600000000024,136.41599999999997,156.31000000000012,2.7472666666666727,0.32967199999999564,0.329671999999991,0.8064516129032293,0.09677419354838603,0.09677419354838465,0.3464101615142351,0.34641016151423265,6.09,2.0300000000000002,2.0300000000000002,0.33333333333327864,25.096281,57.69259999999996,,,0.718516797094176,738.2,19641.28,627.0,738.0,857.0,72.50637256960012,105.49943825219344,732.3333333333334,706.1,0.03553689153797522,0.11723742107131421,0.12945375214272092,
02,23,235,75,442.5399999999998,133.97999999999993,146.16000000000008,2.747266666666672,0.3296720000000094,0.32967199999999575,0.8064516129032249,0.09677419354838956,0.09677419354838555,0.34641016151424237,0.3464101615142352,6.09,2.0300000000000002,2.0300000000000002,0.33333333333327864,25.096281,57.69259999999997,,,0.7185167970941759,772.3733333333333,7103.460622222222,709.5,767.0,827.5,56.06590591046843,72.51034335193201,761.5625,735.85,0.03329024823919341,0.027998542300199842,0.02682987919136589,
02,23,240,75,304.5,156.31,203.0000000000002,2.7472666666666674,0.32967200000000074,0.3296719999999909,0.8064516129032278,0.09677419354838752,0.09677419354838464,0.34641016151423815,0.346410161514233,6.09,2.0300000000000002,2.0300000000000002,0.33333333333327864,25.096281,57.69259999999997,,,0.7185167970941759,897.1333333333333,17127.395555555555,817.5,869.0,960.0,77.78550345517384,109.59507615603829,887.625,868.3166666666667,0.02152225607490517,0.0329576614531155,0.013069284649600664,
02,23,243,75,391.3839999999999,147.37799999999993,109.61999999999985,2.7472666666666683,0.3296720000000094,0.32967200000000024,0.8064516129032236,0.09677419354838954,0.09677419354838684,0.3464101615142426,0.3464101615142378,6.09,2.0300000000000002,2.0300000000000002,0.33333333333327864,25.096281,57.69259999999997,,,0.7185167970941759,628.8266666666667,5160.649955555556,587.0,607.0,673.0,40.87304544983388,58.96766310861064,629.5625,623.4833333333333,0.009667475934014633,0.07102019063937484,0.07660823057965056,
02,23,248,75,349.5660000000002,161.994,83.23000000000009,2.7472666666666705,0.32967200000000946,0.3296719999999952,0.806451612903225,0.09677419354838963,0.09677419354838546,0.34641016151424253,0.34641016151423504,6.09,2.0300000000000002,2.0300000000000002,0.33333333333327864,25.096281,57.69259999999997,,,0.7185167970941759,943.2133333333334,20879.95448888889,861.5,919.0,1025.5,87.4336533843905,116.6053933049784,925.0416666666666,878.0833333333334,0.04978548507937392,0.07319048845074375,0.0756062375901043,
02,23,253,75,357.68600000000004,156.31,91.35000000000002,2.74726666666667,0.3296720000000094,0.3296719999999998,0.8064516129032238,0.0967741935483895,0.09677419354838668,0.34641016151424253,0.3464101615142375,6.09,2.0300000000000002,2.0300000000000002,0.33333333333327864,25.096281,57.69259999999996,,,0.718516797094176,810.8,14642.186666666666,709.0,826.0,919.0,53.76490542560044,72.80461042963398,808.1666666666666,777.8833333333333,0.037349942443676946,0.10237440836382337,0.11163888870445096,
02,23,258,75,187.97799999999998,188.7900000000001,48.72,2.7472666666666603,0.3296720000000004,0.3296720000000003,0.8064516129032252,0.09677419354838737,0.09677419354838734,0.3464101615142384,0.34641016151423837,6.09,2.0300000000000002,2.0300000000000002,0.33333333333327864,25.096281,57.69259999999997,,,0.7185167970941759,920.9733333333334,55742.692622222225,702.5,938.0,1104.0,106.67387457969579,150.349255209599,909.2083333333334,882.35,0.029162986984784197,0.19921828832556876,0.22057571265331305,
02,23,261,75,414.932,142.1000000000001,129.92000000000007,2.7472666666666723,0.3296720000000094,0.32967199999999586,0.8064516129032249,0.09677419354838955,0.09677419354838557,0.34641016151424237,0.34641016151423526,6.09,2.0300000000000002,2.0300000000000002,0.33333333333327864,25.096281,57.69259999999997,,,0.7185167970941759,652.8,4612.586666666667,605.0,646.0,697.5,42.97118181614666,53.06875738843003,650.6666666666666,638.15,0.019173815359477073,0.0538422888584633,0.05918599603171455,
02,23,266,75,459.99800000000016,125.4539999999999,156.31000000000012,2.747266666666672,0.3296720000000094,0.32967199999999997,0.8064516129032239,0.09677419354838945,0.09677419354838668,0.34641016151424237,0.3464101615142374,6.09,2.0300000000000002,2.0300000000000002,0.33333333333327864,25.096281,57.69259999999997,,,0.7185167970941759,693.6266666666667,4720.527288888889,653.0,695.0,726.0,48.31712624791379,59.4742848647344,691.5,674.2833333333333,0.02482122947983546,0.037935625100370886,0.04035240301349851,
02,23,271,75,342.66400000000004,166.86599999999999,83.23000000000009,2.747266666666671,0.3296720000000005,0.3296719999999909,0.8064516129032281,0.09677419354838737,0.09677419354838455,0.34641016151423776,0.34641016151423276,6.09,2.0300000000000002,2.0300000000000002,0.33333333333327864,25.096281,57.69259999999997,,,0.7185167970941759,1284.3733333333332,23497.32728888889,1189.0,1262.0,1346.5,106.29211788463816,143.878639251909,1254.3958333333333,1161.7,0.07217203201561319,0.02226576085239391,0.0019580050472233455,
02,23,274,75,411.2779999999999,131.138,219.24000000000004,2.747266666666671,0.3296720000000094,0.32967199999999997,0.8064516129032239,0.09677419354838947,0.0967741935483867,0.3464101615142425,0.3464101615142375,6.09,2.0300000000000002,2.0300000000000002,0.33333333333327864,25.096281,57.69259999999996,,,0.718516797094176,782.2933333333333,16317.407288888891,673.0,780.0,886.0,84.6695487961987,112.40677697636335,753.625,691.5333333333333,0.07937133556040354,0.11038311025909028,0.12251206112265993,
02,23,275,75,284.6060000000001,158.746,188.79,2.74726666666667,0.32967200000000896,0.3296719999999817,0.8064516129032282,0.0967741935483899,0.09677419354838189,0.34641016151424225,0.34641016151422793,6.09,2.0300000000000002,2.0300000000000002,0.33333333333327864,25.096281,57.69259999999998,,,0.7185167970941759,727.12,3772.798933333333,687.5,722.0,779.0,40.29592479777044,48.93565486247881,716.3333333333334,709.45,0.009466571313309104,0.029490502667840705,0.032474806249860155,
02,23,278,75,246.84800000000018,183.106,64.95999999999994,2.747266666666669,0.3296720000000002,0.3296719999999956,0.8064516129032269,0.09677419354838719,0.09677419354838585,0.3464101615142377,0.3464101615142353,6.09,2.0300000000000002,2.0300000000000002,0.33333333333327864,25.096281,57.69259999999997,,,0.7185167970941759,904.6266666666667,5603.753955555556,845.0,886.0,953.5,53.886017817094746,73.26685167257403,894.0625,858.0833333333334,0.039772392294427084,0.04358834325564154,0.04709654619152333,
02,23,283,75,224.1119999999999,183.106,54.810000000000024,2.74726666666667,0.32967200000000013,0.32967199999999586,0.806451612903227,0.09677419354838715,0.0967741935483859,0.34641016151423765,0.34641016151423537,6.09,2.0300000000000002,2.0300000000000002,0.33333333333327864,25.096281,57.69259999999997,,,0.7185167970941759,959.9866666666667,18425.45315555556,849.5,924.0,1051.0,74.7919167560042,100.81640361396978,943.4166666666666,910.0,0.03480951124321163,0.09344466306302031,0.10242071237998408,
02,23,288,75,395.85,149.81400000000005,117.74000000000007,2.7472666666666523,0.3296720000000094,0.32967199999999613,0.8064516129032238,0.09677419354839012,0.09677419354838622,0.34641016151424364,0.34641016151423665,6.09,2.0300000000000002,2.0300000000000002,0.33333333333327864,25.096281,57.69259999999997,,,0.7185167970941759,735.2266666666667,6443.561955555557,666.5,723.0,789.0,48.339424062000276,62.064842305871835,730.3541666666666,721.6833333333333,0.011793415182619423,0.04333241787932903,0.04313326575463146,
02,23,293,75,213.14999999999998,185.13600000000002,52.78,2.7472666666666705,0.32967199999999564,0.3296719999999955,0.8064516129032282,0.09677419354838596,0.09677419354838593,0.34641016151423526,0.3464101615142352,6.09,2.0300000000000002,2.0300000000000002,0.33333333333327864,25.096281,57.69259999999997,,,0.7185167970941759,907.7733333333333,19067.66862222222,833.0,902.0,980.0,86.15524413502655,109.33719746259672,912.0208333333334,886.3666666666667,0.028260542279276768,0.04757539375006036,0.041482626697224786,
02,23,294,75,452.6900000000001,124.23599999999996,217.20999999999978,2.7472666666666674,0.3296719999999981,0.3296719999999817,0.8064516129032306,0.09677419354838708,0.09677419354838228,0.3464101615142367,0.34641016151422815,6.09,2.0300000000000002,2.0300000000000002,0.33333333333327864,25.096281,57.69259999999997,,,0.7185167970941759,788.1466666666666,8630.25848888889,733.0,806.0,855.5,61.7038678119563,78.10982779090901,769.875,726.5166666666667,0.05501302634027502,0.043593770026784176,0.04427737291120504,
02,23,297,75,469.74199999999985,115.30400000000006,184.7299999999999,2.74726666666667,0.32967200000000946,0.32967200000000235,0.8064516129032233,0.09677419354838945,0.09677419354838736,0.34641016151424253,0.3464101615142388,6.09,2.0300000000000002,2.0300000000000002,0.33333333333327864,25.096281,57.69259999999997,,,0.7185167970941759,696.6933333333334,5714.265955555556,648.0,693.0,743.5,47.78550590445969,68.72169624948862,690.1875,671.1833333333333,0.027277664012860785,0.05264653845504741,0.057168199137273445,
02,23,300,75,387.32399999999996,140.88199999999998,213.14999999999995,2.7472666666666696,0.3296720000000094,0.3296720000000004,0.8064516129032236,0.0967741935483895,0.09677419354838686,0.34641016151424253,0.3464101615142378,6.09,2.0300000000000002,2.0300000000000002,0.33333333333327864,25.096281,57.69259999999998,,,0.7185167970941759,759.8266666666667,12963.47662222222,705.5,746.0,809.5,65.71667587732149,83.18625763451614,758.8958333333334,740.4833333333333,0.024232500394826887,0.03642161762938345,0.006297054544297623,
02,23,303,75,466.08800000000025,125.85999999999989,170.51999999999987,2.7472666666666674,0.3296720000000094,0.32967200000000213,0.8064516129032231,0.09677419354838951,0.09677419354838737,0.3464101615142427,0.34641016151423887,6.09,2.0300000000000002,2.0300000000000002,0.33333333333327864,25.096281,57.69259999999996,,,0.718516797094176,640.6,3648.2400000000007,612.0,641.0,673.5,39.68398589733056,53.197624750497674,635.5,612.5833333333334,0.03577375377250482,0.01774751983323479,0.007010195434248683,
02,23,306,75,256.59200000000004,181.07600000000014,58.869999999999955,2.7472666666666594,0.32967199999999597,0.3296719999999817,0.8064516129032306,0.09677419354838675,0.09677419354838257,0.34641016151423615,0.34641016151422865,6.09,2.0300000000000002,2.0300000000000002,0.33333333333327864,25.096281,57.69259999999997,,,0.7185167970941759,1043.76,10794.395733333335,971.0,1033.0,1109.0,62.97006850184324,82.29421300376481,1043.2083333333333,1001.3833333333333,0.0400714723691269,0.05103213216818862,0.05588498863858355,
02,23,309,75,271.2080000000001,176.61000000000004,60.90000000000001,2.747266666666661,0.3296720000000096,0.3296720000000094,0.806451612903221,0.09677419354838954,0.09677419354838947,0.3464101615142432,0.3464101615142431,6.09,2.0300000000000002,2.0300000000000002,0.33333333333327864,25.096281,57.69259999999997,,,0.7185167970941759,945.3066666666666,11670.105955555557,887.0,952.0,1025.5,68.05107070325015,86.75154431158498,948.125,949.8166666666667,-0.001789542723349091,0.05449076789706732,0.060651629713855126,
02,23,316,75,293.944,179.858,66.99000000000002,2.74726666666667,0.3296720000000094,0.3296719999999998,0.8064516129032238,0.0967741935483895,0.09677419354838668,0.34641016151424253,0.3464101615142375,6.09,2.0300000000000002,2.0300000000000002,0.33333333333327864,25.096281,57.69259999999997,,,0.7185167970941759,1123.36,20816.177066666667,1036.5,1119.0,1189.0,105.96558296490636,145.96394787560217,1105.4791666666667,1033.2333333333333,0.06431227151877701,0.03813219723466726,0.0327075435672539,
02,23,321,75,293.53799999999995,162.39999999999995,192.84999999999985,2.7472666666666683,0.3296720000000094,0.32967199999999997,0.8064516129032238,0.09677419354838955,0.09677419354838677,0.3464101615142426,0.34641016151423765,6.09,2.0300000000000002,2.0300000000000002,0.33333333333327864,25.096281,57.69259999999996,,,0.718516797094176,923.8133333333334,19428.045155555556,809.0,929.0,1030.0,72.90101436897343,97.06567066244317,902.0833333333334,856.8166666666667,0.0489997979389775,0.09627630966295188,0.10519378705133864,
02,23,322,75,330.89000000000004,159.96400000000006,207.06,2.7472666666666705,0.3296719999999964,0.3296719999999909,0.806451612903229,0.09677419354838629,0.09677419354838468,0.34641016151423565,0.34641016151423276,6.09,2.0300000000000002,2.0300000000000002,0.33333333333327864,25.096281,57.69259999999996,,,0.718516797094176,1147.88,37534.39893333332,981.5,1112.0,1296.0,132.56377917026245,172.33016861011984,1091.9791666666667,974.3333333333334,0.10248966210172951,0.09881809913919455,0.10810463669485797,
02,23,327,75,342.66400000000004,155.498,203.0000000000002,2.747266666666666,0.3296719999999954,0.3296719999999909,0.806451612903229,0.09677419354838615,0.09677419354838483,0.3464101615142354,0.34641016151423304,6.09,2.0300000000000002,2.0300000000000002,0.33333333333327864,25.096281,57.69259999999997,,,0.7185167970941759,789.0933333333334,8303.524622222223,720.0,795.0,850.0,54.96500302241435,74.29644428388272,790.75,773.1833333333333,0.022261836369166337,0.05627141593597398,0.06202156702294283,
02,23,330,75,398.28600000000006,138.446,211.12,2.7472666666666696,0.3296719999999959,0.3296719999999817,0.8064516129032312,0.09677419354838644,0.09677419354838228,0.3464101615142354,0.346410161514228,6.09,2.0300000000000002,2.0300000000000002,0.33333333333327864,25.096281,57.69259999999998,,,0.7185167970941759,899.6266666666667,10999.833955555556,810.5,905.0,978.0,68.756909213342,88.23131830656206,879.5208333333334,819.55,0.06666191160777805,0.06859356014762917,0.07558450386044183,
02,23,333,75,157.93399999999997,129.10800000000003,42.62999999999999,2.747266666666669,0.3296719999999998,0.32967199999999564,0.806451612903227,0.0967741935483871,0.09677419354838587,0.34641016151423754,0.3464101615142353,6.09,2.0300000000000002,2.0300000000000002,0.33333333333327864,25.096281,57.69259999999996,,,0.718516797094176,701.3866666666667,4201.73048888889,657.0,696.0,737.5,39.16203136108436,50.259528363420415,698.1041666666666,699.0,-0.0012772317694472424,0.051840094760701984,0.05489978721655436,
02,23,338,75,395.444,100.68800000000007,87.28999999999989,2.7472666666666683,0.3296720000000094,0.3296719999999981,0.8064516129032241,0.09677419354838959,0.09677419354838628,0.3464101615142426,0.34641016151423665,6.09,2.0300000000000002,2.0300000000000002,0.33333333333327864,25.096281,57.69259999999996,,,0.718516797094176,1069.88,19763.118933333328,963.5,1076.0,1199.5,112.19372335012177,146.68756966307214,1030.6458333333333,936.3333333333334,0.08815240961603152,0.0420067399321003,0.03449512604950004,
02,23,339,75,416.5559999999999,90.94400000000009,107.59,2.747266666666671,0.3296720000000094,0.3296719999999982,0.8064516129032243,0.09677419354838952,0.09677419354838623,0.3464101615142425,0.34641016151423654,6.09,2.0300000000000002,2.0300000000000002,0.33333333333327864,25.096281,57.69259999999996,,,0.718516797094176,709.8133333333334,13854.658488888888,652.0,710.0,780.5,59.9885640266982,74.02577636119219,695.5833333333334,659.5333333333333,0.05078800060109702,0.11097202608010422,0.12234565380675655,
02,23,344,75,435.6380000000003,81.60599999999995,123.82999999999997,2.74726666666667,0.32967200000000946,0.32967199999999824,0.8064516129032242,0.09677419354838956,0.09677419354838628,0.34641016151424253,0.34641016151423665,6.09,2.0300000000000002,2.0300000000000002,0.33333333333327864,25.096281,57.69259999999997,,,0.7185167970941759,722.1866666666666,6926.151822222223,663.5,702.0,786.5,60.123543585012754,78.43741658790981,708.2916666666666,670.0,0.05302184107525281,0.05150917042065335,0.05123831102890835,
02,23,345,75,426.70599999999985,87.69599999999996,113.68000000000002,2.7472666666666705,0.32967200000000946,0.32967200000000274,0.8064516129032232,0.09677419354838943,0.09677419354838745,0.34641016151424253,0.346410161514239,6.09,2.0300000000000002,2.0300000000000002,0.33333333333327864,25.096281,57.69259999999997,,,0.7185167970941759,885.88,19841.038933333337,778.0,842.0,1030.0,83.32855291168785,111.14745673696027,872.5833333333334,816.8333333333334,0.0629317740551767,0.06981051251726898,0.06363268608303982,
02,23,350,75,401.12800000000004,95.81599999999989,105.56000000000012,2.7472666666666705,0.3296720000000094,0.3296719999999982,0.8064516129032242,0.09677419354838954,0.09677419354838625,0.3464101615142425,0.3464101615142366,6.09,2.0300000000000002,2.0300000000000002,0.33333333333327864,25.096281,57.69259999999997,,,0.7185167970941759,607.5333333333333,2801.0755555555556,565.0,599.0,647.0,39.66310343337696,53.39098361904971,608.6666666666666,606.0833333333334,0.004252167233622166,0.03599680191824401,0.03322253179068757,
02,23,355,75,438.4800000000001,68.20800000000001,136.01000000000025,2.7472666666666674,0.3296720000000094,0.3296720000000025,0.806451612903223,0.0967741935483895,0.09677419354838748,0.3464101615142427,0.3464101615142391,6.09,2.0300000000000002,2.0300000000000002,0.33333333333327864,25.096281,57.69259999999997,,,0.7185167970941759,824.3733333333333,5372.980622222221,772.5,827.0,863.0,58.12078196087419,84.05510257405791,810.5208333333334,763.85,0.05661371061654909,0.019006214215253475,0.01893731152618032,
02,23,360,75,430.76600000000013,60.08800000000001,172.55,2.74726666666667,0.3296720000000094,0.3296720000000012,0.8064516129032235,0.09677419354838945,0.09677419354838705,0.34641016151424253,0.3464101615142382,6.09,2.0300000000000002,2.0300000000000002,0.33333333333327864,25.096281,57.69259999999996,,,0.718516797094176,537.2,402.85333333333335,525.0,536.0,548.0,18.012191120022326,23.5151733808203,536.5625,529.45,0.01323994787788522,0.006975745888199335,0.005958053978483104,
02,23,365,75,369.0540000000001,98.25200000000004,89.32000000000015,2.7472666666666736,0.3296720000000094,0.3296719999999988,0.8064516129032243,0.09677419354838944,0.09677419354838632,0.3464101615142423,0.3464101615142367,6.09,2.0300000000000002,2.0300000000000002,0.33333333333327864,25.096281,57.69259999999997,,,0.7185167970941759,592.4266666666666,2070.991288888889,558.0,593.0,629.0,35.39480293664457,44.06937938974227,596.6041666666666,603.6,-0.011808775207058059,0.03050926226025347,0.031892100652578304,
02,23,370,75,175.79800000000006,128.70200000000006,34.50999999999999,2.74726666666667,0.32967199999999575,0.32967199999999564,0.806451612903228,0.096774193548386,0.09677419354838596,0.3464101615142353,0.34641016151423526,6.09,2.0300000000000002,2.0300000000000002,0.33333333333327864,25.096281,57.69259999999997,,,0.7185167970941759,926.08,8294.286933333335,857.0,925.0,1002.5,59.96054351392698,77.04774094571613,908.8541666666666,846.3,0.06754726013591332,0.045595133197000634,0.050237533670138605,
02,23,375,75,247.25400000000005,93.78600000000004,50.75000000000007,2.747266666666662,0.3296720000000096,0.32967200000000285,0.8064516129032226,0.0967741935483897,0.09677419354838772,0.34641016151424314,0.3464101615142396,6.09,2.0300000000000002,2.0300000000000002,0.33333333333327864,25.096281,57.69259999999997,,,0.7185167970941759,824.4533333333334,4208.594488888889,774.5,818.0,880.0,49.47001347289641,62.45092816512116,816.7916666666666,801.0166666666667,0.01913389073972243,0.025067212196268687,0.02200555603895231,
02,23,380,75,199.34599999999995,127.48400000000007,28.420000000000012,2.747266666666662,0.329672000000005,0.32967199999999564,0.8064516129032254,0.09677419354838869,0.09677419354838593,0.3464101615142407,0.34641016151423576,6.09,2.0300000000000002,2.0300000000000002,0.33333333333327864,25.096281,57.69259999999997,,,0.7185167970941759,917.32,24333.28426666667,802.5,880.0,989.0,81.50516349553621,103.45494340436568,902.875,835.5,0.07344765185540479,0.0972069758279988,0.10595621265598384,
02,23,385,75,212.74400000000006,127.078,32.48000000000004,2.747266666666671,0.3296720000000026,0.32967199999999564,0.8064516129032265,0.09677419354838779,0.09677419354838575,0.34641016151423887,0.3464101615142352,6.09,2.0300000000000002,2.0300000000000002,0.33333333333327864,25.096281,57.69259999999997,,,0.7185167970941759,979.7866666666666,13936.781155555556,896.5,961.0,1035.5,86.85924972531916,112.99998295377065,947.75,880.7,0.0684332643840835,0.021576109944829305,0.0025000235521490844,
02,23,390,75,340.228,104.74800000000006,71.05000000000003,2.747266666666671,0.3296720000000094,0.329671999999998,0.8064516129032243,0.09677419354838952,0.09677419354838618,0.3464101615142425,0.3464101615142365,6.09,2.0300000000000002,2.0300000000000002,0.33333333333327864,25.096281,57.69259999999996,,,0.718516797094176,765.6933333333334,10421.972622222222,695.5,732.0,808.0,63.76965306140285,87.6162385177128,755.0625,708.5666666666667,0.060723831995402704,0.05988131031061419,0.0620828585964714,
02,23,395,75,188.38400000000001,128.70200000000006,42.62999999999999,2.74726666666667,0.3296720000000094,0.3296719999999954,0.8064516129032249,0.09677419354838962,0.09677419354838551,0.34641016151424253,0.34641016151423515,6.09,2.0300000000000002,2.0300000000000002,0.33333333333327864,25.096281,57.69259999999997,,,0.7185167970941759,659.24,7660.955733333332,582.5,664.0,719.0,33.26367744165653,44.5518050320255,657.8541666666666,633.0,0.03770124183403099,0.10536742310731219,0.11654682401743303,
02,23,396,75,383.6699999999998,100.28200000000007,91.35000000000002,2.747266666666671,0.3296720000000094,0.3296719999999983,0.8064516129032243,0.09677419354838952,0.09677419354838626,0.3464101615142425,0.34641016151423665,6.09,2.0300000000000002,2.0300000000000002,0.33333333333327864,25.096281,57.69259999999997,,,0.7185167970941759,660.6,3546.8533333333335,628.0,665.0,706.0,43.11463364388871,56.74879773292854,650.0833333333334,630.0666666666667,0.030300736704006386,0.030262388141366843,0.03139420701716563,
02,23,401,75,223.29999999999984,123.01800000000006,38.56999999999994,2.74726666666666,0.32967200000000263,0.3296720000000002,0.8064516129032246,0.09677419354838798,0.09677419354838726,0.3464101615142396,0.3464101615142383,6.09,2.0300000000000002,2.0300000000000002,0.33333333333327864,25.096281,57.69259999999997,,,0.7185167970941759,961.36,16707.883733333336,876.0,945.0,1044.5,95.51708381939031,122.10208020105853,937.625,857.75,0.0830854206540733,0.0319906223804574,0.025513394868746795,
02,23,406,75,208.278,94.19200000000001,44.66000000000004,2.74726666666667,0.3296720000000004,0.3296720000000003,0.8064516129032258,0.0967741935483871,0.09677419354838707,0.34641016151423776,0.3464101615142377,6.09,2.0300000000000002,2.0300000000000002,0.33333333333327864,25.096281,57.69259999999997,,,0.7185167970941759,1044.8133333333333,23934.63182222222,922.5,1012.0,1171.5,104.2439433502008,141.3770945973333,1016.1666666666666,917.5333333333333,0.09440282793736672,0.05896741636529156,0.05487524716957932,
02,23,411,75,295.5679999999999,121.39400000000009,44.66000000000004,2.74726666666667,0.32967199999999863,0.329671999999991,0.8064516129032284,0.09677419354838689,0.09677419354838464,0.34641016151423687,0.3464101615142328,6.09,2.0300000000000002,2.0300000000000002,0.33333333333327864,25.096281,57.69259999999996,,,0.718516797094176,997.6666666666666,6201.582222222221,920.5,1000.0,1057.5,55.532186863553626,74.87774610494137,991.7708333333334,947.1166666666667,0.044758603407951875,0.049675867311567104,0.05493142383413716,
02,23,416,75,235.88600000000005,128.2960000000001,36.54000000000002,2.747266666666661,0.3296720000000004,0.32967199999999586,0.8064516129032263,0.09677419354838747,0.09677419354838614,0.34641016151423837,0.3464101615142359,6.09,2.0300000000000002,2.0300000000000002,0.33333333333327864,25.096281,57.69259999999996,,,0.718516797094176,828.3866666666667,8357.143822222222,783.0,831.0,891.5,53.72992882963717,71.21625397354168,823.7916666666666,808.5333333333333,0.018419337185533294,0.031226326469091382,0.02099427462264199,
02,23,417,75,244.41199999999992,127.48400000000007,36.54000000000002,2.747266666666661,0.3296720000000053,0.32967199999999564,0.8064516129032253,0.09677419354838879,0.09677419354838594,0.3464101615142409,0.3464101615142358,6.09,2.0300000000000002,2.0300000000000002,0.33333333333327864,25.096281,57.69259999999996,,,0.718516797094176,848.3466666666667,6838.546488888889,778.5,829.0,894.5,62.11483223643324,85.65081937723141,824.6041666666666,778.4166666666666,0.054444134473328444,0.05222898473811301,0.05718915243616194,
02,23,422,75,235.48,87.69599999999996,48.72,2.7472666666666603,0.3296720000000096,0.329672000000003,0.8064516129032224,0.09677419354838974,0.0967741935483878,0.34641016151424325,0.34641016151423976,6.09,2.0300000000000002,2.0300000000000002,0.33333333333327864,25.096281,57.69259999999997,,,0.7185167970941759,957.7866666666666,12231.047822222223,885.0,938.0,1024.5,87.39692034851664,119.40684193473015,940.9583333333334,866.35,0.07789660884817767,0.028332875928995558,0.015174192381569964,
02,23,425,75,175.39200000000002,95.81599999999989,50.75000000000007,2.747266666666662,0.32967199999999797,0.32967199999999564,0.8064516129032271,0.09677419354838682,0.09677419354838614,0.346410161514237,0.34641016151423576,6.09,2.0300000000000002,2.0300000000000002,0.33333333333327864,25.096281,57.69259999999997,,,0.7185167970941759,778.8,3586.9866666666667,730.0,790.0,821.0,47.26144073896046,60.622438435094764,766.8541666666666,717.4166666666666,0.0634790703646635,0.016274535084529175,0.015495402498891019,
02,23,430,75,364.99400000000014,94.59799999999996,219.24000000000004,2.747266666666671,0.3296720000000094,0.32967200000000246,0.8064516129032232,0.0967741935483894,0.09677419354838736,0.3464101615142425,0.3464101615142388,6.09,2.0300000000000002,2.0300000000000002,0.33333333333327864,25.096281,57.69259999999996,,,0.718516797094176,783.9066666666666,5345.2846222222215,720.0,764.0,850.5,48.249101986028414,71.56762042586251,775.6458333333334,721.1833333333333,0.0694757454118688,0.06310576636069289,0.06947296695334759,
02,23,435,75,338.19799999999987,95.81599999999989,213.14999999999995,2.74726666666667,0.32967200000000946,0.32967199999999836,0.8064516129032242,0.09677419354838956,0.0967741935483863,0.34641016151424253,0.3464101615142367,6.09,2.0300000000000002,2.0300000000000002,0.33333333333327864,25.096281,57.69259999999998,,,0.7185167970941759,747.5333333333333,4476.222222222223,701.5,731.0,784.5,39.745597367397956,52.09097989817319,743.9791666666666,714.25,0.03976968697048059,0.04801047038672044,0.05103012609588957,
02,23,440,75,316.6799999999999,118.95799999999993,48.72,2.747266666666661,0.3296720000000094,0.32967199999999774,0.8064516129032239,0.09677419354838981,0.09677419354838639,0.3464101615142431,0.3464101615142369,6.09,2.0300000000000002,2.0300000000000002,0.33333333333327864,25.096281,57.69259999999996,,,0.718516797094176,748.48,4112.942933333334,717.5,756.0,789.5,51.04055280154865,67.50362954001312,737.4791666666666,707.3166666666667,0.04029833796494211,0.007254065095705407,0.0030980791602128474,
02,23,441,75,357.28000000000014,110.43199999999987,69.02000000000005,2.747266666666671,0.3296720000000094,0.32967200000000235,0.8064516129032233,0.09677419354838941,0.09677419354838734,0.3464101615142425,0.34641016151423876,6.09,2.0300000000000002,2.0300000000000002,0.33333333333327864,25.096281,57.69259999999997,,,0.7185167970941759,969.4666666666667,18245.875555555558,873.0,972.0,1070.0,101.28947733292742,142.7334204696782,943.9375,850.9166666666666,0.09595052262412317,0.030576634437597647,0.007243024270403298,
02,23,442,75,365.4,100.68800000000007,73.0799999999999,2.7472666666666683,0.3296720000000094,0.32967199999999797,0.8064516129032242,0.0967741935483896,0.09677419354838625,0.3464101615142426,0.3464101615142366,6.09,2.0300000000000002,2.0300000000000002,0.33333333333327864,25.096281,57.69259999999997,,,0.7185167970941759,849.0933333333334,10783.951288888888,782.5,841.0,912.5,65.79977103703007,85.34433429384598,849.125,826.3,0.026881614899029575,0.018150323686452436,0.006385089936015581,
02,23,445,75,225.73600000000016,106.37200000000014,38.56999999999994,2.74726666666666,0.3296720000000026,0.3296720000000004,0.8064516129032246,0.09677419354838795,0.09677419354838733,0.3464101615142396,0.3464101615142384,6.09,2.0300000000000002,2.0300000000000002,0.33333333333327864,25.096281,57.69259999999996,,,0.718516797094176,770.7866666666666,4466.141155555555,730.0,783.0,823.5,40.086715137278034,55.951329918398166,765.1875,746.4333333333333,0.02433120275389649,0.05373211005413174,0.05862182461451458,
02,23,450,75,315.056,98.65800000000007,221.26999999999987,2.7472666666666674,0.32967200000000263,0.3296719999999909,0.8064516129032273,0.09677419354838802,0.09677419354838458,0.3464101615142391,0.346410161514233,6.09,2.0300000000000002,2.0300000000000002,0.33333333333327864,25.096281,57.69259999999997,,,0.7185167970941759,913.0933333333334,20223.444622222218,799.0,912.0,980.5,72.29563510511485,109.38066566115262,896.3541666666666,816.3666666666667,0.08760057387342644,0.11345674773378575,0.1255112220353403,
02,23,455,75,369.4600000000002,69.42600000000006,105.56000000000012,2.7472666666666705,0.32967200000000946,0.32967199999999847,0.8064516129032242,0.09677419354838954,0.09677419354838632,0.34641016151424253,0.3464101615142367,6.09,2.0300000000000002,2.0300000000000002,0.33333333333327864,25.096281,57.69259999999996,,,0.718516797094176,711.9066666666666,3085.2312888888887,665.0,714.0,748.5,44.15592083075366,59.06088217684159,706.6875,675.8166666666667,0.04336359635158153,0.011380915273401345,0.007042059362091798,
02,23,460,75,306.93600000000004,112.86800000000011,54.810000000000024,2.74726666666667,0.3296720000000094,0.32967199999999763,0.8064516129032243,0.09677419354838956,0.09677419354838611,0.34641016151424253,0.3464101615142363,6.09,2.0300000000000002,2.0300000000000002,0.33333333333327864,25.096281,57.69259999999997,,,0.7185167970941759,776.9066666666666,6036.2446222222225,727.5,761.0,811.5,48.44658185445605,67.73626522045399,778.5833333333334,766.8166666666667,0.015145534427129775,0.046796351091476056,0.051034539502603615,
02,23,465,75,417.7739999999999,63.74200000000002,133.97999999999993,2.74726666666667,0.3296719999999992,0.3296719999999817,0.8064516129032305,0.0967741935483873,0.09677419354838217,0.34641016151423715,0.34641016151422793,6.09,2.0300000000000002,2.0300000000000002,0.33333333333327864,25.096281,57.69259999999997,,,0.7185167970941759,740.44,5252.459733333333,689.0,744.0,781.0,63.89839940754666,83.52020034715461,719.9166666666666,664.35,0.07504546846019465,0.021893025576284045,0.021833818138382,
02,23,470,75,451.47200000000004,82.82399999999997,133.97999999999993,2.747266666666669,0.3296720000000094,0.3296720000000025,0.8064516129032231,0.09677419354838945,0.09677419354838743,0.34641016151424253,0.3464101615142389,6.09,2.0300000000000002,2.0300000000000002,0.33333333333327864,25.096281,57.69259999999997,,,0.7185167970941759,735.4533333333334,6019.154488888888,692.0,741.0,787.5,45.04047322923738,56.12142843555063,737.625,723.9833333333333,0.018548650265595774,0.06965600949175428,0.07635920906314786,
02,23,475,75,447.4119999999998,56.84000000000004,184.7299999999999,2.747266666666669,0.3296720000000094,0.3296719999999981,0.8064516129032242,0.09677419354838958,0.09677419354838625,0.34641016151424253,0.3464101615142366,6.09,2.0300000000000002,2.0300000000000002,0.33333333333327864,25.096281,57.69259999999996,,,0.718516797094176,580.9333333333333,6298.382222222222,507.5,578.0,634.0,36.11788380195266,51.40580747708793,578.125,558.8666666666667,0.03315067707137932,0.09648433951837529,0.1051869476415373,
02,23,480,75,333.32599999999985,111.64999999999992,64.95999999999994,2.7472666666666696,0.32967200000000946,0.3296719999999981,0.8064516129032242,0.09677419354838958,0.09677419354838623,0.3464101615142426,0.3464101615142366,6.09,2.0300000000000002,2.0300000000000002,0.33333333333327864,25.096281,57.69259999999997,,,0.7185167970941759,812.5733333333334,9607.364622222223,737.5,800.0,892.0,70.78513384639302,90.43298602451796,784.9583333333334,720.3833333333333,0.07946975042252592,0.07415177126166354,0.08139108230855573,
02,23,485,75,383.264,80.38799999999995,95.40999999999984,2.7472666666666683,0.3296720000000094,0.3296720000000004,0.8064516129032236,0.09677419354838954,0.0967741935483869,0.3464101615142426,0.34641016151423787,6.09,2.0300000000000002,2.0300000000000002,0.33333333333327864,25.096281,57.69259999999997,,,0.7185167970941759,618.0666666666667,5707.155555555556,558.5,608.0,664.5,47.79540094190879,61.58123961844707,610.0208333333334,601.1833333333333,0.014298619350663481,0.047491784434788326,0.041507371220997305,
02,23,490,75,358.90400000000005,96.22199999999988,83.23000000000009,2.74726666666667,0.32967199999999763,0.3296719999999817,0.8064516129032309,0.09677419354838689,0.09677419354838221,0.3464101615142363,0.34641016151422793,6.09,2.0300000000000002,2.0300000000000002,0.33333333333327864,25.096281,57.69259999999997,,,0.7185167970941759,716.7733333333333,8726.068622222221,639.0,690.0,805.0,55.055885007452225,80.64126736432166,702.375,674.05,0.039517374158264826,0.0649152660851094,0.06625168507027136,
02,23,495,75,446.6,71.86200000000004,209.09000000000034,2.7472666666666674,0.3296720000000094,0.32967199999999763,0.8064516129032242,0.09677419354838963,0.09677419354838618,0.3464101615142427,0.3464101615142365,6.09,2.0300000000000002,2.0300000000000002,0.33333333333327864,25.096281,57.69259999999996,,,0.718516797094176,708.0,8314.32,646.5,695.0,769.0,56.45441688365267,66.82432594911423,703.0416666666666,677.1333333333333,0.0365936911487758,0.0490017398866139,0.0397638447888602,
02,23,498,75,373.92600000000004,64.14800000000004,113.68000000000002,2.74726666666667,0.32967200000000074,0.3296719999999909,0.8064516129032279,0.09677419354838744,0.09677419354838457,0.346410161514238,0.3464101615142328,6.09,2.0300000000000002,2.0300000000000002,0.33333333333327864,25.096281,57.69259999999997,,,0.7185167970941759,558.6133333333333,1626.3438222222221,528.5,565.0,586.5,22.953479034951055,29.483026465772664,564.0625,543.2166666666667,0.037317106645025654,0.04676992193990608,0.05194700297070031,
02,23,503,75,254.15600000000012,120.9880000000001,44.66000000000004,2.747266666666671,0.32967200000000263,0.32967199999999564,0.8064516129032265,0.0967741935483878,0.09677419354838575,0.34641016151423887,0.3464101615142352,6.09,2.0300000000000002,2.0300000000000002,0.33333333333327864,25.096281,57.69259999999996,,,0.718516797094176,1029.24,19769.0624,932.0,1011.0,1102.5,101.19396459332202,119.22402007509902,995.3541666666666,889.8833333333333,0.10247447955125452,0.02530176592967147,0.0014596728740981478,
02,23,508,75,398.28600000000006,80.38799999999995,105.56000000000012,2.7472666666666705,0.3296720000000004,0.3296719999999817,0.8064516129032302,0.09677419354838761,0.09677419354838213,0.34641016151423776,0.34641016151422793,6.09,2.0300000000000002,2.0300000000000002,0.33333333333327864,25.096281,57.69259999999996,,,0.718516797094176,817.96,8580.411733333332,750.0,801.0,866.5,70.08662389304574,95.19976774879657,798.1875,742.4333333333333,0.06816246108204148,0.04836310372845353,0.04839326402686116,
02,23,511,75,416.15,49.12600000000003,144.12999999999997,2.74726666666667,0.3296720000000094,0.32967200000000035,0.8064516129032238,0.09677419354838948,0.09677419354838683,0.34641016151424253,0.34641016151423776,6.09,2.0300000000000002,2.0300000000000002,0.33333333333327864,25.096281,57.69259999999997,,,0.7185167970941759,600.8933333333333,2185.6419555555553,573.5,607.0,626.0,36.838181425572586,45.96338304926802,597.4375,587.1166666666667,0.01717581600727801,0.026738346295118186,0.02655104043642776,
02,23,516,75,454.7199999999997,71.45600000000009,162.39999999999995,2.74726666666667,0.3296720000000095,0.3296719999999979,0.8064516129032243,0.09677419354838959,0.09677419354838619,0.3464101615142426,0.3464101615142365,6.09,2.0300000000000002,2.0300000000000002,0.33333333333327864,25.096281,57.69259999999997,,,0.7185167970941759,537.2,2878.5333333333333,494.5,541.0,577.5,31.928407790049782,42.927216262763764,536.8958333333334,519.3833333333333,0.03259959046909905,0.06298256796146608,0.06994633777786287,
02,23,521,75,464.8700000000003,71.45600000000009,172.55,2.74726666666667,0.3296719999999982,0.32967199999998176,0.8064516129032308,0.09677419354838704,0.09677419354838221,0.34641016151423665,0.346410161514228,6.09,2.0300000000000002,2.0300000000000002,0.33333333333327864,25.096281,57.69259999999996,,,0.718516797094176,651.12,2390.6122666666665,622.5,646.0,692.0,29.547749870206317,38.906939061066765,651.0833333333334,627.8166666666667,0.03573330056927543,0.04025283793565552,0.04323750170532915,
02,23,522,75,422.646,56.43400000000004,196.91000000000014,2.7472666666666354,0.3296720000000094,0.32967199999999786,0.8064516129032223,0.09677419354839055,0.09677419354838715,0.3464101615142447,0.34641016151423865,6.09,2.0300000000000002,2.0300000000000002,0.33333333333327864,25.096281,57.69259999999997,,,0.7185167970941759,701.5866666666667,7613.949155555554,660.0,716.0,751.5,61.135815307490205,79.55294469748308,680.9583333333334,646.2,0.049542465649290095,0.05046906284719871,0.04832038527912132,
02,23,527,75,397.8799999999997,77.54600000000008,223.29999999999995,2.747266666666669,0.3296719999999976,0.3296719999999818,0.8064516129032308,0.0967741935483869,0.09677419354838226,0.34641016151423637,0.34641016151422804,6.09,2.0300000000000002,2.0300000000000002,0.33333333333327864,25.096281,57.69259999999997,,,0.7185167970941759,775.1466666666666,5835.325155555555,728.5,767.0,818.5,63.760106279445914,80.61397761148268,753.3958333333334,707.1833333333333,0.0596177497591854,0.013797955074982993,0.003433903502757407,
02,23,530,75,283.79400000000015,82.01199999999993,58.869999999999955,2.7472666666666594,0.3296720000000024,0.3296719999999909,0.806451612903227,0.0967741935483882,0.09677419354838483,0.34641016151423953,0.3464101615142335,6.09,2.0300000000000002,2.0300000000000002,0.33333333333327864,25.096281,57.69259999999996,,,0.718516797094176,768.7066666666667,4723.887288888888,730.0,773.0,820.5,47.28656787047058,61.651908200207316,766.7916666666666,754.0333333333333,0.016597141519088306,0.04210836155008339,0.044866028972975903,
02,23,533,75,362.55800000000005,71.45600000000009,97.44000000000005,2.7472666666666528,0.32967199999999836,0.3296719999999817,0.8064516129032298,0.09677419354838758,0.0967741935483827,0.34641016151423776,0.34641016151422904,6.09,2.0300000000000002,2.0300000000000002,0.33333333333327864,25.096281,57.69259999999996,,,0.718516797094176,651.4,2572.3733333333334,619.0,643.0,677.0,35.729339889171534,48.11499454164501,650.5833333333334,634.05,0.025381230170914017,0.01699995847156836,0.011281039650537285,
02,23,536,75,266.74199999999996,119.77000000000007,42.62999999999999,2.7472666666666696,0.3296720000000094,0.3296719999999981,0.8064516129032242,0.09677419354838956,0.09677419354838623,0.34641016151424253,0.3464101615142366,6.09,2.0300000000000002,2.0300000000000002,0.33333333333327864,25.096281,57.69259999999997,,,0.7185167970941759,1037.0933333333332,9695.284622222222,972.0,1037.0,1100.5,83.02442105838762,113.60723736994063,1017.1041666666666,924.7,0.08909918104445744,0.023944323697355645,0.022044210999279314,
02,23,541,75,241.1640000000001,105.96600000000014,44.66000000000004,2.74726666666667,0.3296720000000096,0.3296720000000002,0.8064516129032238,0.09677419354838955,0.09677419354838677,0.34641016151424264,0.34641016151423765,6.09,2.0300000000000002,2.0300000000000002,0.33333333333327864,25.096281,57.69259999999997,,,0.7185167970941759,906.9066666666666,15181.12462222222,814.0,873.0,998.5,72.61905419162647,102.61737226366729,890.9166666666666,833.2666666666667,0.06356773207092231,0.04983345475587746,0.04694213119641179,
02,23,546,75,360.9339999999998,64.96,203.0000000000002,2.7472666666666665,0.3296720000000094,0.3296719999999983,0.806451612903224,0.09677419354838965,0.09677419354838639,0.34641016151424275,0.3464101615142369,6.09,2.0300000000000002,2.0300000000000002,0.33333333333327864,25.096281,57.69259999999996,,,0.718516797094176,601.9866666666667,2542.9731555555554,574.0,597.0,637.5,38.6854421928203,52.80624941790995,588.8958333333334,570.8666666666667,0.029949445170435667,0.01554436786082047,0.010416665498862101,
02,23,551,75,298.004,86.47800000000005,66.99000000000002,2.74726666666667,0.3296720000000094,0.32967199999999797,0.8064516129032243,0.09677419354838956,0.0967741935483862,0.34641016151424253,0.3464101615142365,6.09,2.0300000000000002,2.0300000000000002,0.33333333333327864,25.096281,57.69259999999997,,,0.7185167970941759,857.84,6591.5744,809.0,856.0,914.0,51.703169335656355,65.35479373011435,843.2083333333334,804.6333333333333,0.044967593024340204,0.0505993992440421,0.055890001902528304,
02,23,554,75,313.0260000000001,71.45600000000009,77.13999999999996,2.7472666666666505,0.3296720000000094,0.32967199999999813,0.8064516129032231,0.0967741935483901,0.09677419354838679,0.34641016151424375,0.3464101615142378,6.09,2.0300000000000002,2.0300000000000002,0.33333333333327864,25.096281,57.69259999999996,,,0.718516797094176,786.24,5435.995733333333,739.5,779.0,827.0,57.46605271207609,76.25008148765497,773.6875,726.05,0.06058900590150588,0.016727720537730313,0.0033023747549780873,
02,23,559,75,261.464,90.53800000000007,56.83999999999996,2.74726666666667,0.3296720000000032,0.3296719999999909,0.8064516129032274,0.09677419354838811,0.0967741935483845,0.34641016151423926,0.3464101615142328,6.09,2.0300000000000002,2.0300000000000002,0.33333333333327864,25.096281,57.69259999999996,,,0.718516797094176,699.84,2924.7210666666665,660.0,697.0,737.0,44.1698520464911,57.57272076751409,703.0416666666666,703.3,-0.0003691319920743675,0.014883521838541261,0.00998686947410207,
02,23,564,75,354.8439999999999,92.16200000000008,217.20999999999978,2.747266666666668,0.32967200000000074,0.3296719999999817,0.80645161290323,0.09677419354838777,0.09677419354838218,0.3464101615142381,0.3464101615142281,6.09,2.0300000000000002,2.0300000000000002,0.33333333333327864,25.096281,57.69259999999996,,,0.718516797094176,846.5466666666666,12903.554488888889,747.0,840.0,946.0,73.82070662808937,97.416371579238,831.9791666666666,773.6,0.06896154573089085,0.0344799506214144,0.009509997032712337,
02,23,567,75,409.65400000000005,84.4480000000001,223.29999999999995,2.7472666666666696,0.32967199999999824,0.3296719999999817,0.8064516129032308,0.09677419354838707,0.09677419354838221,0.34641016151423665,0.346410161514228,6.09,2.0300000000000002,2.0300000000000002,0.33333333333327864,25.096281,57.69259999999996,,,0.718516797094176,680.4266666666666,2323.7912888888886,649.0,675.0,704.0,40.47470063760454,53.019606858545146,674.1041666666666,626.0833333333334,0.07057459045304885,0.014513752519887414,0.010031810554968473,
02,23,572,75,314.65,80.38799999999995,196.91000000000014,2.7472666666666345,0.3296720000000094,0.329672,0.8064516129032218,0.09677419354839051,0.09677419354838775,0.34641016151424475,0.3464101615142398,6.09,2.0300000000000002,2.0300000000000002,0.33333333333327864,25.096281,57.69259999999996,,,0.718516797094176,803.48,5872.8096,728.5,833.0,864.5,44.222634942458704,56.43978079346844,793.1666666666666,738.0333333333333,0.0686181775941321,0.06302487713516497,0.06999587356772831,
02,23,577,75,304.9060000000002,106.7780000000001,211.12,2.7472666666666705,0.32967200000000946,0.32967199999999774,0.8064516129032243,0.09677419354838956,0.09677419354838612,0.34641016151424253,0.34641016151423637,6.09,2.0300000000000002,2.0300000000000002,0.33333333333327864,25.096281,57.69259999999997,,,0.7185167970941759,923.3066666666666,12833.732622222222,837.5,912.0,1009.5,64.617082446992,79.60431668001061,911.0833333333334,856.6333333333333,0.05897282231977818,0.0834585073944914,0.09218129432891142,
02,23,580,75,255.7800000000001,102.31199999999993,182.69999999999985,2.7472666666666687,0.3296720000000094,0.32967200000000274,0.8064516129032231,0.09677419354838945,0.09677419354838751,0.3464101615142426,0.3464101615142391,6.09,2.0300000000000002,2.0300000000000002,0.33333333333327864,25.096281,57.69259999999997,,,0.7185167970941759,698.2933333333333,1532.7406222222219,672.0,699.0,727.5,27.72911608783682,37.78553233980389,694.6041666666666,690.6166666666667,0.005710350950889715,0.027097969356292093,0.030097125362489777,
02,23,583,75,279.734,107.18400000000007,42.62999999999999,2.74726666666667,0.3296719999999984,0.3296719999999909,0.8064516129032284,0.09677419354838683,0.09677419354838462,0.3464101615142367,0.3464101615142328,6.09,2.0300000000000002,2.0300000000000002,0.33333333333327864,25.096281,57.69259999999997,,,0.7185167970941759,1006.7333333333333,7385.60888888889,950.5,999.0,1049.0,70.86048768466672,92.03734530041032,1002.4375,934.0,0.06797976955168525,0.023275126072520688,0.02493123458482183,
02,23,586,75,324.39399999999983,79.576,79.16999999999994,2.747266666666669,0.32967200000000946,0.3296719999999979,0.8064516129032243,0.0967741935483896,0.0967741935483862,0.3464101615142426,0.34641016151423654,6.09,2.0300000000000002,2.0300000000000002,0.33333333333327864,25.096281,57.69259999999997,,,0.7185167970941759,763.4133333333333,4594.775822222222,721.0,767.0,807.0,46.35276792035258,59.9087063675281,750.6666666666666,743.7666666666667,0.009038354058963211,0.016793581488712045,0.009775541536669317,
02,23,591,75,294.35,111.24399999999984,207.06,2.74726666666667,0.3296720000000094,0.3296720000000023,0.8064516129032233,0.09677419354838944,0.09677419354838734,0.34641016151424253,0.34641016151423876,6.09,2.0300000000000002,2.0300000000000002,0.33333333333327864,25.096281,57.69259999999997,,,0.7185167970941759,810.5333333333333,8516.755555555555,735.5,805.0,894.5,52.448446226727334,65.72408843893663,800.2708333333334,748.3333333333334,0.06407817897680532,0.07204924677027671,0.07817091793046745,
02,23,596,75,298.004,82.41799999999994,196.91000000000014,2.747266666666636,0.3296720000000094,0.3296720000000008,0.8064516129032216,0.09677419354839044,0.09677419354838791,0.34641016151424464,0.34641016151424014,6.09,2.0300000000000002,2.0300000000000002,0.33333333333327864,25.096281,57.69259999999997,,,0.7185167970941759,800.7733333333333,3692.4419555555546,758.0,798.0,851.0,46.19540714240461,62.347261521734396,794.4791666666666,759.0,0.04430612907522718,0.027160766371692967,0.02830506979063084,
02,23,599,75,386.1060000000003,88.50799999999992,217.20999999999978,2.7472666666666674,0.32967199999999786,0.32967199999998176,0.8064516129032308,0.09677419354838702,0.0967741935483823,0.3464101615142366,0.34641016151422815,6.09,2.0300000000000002,2.0300000000000002,0.33333333333327864,25.096281,57.692599999999956,,,0.7185167970941762,729.9866666666667,2160.1731555555557,696.0,730.0,764.0,46.5031814797322,61.751320737081656,719.4375,671.9166666666666,0.0650982209720725,0.009853019186479633,0.007292678004653252,
02,23,602,75,246.03600000000006,107.99600000000007,192.84999999999985,2.7472666666666683,0.32967199999999836,0.32967199999999564,0.8064516129032274,0.09677419354838675,0.09677419354838594,0.3464101615142368,0.34641016151423537,6.09,2.0300000000000002,2.0300000000000002,0.33333333333327864,25.096281,57.69259999999997,,,0.7185167970941759,835.6266666666667,6368.207288888889,781.5,821.0,879.5,57.96862044349867,80.88268617580903,825.4583333333334,789.9,0.04255289443451623,0.03215067784329155,0.03202956414694935,
02,23,607,75,277.2980000000001,113.68000000000015,211.12,2.7472666666666705,0.32967200000000096,0.3296719999999909,0.806451612903228,0.0967741935483875,0.09677419354838455,0.34641016151423804,0.34641016151423276,6.09,2.0300000000000002,2.0300000000000002,0.33333333333327864,25.096281,57.69259999999996,,,0.718516797094176,895.56,14430.0064,811.0,883.0,947.0,92.18499359368035,125.02918078916717,879.7083333333334,808.1,0.07995928059910366,0.03733927904870655,0.030341915910993743,
02,23,608,75,319.11600000000027,97.43999999999997,77.13999999999996,2.74726666666665,0.32967200000000263,0.32967199999999103,0.8064516129032263,0.09677419354838852,0.09677419354838511,0.3464101615142402,0.3464101615142341,6.09,2.0300000000000002,2.0300000000000002,0.33333333333327864,25.096281,57.69259999999997,,,0.7185167970941759,673.7333333333333,1673.8222222222216,641.5,674.0,701.0,38.89401900485054,48.74946303224767,665.2291666666666,651.2333333333333,0.020773550366119026,0.007239476854644731,0.005938303849003694,
02,23,611,75,270.802,125.04799999999993,213.14999999999995,2.747266666666669,0.3296720000000094,0.3296720000000025,0.8064516129032231,0.09677419354838945,0.09677419354838743,0.34641016151424253,0.3464101615142389,6.09,2.0300000000000002,2.0300000000000002,0.33333333333327864,25.096281,57.69259999999997,,,0.7185167970941759,761.76,2584.3957333333337,720.0,751.0,796.0,36.834230618944254,45.917044745358666,754.0,724.3,0.03898865784499055,0.03818994938246583,0.040580446011795376,
02,23,614,75,263.0880000000001,113.27400000000013,207.06,2.747266666666671,0.3296720000000094,0.3296720000000027,0.8064516129032232,0.0967741935483894,0.09677419354838743,0.3464101615142425,0.3464101615142389,6.09,2.0300000000000002,2.0300000000000002,0.33333333333327864,25.096281,57.69259999999997,,,0.7185167970941759,870.5333333333333,12437.635555555555,788.0,853.0,917.5,65.99958939863915,93.81109664747285,854.7916666666666,828.3166666666667,0.03041239087149626,0.060569205258399705,0.06387281799788776,
02,23,619,75,278.92200000000014,122.20600000000006,48.72,2.74726666666666,0.3296720000000094,0.32967200000000296,0.8064516129032225,0.0967741935483897,0.0967741935483878,0.34641016151424314,0.34641016151423976,6.09,2.0300000000000002,2.0300000000000002,0.33333333333327864,25.096281,57.69259999999997,,,0.7185167970941759,944.0,11253.386666666667,866.5,926.0,1038.0,98.42880352135188,127.2507753028564,900.8541666666666,816.6666666666666,0.08918167372881346,0.03981978027327672,0.04367910734833499,
02,23,620,75,434.014,105.96600000000014,221.26999999999987,2.747266666666667,0.3296720000000005,0.3296719999999909,0.8064516129032279,0.09677419354838748,0.09677419354838467,0.34641016151423804,0.346410161514233,6.09,2.0300000000000002,2.0300000000000002,0.33333333333327864,25.096281,57.69259999999997,,,0.7185167970941759,630.4666666666667,2890.968888888888,590.5,623.0,658.5,27.274450255219406,34.12651166272029,629.6875,633.4333333333333,-0.005941366183779117,0.05585158948446951,0.06097175483253717,
02,23,621,75,198.94000000000003,109.21399999999994,36.54000000000002,2.747266666666661,0.32967200000000263,0.32967199999999564,0.806451612903226,0.09677419354838808,0.09677419354838603,0.34641016151423953,0.3464101615142358,6.09,2.0300000000000002,2.0300000000000002,0.33333333333327864,25.096281,57.69259999999997,,,0.7185167970941759,893.4133333333333,19867.49582222222,781.5,872.0,972.0,102.05419763326498,134.22235194992035,869.7708333333334,799.3166666666667,0.0788595424290361,0.046301591405063756,0.037013228137288356,
02,23,626,75,386.1060000000003,56.84000000000004,125.8599999999999,2.747266666666669,0.3296719999999983,0.32967199999998176,0.8064516129032308,0.0967741935483871,0.09677419354838224,0.3464101615142367,0.34641016151422804,6.09,2.0300000000000002,2.0300000000000002,0.33333333333327864,25.096281,57.692599999999956,,,0.7185167970941762,579.1333333333333,3430.9955555555557,543.5,561.0,598.5,40.2477059517268,54.310265735063254,585.125,569.15,0.027584321399792784,0.03427279675257162,0.031101498633360085,
02,23,631,75,456.3439999999998,70.64400000000005,200.96999999999997,2.74726666666667,0.3296720000000003,0.329671999999991,0.806451612903228,0.09677419354838733,0.0967741935483846,0.3464101615142377,0.3464101615142328,6.09,2.0300000000000002,2.0300000000000002,0.33333333333327864,25.096281,57.69259999999996,,,0.718516797094176,544.2666666666667,1418.0088888888888,515.0,545.0,570.0,30.51546070364019,42.146387720323006,540.1666666666666,530.6166666666667,0.017546545810876904,0.016498466435396122,0.004650550099615107,
02,23,636,75,462.0279999999999,79.17000000000004,146.16000000000008,2.7472666666666714,0.3296720000000094,0.3296719999999981,0.8064516129032243,0.09677419354838951,0.09677419354838619,0.3464101615142424,0.3464101615142365,6.09,2.0300000000000002,2.0300000000000002,0.33333333333327864,25.096281,57.69259999999996,,,0.718516797094176,687.4933333333333,5477.3166222222235,637.0,685.0,730.5,52.80397690162013,67.83191294711855,677.7291666666666,675.5,0.003242455684418698,0.032122230907994855,0.019216062234846745,
02,23,641,75,218.4280000000001,93.38000000000008,46.68999999999995,2.7472666666666696,0.3296719999999978,0.32967199999999564,0.8064516129032275,0.09677419354838655,0.09677419354838593,0.3464101615142364,0.3464101615142353,6.09,2.0300000000000002,2.0300000000000002,0.33333333333327864,25.096281,57.69259999999996,,,0.718516797094176,995.4,6468.8533333333335,937.0,1001.0,1058.0,50.819738680312206,66.9525002265718,982.375,936.65,0.04593630701225636,0.04444895357408698,0.047739703646709,
02,23,646,75,459.18600000000004,77.54600000000008,182.69999999999985,2.747266666666669,0.3296720000000094,0.32967199999999813,0.8064516129032242,0.09677419354838958,0.09677419354838626,0.34641016151424253,0.34641016151423665,6.09,2.0300000000000002,2.0300000000000002,0.33333333333327864,25.096281,57.69259999999996,,,0.718516797094176,563.6533333333333,1060.9198222222221,534.5,569.0,586.0,22.566442334311326,27.40352242586019,560.9375,555.75,0.00920335194209205,0.01410669385107404,0.014717566226741533,
02,23,651,75,172.95599999999996,105.56000000000012,66.99000000000002,2.747266666666671,0.32967200000000274,0.32967200000000013,0.8064516129032254,0.0967741935483877,0.09677419354838694,0.3464101615142389,0.3464101615142376,6.09,2.0300000000000002,2.0300000000000002,0.33333333333327864,25.096281,57.69259999999996,,,0.718516797094176,696.0533333333333,2225.943822222222,670.5,692.0,719.0,32.566659270586825,43.907577601612665,690.3958333333334,673.35,0.024489263274844828,0.010906347034712667,0.004527924300412854,
02,23,654,75,183.51200000000006,94.19200000000001,42.62999999999999,2.74726666666667,0.32967200000000046,0.32967199999999564,0.806451612903227,0.09677419354838725,0.09677419354838583,0.3464101615142378,0.34641016151423526,6.09,2.0300000000000002,2.0300000000000002,0.33333333333327864,25.096281,57.69259999999996,,,0.718516797094176,894.2266666666667,5762.868622222222,852.0,902.0,931.0,55.72290418338762,76.39065905501971,880.8541666666666,822.05,0.06575979990159088,0.032867347556459106,0.034295120826518984,
02,23,659,75,277.2980000000001,97.03399999999989,58.869999999999955,2.7472666666666603,0.32967200000000063,0.3296719999999909,0.8064516129032274,0.0967741935483877,0.09677419354838485,0.3464101615142385,0.34641016151423343,6.09,2.0300000000000002,2.0300000000000002,0.33333333333327864,25.096281,57.69259999999997,,,0.7185167970941759,816.5066666666667,3893.769955555556,766.5,833.0,853.5,39.79724341788856,55.021388153997634,813.5,779.45,0.04170204774813014,0.03848542014171087,0.042839470827282226,
02,23,662,75,304.0939999999998,74.70399999999992,75.11000000000011,2.7472666666666523,0.3296719999999984,0.3296719999999817,0.8064516129032296,0.0967741935483876,0.0967741935483827,0.34641016151423787,0.3464101615142291,6.09,2.0300000000000002,2.0300000000000002,0.33333333333327864,25.096281,57.69259999999997,,,0.7185167970941759,789.4266666666666,3844.751288888889,747.5,797.0,837.0,41.22994708338238,54.77480609370086,789.2083333333334,764.8166666666667,0.03089795125576362,0.035073937779629055,0.036179485197126986,
02,23,665,75,336.9800000000001,82.01199999999993,79.16999999999994,2.747266666666669,0.3296720000000094,0.3296720000000027,0.8064516129032231,0.09677419354838945,0.09677419354838747,0.34641016151424253,0.34641016151423903,6.09,2.0300000000000002,2.0300000000000002,0.33333333333327864,25.096281,57.69259999999997,,,0.7185167970941759,732.84,5476.1344,676.5,725.0,773.5,48.64980163790597,63.25266810574476,728.6666666666666,707.1,0.029428888525007607,0.05776422564551651,0.06277143355905256,
02,23,670,75,343.88199999999995,77.54600000000008,85.26000000000006,2.7472666666666714,0.329671999999998,0.329671999999991,0.8064516129032286,0.09677419354838669,0.09677419354838461,0.3464101615142364,0.34641016151423276,6.09,2.0300000000000002,2.0300000000000002,0.33333333333327864,25.096281,57.69259999999997,,,0.7185167970941759,746.4933333333333,5951.876622222222,696.0,758.0,809.0,72.99900926607697,93.31069627045045,718.5,660.7833333333333,0.07731705574508362,0.0172427404441019,0.007897063578513037,
02,23,675,75,355.25,82.82399999999997,91.35000000000002,2.74726666666667,0.3296720000000023,0.3296719999999817,0.8064516129032298,0.09677419354838813,0.09677419354838208,0.34641016151423876,0.34641016151422793,6.09,2.0300000000000002,2.0300000000000002,0.33333333333327864,25.096281,57.69259999999997,,,0.7185167970941759,666.48,2544.7029333333335,632.0,662.0,693.0,41.91391182060613,50.355530486882124,667.0208333333334,648.6666666666666,0.027538960909054607,0.032393915617157105,0.03594407886870514,
02,23,680,75,189.60200000000015,108.40200000000003,30.450000000000017,2.7472666666666656,0.3296720000000027,0.3296719999999957,0.8064516129032262,0.09677419354838797,0.09677419354838591,0.34641016151423926,0.3464101615142356,6.09,2.0300000000000002,2.0300000000000002,0.33333333333327864,25.096281,57.69259999999997,,,0.7185167970941759,1224.3733333333332,19309.433955555556,1111.0,1211.0,1336.5,130.8790213837085,159.6486796906472,1168.3541666666667,1043.55,0.10193309774796362,0.038686367687709625,0.04281298772885885,
02,23,685,75,173.36200000000002,116.52199999999999,79.16999999999994,2.7472666666666696,0.32967199999999774,0.32967199999999564,0.8064516129032275,0.09677419354838654,0.09677419354838593,0.3464101615142364,0.3464101615142353,6.09,2.0300000000000002,2.0300000000000002,0.33333333333327864,25.096281,57.69259999999996,,,0.718516797094176,634.4933333333333,1182.0366222222221,612.0,635.0,653.5,27.40326413110482,36.25234469605587,627.125,625.25,0.0029551137915817295,0.014749913837432722,0.01618854990024624,
02,23,695,75,268.3660000000002,105.56000000000012,38.56999999999994,2.7472666666666594,0.32967200000000285,0.3296719999999817,0.806451612903229,0.09677419354838857,0.09677419354838236,0.3464101615142397,0.34641016151422865,6.09,2.0300000000000002,2.0300000000000002,0.33333333333327864,25.096281,57.69259999999997,,,0.7185167970941759,1050.3466666666666,10313.746488888886,979.0,1053.0,1120.0,71.98102815925363,93.91658375276273,1035.4791666666667,959.7333333333333,0.07211507946582715,0.050282179029618713,0.05477272496581577,
02,23,700,75,284.2000000000001,150.626,48.72,2.7472666666666608,0.32967200000000013,0.3296719999999817,0.8064516129032298,0.09677419354838783,0.09677419354838242,0.3464101615142382,0.34641016151422854,6.09,2.0300000000000002,2.0300000000000002,0.33333333333327864,25.096281,57.69259999999997,,,0.7185167970941759,1112.88,16076.265599999999,1019.0,1078.0,1181.5,100.75321015899797,119.14582428418323,1088.8958333333333,1031.3166666666666,0.05173888170033301,0.04170886283000969,0.04405008151721669,
02,23,701,75,385.2940000000002,120.58200000000014,229.38999999999984,2.747266666666669,0.32967200000000946,0.3296720000000003,0.8064516129032236,0.09677419354838952,0.09677419354838683,0.3464101615142426,0.34641016151423776,6.09,2.0300000000000002,2.0300000000000002,0.33333333333327864,25.096281,57.69259999999997,,,0.7185167970941759,913.4933333333333,21111.449955555556,792.5,925.0,1010.5,98.3037010992521,135.81227548084217,881.125,789.9833333333333,0.09977266756188684,0.09450908936535521,0.10409401836339534,
02,23,702,75,181.88800000000012,171.738,32.48000000000004,2.747266666666671,0.32967200000000013,0.3296719999999957,0.8064516129032271,0.09677419354838714,0.09677419354838583,0.3464101615142376,0.34641016151423526,6.09,2.0300000000000002,2.0300000000000002,0.33333333333327864,25.096281,57.69259999999996,,,0.718516797094176,1166.7866666666666,69934.80782222221,953.0,1064.0,1329.0,146.17580957637827,205.24268536986807,1126.0416666666667,1030.3333333333333,0.0820272771943458,0.11832604341016639,0.1231476776488159,
02,23,707,75,247.6600000000001,166.45999999999998,46.68999999999995,2.7472666666666696,0.3296720000000007,0.3296720000000004,0.8064516129032256,0.09677419354838718,0.0967741935483871,0.346410161514238,0.3464101615142378,6.09,2.0300000000000002,2.0300000000000002,0.33333333333327864,25.096281,57.69259999999997,,,0.7185167970941759,1063.2266666666667,11940.97528888889,997.0,1056.0,1154.0,77.25861311266094,101.9523288190091,1054.8333333333333,1004.2,0.047622332020766815,0.04046520581964756,0.041576388438437584,
02,23,712,75,291.5080000000001,159.96400000000006,58.869999999999955,2.7472666666666603,0.32967199999999586,0.3296719999999909,0.8064516129032285,0.09677419354838643,0.09677419354838498,0.346410161514236,0.34641016151423343,6.09,2.0300000000000002,2.0300000000000002,0.33333333333327864,25.096281,57.69259999999997,,,0.7185167970941759,953.5733333333334,15437.177955555553,868.0,941.0,1039.5,86.45291857382045,112.1269742106214,954.7083333333334,953.6166666666667,0.0011448166895047707,0.021562693256047035,0.007192494840215732,
02,23,713,75,403.56399999999996,67.39599999999994,215.17999999999978,2.747266666666667,0.3296720000000094,0.3296719999999982,0.8064516129032241,0.09677419354838963,0.09677419354838634,0.3464101615142427,0.3464101615142368,6.09,2.0300000000000002,2.0300000000000002,0.33333333333327864,25.096281,57.69259999999996,,,0.718516797094176,596.44,2942.6197333333334,568.0,592.0,627.0,38.06490873033235,56.27875739354177,595.5,576.15,0.03244249211991145,0.02000108247818894,0.0059138643110310755,
02,23,716,75,290.28999999999996,96.62799999999989,205.02999999999986,2.7472666666666674,0.3296720000000094,0.3296720000000023,0.8064516129032231,0.09677419354838951,0.09677419354838743,0.3464101615142427,0.3464101615142389,6.09,2.0300000000000002,2.0300000000000002,0.33333333333327864,25.096281,57.69259999999997,,,0.7185167970941759,659.1333333333333,1610.1422222222222,631.0,665.0,685.5,28.138421343563987,34.01182561916514,658.0208333333334,661.95,-0.005961110549206031,0.02932291410998235,0.032306408663866394,
02,23,719,75,325.20599999999985,99.47000000000008,211.12,2.74726666666667,0.32967200000000946,0.3296720000000029,0.8064516129032231,0.09677419354838943,0.0967741935483875,0.34641016151424253,0.3464101615142391,6.09,2.0300000000000002,2.0300000000000002,0.33333333333327864,25.096281,57.69259999999996,,,0.718516797094176,818.6666666666666,5480.248888888889,756.0,803.0,875.5,61.30934270785269,86.70234130531517,800.7083333333334,746.2833333333333,0.06648004885993486,0.03221600390340121,0.03267316122701791,
02,23,720,75,419.39799999999974,115.30400000000006,223.29999999999995,2.7472666666666696,0.3296720000000095,0.32967200000000246,0.8064516129032231,0.09677419354838945,0.09677419354838739,0.3464101615142426,0.34641016151423887,6.09,2.0300000000000002,2.0300000000000002,0.33333333333327864,25.096281,57.69259999999996,,,0.718516797094176,659.32,5983.977600000001,600.0,659.0,700.0,48.46089596667623,69.18599258142562,656.9583333333334,641.4333333333333,0.023546987805618008,0.06655662563805825,0.07170289394483619,
02,23,726,75,263.0880000000001,104.34199999999998,194.8799999999999,2.7472666666666314,0.3296720000000094,0.32967200000000263,0.806451612903221,0.09677419354839052,0.09677419354838854,0.3464101615142449,0.34641016151424137,6.09,2.0300000000000002,2.0300000000000002,0.33333333333327864,25.096281,57.69259999999997,,,0.7185167970941759,696.1333333333333,1420.2755555555555,671.5,695.0,721.0,28.251642783686343,36.19984191026565,690.2083333333334,679.5,0.015382589542233321,0.01030473516480176,0.010462290991073807,
02,23,727,75,267.5540000000001,98.65800000000007,200.96999999999997,2.74726666666667,0.3296720000000094,0.3296720000000025,0.8064516129032232,0.09677419354838943,0.0967741935483874,0.34641016151424253,0.34641016151423887,6.09,2.0300000000000002,2.0300000000000002,0.33333333333327864,25.096281,57.69259999999996,,,0.718516797094176,955.7466666666667,10355.309155555555,884.0,945.0,1018.5,88.8944111581823,107.65420310439396,917.0,838.9,0.0817162148965555,0.03634187211958285,0.03694003169525154,
02,23,732,75,308.9659999999999,93.38000000000008,209.09000000000034,2.7472666666666674,0.3296720000000094,0.3296719999999982,0.8064516129032241,0.09677419354838962,0.09677419354838633,0.3464101615142427,0.34641016151423676,6.09,2.0300000000000002,2.0300000000000002,0.33333333333327864,25.096281,57.69259999999997,,,0.7185167970941759,802.8,7164.106666666667,748.0,796.0,855.5,56.65426799841318,72.61809026381425,801.75,780.0666666666667,0.02700963295133689,0.049774227326530335,0.05099543917225742,
02,23,737,75,328.86,73.48599999999992,203.0000000000002,2.747266666666667,0.3296720000000094,0.3296720000000013,0.8064516129032233,0.09677419354838955,0.09677419354838716,0.3464101615142427,0.3464101615142384,6.09,2.0300000000000002,2.0300000000000002,0.33333333333327864,25.096281,57.69259999999996,,,0.718516797094176,796.3066666666666,5051.172622222222,749.5,798.0,828.0,60.84302706013846,73.85365119733584,779.7708333333334,722.1166666666667,0.07240196406744465,0.01804766834930201,0.007833707966454507,
02,23,742,75,370.67800000000034,84.4480000000001,219.24000000000004,2.747266666666671,0.3296719999999974,0.32967199999998176,0.806451612903231,0.09677419354838682,0.09677419354838221,0.34641016151423615,0.34641016151422793,6.09,2.0300000000000002,2.0300000000000002,0.33333333333327864,25.096281,57.69259999999996,,,0.718516797094176,670.5866666666667,5331.282488888889,621.5,669.0,727.0,45.79488199437651,56.465234133999786,659.2916666666666,634.2,0.03741748518709967,0.06201052915828709,0.06562785677016802,
02,23,743,75,424.26999999999987,77.14000000000007,215.17999999999978,2.7472666666666674,0.32967200000000946,0.3296719999999982,0.8064516129032241,0.09677419354838963,0.09677419354838633,0.3464101615142427,0.34641016151423676,6.09,2.0300000000000002,2.0300000000000002,0.33333333333327864,25.096281,57.69259999999996,,,0.718516797094176,718.3333333333334,7403.182222222224,645.0,704.0,781.5,52.91042614101954,66.40622790922424,706.6875,668.2666666666667,0.053486078886310844,0.05598809527732788,0.05792389665545869,
02,23,744,75,373.5199999999999,61.71200000000003,203.0000000000002,2.747266666666667,0.3296720000000094,0.3296719999999981,0.8064516129032241,0.09677419354838963,0.09677419354838632,0.3464101615142427,0.34641016151423676,6.09,2.0300000000000002,2.0300000000000002,0.33333333333327864,25.096281,57.69259999999997,,,0.7185167970941759,692.4666666666667,3381.2355555555555,669.0,711.0,726.0,51.228042563135254,66.62778011207126,671.3333333333334,629.4333333333333,0.06050832771733902,0.007812978061418096,0.0022167327989774943,
02,23,749,75,352.40799999999996,73.89199999999992,196.91000000000014,2.7472666666666345,0.3296720000000094,0.3296720000000028,0.8064516129032212,0.09677419354839042,0.0967741935483885,0.34641016151424475,0.34641016151424125,6.09,2.0300000000000002,2.0300000000000002,0.33333333333327864,25.096281,57.69259999999997,,,0.7185167970941759,650.7733333333333,4265.721955555555,594.5,653.0,694.5,34.08555965071765,43.096095663033886,641.2083333333334,611.5666666666667,0.04554837321750523,0.0746563093314496,0.08288256659160137,
02,23,754,75,345.9119999999998,74.70399999999992,203.0000000000002,2.7472666666666656,0.3296720000000094,0.3296719999999981,0.806451612903224,0.09677419354838968,0.09677419354838634,0.3464101615142428,0.34641016151423687,6.09,2.0300000000000002,2.0300000000000002,0.33333333333327864,25.096281,57.69259999999996,,,0.718516797094176,701.3466666666667,5024.013155555556,648.5,702.0,748.5,55.18983091807786,72.44605729466552,687.8541666666666,647.0666666666667,0.05815597612212674,0.021605318501494282,0.0029570274074584017,
02,23,759,75,437.2620000000002,59.275999999999925,186.76000000000033,2.7472666666666683,0.3296719999999979,0.3296719999999817,0.8064516129032308,0.09677419354838702,0.09677419354838226,0.3464101615142366,0.34641016151422804,6.09,2.0300000000000002,2.0300000000000002,0.33333333333327864,25.096281,57.69259999999996,,,0.718516797094176,661.4666666666667,2433.8222222222225,631.5,651.0,695.5,38.43697495809676,53.35326974280605,656.4791666666666,629.9333333333333,0.04013177786736541,0.015175033702957814,0.008393736268165575,
02,23,764,75,434.8259999999998,62.929999999999986,211.12,2.747266666666671,0.3296720000000094,0.32967200000000113,0.8064516129032235,0.09677419354838944,0.09677419354838701,0.3464101615142425,0.3464101615142381,6.09,2.0300000000000002,2.0300000000000002,0.33333333333327864,25.096281,57.69259999999996,,,0.718516797094176,690.6666666666666,3467.5288888888886,647.5,683.0,713.5,40.67042250285565,51.839569570717345,687.3541666666666,677.4333333333333,0.014364140926640928,0.02427520075424221,0.017236274348356995,
02,23,769,75,306.1240000000002,82.41799999999994,207.06,2.74726666666667,0.32967200000000946,0.3296720000000002,0.8064516129032238,0.0967741935483895,0.09677419354838677,0.34641016151424253,0.34641016151423765,6.09,2.0300000000000002,2.0300000000000002,0.33333333333327864,25.096281,57.69259999999996,,,0.718516797094176,891.0533333333333,11155.090488888889,811.0,887.0,966.0,74.62859113985766,93.0207387305489,871.9166666666666,828.3333333333334,0.048912148917386024,0.04235327528136102,0.04066660984924638,
02,23,774,75,303.6879999999999,100.28200000000007,48.72,2.7472666666666603,0.32967199999999824,0.3296719999999817,0.8064516129032302,0.09677419354838733,0.09677419354838247,0.34641016151423726,0.34641016151422854,6.09,2.0300000000000002,2.0300000000000002,0.33333333333327864,25.096281,57.69259999999996,,,0.718516797094176,951.6,14641.733333333334,878.5,958.0,1021.5,69.68054215173626,98.63758809648377,942.9791666666666,902.2666666666667,0.04278320722992847,0.0795191615838552,0.08844521601721675,
02,23,779,75,162.80600000000004,117.73999999999988,56.83999999999996,2.74726666666667,0.3296720000000096,0.32967200000000035,0.8064516129032236,0.09677419354838954,0.09677419354838682,0.34641016151424264,0.34641016151423776,6.09,2.0300000000000002,2.0300000000000002,0.33333333333327864,25.096281,57.69259999999996,,,0.718516797094176,749.5066666666667,7666.516622222224,692.0,768.0,811.0,42.93619896558415,57.16308490306944,743.4375,725.8833333333333,0.023420961343461454,0.07402624865432089,0.08030899606759388,
02,23,784,75,405.1879999999998,65.366,123.82999999999997,2.74726666666667,0.3296720000000024,0.329671999999991,0.8064516129032276,0.0967741935483879,0.09677419354838454,0.3464101615142388,0.3464101615142328,6.09,2.0300000000000002,2.0300000000000002,0.33333333333327864,25.096281,57.69259999999997,,,0.7185167970941759,602.76,1912.7157333333337,571.0,604.0,632.0,36.48004152172495,48.63635287909126,595.8541666666666,596.8333333333334,-0.001624471873824973,0.0216492791729076,0.022784312978961316,
02,23,793,75,397.8799999999997,66.17799999999993,198.9399999999997,2.7472666666666665,0.32967200000000274,0.3296719999999818,0.8064516129032295,0.09677419354838834,0.09677419354838221,0.3464101615142392,0.3464101615142282,6.09,2.0300000000000002,2.0300000000000002,0.33333333333327864,25.096281,57.69259999999997,,,0.7185167970941759,611.6266666666667,2264.2072888888893,581.5,610.0,632.0,32.14203188993564,45.80245109357806,606.2708333333334,591.45,0.024231829874433154,0.020086012628118793,0.013803477033941604,
02,23,798,75,287.4479999999999,91.7560000000001,69.02000000000005,2.747266666666671,0.3296720000000094,0.32967200000000285,0.8064516129032231,0.09677419354838938,0.09677419354838745,0.3464101615142425,0.346410161514239,6.09,2.0300000000000002,2.0300000000000002,0.33333333333327864,25.096281,57.69259999999998,,,0.7185167970941759,690.2266666666667,3262.2819555555557,640.0,693.0,733.0,42.979290448711694,59.56240653873973,679.5,636.9833333333333,0.06159812235594093,0.04465809237537974,0.04916297723940362,
02,23,803,75,357.68600000000004,80.79399999999995,205.02999999999986,2.7472666666666674,0.3296720000000094,0.3296720000000019,0.8064516129032232,0.09677419354838952,0.09677419354838732,0.3464101615142427,0.34641016151423876,6.09,2.0300000000000002,2.0300000000000002,0.33333333333327864,25.096281,57.69259999999997,,,0.7185167970941759,741.0666666666667,8953.182222222222,667.0,730.0,806.0,61.289836958737034,80.27075256107258,719.5208333333334,664.75,0.07390810543360915,0.08085606343207678,0.08891409780614758,
