sequence,frame,label,mask_voxels,center_x,center_y,center_z,eig1,eig2,eig3,eigfrac1,eigfrac2,eigfrac3,axis_ratio21,axis_ratio31,bbox_major,bbox_mid,bbox_minor,bbox_ratio_minor_major,proxy_volume_phys,surface_area_phys,projected_area_px,perimeter_px,sphericity,intensity_mean,intensity_var,intensity_q25,intensity_median,intensity_q75,gradient_mean_inplane,gradient_q75_inplane,boundary_mean_intensity,outside_neighbor_mean_intensity,boundary_contrast_norm,intensity_polarity_norm,intensity_axis_asym_abs,roundness
02,24,1,75,359.71599999999984,124.64199999999995,71.05000000000003,2.74726666666667,0.32967200000000946,0.32967199999999813,0.8064516129032242,0.09677419354838956,0.09677419354838623,0.34641016151424253,0.3464101615142366,6.09,2.0300000000000002,2.0300000000000002,0.33333333333327864,25.096281,57.69259999999996,,,0.718516797094176,1044.64,13296.257066666669,965.0,1040.0,1135.0,94.73413680342213,121.5138195146954,1016.4583333333334,908.8,0.10305783172512378,0.02280410833157424,0.01758612830338875,
02,24,2,75,348.34800000000024,131.95,75.11000000000011,2.7472666666666514,0.3296720000000094,0.32967200000000024,0.8064516129032226,0.09677419354839001,0.09677419354838733,0.3464101615142437,0.34641016151423887,6.09,2.0300000000000002,2.0300000000000002,0.33333333333327864,25.096281,57.69259999999997,,,0.7185167970941759,780.9733333333334,4716.132622222223,739.0,768.0,821.5,54.45950115268749,69.58985546366517,771.4375,716.2833333333333,0.0706223430590886,0.0431775874425965,0.047025954206927026,
02,24,7,75,456.3439999999998,115.71000000000008,146.16000000000008,2.747266666666672,0.32967200000000063,0.329671999999991,0.8064516129032281,0.09677419354838737,0.09677419354838454,0.34641016151423776,0.3464101615142327,6.09,2.0300000000000002,2.0300000000000002,0.33333333333327864,25.096281,57.69259999999996,,,0.718516797094176,713.24,4408.475733333334,665.5,715.0,759.5,44.323633582726906,55.781985880265545,705.6875,687.5166666666667,0.025476464210270486,0.042235365119363995,0.04620296394791109,
02,24,10,75,413.7140000000001,110.43199999999987,103.53000000000013,2.747266666666673,0.32967200000000263,0.3296719999999817,0.8064516129032299,0.09677419354838812,0.09677419354838199,0.34641016151423876,0.34641016151422777,6.09,2.0300000000000002,2.0300000000000002,0.33333333333327864,25.096281,57.69259999999997,,,0.7185167970941759,831.08,6104.7136,768.0,828.0,883.0,65.89085690953033,82.78130805466282,819.7708333333334,760.0666666666667,0.07183925334103404,0.04448427898117336,0.04503562024087351,
02,24,13,75,365.4,128.70200000000006,93.37999999999998,2.74726666666667,0.3296720000000094,0.32967199999999575,0.8064516129032248,0.0967741935483896,0.0967741935483856,0.34641016151424253,0.3464101615142353,6.09,2.0300000000000002,2.0300000000000002,0.33333333333327864,25.096281,57.69259999999996,,,0.718516797094176,714.12,5157.3056,663.5,714.0,764.5,35.92648050218777,50.83378073000827,706.2708333333334,694.2,0.016903088183125116,0.07250959991350879,0.08058404613193099,
02,24,18,75,389.75999999999993,120.58200000000014,91.35000000000002,2.747266666666671,0.32967200000000024,0.329671999999991,0.8064516129032281,0.09677419354838729,0.09677419354838457,0.34641016151423765,0.34641016151423276,6.09,2.0300000000000002,2.0300000000000002,0.33333333333327864,25.096281,57.69259999999997,,,0.7185167970941759,711.92,8546.286933333333,636.0,732.0,785.0,42.63208600250546,53.31185604976252,699.8333333333334,681.3333333333334,0.02598606585009548,0.09437953842768206,0.10434439112931465,
02,24,23,75,204.21800000000016,151.03199999999998,34.50999999999999,2.74726666666667,0.3296720000000102,0.3296720000000004,0.8064516129032235,0.09677419354838969,0.09677419354838682,0.3464101615142429,0.34641016151423776,6.09,2.0300000000000002,2.0300000000000002,0.33333333333327864,25.096281,57.69259999999996,,,0.718516797094176,924.04,9397.531733333333,845.0,942.0,999.0,80.50550131364409,104.41748628489081,915.2916666666666,872.7833333333333,0.04600269829588901,0.018381722683430173,0.002474124958450247,
02,24,28,75,470.55400000000003,98.65800000000007,152.2500000000001,2.747266666666632,0.3296720000000094,0.32967200000000246,0.806451612903221,0.09677419354839051,0.09677419354838847,0.3464101615142449,0.34641016151424125,6.09,2.0300000000000002,2.0300000000000002,0.33333333333327864,25.096281,57.69259999999996,,,0.718516797094176,690.7733333333333,2561.748622222222,671.0,692.0,733.5,33.18864568519607,43.18176105156328,689.0208333333334,697.2833333333333,-0.011961231856083887,0.033979602495866144,0.03529462810747461,
02,24,33,75,330.078,151.84400000000002,73.0799999999999,2.747266666666668,0.3296720000000094,0.32967199999999547,0.8064516129032248,0.09677419354838969,0.0967741935483856,0.34641016151424264,0.3464101615142353,6.09,2.0300000000000002,2.0300000000000002,0.33333333333327864,25.096281,57.69259999999997,,,0.7185167970941759,888.0133333333333,10249.719822222221,816.0,855.0,952.5,70.55360369541776,90.23229551798025,887.9166666666666,872.9166666666666,0.016891638263689716,0.055054610248636886,0.057723970380191586,
02,24,36,75,227.76600000000002,154.28,40.6,2.74726666666667,0.32967200000000013,0.3296719999999955,0.8064516129032271,0.09677419354838716,0.09677419354838582,0.34641016151423765,0.3464101615142352,6.09,2.0300000000000002,2.0300000000000002,0.33333333333327864,25.096281,57.69259999999996,,,0.718516797094176,935.16,18185.654400000003,851.0,913.0,1024.5,96.03611569159148,127.78024652948635,916.3125,850.5,0.07037565764147304,0.041543069085322126,0.026245655527043422,
02,24,37,75,336.57399999999996,129.9200000000001,69.02000000000005,2.7472666666666705,0.3296720000000094,0.3296720000000005,0.8064516129032238,0.09677419354838947,0.09677419354838686,0.3464101615142425,0.3464101615142378,6.09,2.0300000000000002,2.0300000000000002,0.33333333333327864,25.096281,57.69259999999997,,,0.7185167970941759,835.8533333333334,10473.485155555552,775.5,826.0,908.0,67.70590934727326,88.6426382946681,819.6458333333334,773.0333333333333,0.05576636251974032,0.023734319692598448,0.01068665068278185,
02,24,40,75,423.45800000000014,113.68000000000015,111.65000000000002,2.747266666666672,0.3296720000000094,0.329672000000001,0.8064516129032236,0.09677419354838943,0.09677419354838696,0.34641016151424237,0.346410161514238,6.09,2.0300000000000002,2.0300000000000002,0.33333333333327864,25.096281,57.69259999999996,,,0.718516797094176,736.0533333333333,6091.410488888889,673.5,749.0,789.5,48.721606493100076,62.39061751288364,730.7708333333334,706.9833333333333,0.03231763096877037,0.044899291532532304,0.04710045217672777,
02,24,45,75,326.01800000000003,141.69400000000005,54.810000000000024,2.74726666666667,0.3296720000000094,0.3296720000000005,0.8064516129032238,0.09677419354838948,0.09677419354838687,0.34641016151424253,0.34641016151423787,6.09,2.0300000000000002,2.0300000000000002,0.33333333333327864,25.096281,57.69259999999997,,,0.7185167970941759,970.7733333333333,26743.215288888885,869.0,937.0,1054.0,96.37559887122202,146.73178165592532,977.5416666666666,934.4666666666667,0.044371841006482685,0.042773750327895585,0.025737002159484008,
02,24,46,75,476.6439999999997,97.43999999999997,174.58000000000018,2.7472666666666723,0.3296720000000027,0.3296719999999818,0.8064516129032299,0.09677419354838816,0.09677419354838204,0.34641016151423887,0.3464101615142279,6.09,2.0300000000000002,2.0300000000000002,0.33333333333327864,25.096281,57.69259999999997,,,0.7185167970941759,512.3066666666666,1045.519288888889,491.0,511.0,529.5,21.843532641243147,32.85699333467995,508.9791666666667,510.68333333333334,-0.0033264581110272135,0.017212247121022973,0.015587024493529474,
02,24,49,75,354.8439999999999,142.50600000000006,75.11000000000011,2.7472666666666514,0.32967199999999547,0.3296719999999817,0.8064516129032303,0.09677419354838684,0.0967741935483828,0.34641016151423637,0.34641016151422915,6.09,2.0300000000000002,2.0300000000000002,0.33333333333327864,25.096281,57.69259999999997,,,0.7185167970941759,647.92,4811.540266666667,601.5,647.0,690.0,45.41477463917126,59.53709728755437,639.8541666666666,630.8333333333334,0.013922757953656693,0.04882387046202031,0.05368371766198839,
02,24,52,75,375.95599999999985,126.26599999999993,85.26000000000006,2.747266666666671,0.32967200000000946,0.32967199999999836,0.8064516129032243,0.09677419354838954,0.09677419354838628,0.3464101615142425,0.34641016151423665,6.09,2.0300000000000002,2.0300000000000002,0.33333333333327864,25.096281,57.69259999999997,,,0.7185167970941759,923.6666666666666,8247.555555555553,856.5,908.0,1001.0,64.673741086993,90.58268365664817,902.1666666666666,847.7333333333333,0.058931793576326115,0.03435338614961043,0.03816996286300653,
02,24,57,75,237.10399999999993,152.24999999999997,38.56999999999994,2.7472666666666594,0.3296720000000004,0.3296719999999957,0.8064516129032263,0.09677419354838754,0.09677419354838615,0.3464101615142384,0.346410161514236,6.09,2.0300000000000002,2.0300000000000002,0.33333333333327864,25.096281,57.69259999999997,,,0.7185167970941759,919.16,23121.921066666666,831.5,948.0,1013.0,108.70170622094565,140.73599659747975,892.0416666666666,819.1666666666666,0.07928434657730964,0.05119487716865095,0.03654496424929835,
02,24,58,75,379.20400000000006,147.7839999999999,99.47,2.7472666666666514,0.3296719999999955,0.3296719999999909,0.8064516129032281,0.0967741935483866,0.09677419354838525,0.34641016151423637,0.346410161514234,6.09,2.0300000000000002,2.0300000000000002,0.33333333333327864,25.096281,57.69259999999996,,,0.718516797094176,715.3866666666667,7636.13048888889,653.0,703.0,775.0,48.82516882378508,64.79331683004365,714.6041666666666,697.3166666666667,0.02416525328959614,0.0786424744354822,0.08587412319999879,
02,24,63,75,400.3160000000002,135.19800000000012,93.37999999999998,2.74726666666667,0.32967200000000946,0.3296720000000093,0.8064516129032216,0.09677419354838925,0.0967741935483892,0.34641016151424253,0.3464101615142425,6.09,2.0300000000000002,2.0300000000000002,0.33333333333327864,25.096281,57.69259999999997,,,0.7185167970941759,1087.2666666666667,42740.32888888889,945.0,1050.0,1167.5,149.74979465045135,206.69673662448685,1069.9166666666667,987.1333333333333,0.07613894168863819,0.06599181968375764,0.05319818915281014,
02,24,68,75,408.43600000000004,139.664,115.70999999999992,2.74726666666667,0.3296720000000094,0.3296720000000003,0.8064516129032238,0.09677419354838948,0.09677419354838682,0.34641016151424253,0.3464101615142377,6.09,2.0300000000000002,2.0300000000000002,0.33333333333327864,25.096281,57.69259999999998,,,0.7185167970941759,918.9733333333334,14814.31928888889,813.0,915.0,1018.0,68.01688154509392,90.65620994771903,909.1875,854.0833333333334,0.05996274828431717,0.07136387481171157,0.07632110068664585,
02,24,71,75,248.06600000000014,149.00199999999998,46.68999999999995,2.7472666666666705,0.3296720000000096,0.3296719999999957,0.8064516129032248,0.09677419354838966,0.09677419354838557,0.3464101615142426,0.34641016151423526,6.09,2.0300000000000002,2.0300000000000002,0.33333333333327864,25.096281,57.69259999999997,,,0.7185167970941759,795.6,7896.800000000002,727.0,785.0,850.5,49.56115924418986,64.34796427570802,794.7916666666666,764.3166666666667,0.038304424333835935,0.07139988418035223,0.07744197083551867,
02,24,76,75,447.81799999999987,114.89800000000005,129.92000000000007,2.747266666666672,0.32967200000000946,0.32967199999999774,0.8064516129032244,0.09677419354838952,0.09677419354838608,0.3464101615142424,0.34641016151423626,6.09,2.0300000000000002,2.0300000000000002,0.33333333333327864,25.096281,57.69259999999997,,,0.7185167970941759,908.3733333333333,26668.527288888887,786.5,906.0,1026.5,96.7995148219208,123.65177076610618,897.9166666666666,848.2166666666667,0.05471318694222626,0.06022200811575653,0.04485290121707493,
02,24,77,75,407.21800000000013,128.70200000000006,107.59,2.74726666666667,0.3296720000000094,0.3296719999999952,0.806451612903225,0.09677419354838963,0.09677419354838547,0.34641016151424253,0.34641016151423504,6.09,2.0300000000000002,2.0300000000000002,0.33333333333327864,25.096281,57.69259999999996,,,0.718516797094176,858.4,7300.506666666667,810.5,856.0,913.0,65.14898239556595,81.92580894879677,847.8125,803.15,0.05202993942218077,0.02818670361620745,0.026747301788983237,
02,24,82,75,370.67800000000034,148.59599999999995,91.35000000000002,2.747266666666671,0.3296719999999999,0.32967199999998176,0.8064516129032304,0.09677419354838747,0.09677419354838214,0.3464101615142375,0.34641016151422793,6.09,2.0300000000000002,2.0300000000000002,0.33333333333327864,25.096281,57.69259999999997,,,0.7185167970941759,858.9066666666666,14499.097955555559,766.0,857.0,922.5,72.33437002834962,99.74947854209807,848.9583333333334,806.6333333333333,0.049277763979012075,0.07210110815716858,0.07911086047160229,
02,24,87,75,432.79599999999994,134.386,129.92000000000007,2.7472666666666723,0.32967199999999564,0.329671999999991,0.8064516129032293,0.09677419354838604,0.09677419354838467,0.34641016151423515,0.34641016151423265,6.09,2.0300000000000002,2.0300000000000002,0.33333333333327864,25.096281,57.69259999999997,,,0.7185167970941759,901.8266666666667,8773.369955555556,839.0,891.0,966.5,67.35423852028062,93.34113510777206,890.0625,844.0166666666667,0.051058407380575675,0.024909626031317505,0.014938783785409535,
02,24,90,75,238.32199999999992,182.294,54.810000000000024,2.7472666666666705,0.3296720000000091,0.32967199999999564,0.8064516129032249,0.09677419354838952,0.09677419354838557,0.3464101615142423,0.34641016151423526,6.09,2.0300000000000002,2.0300000000000002,0.33333333333327864,25.096281,57.69259999999996,,,0.718516797094176,991.2266666666667,13048.41528888889,913.0,991.0,1053.0,77.93703595857558,105.57045354025041,987.9791666666666,986.2333333333333,0.0017612856796964823,0.06349220443512409,0.06975289587943873,
02,24,95,75,462.43399999999974,105.15400000000008,138.03999999999994,2.7472666666666696,0.3296720000000095,0.3296719999999979,0.8064516129032242,0.09677419354838959,0.09677419354838619,0.3464101615142426,0.3464101615142365,6.09,2.0300000000000002,2.0300000000000002,0.33333333333327864,25.096281,57.69259999999996,,,0.718516797094176,681.6666666666666,1128.008888888889,665.0,678.0,703.5,31.113635777381795,39.33378926202951,687.0625,695.1833333333333,-0.011913202933985236,0.0023628352980091007,0.0005509854677771856,
02,24,100,75,438.8860000000001,112.86800000000011,117.74000000000007,2.747266666666652,0.3296720000000094,0.3296719999999981,0.8064516129032232,0.09677419354839006,0.09677419354838675,0.34641016151424364,0.3464101615142377,6.09,2.0300000000000002,2.0300000000000002,0.33333333333327864,25.096281,57.69259999999997,,,0.7185167970941759,920.9733333333334,14507.865955555553,836.5,907.0,1000.5,65.34387666652252,81.95309005605847,917.9375,869.9333333333333,0.052123297091482924,0.05160499602316491,0.05299845700332388,
02,24,105,75,476.6439999999997,88.91399999999992,190.82000000000002,2.747266666666671,0.32967199999999824,0.3296719999999818,0.8064516129032308,0.09677419354838702,0.09677419354838221,0.3464101615142366,0.34641016151422793,6.09,2.0300000000000002,2.0300000000000002,0.33333333333327864,25.096281,57.69259999999997,,,0.7185167970941759,642.9333333333333,2371.0488888888885,614.5,639.0,672.5,44.37206455350688,57.92027176374293,648.0208333333334,650.4666666666667,-0.0038041787639983234,0.014713547568387868,0.01442669197327545,
02,24,110,75,474.2080000000001,100.68800000000007,180.67000000000024,2.7472666666666674,0.3296720000000094,0.32967199999999774,0.8064516129032242,0.09677419354838963,0.09677419354838622,0.3464101615142427,0.34641016151423654,6.09,2.0300000000000002,2.0300000000000002,0.33333333333327864,25.096281,57.69259999999997,,,0.7185167970941759,505.14666666666665,730.0718222222222,486.5,505.0,526.0,18.571336485070724,22.721081585490335,501.9166666666667,498.28333333333336,0.007192630523148363,0.025749109138862702,0.02818923950393909,
02,24,111,75,465.27600000000024,93.78600000000004,209.09000000000034,2.7472666666666674,0.3296720000000028,0.329671999999991,0.8064516129032273,0.09677419354838808,0.09677419354838461,0.3464101615142392,0.346410161514233,6.09,2.0300000000000002,2.0300000000000002,0.33333333333327864,25.096281,57.69259999999998,,,0.7185167970941759,685.6,6403.4400000000005,635.0,667.0,719.5,44.922113563277854,57.905234484190274,687.75,669.65,0.026400233372228698,0.07107049241057496,0.07514722032765893,
02,24,114,75,178.64,151.03199999999998,34.50999999999999,2.74726666666667,0.3296720000000093,0.3296720000000004,0.8064516129032238,0.09677419354838945,0.09677419354838684,0.3464101615142425,0.34641016151423776,6.09,2.0300000000000002,2.0300000000000002,0.33333333333327864,25.096281,57.69259999999996,,,0.718516797094176,831.8533333333334,8176.2051555555545,782.0,826.0,879.5,74.76097246469712,95.61846899697669,806.25,751.2166666666667,0.06615749571238508,0.02912280970911746,0.02911245001959795,
02,24,117,75,451.47200000000004,104.74800000000006,221.26999999999987,2.7472666666666674,0.3296720000000094,0.3296719999999982,0.8064516129032241,0.09677419354838962,0.09677419354838633,0.3464101615142427,0.34641016151423676,6.09,2.0300000000000002,2.0300000000000002,0.33333333333327864,25.096281,57.69259999999997,,,0.7185167970941759,735.3866666666667,3044.157155555555,687.0,741.0,781.5,38.8716413008231,53.645459356062645,729.0625,691.7,0.050806605141966,0.027332714397969714,0.028379155557881747,
02,24,120,75,472.1780000000003,105.56000000000012,194.8799999999999,2.7472666666666314,0.32967200000000246,0.32967199999999103,0.8064516129032253,0.096774193548389,0.09677419354838564,0.3464101615142413,0.34641016151423526,6.09,2.0300000000000002,2.0300000000000002,0.33333333333327864,25.096281,57.69259999999997,,,0.7185167970941759,729.6,5526.533333333334,668.5,735.0,787.0,48.356520447491235,63.766505932653246,715.5416666666666,670.9833333333333,0.06107227704678347,0.05155515432425385,0.05535076876727455,
02,24,123,75,289.884,144.12999999999994,48.72,2.7472666666666603,0.3296720000000094,0.3296719999999955,0.8064516129032243,0.0967741935483899,0.09677419354838583,0.3464101615142431,0.3464101615142358,6.09,2.0300000000000002,2.0300000000000002,0.33333333333327864,25.096281,57.69259999999997,,,0.7185167970941759,987.8266666666667,29406.46328888888,858.0,947.0,1069.5,101.90067857799423,136.2127255642322,968.9166666666666,898.5333333333333,0.07125069175428879,0.08022147370570024,0.08506940634899028,
02,24,128,75,257.4040000000001,152.65600000000006,44.66000000000004,2.74726666666667,0.3296719999999998,0.3296719999999909,0.8064516129032281,0.09677419354838719,0.09677419354838458,0.3464101615142375,0.3464101615142328,6.09,2.0300000000000002,2.0300000000000002,0.33333333333327864,25.096281,57.69259999999997,,,0.7185167970941759,995.9333333333333,69747.76888888888,805.0,897.0,1087.5,122.29204749554066,155.73378550500206,956.9583333333334,836.05,0.12140203494209784,0.1876932569980042,0.20808939236659246,
02,24,133,75,300.84599999999995,143.318,54.810000000000024,2.747266666666671,0.3296720000000096,0.329671999999991,0.8064516129032259,0.09677419354838977,0.0967741935483843,0.3464101615142426,0.34641016151423276,6.09,2.0300000000000002,2.0300000000000002,0.33333333333327864,25.096281,57.69259999999996,,,0.718516797094176,1036.8266666666666,10996.996622222221,949.0,1057.0,1110.0,65.21179709791292,89.00930442118577,1031.0833333333333,974.5166666666667,0.05455749594917816,0.06004023687296388,0.06591339326113496,
02,24,138,75,269.99000000000007,151.43799999999993,48.72,2.7472666666666608,0.3296720000000094,0.3296720000000003,0.8064516129032232,0.09677419354838974,0.09677419354838708,0.3464101615142431,0.3464101615142383,6.09,2.0300000000000002,2.0300000000000002,0.33333333333327864,25.096281,57.69259999999996,,,0.718516797094176,919.24,6826.262399999999,877.5,930.0,974.0,77.05802307013602,108.88699354837652,895.7916666666666,822.2666666666667,0.0799845524563769,0.010935161120122128,0.008864535787890173,
02,24,141,75,343.07000000000016,125.04799999999993,221.26999999999987,2.7472666666666674,0.32967200000000263,0.3296719999999817,0.8064516129032295,0.09677419354838829,0.09677419354838215,0.3464101615142391,0.34641016151422815,6.09,2.0300000000000002,2.0300000000000002,0.33333333333327864,25.096281,57.69259999999997,,,0.7185167970941759,759.16,5900.774399999999,703.0,767.0,814.0,47.08088680389054,60.72656486228628,746.6875,712.6666666666666,0.04481378541194653,0.07183890894461786,0.0794598864519649,
02,24,142,75,167.27200000000002,152.24999999999997,40.6,2.74726666666667,0.32967199999999564,0.32967199999999564,0.8064516129032281,0.09677419354838597,0.09677419354838597,0.34641016151423526,0.34641016151423526,6.09,2.0300000000000002,2.0300000000000002,0.33333333333327864,25.096281,57.69259999999997,,,0.7185167970941759,701.5333333333333,9453.262222222222,628.5,690.0,778.5,49.18552160649533,68.40318592644559,697.875,689.8333333333334,0.0114629858405397,0.06253098690582791,0.06629427717800111,
02,24,147,75,308.9659999999999,139.25799999999998,62.929999999999986,2.74726666666667,0.3296720000000094,0.3296720000000094,0.8064516129032216,0.09677419354838923,0.09677419354838923,0.34641016151424253,0.34641016151424253,6.09,2.0300000000000002,2.0300000000000002,0.33333333333327864,25.096281,57.69259999999997,,,0.7185167970941759,762.96,8960.651733333334,694.0,743.0,835.0,49.105997026504106,65.55344539770559,757.875,782.7,-0.032537747719408636,0.08954535278370479,0.09854121470559599,
02,24,152,75,393.00800000000015,121.39400000000009,219.24000000000004,2.7472666666666714,0.3296720000000094,0.32967199999999797,0.8064516129032243,0.09677419354838951,0.09677419354838615,0.3464101615142424,0.3464101615142364,6.09,2.0300000000000002,2.0300000000000002,0.33333333333327864,25.096281,57.69259999999997,,,0.7185167970941759,771.5466666666666,3087.5544888888885,729.0,769.0,804.5,52.27089458797624,68.41561341182651,758.625,722.0666666666667,0.04738317837763095,0.0069086099861179855,0.0005502949341458676,
02,24,157,75,189.19600000000008,156.31,34.50999999999999,2.7472666666666705,0.3296720000000004,0.32967199999999564,0.806451612903227,0.09677419354838722,0.09677419354838582,0.34641016151423776,0.34641016151423526,6.09,2.0300000000000002,2.0300000000000002,0.33333333333327864,25.096281,57.69259999999997,,,0.7185167970941759,804.0,18550.88,726.5,799.0,906.0,88.29450932094268,114.38415777461185,781.6875,723.25,0.07268345771144269,0.08742570575196247,0.09495327153817608,
02,24,158,75,300.44000000000005,165.24200000000002,66.99000000000002,2.74726666666667,0.3296720000000002,0.3296719999999817,0.8064516129032302,0.09677419354838757,0.09677419354838214,0.34641016151423765,0.34641016151422793,6.09,2.0300000000000002,2.0300000000000002,0.33333333333327864,25.096281,57.69259999999997,,,0.7185167970941759,939.2,18503.04,851.5,935.0,1022.5,87.3727850442701,111.97882889978119,912.7916666666666,860.8,0.05535739636570125,0.06155649552756823,0.06528842975687747,
02,24,161,75,399.9100000000003,108.40200000000003,229.38999999999984,2.7472666666666683,0.32967200000000946,0.3296720000000023,0.8064516129032232,0.0967741935483895,0.0967741935483874,0.34641016151424264,0.34641016151423887,6.09,2.0300000000000002,2.0300000000000002,0.33333333333327864,25.096281,57.69259999999996,,,0.718516797094176,727.6,5774.639999999999,668.0,711.0,776.5,44.685165206998256,58.83513439491476,729.25,711.8166666666667,0.023960051310243615,0.049488457153321015,0.04863518666494382,
02,24,166,75,315.056,153.46800000000005,56.83999999999996,2.74726666666667,0.3296720000000004,0.3296719999999909,0.806451612903228,0.09677419354838736,0.09677419354838457,0.34641016151423776,0.3464101615142328,6.09,2.0300000000000002,2.0300000000000002,0.33333333333327864,25.096281,57.69259999999997,,,0.7185167970941759,957.52,20210.06293333333,860.5,957.0,1039.0,106.72778061251095,136.51134421228414,968.875,948.8666666666667,0.020895995209847633,0.023590885168151852,0.013694685322200277,
02,24,171,75,336.9800000000001,131.54399999999998,215.17999999999978,2.7472666666666674,0.3296720000000096,0.3296720000000094,0.8064516129032213,0.09677419354838936,0.0967741935483893,0.3464101615142428,0.3464101615142427,6.09,2.0300000000000002,2.0300000000000002,0.33333333333327864,25.096281,57.69259999999997,,,0.7185167970941759,843.8,7150.16,787.5,832.0,904.0,56.12648455706918,75.68602779197298,827.2083333333334,789.3166666666667,0.0449059808801453,0.021467036459934682,0.005554266857843633,
02,24,172,75,356.0620000000002,148.18999999999994,209.09000000000034,2.7472666666666674,0.32967200000000946,0.3296719999999956,0.8064516129032248,0.09677419354838972,0.09677419354838564,0.3464101615142427,0.3464101615142354,6.09,2.0300000000000002,2.0300000000000002,0.33333333333327864,25.096281,57.69259999999997,,,0.7185167970941759,826.7333333333333,8039.315555555555,754.5,803.0,897.5,60.944195229331875,86.04062112741519,812.3541666666666,764.2,0.05824631078138842,0.056378573377008766,0.05878301326098627,
02,24,175,75,156.31000000000003,149.00199999999998,34.50999999999999,2.74726666666667,0.3296720000000094,0.3296720000000004,0.8064516129032238,0.09677419354838948,0.09677419354838684,0.34641016151424253,0.34641016151423776,6.09,2.0300000000000002,2.0300000000000002,0.33333333333327864,25.096281,57.69259999999997,,,0.7185167970941759,1002.3066666666666,91564.47928888888,698.0,1017.0,1149.0,132.28779851829188,217.34513667963205,944.9791666666666,823.5333333333333,0.12116634296888498,0.24410488922423576,0.2717075308978683,
02,24,180,75,366.61800000000005,144.53599999999994,211.12,2.747266666666671,0.32967199999999564,0.3296719999999817,0.8064516129032314,0.09677419354838634,0.09677419354838225,0.3464101615142352,0.3464101615142279,6.09,2.0300000000000002,2.0300000000000002,0.33333333333327864,25.096281,57.69259999999997,,,0.7185167970941759,1018.6266666666667,20689.88728888889,906.5,1023.0,1113.5,96.9735224905468,125.97915886302573,994.9791666666666,939.4166666666666,0.05454648088275712,0.0854702749409674,0.09346260455527508,
02,24,185,75,320.74000000000007,134.386,213.14999999999995,2.74726666666667,0.3296720000000094,0.3296719999999959,0.8064516129032248,0.0967741935483896,0.09677419354838565,0.34641016151424253,0.3464101615142354,6.09,2.0300000000000002,2.0300000000000002,0.33333333333327864,25.096281,57.69259999999996,,,0.718516797094176,893.24,6328.369066666666,839.5,870.0,938.5,53.21793541337167,71.78548251068474,897.1458333333334,853.75,0.048582501156837266,0.014228378499137205,0.0029616328447393233,
02,24,188,75,283.79400000000015,139.664,215.17999999999978,2.7472666666666665,0.32967200000000013,0.3296719999999909,0.8064516129032279,0.0967741935483874,0.0967741935483847,0.34641016151423787,0.34641016151423304,6.09,2.0300000000000002,2.0300000000000002,0.33333333333327864,25.096281,57.69259999999997,,,0.7185167970941759,851.8266666666667,15768.409955555557,766.0,829.0,926.0,80.8805624265799,109.47712892317509,829.3333333333334,763.4666666666667,0.07732402523205024,0.09484962022881689,0.10363565005005422,
02,24,189,75,204.21800000000016,172.54999999999993,40.6,2.74726666666667,0.32967200000000996,0.3296720000000004,0.8064516129032235,0.09677419354838962,0.09677419354838682,0.3464101615142428,0.34641016151423776,6.09,2.0300000000000002,2.0300000000000002,0.33333333333327864,25.096281,57.69259999999996,,,0.718516797094176,1357.7066666666667,151762.3672888889,1062.5,1278.0,1576.5,179.6569309965761,311.32464974715936,1270.1458333333333,1113.2,0.1155962750913303,0.22165061962780458,0.2463369575259914,
02,24,194,75,308.55999999999995,165.24200000000002,73.0799999999999,2.7472666666666683,0.3296720000000002,0.329671999999991,0.8064516129032279,0.09677419354838734,0.09677419354838464,0.34641016151423776,0.34641016151423293,6.09,2.0300000000000002,2.0300000000000002,0.33333333333327864,25.096281,57.69259999999997,,,0.7185167970941759,932.96,6967.958400000001,877.5,920.0,976.5,58.67836019083871,79.44053938714526,932.7083333333334,890.35,0.04540208940719141,0.014373291461323993,0.006441235246619428,
02,24,201,75,308.1540000000001,134.386,213.14999999999995,2.747266666666669,0.32967199999999575,0.3296719999999817,0.8064516129032312,0.09677419354838641,0.09677419354838229,0.34641016151423537,0.346410161514228,6.09,2.0300000000000002,2.0300000000000002,0.33333333333327864,25.096281,57.69259999999997,,,0.7185167970941759,898.76,18548.6624,800.5,882.0,954.0,72.47246863946465,86.9885838730346,899.0625,850.7166666666667,0.05379170560920963,0.07335471575762667,0.07580274457318442,
02,24,206,75,274.0499999999999,154.68599999999995,207.06,2.7472666666666705,0.3296720000000094,0.32967200000000035,0.8064516129032238,0.09677419354838947,0.09677419354838682,0.3464101615142425,0.3464101615142377,6.09,2.0300000000000002,2.0300000000000002,0.33333333333327864,25.096281,57.69259999999996,,,0.718516797094176,923.0266666666666,17934.852622222224,826.5,899.0,968.5,81.84393534736053,109.65765245069014,910.1666666666666,845.8,0.06973435220361991,0.06980728887626793,0.06961692791715708,
02,24,211,75,182.29400000000007,164.836,71.05000000000003,2.7472666666666696,0.32967200000000957,0.3296720000000094,0.8064516129032214,0.09677419354838929,0.09677419354838923,0.3464101615142426,0.34641016151424253,6.09,2.0300000000000002,2.0300000000000002,0.33333333333327864,25.096281,57.69259999999997,,,0.7185167970941759,689.0,3098.0266666666666,642.0,695.0,723.5,41.53900089789963,59.558653817555495,686.7291666666666,663.6666666666666,0.03347242380261243,0.009672554955108893,0.009030049269474686,
02,24,218,75,418.1799999999998,130.73200000000006,217.20999999999978,2.7472666666666683,0.3296719999999953,0.32967199999999103,0.8064516129032292,0.09677419354838607,0.0967741935483848,0.3464101615142352,0.346410161514233,6.09,2.0300000000000002,2.0300000000000002,0.33333333333327864,25.096281,57.69259999999997,,,0.7185167970941759,922.6933333333334,9419.279288888889,844.5,905.0,996.0,58.79323361226724,84.1817576289576,924.0208333333334,900.6666666666666,0.025310865292910663,0.05455000979317764,0.05861615291545216,
02,24,221,75,285.418,159.15200000000002,209.09000000000034,2.7472666666666674,0.3296720000000094,0.3296720000000003,0.8064516129032235,0.09677419354838956,0.09677419354838689,0.3464101615142427,0.34641016151423787,6.09,2.0300000000000002,2.0300000000000002,0.33333333333327864,25.096281,57.69259999999997,,,0.7185167970941759,922.3866666666667,11590.637155555554,854.0,919.0,967.0,57.14461685110427,79.27505974434064,916.6041666666666,899.9833333333333,0.018019377267667856,0.06936185169322331,0.07697698291088753,
02,24,224,75,273.2379999999999,141.28800000000004,205.02999999999986,2.7472666666666683,0.3296720000000091,0.3296719999999909,0.8064516129032258,0.09677419354838972,0.09677419354838437,0.3464101615142425,0.3464101615142329,6.09,2.0300000000000002,2.0300000000000002,0.33333333333327864,25.096281,57.69259999999996,,,0.718516797094176,729.44,3344.8864,691.0,728.0,756.5,36.98520019837231,52.78554500785239,732.2083333333334,729.5666666666667,0.0036214995978650025,0.007193533389345985,0.007253369494880058,
02,24,227,75,320.33400000000023,171.738,81.1999999999998,2.747266666666667,0.329671999999995,0.329671999999991,0.8064516129032291,0.09677419354838603,0.09677419354838483,0.34641016151423515,0.34641016151423304,6.09,2.0300000000000002,2.0300000000000002,0.33333333333327864,25.096281,57.69259999999996,,,0.718516797094176,837.72,8015.854933333333,768.0,828.0,900.5,51.45397784994393,65.1548956519263,835.0,822.4333333333333,0.015001034554107224,0.046563923392468856,0.049298568809628456,
02,24,232,75,465.27600000000024,136.82200000000003,156.31000000000012,2.7472666666666727,0.3296720000000001,0.329671999999991,0.8064516129032283,0.0967741935483872,0.09677419354838453,0.3464101615142374,0.34641016151423265,6.09,2.0300000000000002,2.0300000000000002,0.33333333333327864,25.096281,57.69259999999996,,,0.718516797094176,821.1466666666666,22171.325155555558,737.5,809.0,920.0,102.95962119617244,143.21417531645875,785.2708333333334,699.5333333333333,0.10441191991686417,0.04449625132735379,0.03344949945903053,
02,24,235,75,442.94600000000037,133.97999999999993,146.16000000000008,2.747266666666672,0.32967200000000946,0.32967199999999575,0.8064516129032249,0.09677419354838958,0.09677419354838555,0.3464101615142424,0.3464101615142352,6.09,2.0300000000000002,2.0300000000000002,0.33333333333327864,25.096281,57.69259999999997,,,0.7185167970941759,766.76,6938.769066666666,713.0,758.0,818.5,56.24873473578044,79.00329951791764,754.9791666666666,736.6666666666666,0.02388296207418224,0.02225935337883322,0.013268229170049549,
02,24,240,75,303.2819999999999,156.31,203.0000000000002,2.747266666666667,0.3296720000000003,0.329671999999991,0.8064516129032279,0.09677419354838741,0.09677419354838468,0.3464101615142379,0.34641016151423304,6.09,2.0300000000000002,2.0300000000000002,0.33333333333327864,25.096281,57.69259999999997,,,0.7185167970941759,930.8933333333333,13959.05528888889,860.0,914.0,1019.0,78.08255355515134,103.95603284571193,925.5208333333334,899.55,0.027898828365584372,0.03126396664073152,0.013840808163292573,
02,24,243,75,390.9779999999999,147.7839999999999,109.61999999999985,2.747266666666669,0.3296719999999956,0.3296719999999909,0.8064516129032291,0.09677419354838611,0.09677419354838473,0.3464101615142353,0.3464101615142329,6.09,2.0300000000000002,2.0300000000000002,0.33333333333327864,25.096281,57.69259999999996,,,0.718516797094176,674.32,4198.1376,617.0,671.0,730.0,34.89300490375633,42.63210716354456,672.5416666666666,673.0,-0.0006796970775497842,0.05919087616568944,0.06473174044413713,
02,24,248,75,349.9720000000001,161.18200000000007,83.23000000000009,2.747266666666671,0.3296720000000094,0.329672,0.8064516129032239,0.09677419354838947,0.09677419354838672,0.3464101615142425,0.34641016151423754,6.09,2.0300000000000002,2.0300000000000002,0.33333333333327864,25.096281,57.69259999999997,,,0.7185167970941759,875.52,28192.356266666662,732.0,848.0,977.0,85.77978631314622,115.9850604182931,856.375,811.0166666666667,0.05180730689571146,0.11977537834848438,0.1294054568364315,
02,24,253,75,358.4980000000001,156.31,93.37999999999998,2.7472666666666696,0.3296720000000001,0.3296719999999817,0.8064516129032303,0.09677419354838755,0.09677419354838215,0.34641016151423765,0.346410161514228,6.09,2.0300000000000002,2.0300000000000002,0.33333333333327864,25.096281,57.69259999999997,,,0.7185167970941759,872.88,7938.798933333331,819.0,855.0,924.0,59.66253799318649,77.78958723444822,860.8333333333334,813.2333333333333,0.054532123545046246,0.020088811036314685,0.013376295833620107,
02,24,258,75,188.79000000000008,188.38400000000001,46.68999999999995,2.7472666666666696,0.32967200000000974,0.32967200000000013,0.8064516129032236,0.09677419354838959,0.09677419354838677,0.3464101615142427,0.34641016151423765,6.09,2.0300000000000002,2.0300000000000002,0.33333333333327864,25.096281,57.69259999999997,,,0.7185167970941759,1027.1333333333334,28313.688888888893,925.0,1003.0,1129.5,127.77770487876393,191.42956223407793,996.6041666666666,936.95,0.05807830856104354,0.03492193497811949,0.02782246413879031,
02,24,261,75,415.33800000000025,142.50600000000006,129.92000000000007,2.747266666666672,0.3296720000000094,0.3296719999999954,0.806451612903225,0.09677419354838958,0.09677419354838547,0.34641016151424237,0.34641016151423504,6.09,2.0300000000000002,2.0300000000000002,0.33333333333327864,25.096281,57.69259999999998,,,0.7185167970941759,674.3733333333333,6543.380622222222,598.5,684.0,729.0,37.93067231723279,49.514420921413176,663.5833333333334,649.0833333333334,0.021501443315275384,0.07379958920730258,0.08145916697696605,
02,24,266,75,460.4040000000001,126.26599999999993,156.31000000000012,2.7472666666666727,0.3296719999999981,0.3296719999999909,0.8064516129032286,0.09677419354838666,0.09677419354838457,0.34641016151423637,0.3464101615142326,6.09,2.0300000000000002,2.0300000000000002,0.33333333333327864,25.096281,57.69259999999998,,,0.7185167970941759,722.5066666666667,5860.78328888889,676.5,726.0,772.0,53.26376143308101,71.75275846376724,718.25,723.1666666666666,-0.006805012179818348,0.04082872071859917,0.038942854753889304,
02,24,271,75,343.07000000000016,166.05399999999997,83.23000000000009,2.7472666666666705,0.3296719999999955,0.3296719999999817,0.8064516129032314,0.09677419354838632,0.09677419354838226,0.3464101615142352,0.34641016151422793,6.09,2.0300000000000002,2.0300000000000002,0.33333333333327864,25.096281,57.69259999999997,,,0.7185167970941759,1242.9866666666667,35040.30648888889,1122.5,1233.0,1349.5,124.53259624966981,175.29706277863173,1190.5833333333333,1100.1166666666666,0.07278168711919675,0.04445308628320775,0.044116249872615323,
02,24,274,75,410.46599999999984,131.54399999999998,219.24000000000004,2.747266666666671,0.32967200000000935,0.329671999999991,0.806451612903226,0.0967741935483897,0.09677419354838432,0.3464101615142424,0.34641016151423276,6.09,2.0300000000000002,2.0300000000000002,0.33333333333327864,25.096281,57.69259999999996,,,0.718516797094176,794.4666666666667,9913.475555555555,711.0,797.0,853.5,64.31250697424483,89.32359238893392,784.0625,725.1666666666666,0.07413254174708395,0.0845170802360315,0.09251618135653406,
02,24,275,75,282.57599999999996,158.746,188.79,2.7472666666666696,0.3296720000000094,0.329672000000009,0.8064516129032216,0.09677419354838926,0.09677419354838915,0.34641016151424253,0.3464101615142423,6.09,2.0300000000000002,2.0300000000000002,0.33333333333327864,25.096281,57.69259999999996,,,0.718516797094176,722.2266666666667,2708.7886222222223,687.0,722.0,761.5,37.49443485284462,44.930424369592714,720.5416666666666,703.0166666666667,0.024265235290859683,0.017335769289459985,0.014945563904011312,
02,24,278,75,247.6600000000001,182.70000000000016,64.95999999999994,2.747266666666669,0.32967200000000074,0.3296720000000004,0.8064516129032256,0.0967741935483872,0.09677419354838711,0.346410161514238,0.34641016151423787,6.09,2.0300000000000002,2.0300000000000002,0.33333333333327864,25.096281,57.69259999999996,,,0.718516797094176,916.5066666666667,7821.183288888888,845.5,931.0,982.5,57.368277931016564,73.76871848778285,901.1666666666666,870.6166666666667,0.03333309086676939,0.050346290346297666,0.055252318167238586,
02,24,283,75,224.51800000000003,183.91799999999992,54.810000000000024,2.74726666666667,0.3296720000000004,0.32967199999999564,0.806451612903227,0.09677419354838723,0.09677419354838583,0.34641016151423776,0.34641016151423526,6.09,2.0300000000000002,2.0300000000000002,0.33333333333327864,25.096281,57.69259999999997,,,0.7185167970941759,1007.24,35790.47573333333,864.0,942.0,1149.0,80.47973756632534,121.34988044737189,992.625,941.5,0.05075751558714899,0.13202702709741773,0.1439512557494497,
02,24,288,75,396.66199999999975,149.408,117.74000000000007,2.7472666666666523,0.3296720000000095,0.3296720000000003,0.8064516129032226,0.09677419354839002,0.09677419354838732,0.3464101615142437,0.34641016151423887,6.09,2.0300000000000002,2.0300000000000002,0.33333333333327864,25.096281,57.69259999999996,,,0.718516797094176,738.72,9190.228266666665,659.5,732.0,807.5,49.28258079727998,70.17958236725778,734.1666666666666,703.6,0.04137787885351224,0.047919850110776485,0.049494689319304556,
02,24,293,75,214.77399999999997,184.7299999999999,52.78,2.7472666666666696,0.32967199999999997,0.32967199999999564,0.8064516129032271,0.09677419354838714,0.09677419354838586,0.3464101615142376,0.3464101615142353,6.09,2.0300000000000002,2.0300000000000002,0.33333333333327864,25.096281,57.69259999999997,,,0.7185167970941759,1011.64,11676.843733333333,961.0,1025.0,1091.0,64.53904958926925,82.20229227864014,991.6458333333334,962.6,0.02871162996059203,0.05410642755497417,0.05956412130048551,
02,24,294,75,450.25400000000013,125.04799999999993,217.20999999999978,2.7472666666666674,0.3296720000000094,0.3296720000000032,0.8064516129032229,0.09677419354838948,0.09677419354838766,0.3464101615142427,0.3464101615142394,6.09,2.0300000000000002,2.0300000000000002,0.33333333333327864,25.096281,57.69259999999997,,,0.7185167970941759,735.76,10158.822400000001,687.5,750.0,788.0,48.22096706473285,67.048925826806,732.0833333333334,711.3666666666667,0.028156826501395386,0.06987845489266648,0.07166650700795313,
02,24,297,75,469.33599999999996,115.30400000000006,184.7299999999999,2.747266666666669,0.3296720000000024,0.329671999999991,0.8064516129032275,0.09677419354838793,0.09677419354838457,0.34641016151423887,0.3464101615142329,6.09,2.0300000000000002,2.0300000000000002,0.33333333333327864,25.096281,57.69259999999996,,,0.718516797094176,733.5066666666667,5461.796622222222,673.0,724.0,787.0,53.607657157795224,69.95893988124158,719.2708333333334,681.1333333333333,0.05199339247087051,0.018452256039482477,0.01707558788569899,
02,24,300,75,386.1060000000003,140.476,213.14999999999995,2.74726666666667,0.3296719999999954,0.32967199999998176,0.8064516129032314,0.0967741935483863,0.09677419354838229,0.34641016151423515,0.346410161514228,6.09,2.0300000000000002,2.0300000000000002,0.33333333333327864,25.096281,57.69259999999997,,,0.7185167970941759,754.96,10873.025066666669,689.0,743.0,808.5,65.64925534992334,90.37318557109984,754.5833333333334,737.7,0.022363215711207616,0.03353718996802515,0.010231081985234555,
02,24,303,75,465.27600000000024,126.67199999999994,172.55,2.7472666666666705,0.3296719999999982,0.329671999999991,0.8064516129032285,0.09677419354838676,0.09677419354838464,0.3464101615142366,0.3464101615142328,6.09,2.0300000000000002,2.0300000000000002,0.33333333333327864,25.096281,57.69259999999996,,,0.718516797094176,554.2933333333333,2190.9006222222224,516.0,562.0,588.0,32.327130584345134,40.61597183635649,554.8333333333334,531.6666666666666,0.04179495814490529,0.03630124795752585,0.03844635950072092,
02,24,306,75,256.99800000000005,181.07600000000014,58.869999999999955,2.7472666666666594,0.32967199999999597,0.3296719999999817,0.8064516129032306,0.09677419354838675,0.09677419354838257,0.34641016151423615,0.34641016151422865,6.09,2.0300000000000002,2.0300000000000002,0.33333333333327864,25.096281,57.69259999999996,,,0.718516797094176,1060.32,11694.590933333333,988.5,1062.0,1123.0,75.23415570635444,97.4371980839578,1038.5208333333333,1032.9,0.005301072632161199,0.020004558607572078,0.016817833604409565,
02,24,309,75,272.02,176.20399999999998,60.90000000000001,2.7472666666666608,0.32967200000000046,0.3296719999999909,0.8064516129032275,0.09677419354838765,0.09677419354838485,0.3464101615142384,0.3464101615142334,6.09,2.0300000000000002,2.0300000000000002,0.33333333333327864,25.096281,57.69259999999997,,,0.7185167970941759,844.92,31152.84693333334,660.0,842.0,1001.0,67.13538644429146,91.26982553312862,865.3541666666666,869.25,-0.00461089018289704,0.16457317867723903,0.18221677235672182,
02,24,316,75,294.7559999999999,179.858,66.99000000000002,2.747266666666672,0.3296720000000094,0.32967199999999985,0.8064516129032239,0.09677419354838945,0.09677419354838665,0.34641016151424237,0.34641016151423737,6.09,2.0300000000000002,2.0300000000000002,0.33333333333327864,25.096281,57.69259999999998,,,0.7185167970941759,1158.0933333333332,33515.41795555556,1030.0,1153.0,1253.0,117.95599993661968,155.02813511864196,1143.4583333333333,1103.4833333333333,0.03451794328609083,0.04632278907429611,0.044544124811145384,
02,24,321,75,292.32000000000005,162.80600000000004,192.84999999999985,2.7472666666666687,0.3296720000000097,0.3296719999999817,0.806451612903228,0.09677419354839012,0.0967741935483819,0.34641016151424275,0.34641016151422804,6.09,2.0300000000000002,2.0300000000000002,0.33333333333327864,25.096281,57.69259999999996,,,0.718516797094176,975.0533333333333,13147.037155555556,899.0,975.0,1052.0,81.3843729964047,105.31947292727645,950.375,879.9,0.07227809760833591,0.06535784957895932,0.07152956208484997,
02,24,322,75,330.078,159.55800000000005,207.06,2.74726666666667,0.3296720000000094,0.32967199999999575,0.8064516129032248,0.0967741935483896,0.0967741935483856,0.34641016151424253,0.3464101615142353,6.09,2.0300000000000002,2.0300000000000002,0.33333333333327864,25.096281,57.69259999999998,,,0.7185167970941759,1047.9066666666668,23771.151288888894,913.5,1042.0,1186.0,109.71621261076633,154.02890891841588,1011.3541666666666,920.3,0.08689148524677763,0.07773196351205332,0.08171926387302844,
02,24,327,75,341.85200000000026,155.90400000000002,203.0000000000002,2.7472666666666674,0.3296720000000094,0.3296719999999955,0.8064516129032248,0.0967741935483897,0.09677419354838562,0.3464101615142427,0.34641016151423537,6.09,2.0300000000000002,2.0300000000000002,0.33333333333327864,25.096281,57.69259999999997,,,0.7185167970941759,862.3733333333333,5985.620622222223,800.0,852.0,908.0,64.4711096845862,79.6792997075585,855.2916666666666,818.4666666666667,0.04270192337425387,0.005993040119883619,0.00621101947812897,
02,24,330,75,397.4739999999999,138.85200000000003,211.12,2.747266666666671,0.32967200000000063,0.329671999999991,0.8064516129032281,0.0967741935483874,0.09677419354838457,0.34641016151423787,0.34641016151423276,6.09,2.0300000000000002,2.0300000000000002,0.33333333333327864,25.096281,57.69259999999998,,,0.7185167970941759,925.3866666666667,6867.063822222222,863.5,918.0,970.0,69.49114124661605,89.5960525430637,899.2708333333334,849.6666666666666,0.05360371880583254,0.020982362163461596,0.022711178742982154,
02,24,333,75,158.34,128.70200000000006,42.62999999999999,2.7472666666666705,0.32967200000000013,0.3296719999999956,0.8064516129032271,0.09677419354838715,0.09677419354838582,0.3464101615142376,0.3464101615142352,6.09,2.0300000000000002,2.0300000000000002,0.33333333333327864,25.096281,57.69259999999996,,,0.718516797094176,742.1066666666667,4128.708622222222,694.5,727.0,785.0,46.342349602913956,59.32040385174132,733.375,708.9666666666667,0.03289059973409025,0.016894016085539858,0.014083091697332885,
02,24,338,75,396.2559999999999,100.68800000000007,87.28999999999989,2.7472666666666674,0.3296720000000094,0.3296719999999983,0.8064516129032241,0.09677419354838962,0.09677419354838636,0.3464101615142427,0.34641016151423687,6.09,2.0300000000000002,2.0300000000000002,0.33333333333327864,25.096281,57.69259999999997,,,0.7185167970941759,949.92,12914.686933333334,867.0,936.0,1022.5,82.85666839279403,110.48452390727091,934.5208333333334,895.5666666666667,0.041007839256639096,0.033288659845082856,0.0165891696268684,
02,24,339,75,416.9620000000001,90.94400000000009,107.59,2.74726666666667,0.3296719999999981,0.3296719999999909,0.8064516129032285,0.09677419354838675,0.09677419354838464,0.34641016151423654,0.3464101615142328,6.09,2.0300000000000002,2.0300000000000002,0.33333333333327864,25.096281,57.69259999999996,,,0.718516797094176,673.2533333333333,4081.975822222222,630.5,656.0,706.5,46.3953079572919,62.60539540031465,668.2291666666666,641.2833333333333,0.04002331960232892,0.0259266268826375,0.024328021269940332,
02,24,344,75,436.45000000000005,81.60599999999995,123.82999999999997,2.74726666666667,0.3296720000000094,0.3296719999999983,0.8064516129032242,0.09677419354838955,0.09677419354838629,0.34641016151424253,0.3464101615142367,6.09,2.0300000000000002,2.0300000000000002,0.33333333333327864,25.096281,57.69259999999996,,,0.718516797094176,758.64,4316.763733333333,715.0,749.0,823.0,47.754157030190804,63.32234411611836,752.0625,727.35,0.03257473900664339,0.030841047043997885,0.028284206140949918,
02,24,345,75,427.51800000000003,88.50799999999992,113.68000000000002,2.747266666666671,0.3296720000000094,0.3296719999999979,0.8064516129032244,0.09677419354838954,0.09677419354838616,0.3464101615142425,0.3464101615142364,6.09,2.0300000000000002,2.0300000000000002,0.33333333333327864,25.096281,57.69259999999996,,,0.718516797094176,840.08,35423.033599999995,697.0,776.0,970.5,97.15985546755508,136.1533778181626,848.125,829.3333333333334,0.0223689013744722,0.09489178984760417,0.08510194341727763,
02,24,350,75,402.7519999999999,95.81599999999989,107.59,2.74726666666667,0.3296719999999987,0.3296719999999909,0.8064516129032284,0.09677419354838691,0.09677419354838462,0.34641016151423687,0.3464101615142328,6.09,2.0300000000000002,2.0300000000000002,0.33333333333327864,25.096281,57.69259999999996,,,0.718516797094176,625.04,3446.091733333333,583.0,616.0,665.0,40.69841172725541,51.92805438724402,620.3958333333334,590.0333333333333,0.04857689107897098,0.05409703227135729,0.05985516661025183,
02,24,355,75,439.2919999999999,68.20800000000001,136.01000000000025,2.7472666666666674,0.3296720000000094,0.32967200000000285,0.8064516129032229,0.09677419354838948,0.09677419354838757,0.3464101615142427,0.3464101615142392,6.09,2.0300000000000002,2.0300000000000002,0.33333333333327864,25.096281,57.69259999999997,,,0.7185167970941759,769.88,4406.052266666667,727.5,781.0,811.5,47.19009989581689,60.27964623836002,763.8333333333334,727.6166666666667,0.04704196324968391,0.050533743504818346,0.05586979773879996,
02,24,360,75,431.5779999999999,60.08800000000001,174.58000000000018,2.7472666666666727,0.3296720000000094,0.32967200000000196,0.8064516129032234,0.09677419354838936,0.09677419354838718,0.3464101615142423,0.3464101615142384,6.09,2.0300000000000002,2.0300000000000002,0.33333333333327864,25.096281,57.69259999999996,,,0.718516797094176,540.7866666666666,786.9411555555556,522.5,544.0,561.5,24.547241179612364,31.416078056443787,538.75,544.1333333333333,-0.009954633989989858,0.021441639578519047,0.023341990324959316,
02,24,365,75,369.0540000000001,97.84600000000002,91.35000000000002,2.747266666666671,0.3296720000000094,0.3296719999999979,0.8064516129032244,0.09677419354838954,0.09677419354838616,0.3464101615142425,0.3464101615142364,6.09,2.0300000000000002,2.0300000000000002,0.33333333333327864,25.096281,57.69259999999996,,,0.718516797094176,584.24,1512.6357333333335,555.0,588.0,610.5,34.1366637176685,43.90861574369618,587.7708333333334,597.95,-0.017422919804646473,0.026735747651737793,0.029683670031004646,
02,24,370,75,176.61000000000004,128.70200000000006,34.50999999999999,2.747266666666669,0.3296720000000096,0.32967199999999536,0.8064516129032248,0.0967741935483897,0.09677419354838551,0.3464101615142427,0.3464101615142352,6.09,2.0300000000000002,2.0300000000000002,0.33333333333327864,25.096281,57.69259999999998,,,0.7185167970941759,875.24,6666.022400000001,814.5,868.0,927.5,53.32162076017478,69.8578786320237,863.4166666666666,817.6666666666666,0.0522713769937388,0.026033569950281187,0.02429227522433451,
02,24,375,75,247.25400000000005,92.97400000000007,50.75000000000007,2.747266666666661,0.3296720000000096,0.3296719999999979,0.8064516129032238,0.09677419354838987,0.09677419354838643,0.3464101615142432,0.34641016151423704,6.09,2.0300000000000002,2.0300000000000002,0.33333333333327864,25.096281,57.69259999999997,,,0.7185167970941759,803.2933333333333,3336.9272888888886,762.0,790.0,844.0,45.746765530730165,64.75521843466043,803.3958333333334,811.6166666666667,-0.010233912062011337,0.008145487913103057,0.007094726046414737,
02,24,380,75,200.15799999999996,127.48400000000007,28.420000000000012,2.747266666666662,0.3296720000000094,0.329672000000005,0.8064516129032222,0.09677419354838959,0.0967741935483883,0.34641016151424303,0.3464101615142407,6.09,2.0300000000000002,2.0300000000000002,0.33333333333327864,25.096281,57.69259999999997,,,0.7185167970941759,873.4266666666666,15266.45795555556,772.0,861.0,949.5,60.99825758178607,85.24169121644985,860.8125,817.0333333333333,0.050123460088234824,0.08610732187621511,0.09365025204630843,
02,24,385,75,213.55600000000007,127.078,32.48000000000004,2.747266666666671,0.3296720000000026,0.32967200000000013,0.8064516129032254,0.09677419354838766,0.09677419354838694,0.34641016151423887,0.3464101615142376,6.09,2.0300000000000002,2.0300000000000002,0.33333333333327864,25.096281,57.69259999999998,,,0.7185167970941759,1050.0533333333333,21180.37048888889,939.0,1027.0,1137.5,94.74292324001728,110.49252754614007,1030.0,933.2,0.09218579373746083,0.0367272922389004,0.034679902775730756,
02,24,390,75,341.03999999999985,104.34199999999998,71.05000000000003,2.74726666666667,0.32967200000000946,0.32967200000000263,0.8064516129032232,0.09677419354838944,0.09677419354838743,0.34641016151424253,0.3464101615142389,6.09,2.0300000000000002,2.0300000000000002,0.33333333333327864,25.096281,57.69259999999996,,,0.718516797094176,707.64,4306.9504,671.0,713.0,739.5,52.61905137717396,74.60808504191914,698.6875,648.1166666666667,0.07146406835867568,0.024401450131891787,0.023676600871351275,
02,24,395,75,188.38400000000001,126.67199999999994,42.62999999999999,2.74726666666667,0.3296720000000094,0.329671999999998,0.8064516129032242,0.09677419354838955,0.0967741935483862,0.34641016151424253,0.34641016151423654,6.09,2.0300000000000002,2.0300000000000002,0.33333333333327864,25.096281,57.69259999999997,,,0.7185167970941759,678.6666666666666,8609.902222222223,593.5,686.0,746.5,31.012452143031993,43.25321607222526,678.1041666666666,661.9833333333333,0.023753683693516586,0.11059036711804368,0.12247448713907813,
02,24,396,75,384.8880000000003,100.28200000000007,91.35000000000002,2.74726666666667,0.32967200000000946,0.3296719999999983,0.8064516129032242,0.09677419354838956,0.09677419354838629,0.34641016151424253,0.3464101615142367,6.09,2.0300000000000002,2.0300000000000002,0.33333333333327864,25.096281,57.69259999999997,,,0.7185167970941759,740.9333333333333,10957.635555555555,668.0,732.0,831.0,67.19474430525597,82.64102685874957,721.4166666666666,689.5666666666667,0.04298632355587529,0.06834951168830775,0.07013025338788635,
02,24,401,75,224.51800000000003,124.23599999999996,38.56999999999994,2.7472666666666603,0.3296719999999981,0.32967199999999564,0.806451612903227,0.09677419354838689,0.09677419354838618,0.34641016151423715,0.34641016151423587,6.09,2.0300000000000002,2.0300000000000002,0.33333333333327864,25.096281,57.69259999999997,,,0.7185167970941759,853.76,9442.875733333332,800.5,854.0,908.5,67.72402606182204,87.96641682250218,843.7708333333334,797.2666666666667,0.054469835394802595,0.019868283855438554,0.003251602763292473,
02,24,406,75,209.496,94.19200000000001,44.66000000000004,2.747266666666671,0.3296720000000002,0.32967200000000013,0.806451612903226,0.09677419354838702,0.096774193548387,0.3464101615142376,0.3464101615142376,6.09,2.0300000000000002,2.0300000000000002,0.33333333333327864,25.096281,57.69259999999997,,,0.7185167970941759,1031.9466666666667,14369.837155555555,928.0,1036.0,1107.5,95.86592284161662,128.14986202016112,1004.6041666666666,895.4333333333333,0.10579115845780135,0.04947826061079879,0.05109697128693303,
02,24,411,75,296.37999999999977,121.39400000000009,44.66000000000004,2.7472666666666705,0.32967199999999836,0.3296719999999818,0.8064516129032308,0.09677419354838708,0.09677419354838222,0.3464101615142367,0.346410161514228,6.09,2.0300000000000002,2.0300000000000002,0.33333333333327864,25.096281,57.69259999999996,,,0.718516797094176,1103.8666666666666,17065.98222222222,1005.5,1081.0,1189.0,92.34218428664464,123.63360241022838,1073.7291666666667,987.3,0.07829674477593918,0.0769387846927686,0.08559456245765967,
02,24,416,75,237.10399999999993,128.70200000000006,38.56999999999994,2.7472666666666594,0.3296720000000004,0.32967199999999586,0.8064516129032262,0.09677419354838752,0.09677419354838619,0.3464101615142384,0.34641016151423604,6.09,2.0300000000000002,2.0300000000000002,0.33333333333327864,25.096281,57.69259999999997,,,0.7185167970941759,812.9066666666666,9573.871288888888,735.5,806.0,894.0,50.27807474484629,62.87656067455249,809.625,774.3833333333333,0.04335266041201938,0.06661376451330576,0.07185593106159825,
02,24,417,75,244.81799999999987,127.48400000000007,36.54000000000002,2.747266666666661,0.32967200000000496,0.3296720000000004,0.8064516129032242,0.09677419354838857,0.09677419354838722,0.34641016151424076,0.34641016151423837,6.09,2.0300000000000002,2.0300000000000002,0.33333333333327864,25.096281,57.69259999999996,,,0.718516797094176,787.7066666666667,3182.8206222222225,750.5,789.0,825.5,49.318795072934215,63.73467032713994,777.125,734.8166666666667,0.053710772199464976,0.014878325669664773,0.010676455004669214,
02,24,422,75,236.29199999999997,87.69599999999996,50.75000000000007,2.7472666666666616,0.32967200000000263,0.32967199999999564,0.806451612903226,0.09677419354838807,0.09677419354838601,0.3464101615142395,0.3464101615142358,6.09,2.0300000000000002,2.0300000000000002,0.33333333333327864,25.096281,57.69259999999996,,,0.718516797094176,868.3866666666667,9897.063822222222,789.0,871.0,942.5,47.5805641427002,71.38392898503405,863.3541666666666,826.95,0.04192160942130219,0.08224372929563346,0.09129782970114145,
02,24,425,75,174.58000000000007,96.22199999999988,50.75000000000007,2.747266666666662,0.3296720000000094,0.32967199999999797,0.8064516129032239,0.09677419354838979,0.09677419354838643,0.34641016151424303,0.346410161514237,6.09,2.0300000000000002,2.0300000000000002,0.33333333333327864,25.096281,57.69259999999996,,,0.718516797094176,767.8,7257.893333333335,700.0,756.0,851.0,53.66818026471928,67.5098350872018,749.2291666666666,716.95,0.042041113137101516,0.040840349341814956,0.03998472446327695,
02,24,430,75,363.7760000000002,95.40999999999993,219.24000000000004,2.747266666666671,0.32967200000000946,0.329671999999998,0.8064516129032243,0.09677419354838954,0.09677419354838618,0.3464101615142425,0.3464101615142365,6.09,2.0300000000000002,2.0300000000000002,0.33333333333327864,25.096281,57.69259999999996,,,0.718516797094176,796.6133333333333,7008.077155555555,727.0,796.0,844.5,51.232091688944536,66.4952994631821,785.8541666666666,730.25,0.06980069795467465,0.07750001081650164,0.0861171158690413,
02,24,435,75,338.19799999999987,96.22199999999988,213.14999999999995,2.74726666666667,0.32967200000000946,0.32967199999999774,0.8064516129032243,0.09677419354838958,0.09677419354838614,0.34641016151424253,0.34641016151423637,6.09,2.0300000000000002,2.0300000000000002,0.33333333333327864,25.096281,57.69259999999997,,,0.7185167970941759,756.3733333333333,3168.3672888888887,711.0,751.0,799.0,39.83734886612574,52.55119159966951,752.875,721.7,0.04121641869976014,0.016401575400345123,0.002633952797717203,
02,24,440,75,317.8979999999998,119.36399999999995,48.72,2.747266666666661,0.3296720000000094,0.32967199999999863,0.8064516129032236,0.09677419354838979,0.09677419354838662,0.3464101615142431,0.3464101615142374,6.09,2.0300000000000002,2.0300000000000002,0.33333333333327864,25.096281,57.69259999999997,,,0.7185167970941759,805.6533333333333,4292.146488888888,768.5,812.0,850.5,48.014329343480114,63.007910388948844,797.5416666666666,774.6166666666667,0.028455166821130584,0.02337294997448688,0.022397442785762875,
02,24,441,75,358.092,110.43199999999987,71.05000000000003,2.74726666666667,0.3296720000000028,0.3296719999999909,0.8064516129032275,0.096774193548388,0.09677419354838451,0.34641016151423903,0.3464101615142328,6.09,2.0300000000000002,2.0300000000000002,0.33333333333327864,25.096281,57.69259999999997,,,0.7185167970941759,961.2,13919.253333333334,884.5,942.0,1049.5,83.12183193055826,110.72598689107444,936.3125,843.0666666666667,0.09700981412123717,0.06577460439091985,0.07256048475116922,
02,24,442,75,366.2120000000001,101.09400000000004,75.11000000000011,2.7472666666666523,0.32967199999999847,0.3296719999999909,0.8064516129032274,0.09677419354838734,0.09677419354838512,0.34641016151423787,0.3464101615142339,6.09,2.0300000000000002,2.0300000000000002,0.33333333333327864,25.096281,57.69259999999997,,,0.7185167970941759,757.8266666666667,13020.569955555557,673.0,750.0,827.5,57.48903355774625,78.41773462334154,749.7916666666666,716.9333333333333,0.04335863961855829,0.08267323249652644,0.09160213326330562,
02,24,445,75,226.95399999999998,106.7780000000001,38.56999999999994,2.7472666666666594,0.3296720000000004,0.3296719999999984,0.8064516129032256,0.09677419354838745,0.09677419354838686,0.3464101615142384,0.3464101615142374,6.09,2.0300000000000002,2.0300000000000002,0.33333333333327864,25.096281,57.69259999999997,,,0.7185167970941759,792.48,5920.9696,742.0,788.0,835.0,49.217665208610185,65.00929571233054,790.3958333333334,758.3666666666667,0.0404163722323171,0.024233686668956998,0.014341853935157443,
02,24,450,75,314.24400000000014,99.06400000000012,221.26999999999987,2.7472666666666683,0.3296720000000094,0.32967200000000096,0.8064516129032235,0.09677419354838952,0.09677419354838704,0.3464101615142426,0.3464101615142382,6.09,2.0300000000000002,2.0300000000000002,0.33333333333327864,25.096281,57.69259999999997,,,0.7185167970941759,947.84,23065.14773333333,835.0,940.0,1034.5,96.1995391007761,136.80236804415924,919.2291666666666,816.9833333333333,0.10787246089354023,0.09940271844509614,0.1090396451023438,
02,24,455,75,370.67800000000034,69.02000000000007,105.56000000000012,2.747266666666671,0.32967200000000263,0.32967199999998176,0.8064516129032298,0.09677419354838819,0.09677419354838206,0.34641016151423887,0.34641016151422793,6.09,2.0300000000000002,2.0300000000000002,0.33333333333327864,25.096281,57.69259999999997,,,0.7185167970941759,688.8,2180.56,662.0,687.0,730.0,38.118354515455515,52.15252166719675,684.9375,661.0666666666667,0.03465568137824223,0.01585101192077005,0.01386906213237642,
02,24,460,75,307.7480000000001,113.68000000000015,54.810000000000024,2.74726666666667,0.32967200000000096,0.3296719999999817,0.8064516129032301,0.09677419354838777,0.09677419354838213,0.3464101615142381,0.34641016151422793,6.09,2.0300000000000002,2.0300000000000002,0.33333333333327864,25.096281,57.69259999999998,,,0.7185167970941759,843.0,6602.053333333333,778.0,848.0,902.5,56.377372318764515,76.59879206667443,825.3958333333334,799.8166666666667,0.030343020956899905,0.047580875900435624,0.050055211509299834,
02,24,465,75,418.58599999999996,63.335999999999984,136.01000000000025,2.7472666666666674,0.3296720000000094,0.3296720000000025,0.806451612903223,0.0967741935483895,0.09677419354838748,0.3464101615142427,0.3464101615142391,6.09,2.0300000000000002,2.0300000000000002,0.33333333333327864,25.096281,57.69259999999997,,,0.7185167970941759,778.4533333333334,6944.941155555555,709.0,763.0,831.5,64.50197857331084,86.59071978255746,763.0416666666666,704.05,0.07578060770073984,0.045513792058316044,0.04709427645044837,
02,24,470,75,451.878,82.41799999999994,136.01000000000025,2.7472666666666674,0.3296720000000094,0.32967200000000024,0.8064516129032235,0.09677419354838956,0.09677419354838687,0.3464101615142427,0.34641016151423787,6.09,2.0300000000000002,2.0300000000000002,0.33333333333327864,25.096281,57.69259999999997,,,0.7185167970941759,692.0533333333333,3679.970488888889,650.5,693.0,716.5,48.84036135912908,62.265555894655506,704.9166666666666,719.5166666666667,-0.02109663995067818,0.022665674054257002,0.023525559432238285,
02,24,475,75,447.4119999999998,58.05799999999999,184.7299999999999,2.747266666666669,0.3296720000000094,0.3296720000000015,0.8064516129032234,0.09677419354838948,0.09677419354838716,0.34641016151424253,0.3464101615142384,6.09,2.0300000000000002,2.0300000000000002,0.33333333333327864,25.096281,57.69259999999996,,,0.718516797094176,570.8533333333334,1643.9118222222223,547.0,571.0,603.0,29.224023739322366,38.163219715088076,562.8958333333334,545.5833333333334,0.030327404587284477,0.037713142231797565,0.04070659018048568,
02,24,480,75,334.13800000000026,110.83799999999987,64.95999999999994,2.747266666666669,0.3296720000000094,0.3296720000000007,0.8064516129032235,0.0967741935483895,0.09677419354838694,0.34641016151424253,0.346410161514238,6.09,2.0300000000000002,2.0300000000000002,0.33333333333327864,25.096281,57.69259999999996,,,0.718516797094176,787.5066666666667,7746.516622222222,735.5,778.0,849.0,69.9229048425805,90.70528744304633,764.4583333333334,710.4833333333333,0.0685391023144777,0.035877681909618014,0.032618114262674115,
02,24,485,75,383.6699999999998,81.19999999999995,95.40999999999984,2.747266666666667,0.3296720000000094,0.3296719999999978,0.8064516129032242,0.09677419354838965,0.09677419354838625,0.3464101615142427,0.3464101615142366,6.09,2.0300000000000002,2.0300000000000002,0.33333333333327864,25.096281,57.69259999999996,,,0.718516797094176,560.2,3103.44,520.0,554.0,582.5,38.65829406322922,52.497377749285015,559.8333333333334,555.7666666666667,0.007259312150422549,0.03530713577157617,0.03218180026206025,
02,24,490,75,359.71599999999984,96.22199999999988,83.23000000000009,2.747266666666671,0.32967200000000946,0.32967199999999786,0.8064516129032244,0.09677419354838955,0.09677419354838615,0.3464101615142425,0.34641016151423637,6.09,2.0300000000000002,2.0300000000000002,0.33333333333327864,25.096281,57.69259999999996,,,0.718516797094176,749.68,4436.6176000000005,713.0,752.0,787.5,62.75252080797313,83.50807227281366,723.5625,675.0166666666667,0.06475540675132495,0.015438763804021774,0.011152658452603305,
02,24,495,75,445.382,72.67399999999999,211.12,2.7472666666666705,0.32967199999999774,0.3296719999999817,0.8064516129032309,0.09677419354838691,0.0967741935483822,0.34641016151423637,0.34641016151422793,6.09,2.0300000000000002,2.0300000000000002,0.33333333333327864,25.096281,57.69259999999996,,,0.718516797094176,694.5866666666667,4767.255822222222,646.5,672.0,733.0,43.57094671183647,57.17944712048457,685.7291666666666,663.5,0.0320034456943217,0.04351775933228566,0.041495655891354434,
02,24,498,75,374.73799999999983,64.55400000000004,113.68000000000002,2.74726666666667,0.3296719999999977,0.3296719999999817,0.8064516129032309,0.0967741935483869,0.09677419354838221,0.34641016151423637,0.34641016151422793,6.09,2.0300000000000002,2.0300000000000002,0.33333333333327864,25.096281,57.69259999999997,,,0.7185167970941759,563.6266666666667,1382.3939555555555,537.0,565.0,591.5,26.85246586390116,36.90928711301548,557.6458333333334,549.6833333333333,0.014127259178652672,0.03555082882449379,0.03954808737339413,
02,24,503,75,254.96800000000013,121.39400000000009,44.66000000000004,2.747266666666671,0.3296720000000094,0.32967199999999797,0.8064516129032244,0.09677419354838954,0.09677419354838618,0.3464101615142425,0.3464101615142364,6.09,2.0300000000000002,2.0300000000000002,0.33333333333327864,25.096281,57.69259999999997,,,0.7185167970941759,1031.1466666666668,21238.20515555555,897.0,1018.0,1163.5,91.32324423584114,119.641466321399,997.0625,907.4666666666667,0.08688951458570383,0.07609387744437413,0.08144800446835661,
02,24,508,75,399.09800000000024,80.38799999999995,105.56000000000012,2.74726666666667,0.3296720000000094,0.3296720000000005,0.8064516129032238,0.09677419354838948,0.09677419354838687,0.34641016151424253,0.34641016151423787,6.09,2.0300000000000002,2.0300000000000002,0.33333333333327864,25.096281,57.69259999999997,,,0.7185167970941759,874.0266666666666,10219.039288888887,799.0,870.0,938.5,70.7252913599476,96.0017251449338,849.8541666666666,787.3833333333333,0.0714747452404197,0.05542302417005863,0.05894663884004878,
02,24,511,75,418.1799999999998,47.096,146.16000000000008,2.747266666666672,0.329671999999998,0.32967199999999103,0.8064516129032286,0.09677419354838668,0.09677419354838462,0.3464101615142364,0.34641016151423276,6.09,2.0300000000000002,2.0300000000000002,0.33333333333327864,25.096281,57.69259999999996,,,0.718516797094176,606.0666666666667,2421.582222222222,573.5,604.0,635.5,36.208196043583,44.92330864888804,604.2708333333334,574.0,0.04994637553624461,0.03903733617589077,0.041709494245208194,
02,24,516,75,455.9379999999999,70.64400000000005,162.39999999999995,2.7472666666666705,0.32967200000000946,0.32967200000000046,0.8064516129032238,0.09677419354838948,0.09677419354838684,0.34641016151424253,0.34641016151423776,6.09,2.0300000000000002,2.0300000000000002,0.33333333333327864,25.096281,57.69259999999997,,,0.7185167970941759,514.9066666666666,1235.631288888889,491.5,519.0,539.5,26.6810807580981,34.25453603419852,511.5625,511.5833333333333,-4.046040706402651e-05,0.010024910908232534,0.009546020153523977,
02,24,521,75,466.08800000000025,71.86200000000004,174.58000000000018,2.7472666666666727,0.3296720000000094,0.3296719999999983,0.8064516129032244,0.09677419354838947,0.0967741935483862,0.3464101615142423,0.3464101615142365,6.09,2.0300000000000002,2.0300000000000002,0.33333333333327864,25.096281,57.69259999999997,,,0.7185167970941759,647.9466666666667,5704.423822222222,570.0,663.0,706.0,27.47598164431961,38.854005008917724,649.5208333333334,632.6833333333333,0.025985935056383337,0.09222810020701928,0.10249891744075314,
02,24,522,75,422.24000000000007,58.05799999999999,196.91000000000014,2.747266666666635,0.3296720000000016,0.3296719999999909,0.8064516129032258,0.09677419354838866,0.09677419354838554,0.3464101615142406,0.346410161514235,6.09,2.0300000000000002,2.0300000000000002,0.33333333333327864,25.096281,57.69259999999996,,,0.718516797094176,755.9733333333334,4737.145955555557,705.5,762.0,799.0,53.43929065429731,69.7262502295601,742.1875,719.4166666666666,0.030121212388444046,0.026799863110909986,0.018447425309009346,
02,24,527,75,397.0679999999999,78.35800000000009,223.29999999999995,2.74726666666667,0.3296720000000094,0.32967200000000074,0.8064516129032236,0.09677419354838947,0.09677419354838693,0.34641016151424253,0.346410161514238,6.09,2.0300000000000002,2.0300000000000002,0.33333333333327864,25.096281,57.69259999999996,,,0.718516797094176,781.36,5599.990400000001,729.5,755.0,823.0,55.971414377550694,74.09648461035812,775.9791666666666,741.6666666666666,0.04391381693457555,0.021634439820259168,0.017095684529514626,
02,24,530,75,285.0120000000001,82.01199999999993,58.869999999999955,2.74726666666666,0.329672000000003,0.3296719999999909,0.8064516129032268,0.09677419354838834,0.09677419354838479,0.3464101615142398,0.34641016151423343,6.09,2.0300000000000002,2.0300000000000002,0.33333333333327864,25.096281,57.69259999999997,,,0.7185167970941759,774.4933333333333,5279.529955555555,738.0,777.0,820.5,56.31551120198682,76.6492311637608,761.6875,731.0333333333333,0.03957963916194672,0.01522963823558129,0.00664166912544212,
02,24,533,75,362.9640000000001,71.86200000000004,97.44000000000005,2.7472666666666523,0.32967199999999813,0.3296719999999817,0.8064516129032298,0.09677419354838752,0.09677419354838271,0.3464101615142377,0.3464101615142291,6.09,2.0300000000000002,2.0300000000000002,0.33333333333327864,25.096281,57.69259999999996,,,0.718516797094176,622.2,3496.2400000000007,588.5,613.0,636.5,41.76523314166023,55.44714138594804,627.8541666666666,624.0833333333334,0.00606048430301069,0.02206935126847637,0.012519089331460436,
02,24,536,75,267.5540000000001,120.17600000000006,42.62999999999999,2.74726666666667,0.3296720000000094,0.3296720000000028,0.8064516129032232,0.09677419354838943,0.09677419354838748,0.34641016151424253,0.34641016151423903,6.09,2.0300000000000002,2.0300000000000002,0.33333333333327864,25.096281,57.69259999999996,,,0.718516797094176,954.68,10030.084266666665,878.0,962.0,1025.5,73.49381913463421,87.81251280011026,930.5625,853.3833333333333,0.08084297007025035,0.032835169022981815,0.033611593026395395,
02,24,541,75,241.1640000000001,105.96600000000014,44.66000000000004,2.74726666666667,0.3296720000000096,0.3296720000000002,0.8064516129032238,0.09677419354838955,0.09677419354838677,0.34641016151424264,0.34641016151423765,6.09,2.0300000000000002,2.0300000000000002,0.33333333333327864,25.096281,57.69259999999997,,,0.7185167970941759,840.6266666666667,12692.793955555557,732.5,859.0,935.5,48.47269213753541,66.39901614472981,832.6041666666666,815.75,0.02004952654368956,0.09698216778589905,0.10725040739368329,
02,24,546,75,360.5279999999999,65.366,203.0000000000002,2.747266666666667,0.3296720000000094,0.32967200000000263,0.806451612903223,0.09677419354838951,0.09677419354838752,0.3464101615142427,0.34641016151423915,6.09,2.0300000000000002,2.0300000000000002,0.33333333333327864,25.096281,57.69259999999996,,,0.718516797094176,590.92,2104.820266666667,557.0,588.0,625.0,34.74952474681819,43.98578572499865,588.0416666666666,567.0,0.03560831697466086,0.013528867193230976,0.0032332667694884108,
02,24,551,75,299.2220000000001,87.28999999999998,66.99000000000002,2.747266666666671,0.3296720000000094,0.32967200000000063,0.8064516129032238,0.09677419354838945,0.09677419354838689,0.3464101615142425,0.34641016151423787,6.09,2.0300000000000002,2.0300000000000002,0.33333333333327864,25.096281,57.69259999999997,,,0.7185167970941759,859.1066666666667,4632.201955555556,800.0,867.0,914.0,40.23158502638265,56.274530328247266,853.0208333333334,815.4333333333333,0.04375184299970517,0.05537170976735965,0.06107282404637688,
02,24,554,75,313.432,72.268,77.13999999999996,2.7472666666666514,0.3296720000000094,0.3296719999999988,0.8064516129032231,0.09677419354839006,0.09677419354838696,0.3464101615142437,0.3464101615142381,6.09,2.0300000000000002,2.0300000000000002,0.33333333333327864,25.096281,57.69259999999997,,,0.7185167970941759,807.3333333333334,10356.115555555558,714.0,810.0,894.0,69.30844920218215,96.03948686524052,787.8125,746.55,0.05110962014863748,0.04042758769238648,0.03286887557409672,
02,24,559,75,262.2760000000001,90.94400000000009,56.83999999999996,2.7472666666666696,0.3296720000000094,0.3296719999999981,0.8064516129032242,0.09677419354838956,0.09677419354838623,0.34641016151424253,0.3464101615142366,6.09,2.0300000000000002,2.0300000000000002,0.33333333333327864,25.096281,57.69259999999996,,,0.718516797094176,736.24,3826.9024,689.5,733.0,776.5,46.84540690772992,59.13671285796014,734.4583333333334,733.95,0.0006904451446991811,0.02389153436680323,0.023067381401867832,
02,24,564,75,353.62599999999975,92.97400000000007,217.20999999999978,2.7472666666666674,0.3296720000000095,0.32967199999999797,0.8064516129032242,0.09677419354838966,0.09677419354838628,0.34641016151424275,0.34641016151423665,6.09,2.0300000000000002,2.0300000000000002,0.33333333333327864,25.096281,57.69259999999996,,,0.718516797094176,822.8666666666667,10011.528888888886,745.0,833.0,883.0,72.18067826542298,96.08126201375075,803.2708333333334,756.8666666666667,0.056393299846066565,0.03532008334060001,0.023992814542690023,
02,24,567,75,408.842,85.26000000000009,223.29999999999995,2.7472666666666696,0.3296720000000094,0.3296720000000004,0.8064516129032236,0.0967741935483895,0.09677419354838686,0.34641016151424253,0.3464101615142378,6.09,2.0300000000000002,2.0300000000000002,0.33333333333327864,25.096281,57.69259999999996,,,0.718516797094176,753.6666666666666,3107.395555555555,712.5,758.0,794.5,43.6813313846012,54.80603496941619,744.9791666666666,685.7833333333333,0.07854378593542669,0.0384927839366202,0.04216459123801521,
02,24,572,75,313.83800000000014,81.19999999999995,196.91000000000014,2.7472666666666345,0.3296720000000094,0.32967199999999813,0.8064516129032222,0.09677419354839056,0.09677419354838725,0.34641016151424475,0.3464101615142388,6.09,2.0300000000000002,2.0300000000000002,0.33333333333327864,25.096281,57.69259999999997,,,0.7185167970941759,812.5066666666667,12617.423288888891,713.0,803.0,895.5,52.14260589411443,67.76195876479665,799.1666666666666,740.6333333333333,0.07204043454002416,0.10689053156630818,0.11839856965045122,
02,24,577,75,304.0939999999998,106.7780000000001,211.12,2.7472666666666705,0.3296719999999979,0.3296719999999817,0.8064516129032309,0.09677419354838696,0.0967741935483822,0.3464101615142364,0.34641016151422793,6.09,2.0300000000000002,2.0300000000000002,0.33333333333327864,25.096281,57.69259999999996,,,0.718516797094176,836.4266666666666,7726.8312888888895,757.0,836.0,892.5,47.850311783863916,61.086140631949306,826.2083333333334,784.5,0.04986490148568513,0.07284973453452066,0.08072945296177801,
02,24,580,75,254.56200000000013,102.71799999999992,182.69999999999985,2.7472666666666683,0.32967200000000013,0.3296719999999982,0.8064516129032263,0.09677419354838714,0.09677419354838657,0.34641016151423776,0.3464101615142367,6.09,2.0300000000000002,2.0300000000000002,0.33333333333327864,25.096281,57.69259999999997,,,0.7185167970941759,688.48,1888.1162666666667,658.5,683.0,706.5,27.615699081706687,34.739194793197655,689.6041666666666,688.4166666666666,0.0017248140831977665,0.015257667456558328,0.005692516251056379,
02,24,583,75,280.546,107.99600000000007,42.62999999999999,2.74726666666667,0.32967199999999824,0.3296719999999817,0.8064516129032308,0.09677419354838705,0.0967741935483822,0.34641016151423665,0.34641016151422793,6.09,2.0300000000000002,2.0300000000000002,0.33333333333327864,25.096281,57.69259999999996,,,0.718516797094176,964.64,8461.403733333333,910.5,965.0,1025.0,70.66665578766869,93.90339431296351,946.5208333333334,876.05,0.07305402360811633,0.021802444435782314,0.023242863775352514,
02,24,586,75,325.61199999999985,79.576,79.16999999999994,2.747266666666669,0.32967200000000946,0.3296719999999979,0.8064516129032243,0.0967741935483896,0.0967741935483862,0.3464101615142426,0.34641016151423654,6.09,2.0300000000000002,2.0300000000000002,0.33333333333327864,25.096281,57.69259999999998,,,0.7185167970941759,699.92,3979.9135999999994,645.0,706.0,744.5,41.4831340376822,52.299561665761374,704.2291666666666,700.6833333333333,0.005066055168209715,0.02072246471745883,0.011572245517728764,
02,24,591,75,292.7260000000001,111.24399999999984,207.06,2.747266666666671,0.32967200000000235,0.3296719999999909,0.8064516129032276,0.09677419354838786,0.0967741935483845,0.34641016151423876,0.34641016151423276,6.09,2.0300000000000002,2.0300000000000002,0.33333333333327864,25.096281,57.69259999999997,,,0.7185167970941759,793.1466666666666,6089.0851555555555,727.5,784.0,850.0,35.971906390961365,49.00254292023429,786.9166666666666,770.1,0.021202467807551254,0.06530608582467679,0.07127839734991391,
02,24,596,75,297.5980000000002,83.22999999999999,196.91000000000014,2.7472666666666345,0.32967200000000946,0.32967199999999797,0.8064516129032223,0.09677419354839059,0.09677419354838722,0.34641016151424475,0.34641016151423876,6.09,2.0300000000000002,2.0300000000000002,0.33333333333327864,25.096281,57.69259999999997,,,0.7185167970941759,831.04,3721.8250666666668,796.0,833.0,873.5,60.24869881299281,78.88291155284364,818.625,778.85,0.04786171544089325,0.009703799808994322,0.0074276980069687085,
02,24,599,75,385.2940000000002,88.50799999999992,215.17999999999978,2.7472666666666674,0.32967200000000946,0.3296719999999982,0.8064516129032241,0.09677419354838963,0.09677419354838633,0.3464101615142427,0.34641016151423676,6.09,2.0300000000000002,2.0300000000000002,0.33333333333327864,25.096281,57.69259999999997,,,0.7185167970941759,689.8133333333334,5669.325155555555,630.0,694.0,741.5,42.77953038949028,55.17527339863094,675.9583333333334,644.4166666666666,0.04572493041595798,0.07268412595131146,0.08084319885198707,
02,24,602,75,244.81799999999987,107.99600000000007,192.84999999999985,2.747266666666668,0.3296720000000004,0.3296719999999982,0.8064516129032262,0.09677419354838722,0.09677419354838657,0.3464101615142379,0.34641016151423676,6.09,2.0300000000000002,2.0300000000000002,0.33333333333327864,25.096281,57.69259999999997,,,0.7185167970941759,870.2266666666667,7921.188622222223,796.0,861.0,936.0,61.29178291265022,77.96052959870809,859.1666666666666,817.8333333333334,0.04749720379364749,0.02622265003756946,0.005986082001271333,
02,24,607,75,276.89200000000017,114.08600000000008,211.12,2.74726666666667,0.32967200000000274,0.3296719999999817,0.8064516129032296,0.09677419354838825,0.09677419354838207,0.346410161514239,0.34641016151422793,6.09,2.0300000000000002,2.0300000000000002,0.33333333333327864,25.096281,57.69259999999996,,,0.718516797094176,865.3066666666666,13286.71928888889,786.0,873.0,946.0,87.86910456237412,119.00667631722473,846.125,785.8666666666667,0.06963812444143108,0.023616396682902278,0.016305272410257133,
02,24,608,75,320.33400000000023,97.84600000000002,77.13999999999996,2.7472666666666514,0.3296719999999983,0.329671999999991,0.8064516129032275,0.09677419354838733,0.09677419354838518,0.34641016151423787,0.346410161514234,6.09,2.0300000000000002,2.0300000000000002,0.33333333333327864,25.096281,57.69259999999997,,,0.7185167970941759,647.3466666666667,1583.6131555555555,622.0,647.0,669.0,35.9385350220846,44.651250038131295,636.3125,618.7166666666667,0.02718146897077291,0.007719321427698283,0.0020180756258729154,
02,24,611,75,270.3960000000001,125.04799999999993,213.14999999999995,2.74726666666667,0.3296720000000094,0.32967200000000246,0.8064516129032232,0.09677419354838943,0.09677419354838739,0.34641016151424253,0.34641016151423887,6.09,2.0300000000000002,2.0300000000000002,0.33333333333327864,25.096281,57.69259999999997,,,0.7185167970941759,761.9866666666667,1677.9331555555555,729.0,757.0,797.0,32.60239592486466,39.12763912451713,752.7916666666666,717.3,0.04657780538592096,0.02875974900085188,0.030474500115841636,
02,24,614,75,262.2760000000001,113.68000000000015,205.02999999999986,2.7472666666666674,0.3296720000000094,0.32967200000000035,0.8064516129032235,0.09677419354838956,0.0967741935483869,0.3464101615142427,0.3464101615142379,6.09,2.0300000000000002,2.0300000000000002,0.33333333333327864,25.096281,57.69259999999998,,,0.7185167970941759,831.24,4168.022399999999,785.0,819.0,866.5,41.83966905001163,54.15832500773138,830.75,813.1333333333333,0.02119323741237988,0.035847107436307445,0.03927088843835382,
02,24,619,75,278.92200000000014,122.61200000000012,50.75000000000007,2.747266666666662,0.3296720000000094,0.3296720000000002,0.8064516129032232,0.09677419354838972,0.09677419354838701,0.34641016151424303,0.34641016151423815,6.09,2.0300000000000002,2.0300000000000002,0.33333333333327864,25.096281,57.69259999999996,,,0.718516797094176,810.36,5232.523733333334,752.0,811.0,862.0,53.97750318083251,70.29702741005838,792.2708333333334,735.3666666666667,0.07022084834723656,0.058702089850534496,0.06533101128802427,
02,24,620,75,431.98399999999987,106.37200000000014,219.24000000000004,2.747266666666672,0.32967200000000946,0.32967200000000263,0.8064516129032233,0.09677419354838938,0.09677419354838739,0.3464101615142424,0.3464101615142388,6.09,2.0300000000000002,2.0300000000000002,0.33333333333327864,25.096281,57.69259999999996,,,0.718516797094176,578.9733333333334,1635.2259555555554,543.5,583.0,612.0,21.51598369836816,28.641670379710668,578.1875,578.1666666666666,3.598323469135802e-05,0.05261619428005378,0.05838430978459034,
02,24,621,75,199.752,109.21399999999994,36.54000000000002,2.747266666666662,0.32967200000000274,0.32967200000000013,0.806451612903225,0.09677419354838795,0.09677419354838719,0.34641016151423953,0.34641016151423815,6.09,2.0300000000000002,2.0300000000000002,0.33333333333327864,25.096281,57.69259999999997,,,0.7185167970941759,954.7866666666666,17584.087822222224,868.0,922.0,1062.5,84.8185923899512,114.49347779385783,933.1875,862.5333333333333,0.0739999511234621,0.0376654070257715,0.032342199329708374,
02,24,626,75,387.32399999999996,57.65200000000002,125.8599999999999,2.74726666666667,0.3296720000000094,0.32967200000000124,0.8064516129032235,0.09677419354838945,0.09677419354838707,0.34641016151424253,0.3464101615142382,6.09,2.0300000000000002,2.0300000000000002,0.33333333333327864,25.096281,57.69259999999998,,,0.7185167970941759,559.6933333333334,1710.7459555555556,531.0,558.0,595.5,35.223363947350336,44.50823475327958,553.8958333333334,549.1666666666666,0.008449567620363651,0.02106797373996539,0.022290899343527786,
02,24,631,75,457.56200000000024,70.23800000000006,203.0000000000002,2.7472666666666674,0.329672000000003,0.329671999999991,0.8064516129032272,0.09677419354838812,0.0967741935483846,0.3464101615142393,0.346410161514233,6.09,2.0300000000000002,2.0300000000000002,0.33333333333327864,25.096281,57.69259999999997,,,0.7185167970941759,618.9866666666667,4090.2264888888885,568.5,610.0,665.0,41.83610456037515,53.57913876861099,618.125,583.8833333333333,0.05531890832328098,0.0358074241601637,0.030892991650954386,
02,24,636,75,463.24600000000015,79.17000000000004,148.1899999999997,2.7472666666666736,0.3296720000000094,0.3296719999999975,0.8064516129032245,0.09677419354838945,0.09677419354838597,0.3464101615142423,0.34641016151423604,6.09,2.0300000000000002,2.0300000000000002,0.33333333333327864,25.096281,57.69259999999996,,,0.718516797094176,797.04,10456.491733333334,735.5,792.0,879.0,71.52834358486403,87.81800542586603,785.3333333333334,759.1666666666666,0.032829803606678094,0.038370249122335144,0.021164332231533172,
02,24,641,75,219.64600000000007,93.38000000000008,46.68999999999995,2.747266666666669,0.3296720000000094,0.32967199999999797,0.8064516129032243,0.09677419354838959,0.09677419354838623,0.34641016151424253,0.34641016151423654,6.09,2.0300000000000002,2.0300000000000002,0.33333333333327864,25.096281,57.69259999999997,,,0.7185167970941759,1005.36,10579.697066666668,933.5,996.0,1071.0,74.21794983771966,94.8663376011589,987.375,922.9,0.0641312564653457,0.03664277443338543,0.03378516925930726,
02,24,646,75,458.7800000000002,77.54600000000008,184.7299999999999,2.7472666666666696,0.32967200000000946,0.3296719999999982,0.8064516129032242,0.09677419354838958,0.09677419354838626,0.3464101615142426,0.34641016151423665,6.09,2.0300000000000002,2.0300000000000002,0.33333333333327864,25.096281,57.69259999999996,,,0.718516797094176,586.9866666666667,1634.146488888889,556.0,587.0,617.5,27.520563171585156,33.55033402579826,583.7291666666666,567.7,0.027307548155551326,0.043401873177053116,0.04790593014112972,
02,24,651,75,172.95599999999996,104.74800000000006,66.99000000000002,2.747266666666671,0.32967200000000013,0.3296719999999982,0.8064516129032265,0.09677419354838707,0.0967741935483865,0.3464101615142376,0.34641016151423654,6.09,2.0300000000000002,2.0300000000000002,0.33333333333327864,25.096281,57.69259999999997,,,0.7185167970941759,673.6133333333333,1929.0371555555553,641.5,674.0,705.0,33.13370951440405,46.38692149100977,670.8541666666666,668.6,0.0033463807129707488,0.022225436151120794,0.02472713859226431,
02,24,654,75,184.324,94.19200000000001,42.62999999999999,2.74726666666667,0.3296720000000094,0.3296720000000002,0.8064516129032238,0.09677419354838948,0.09677419354838677,0.34641016151424253,0.34641016151423765,6.09,2.0300000000000002,2.0300000000000002,0.33333333333327864,25.096281,57.69259999999997,,,0.7185167970941759,884.1466666666666,6778.1251555555555,824.0,883.0,934.5,52.92852712681941,69.11543248424454,874.4166666666666,833.5333333333333,0.04624044276213594,0.02557435224742913,0.02295784824747116,
02,24,659,75,277.70400000000006,97.43999999999997,58.869999999999955,2.74726666666666,0.3296720000000094,0.32967200000000263,0.8064516129032226,0.09677419354838972,0.09677419354838772,0.34641016151424314,0.3464101615142396,6.09,2.0300000000000002,2.0300000000000002,0.33333333333327864,25.096281,57.69259999999997,,,0.7185167970941759,878.2133333333334,7026.087822222223,813.0,879.0,933.0,51.55943373614141,72.95119174720384,859.9583333333334,814.1666666666666,0.052141848601706516,0.06553840199662893,0.07281603431763266,
02,24,662,75,304.9060000000002,75.10999999999991,75.11000000000011,2.7472666666666523,0.32967200000000946,0.3296720000000024,0.8064516129032223,0.09677419354838995,0.09677419354838789,0.34641016151424364,0.3464101615142399,6.09,2.0300000000000002,2.0300000000000002,0.33333333333327864,25.096281,57.69259999999997,,,0.7185167970941759,746.84,4020.241066666668,704.5,729.0,792.0,37.28739241453894,51.17491553052105,744.6458333333334,723.4833333333333,0.028336055915591015,0.03353721340981264,0.0328199177327022,
02,24,665,75,337.3860000000001,81.60599999999995,79.16999999999994,2.747266666666669,0.3296720000000094,0.32967199999999824,0.8064516129032242,0.09677419354838958,0.0967741935483863,0.34641016151424253,0.3464101615142367,6.09,2.0300000000000002,2.0300000000000002,0.33333333333327864,25.096281,57.69259999999997,,,0.7185167970941759,745.2133333333334,8507.661155555557,667.0,741.0,810.0,57.62418274706271,74.16786239534655,728.6875,691.0833333333334,0.05046094183321095,0.07771939422350575,0.08473794381326015,
02,24,670,75,344.694,77.54600000000008,85.26000000000006,2.74726666666667,0.3296720000000094,0.32967199999999774,0.8064516129032243,0.09677419354838956,0.09677419354838614,0.34641016151424253,0.34641016151423637,6.09,2.0300000000000002,2.0300000000000002,0.33333333333327864,25.096281,57.69259999999996,,,0.718516797094176,643.5733333333334,4640.111288888889,596.0,636.0,697.5,54.188657242437166,73.14537726423629,625.6875,580.9333333333333,0.06954011974807323,0.05940551212799,0.0653122834788679,
02,24,675,75,356.0620000000002,82.41799999999994,91.35000000000002,2.74726666666667,0.32967200000000946,0.3296720000000002,0.8064516129032238,0.0967741935483895,0.09677419354838677,0.34641016151424253,0.34641016151423765,6.09,2.0300000000000002,2.0300000000000002,0.33333333333327864,25.096281,57.69259999999997,,,0.7185167970941759,638.68,2161.444266666667,608.5,635.0,677.0,31.675902107724482,40.68322097595959,636.4166666666666,628.65,0.012160497693158764,0.0356886404413673,0.039221699603660475,
02,24,680,75,190.41400000000007,108.80799999999999,30.450000000000017,2.7472666666666643,0.32967200000000013,0.32967200000000013,0.8064516129032256,0.0967741935483872,0.0967741935483872,0.346410161514238,0.346410161514238,6.09,2.0300000000000002,2.0300000000000002,0.33333333333327864,25.096281,57.69259999999996,,,0.718516797094176,1158.4133333333334,30580.002488888895,1038.5,1165.0,1294.0,115.33484072266133,146.71801578245294,1103.8958333333333,1011.3333333333334,0.07990455335458829,0.09123732457359421,0.09948118181658407,
02,24,685,75,173.36200000000002,116.92799999999993,79.16999999999994,2.7472666666666696,0.32967199999999874,0.32967199999999564,0.8064516129032273,0.09677419354838682,0.0967741935483859,0.3464101615142369,0.3464101615142353,6.09,2.0300000000000002,2.0300000000000002,0.33333333333327864,25.096281,57.69259999999997,,,0.7185167970941759,617.64,957.6437333333336,596.0,617.0,633.0,22.88193194946433,30.319088498908997,618.8958333333334,616.4333333333333,0.003986950327051497,0.019629864695229968,0.02178593299278294,
02,24,695,75,269.17800000000017,106.37200000000014,38.56999999999994,2.7472666666666608,0.3296720000000027,0.329671999999991,0.806451612903227,0.09677419354838823,0.09677419354838479,0.3464101615142396,0.34641016151423343,6.09,2.0300000000000002,2.0300000000000002,0.33333333333327864,25.096281,57.69259999999996,,,0.718516797094176,1052.1466666666668,12284.231822222222,976.5,1067.0,1110.0,63.408271771660935,89.16978721034445,1042.1041666666667,979.7166666666667,0.05929544043289274,0.06957203494835976,0.07718386847744663,
02,24,700,75,285.0120000000001,151.03199999999998,48.72,2.7472666666666616,0.32967200000000974,0.3296719999999909,0.8064516129032253,0.09677419354839008,0.09677419354838455,0.3464101615142432,0.3464101615142333,6.09,2.0300000000000002,2.0300000000000002,0.33333333333327864,25.096281,57.69259999999997,,,0.7185167970941759,1183.1333333333334,18261.262222222223,1073.0,1181.0,1304.0,101.38890055966968,127.55323849214851,1154.5208333333333,1051.8333333333333,0.086792838226179,0.015034872675579458,0.009633987944224917,
02,24,701,75,384.0759999999998,120.9880000000001,229.38999999999984,2.747266666666668,0.3296720000000094,0.32967200000000285,0.8064516129032231,0.09677419354838948,0.09677419354838757,0.34641016151424264,0.3464101615142392,6.09,2.0300000000000002,2.0300000000000002,0.33333333333327864,25.096281,57.69259999999998,,,0.7185167970941759,835.28,24565.801600000003,703.0,834.0,954.5,86.19794901805591,120.34132633022506,814.25,735.9,0.09380088114165301,0.11573956615059046,0.12596225148259702,
02,24,702,75,182.7000000000001,171.738,32.48000000000004,2.747266666666671,0.3296720000000004,0.3296719999999956,0.806451612903227,0.0967741935483872,0.09677419354838579,0.3464101615142377,0.3464101615142352,6.09,2.0300000000000002,2.0300000000000002,0.33333333333327864,25.096281,57.69259999999996,,,0.718516797094176,1054.6266666666668,28119.300622222225,934.0,1016.0,1128.0,96.31796792937247,128.20499409798302,1027.0833333333333,973.9166666666666,0.050412784302817974,0.08488879053195708,0.08954447818824739,
02,24,707,75,248.06600000000014,166.45999999999998,48.72,2.7472666666666603,0.3296720000000005,0.3296719999999957,0.8064516129032264,0.09677419354838755,0.09677419354838612,0.3464101615142384,0.3464101615142359,6.09,2.0300000000000002,2.0300000000000002,0.33333333333327864,25.096281,57.69259999999996,,,0.718516797094176,1013.5333333333333,8239.715555555556,946.5,1022.0,1083.0,80.53611377182561,106.62785247089926,994.1041666666666,937.6333333333333,0.0557167993159244,0.01784055622039317,0.011568332798245408,
02,24,712,75,291.9140000000001,159.96400000000006,58.869999999999955,2.7472666666666603,0.32967199999999586,0.3296719999999817,0.8064516129032308,0.09677419354838669,0.09677419354838254,0.346410161514236,0.34641016151422854,6.09,2.0300000000000002,2.0300000000000002,0.33333333333327864,25.096281,57.69259999999997,,,0.7185167970941759,871.72,9201.108266666668,814.0,888.0,944.5,62.33831639869672,77.09803283053645,871.1041666666666,887.5333333333333,-0.018846839199131205,0.05667325810464134,0.061275646221602156,
02,24,713,75,403.158,67.39599999999994,215.17999999999978,2.7472666666666674,0.3296720000000094,0.3296719999999982,0.8064516129032241,0.09677419354838962,0.09677419354838633,0.3464101615142427,0.34641016151423676,6.09,2.0300000000000002,2.0300000000000002,0.33333333333327864,25.096281,57.69259999999996,,,0.718516797094176,576.0666666666667,3092.942222222222,545.5,575.0,601.0,36.90851302951143,44.58652347300078,571.75,552.1,0.03411063534313148,0.02182300412594109,0.017178460642685748,
02,24,716,75,289.07199999999995,95.81599999999989,205.02999999999986,2.747266666666667,0.3296719999999981,0.329671999999991,0.8064516129032283,0.09677419354838683,0.09677419354838475,0.34641016151423676,0.34641016151423304,6.09,2.0300000000000002,2.0300000000000002,0.33333333333327864,25.096281,57.69259999999997,,,0.7185167970941759,749.0266666666666,3624.9859555555554,695.5,738.0,802.5,40.63547351255343,56.256395663220744,743.6458333333334,727.8666666666667,0.021066228171671694,0.03485353986852419,0.036234152344436006,
02,24,719,75,323.9879999999999,99.47000000000008,211.12,2.7472666666666705,0.3296720000000024,0.3296719999999909,0.8064516129032275,0.09677419354838787,0.0967741935483845,0.3464101615142388,0.34641016151423276,6.09,2.0300000000000002,2.0300000000000002,0.33333333333327864,25.096281,57.69259999999996,,,0.718516797094176,776.8533333333334,2540.3651555555552,746.5,781.0,816.5,43.75450854216336,57.58145951990881,766.8125,728.6,0.04918882157078117,0.01208305927687636,0.012212974912170608,
02,24,720,75,416.9620000000001,115.71000000000008,223.29999999999995,2.74726666666667,0.3296720000000004,0.3296719999999909,0.806451612903228,0.09677419354838736,0.09677419354838457,0.34641016151423776,0.3464101615142328,6.09,2.0300000000000002,2.0300000000000002,0.33333333333327864,25.096281,57.69259999999997,,,0.7185167970941759,688.9333333333333,5069.235555555555,645.5,677.0,724.0,46.18754906103265,63.92947029986348,690.5416666666666,662.5666666666667,0.04060625120959919,0.05328409562770544,0.05847581958043884,
02,24,726,75,263.0880000000001,104.74800000000006,194.8799999999999,2.7472666666666314,0.3296720000000094,0.3296719999999982,0.806451612903222,0.09677419354839065,0.09677419354838736,0.3464101615142449,0.34641016151423903,6.09,2.0300000000000002,2.0300000000000002,0.33333333333327864,25.096281,57.69259999999996,,,0.718516797094176,708.4933333333333,1170.916622222222,687.5,712.0,729.5,24.02341521018639,30.828005456695536,701.3125,690.0666666666667,0.015872885183581962,0.020698584557886937,0.0228874730843814,
02,24,727,75,266.3359999999999,98.65800000000007,200.96999999999997,2.747266666666669,0.3296720000000094,0.3296720000000024,0.8064516129032232,0.09677419354838945,0.0967741935483874,0.34641016151424253,0.34641016151423887,6.09,2.0300000000000002,2.0300000000000002,0.33333333333327864,25.096281,57.69259999999996,,,0.718516797094176,1050.0133333333333,16461.426488888887,953.0,1038.0,1139.5,107.56696850129477,136.49370749279032,1009.8333333333334,895.2,0.10917321684803992,0.05084729701463074,0.05357704768116868,
02,24,732,75,308.55999999999995,93.78600000000004,209.09000000000034,2.7472666666666674,0.3296720000000024,0.329671999999991,0.8064516129032274,0.09677419354838797,0.09677419354838461,0.346410161514239,0.346410161514233,6.09,2.0300000000000002,2.0300000000000002,0.33333333333327864,25.096281,57.69259999999997,,,0.7185167970941759,864.1066666666667,9094.70862222222,785.5,884.0,948.0,63.55285302630628,85.68896913680983,850.4583333333334,819.6666666666666,0.035634103814343954,0.051530529499890745,0.052272008305404245,
02,24,737,75,328.0480000000002,73.48599999999992,203.0000000000002,2.747266666666667,0.32967200000000085,0.329671999999991,0.8064516129032278,0.09677419354838757,0.09677419354838467,0.3464101615142382,0.34641016151423304,6.09,2.0300000000000002,2.0300000000000002,0.33333333333327864,25.096281,57.69259999999996,,,0.718516797094176,765.0533333333333,7001.650488888889,711.0,746.0,814.0,53.90970807081635,70.21837860031782,758.0625,718.0,0.052365630282856034,0.03663052382218898,0.030288310575481665,
02,24,742,75,370.27200000000005,84.85400000000008,219.24000000000004,2.747266666666671,0.32967200000000285,0.3296719999999817,0.8064516129032296,0.09677419354838825,0.09677419354838203,0.346410161514239,0.3464101615142279,6.09,2.0300000000000002,2.0300000000000002,0.33333333333327864,25.096281,57.69259999999996,,,0.718516797094176,692.36,4768.843733333334,643.5,699.0,740.0,43.1938394724391,56.838585957913295,688.1458333333334,658.4166666666666,0.04293888535829149,0.06209676412481115,0.06707829095141499,
02,24,743,75,423.45800000000014,77.54600000000008,215.17999999999978,2.7472666666666674,0.3296720000000094,0.32967199999999824,0.8064516129032241,0.09677419354838962,0.09677419354838634,0.3464101615142427,0.3464101615142368,6.09,2.0300000000000002,2.0300000000000002,0.33333333333327864,25.096281,57.69259999999996,,,0.718516797094176,723.7333333333333,9666.515555555556,649.0,698.0,785.5,57.45355023808681,77.79982438870111,715.0625,681.9,0.0458214351510685,0.06505315819186418,0.06631402315814261,
02,24,744,75,373.1139999999999,64.14800000000004,203.0000000000002,2.7472666666666674,0.3296720000000094,0.32967200000000063,0.8064516129032235,0.09677419354838956,0.09677419354838698,0.3464101615142427,0.3464101615142381,6.09,2.0300000000000002,2.0300000000000002,0.33333333333327864,25.096281,57.69259999999997,,,0.7185167970941759,631.0533333333333,4064.8238222222226,590.5,640.0,681.0,33.89846331316743,44.61212795615639,633.4791666666666,628.3333333333334,0.008154355680449485,0.05840195989149113,0.06171726675552172,
02,24,749,75,351.59599999999995,73.89199999999992,196.91000000000014,2.7472666666666345,0.3296720000000028,0.329671999999991,0.8064516129032254,0.09677419354838901,0.09677419354838554,0.34641016151424125,0.34641016151423504,6.09,2.0300000000000002,2.0300000000000002,0.33333333333327864,25.096281,57.69259999999997,,,0.7185167970941759,676.4133333333333,4576.5091555555555,623.5,659.0,737.5,41.4843573768094,50.15102116505621,668.6041666666666,645.3166666666667,0.034427913898799366,0.049739017287971254,0.0520983113373544,
02,24,754,75,345.1,74.70399999999992,200.96999999999997,2.74726666666667,0.3296720000000094,0.3296719999999985,0.8064516129032241,0.09677419354838954,0.09677419354838634,0.34641016151424253,0.34641016151423676,6.09,2.0300000000000002,2.0300000000000002,0.33333333333327864,25.096281,57.69259999999997,,,0.7185167970941759,654.7333333333333,2517.4755555555553,617.0,645.0,695.0,34.81626660084914,49.38947451806271,642.7291666666666,626.2666666666667,0.025143824457794447,0.03782681973528835,0.04077910324252402,
02,24,759,75,437.2620000000002,59.275999999999925,186.76000000000033,2.7472666666666683,0.3296719999999979,0.3296719999999817,0.8064516129032308,0.09677419354838702,0.09677419354838226,0.3464101615142366,0.34641016151422804,6.09,2.0300000000000002,2.0300000000000002,0.33333333333327864,25.096281,57.69259999999996,,,0.718516797094176,678.56,3019.659733333333,638.0,675.0,714.5,42.40720884475966,55.8064803654446,669.875,640.9666666666667,0.04260247190128104,0.028247317588459726,0.028710222265972665,
02,24,764,75,434.014,63.74200000000002,211.12,2.747266666666671,0.32967199999999885,0.3296719999999909,0.8064516129032285,0.09677419354838693,0.0967741935483846,0.3464101615142369,0.34641016151423276,6.09,2.0300000000000002,2.0300000000000002,0.33333333333327864,25.096281,57.69259999999997,,,0.7185167970941759,640.4666666666667,3284.035555555555,617.0,645.0,680.5,40.75896875315746,50.698031648077865,636.8958333333334,642.2166666666667,-0.008307744353075857,0.023395077455038927,0.0077000718467745135,
02,24,769,75,305.71800000000013,82.82399999999997,207.06,2.747266666666669,0.3296720000000094,0.32967200000000235,0.8064516129032232,0.09677419354838945,0.09677419354838739,0.34641016151424253,0.34641016151423887,6.09,2.0300000000000002,2.0300000000000002,0.33333333333327864,25.096281,57.69259999999997,,,0.7185167970941759,816.6666666666666,4233.315555555555,769.5,809.0,866.5,51.49281298589788,64.45460781489781,806.3333333333334,768.35,0.04651020408163262,0.015496430182140168,0.014476984275737726,
02,24,774,75,305.71800000000013,101.09400000000004,48.72,2.7472666666666608,0.3296720000000094,0.3296719999999985,0.8064516129032236,0.0967741935483898,0.09677419354838661,0.3464101615142431,0.34641016151423737,6.09,2.0300000000000002,2.0300000000000002,0.33333333333327864,25.096281,57.69259999999996,,,0.718516797094176,841.1866666666666,19700.04515555556,751.5,819.0,913.0,84.54912305724109,119.63047270950133,839.3958333333334,790.0666666666667,0.05864235445164759,0.06072083811346844,0.05472516274549587,
02,24,779,75,161.588,116.52199999999999,56.83999999999996,2.74726666666667,0.32967199999999786,0.32967199999999564,0.8064516129032276,0.09677419354838657,0.09677419354838591,0.3464101615142364,0.34641016151423526,6.09,2.0300000000000002,2.0300000000000002,0.33333333333327864,25.096281,57.69259999999996,,,0.718516797094176,923.6666666666666,9152.675555555556,856.5,921.0,974.0,65.68959330993893,85.35285610931692,904.8958333333334,847.8,0.061814326957777,0.020523762594673506,0.011527010554239698,
02,24,784,75,406.40600000000035,66.17799999999993,125.8599999999999,2.74726666666667,0.3296720000000031,0.32967199999999103,0.8064516129032274,0.09677419354838807,0.09677419354838453,0.3464101615142392,0.3464101615142329,6.09,2.0300000000000002,2.0300000000000002,0.33333333333327864,25.096281,57.69259999999997,,,0.7185167970941759,613.5333333333333,2821.6622222222227,567.5,611.0,656.0,35.17679482895997,45.520435714985226,612.4166666666666,604.4166666666666,0.013039226339237184,0.04376640748260652,0.046684831129368165,
02,24,793,75,397.4739999999999,65.77199999999998,198.9399999999997,2.747266666666667,0.32967200000000074,0.329671999999991,0.8064516129032278,0.09677419354838754,0.09677419354838467,0.34641016151423815,0.34641016151423304,6.09,2.0300000000000002,2.0300000000000002,0.33333333333327864,25.096281,57.69259999999996,,,0.718516797094176,598.8266666666667,1631.8232888888888,574.0,592.0,621.0,28.00224195093366,37.519262701946616,597.625,596.85,0.0012941975418595964,0.01786578619040268,0.017261834333744487,
02,24,798,75,288.6659999999998,91.7560000000001,69.02000000000005,2.747266666666671,0.3296720000000025,0.3296719999999817,0.8064516129032298,0.09677419354838816,0.09677419354838204,0.3464101615142388,0.3464101615142279,6.09,2.0300000000000002,2.0300000000000002,0.33333333333327864,25.096281,57.69259999999997,,,0.7185167970941759,700.2933333333333,4611.80728888889,651.5,690.0,748.5,47.265196874583545,60.84650740393727,686.9791666666666,660.1666666666666,0.038287527131487704,0.04661681618817059,0.050531627438139735,
02,24,803,75,356.87400000000025,81.19999999999995,207.06,2.74726666666667,0.3296720000000094,0.32967199999999786,0.8064516129032243,0.09677419354838956,0.09677419354838616,0.34641016151424253,0.3464101615142364,6.09,2.0300000000000002,2.0300000000000002,0.33333333333327864,25.096281,57.69259999999996,,,0.718516797094176,792.6533333333333,5676.439822222222,742.0,795.0,851.0,71.67120861595636,92.19815361187781,764.6666666666666,693.4333333333333,0.08986694477619463,0.026291762561392276,0.023897862887740366,
