sequence,frame,label,mask_voxels,center_x,center_y,center_z,eig1,eig2,eig3,eigfrac1,eigfrac2,eigfrac3,axis_ratio21,axis_ratio31,bbox_major,bbox_mid,bbox_minor,bbox_ratio_minor_major,proxy_volume_phys,surface_area_phys,projected_area_px,perimeter_px,sphericity,intensity_mean,intensity_var,intensity_q25,intensity_median,intensity_q75,gradient_mean_inplane,gradient_q75_inplane,boundary_mean_intensity,outside_neighbor_mean_intensity,boundary_contrast_norm,intensity_polarity_norm,intensity_axis_asym_abs,roundness
02,25,1,75,360.5279999999999,124.64199999999995,73.0799999999999,2.7472666666666683,0.3296720000000094,0.329671999999998,0.8064516129032241,0.09677419354838959,0.09677419354838626,0.3464101615142426,0.34641016151423665,6.09,2.0300000000000002,2.0300000000000002,0.33333333333327864,25.096281,57.69259999999996,,,0.718516797094176,1077.88,20047.838933333333,959.0,1086.0,1180.5,76.64061222331732,96.53504823619602,1063.5208333333333,984.5,0.0733113457280339,0.08871166635496061,0.0979147475142003,
02,25,2,75,348.34800000000024,131.54399999999998,75.11000000000011,2.747266666666652,0.3296720000000099,0.3296720000000094,0.8064516129032204,0.09677419354838988,0.09677419354838973,0.3464101615142439,0.34641016151424364,6.09,2.0300000000000002,2.0300000000000002,0.33333333333327864,25.096281,57.69259999999996,,,0.718516797094176,749.92,17397.300266666665,643.0,758.0,832.5,65.74959740298185,87.95595156840199,725.5,683.3333333333334,0.05622821989901133,0.13259138684023936,0.14715926749278532,
02,25,7,75,457.15600000000035,114.89800000000005,148.1899999999997,2.7472666666666727,0.3296719999999981,0.32967199999998176,0.8064516129032309,0.09677419354838693,0.09677419354838214,0.34641016151423637,0.3464101615142278,6.09,2.0300000000000002,2.0300000000000002,0.33333333333327864,25.096281,57.69259999999997,,,0.7185167970941759,763.88,7493.118933333334,699.5,754.0,835.0,54.534543912536876,74.07881978027248,761.4791666666666,710.9333333333333,0.06616986088565388,0.04356978234232172,0.04668870850757731,
02,25,10,75,414.5260000000002,110.83799999999987,105.56000000000012,2.747266666666671,0.3296720000000005,0.329671999999991,0.8064516129032281,0.09677419354838737,0.09677419354838457,0.34641016151423776,0.34641016151423276,6.09,2.0300000000000002,2.0300000000000002,0.33333333333327864,25.096281,57.69259999999996,,,0.718516797094176,781.72,7464.2015999999985,721.5,769.0,830.5,57.44728584434868,73.3647366460346,774.0208333333334,745.9166666666666,0.03595170478773308,0.056247581328031884,0.058198830130124404,
02,25,13,75,364.99400000000014,127.48400000000007,95.40999999999984,2.747266666666668,0.3296720000000094,0.3296720000000053,0.8064516129032224,0.09677419354838941,0.0967741935483882,0.34641016151424264,0.3464101615142405,6.09,2.0300000000000002,2.0300000000000002,0.33333333333327864,25.096281,57.69259999999997,,,0.7185167970941759,674.96,6792.011733333333,614.0,671.0,741.0,36.97566968657098,47.66782807865296,677.1041666666666,663.1666666666666,0.02064937181462602,0.09026325698074567,0.09963058315324769,
02,25,18,75,389.75999999999993,120.9880000000001,93.37999999999998,2.7472666666666696,0.32967200000000274,0.329671999999991,0.8064516129032274,0.096774193548388,0.09677419354838454,0.34641016151423903,0.3464101615142329,6.09,2.0300000000000002,2.0300000000000002,0.33333333333327864,25.096281,57.69259999999997,,,0.7185167970941759,678.9333333333333,8508.542222222222,596.0,684.0,747.0,44.282020198342,60.940513727669725,668.375,657.8,0.01557590337784765,0.10366813816031069,0.11530689146599994,
02,25,23,75,205.0300000000001,150.626,34.50999999999999,2.7472666666666705,0.3296720000000004,0.32967199999999564,0.806451612903227,0.09677419354838722,0.09677419354838582,0.34641016151423776,0.34641016151423526,6.09,2.0300000000000002,2.0300000000000002,0.33333333333327864,25.096281,57.69259999999996,,,0.718516797094176,976.2533333333333,31474.242488888885,838.0,947.0,1093.5,106.20082817431344,146.34864914060418,950.6875,877.9333333333333,0.07452385992706809,0.12630855329019458,0.14040765990322052,
02,25,28,75,470.55400000000003,98.65800000000007,152.2500000000001,2.747266666666632,0.3296720000000094,0.32967200000000246,0.806451612903221,0.09677419354839051,0.09677419354838847,0.3464101615142449,0.34641016151424125,6.09,2.0300000000000002,2.0300000000000002,0.33333333333327864,25.096281,57.69259999999996,,,0.718516797094176,699.72,4696.1215999999995,648.5,699.0,753.5,38.898715468172675,52.286022885761454,694.4791666666666,681.9166666666666,0.017953610015434718,0.0502223776590641,0.054050365329714654,
02,25,33,75,330.4839999999999,151.84400000000002,73.0799999999999,2.7472666666666665,0.3296720000000094,0.32967199999999525,0.8064516129032248,0.09677419354838973,0.09677419354838558,0.34641016151424275,0.3464101615142353,6.09,2.0300000000000002,2.0300000000000002,0.33333333333327864,25.096281,57.69259999999997,,,0.7185167970941759,827.52,7138.009600000003,757.5,817.0,863.0,71.4011302282631,91.70331287368165,832.8125,819.1666666666666,0.016490034480536247,0.016189456870012702,0.0022693616300262782,
02,25,36,75,228.1720000000001,155.09199999999998,40.6,2.74726666666667,0.32967200000000046,0.32967199999999564,0.806451612903227,0.09677419354838725,0.09677419354838583,0.3464101615142378,0.34641016151423526,6.09,2.0300000000000002,2.0300000000000002,0.33333333333327864,25.096281,57.69259999999997,,,0.7185167970941759,1056.4266666666667,48613.60462222222,888.0,1009.0,1179.5,129.7845082891702,198.31445387000124,1010.5625,893.4333333333333,0.11087297430331174,0.13636464443568502,0.15009431418121427,
02,25,37,75,336.9800000000001,129.51400000000012,71.05000000000003,2.747266666666671,0.32967200000000946,0.3296720000000094,0.8064516129032216,0.09677419354838922,0.0967741935483892,0.3464101615142425,0.3464101615142425,6.09,2.0300000000000002,2.0300000000000002,0.33333333333327864,25.096281,57.69259999999997,,,0.7185167970941759,719.52,5184.996266666667,667.0,712.0,779.0,46.47002211038473,62.89841417027104,721.875,697.0666666666667,0.034479004521532755,0.03334838067297267,0.03413416882686344,
02,25,40,75,423.8639999999999,113.68000000000015,111.65000000000002,2.747266666666671,0.3296720000000094,0.3296720000000008,0.8064516129032236,0.09677419354838945,0.09677419354838693,0.3464101615142425,0.3464101615142379,6.09,2.0300000000000002,2.0300000000000002,0.33333333333327864,25.096281,57.69259999999996,,,0.718516797094176,749.7866666666666,6354.327822222223,687.5,731.0,805.0,47.12655267586946,63.94640062911371,744.5416666666666,737.05,0.009991730981256887,0.036595399235663115,0.033344318350111334,
02,25,45,75,326.4240000000002,141.69400000000005,54.810000000000024,2.74726666666667,0.32967200000000946,0.32967200000000046,0.8064516129032238,0.0967741935483895,0.09677419354838686,0.34641016151424253,0.3464101615142378,6.09,2.0300000000000002,2.0300000000000002,0.33333333333327864,25.096281,57.69259999999997,,,0.7185167970941759,916.5333333333333,6518.568888888887,858.0,908.0,948.0,63.92047908461724,80.36125753049433,936.3541666666666,940.45,-0.004468831830084462,0.018461638884555213,0.015679014937813054,
02,25,46,75,476.6439999999997,97.84600000000002,176.60999999999973,2.747266666666667,0.3296719999999982,0.3296719999999818,0.8064516129032305,0.09677419354838712,0.09677419354838232,0.3464101615142368,0.3464101615142282,6.09,2.0300000000000002,2.0300000000000002,0.33333333333327864,25.096281,57.69259999999997,,,0.7185167970941759,509.82666666666665,1157.6099555555554,478.0,506.0,534.0,18.818637123115266,25.836188896690388,510.1875,515.6166666666667,-0.010649044119570043,0.034872451502257866,0.03629039776340046,
02,25,49,75,355.6560000000003,142.50600000000006,75.11000000000011,2.7472666666666523,0.3296719999999956,0.32967199999999103,0.8064516129032282,0.09677419354838658,0.09677419354838525,0.34641016151423637,0.346410161514234,6.09,2.0300000000000002,2.0300000000000002,0.33333333333327864,25.096281,57.69259999999997,,,0.7185167970941759,684.6266666666667,6910.180622222222,638.0,674.0,713.0,55.2637354184788,72.35048913478047,687.5416666666666,682.9833333333333,0.0066581299783822915,0.023262010487147333,0.015814085530535604,
02,25,52,75,376.76800000000003,126.26599999999993,85.26000000000006,2.7472666666666723,0.3296720000000094,0.32967199999999847,0.8064516129032242,0.09677419354838947,0.09677419354838626,0.34641016151424237,0.34641016151423665,6.09,2.0300000000000002,2.0300000000000002,0.33333333333327864,25.096281,57.69259999999998,,,0.7185167970941759,827.08,5905.140266666667,777.0,827.0,881.5,54.504125831727926,70.4517088410783,814.9375,768.5666666666667,0.05606571714142915,0.0141808019423863,0.013090323382345297,
02,25,57,75,237.51,151.43799999999993,40.6,2.74726666666667,0.3296720000000005,0.3296720000000004,0.8064516129032258,0.09677419354838714,0.0967741935483871,0.34641016151423787,0.34641016151423776,6.09,2.0300000000000002,2.0300000000000002,0.33333333333327864,25.096281,57.69259999999997,,,0.7185167970941759,812.68,12284.110933333333,736.0,820.0,880.0,77.92291973972553,112.14159498395031,793.0208333333334,745.5666666666667,0.058392192088726924,0.03682611111113465,0.02624266709384222,
02,25,58,75,380.42200000000014,148.18999999999994,99.47,2.747266666666651,0.3296720000000094,0.32967199999999575,0.8064516129032238,0.09677419354839016,0.09677419354838615,0.3464101615142437,0.34641016151423654,6.09,2.0300000000000002,2.0300000000000002,0.33333333333327864,25.096281,57.69259999999997,,,0.7185167970941759,792.0266666666666,7050.585955555555,729.0,798.0,848.5,67.43161559274044,86.6681839887589,780.0625,713.8,0.08366195582640311,0.030398081327638705,0.03063820879576292,
02,25,63,75,400.3160000000002,134.79200000000003,93.37999999999998,2.74726666666667,0.32967200000000946,0.3296720000000005,0.8064516129032238,0.0967741935483895,0.09677419354838687,0.34641016151424253,0.34641016151423787,6.09,2.0300000000000002,2.0300000000000002,0.33333333333327864,25.096281,57.69259999999997,,,0.7185167970941759,1102.96,43722.25173333333,974.0,1099.0,1240.0,159.91016466210885,206.02477842732497,1063.7916666666667,963.6833333333333,0.09076333986122197,0.03875034922942744,0.014539052050293724,
02,25,68,75,408.842,140.0699999999999,115.70999999999992,2.7472666666666696,0.3296720000000094,0.32967199999999597,0.8064516129032248,0.09677419354838962,0.09677419354838568,0.34641016151424253,0.3464101615142355,6.09,2.0300000000000002,2.0300000000000002,0.33333333333327864,25.096281,57.69259999999997,,,0.7185167970941759,951.04,16335.158399999998,858.0,968.0,1065.0,69.64229217813552,83.4200043148135,937.0416666666666,867.2833333333333,0.07334952613279488,0.06740850151823558,0.07141254374323186,
02,25,71,75,248.472,149.408,46.68999999999995,2.74726666666667,0.3296720000000003,0.32967199999999564,0.806451612903227,0.0967741935483872,0.09677419354838583,0.3464101615142377,0.34641016151423526,6.09,2.0300000000000002,2.0300000000000002,0.33333333333327864,25.096281,57.69259999999996,,,0.718516797094176,793.6533333333333,4362.519822222222,743.0,796.0,845.0,57.119877077747226,76.14983641248489,779.7916666666666,769.2666666666667,0.013261457563335752,0.023977453121641287,0.024382142876817302,
02,25,76,75,448.6299999999997,114.89800000000005,129.92000000000007,2.747266666666671,0.3296719999999982,0.32967199999999103,0.8064516129032286,0.09677419354838675,0.09677419354838465,0.34641016151423654,0.3464101615142328,6.09,2.0300000000000002,2.0300000000000002,0.33333333333327864,25.096281,57.69259999999997,,,0.7185167970941759,894.56,24184.406400000003,772.5,880.0,1044.5,83.24694953586982,102.51964874256906,874.4375,828.6,0.051240274548381246,0.10482975847298547,0.11142673783709729,
02,25,77,75,406.8120000000002,128.70200000000006,109.61999999999985,2.7472666666666683,0.32967200000000946,0.3296719999999961,0.8064516129032246,0.09677419354838968,0.09677419354838575,0.34641016151424264,0.34641016151423565,6.09,2.0300000000000002,2.0300000000000002,0.33333333333327864,25.096281,57.69259999999997,,,0.7185167970941759,784.2533333333333,6803.575822222222,712.5,792.0,849.5,64.87526674224436,82.13200582903501,777.2708333333334,752.0333333333333,0.032180290382359485,0.022145267673236362,0.00705874821736801,
02,25,82,75,371.4900000000001,148.18999999999994,91.35000000000002,2.74726666666667,0.3296720000000094,0.3296719999999952,0.806451612903225,0.09677419354838963,0.09677419354838547,0.34641016151424253,0.34641016151423504,6.09,2.0300000000000002,2.0300000000000002,0.33333333333327864,25.096281,57.69259999999997,,,0.7185167970941759,862.28,9553.828266666667,795.0,876.0,918.0,66.5111914921261,86.5054247927452,854.4166666666666,821.7666666666667,0.037864730713921164,0.019479666412629274,0.016495071716587498,
02,25,87,75,433.20199999999977,133.57399999999996,129.92000000000007,2.747266666666672,0.32967200000000024,0.3296719999999818,0.8064516129032303,0.09677419354838752,0.09677419354838211,0.3464101615142376,0.3464101615142279,6.09,2.0300000000000002,2.0300000000000002,0.33333333333327864,25.096281,57.69259999999997,,,0.7185167970941759,837.5466666666666,7035.767822222222,778.5,837.0,900.0,54.54867019474207,68.89717037239552,840.25,809.5333333333333,0.036674573357106464,0.04950745459900009,0.05244784297053431,
02,25,90,75,239.134,182.70000000000016,54.810000000000024,2.747266666666671,0.3296720000000096,0.32967200000000063,0.8064516129032235,0.0967741935483895,0.09677419354838686,0.3464101615142426,0.34641016151423787,6.09,2.0300000000000002,2.0300000000000002,0.33333333333327864,25.096281,57.69259999999997,,,0.7185167970941759,1052.7333333333333,32070.835555555554,907.0,1018.0,1165.5,98.96487737137777,150.09193206684392,1022.8541666666666,949.2,0.06996469507947552,0.11352062038882757,0.1253054153770755,
02,25,95,75,463.24600000000015,105.15400000000008,138.03999999999994,2.7472666666666696,0.3296720000000094,0.3296719999999974,0.8064516129032244,0.09677419354838959,0.09677419354838607,0.34641016151424253,0.34641016151423626,6.09,2.0300000000000002,2.0300000000000002,0.33333333333327864,25.096281,57.69259999999996,,,0.718516797094176,729.8666666666667,1713.3155555555556,700.0,734.0,755.5,31.476120611315842,41.198400791099964,725.9583333333334,711.7833333333333,0.019421355498721295,0.026331454039347335,0.029108386512244382,
02,25,100,75,439.2919999999999,112.86800000000011,117.74000000000007,2.7472666666666528,0.3296720000000094,0.32967199999999836,0.8064516129032232,0.09677419354839004,0.0967741935483868,0.3464101615142436,0.34641016151423776,6.09,2.0300000000000002,2.0300000000000002,0.33333333333327864,25.096281,57.69259999999997,,,0.7185167970941759,890.04,11203.851733333331,812.0,887.0,945.0,66.65206751941649,85.02699023343864,889.7708333333334,866.9166666666666,0.025677684898057072,0.03434433966168787,0.020916051014687673,
02,25,105,75,477.05,89.31999999999991,192.84999999999985,2.7472666666666683,0.3296719999999978,0.3296719999999909,0.8064516129032285,0.09677419354838672,0.09677419354838471,0.34641016151423654,0.3464101615142329,6.09,2.0300000000000002,2.0300000000000002,0.33333333333327864,25.096281,57.69259999999997,,,0.7185167970941759,666.2133333333334,7697.687822222222,602.0,640.0,712.5,59.82300923554195,77.9181587211555,663.5833333333334,653.25,0.015510547172077045,0.03360609537426489,0.0025737143557529613,
02,25,110,75,474.2080000000001,101.5,182.69999999999985,2.747266666666668,0.3296720000000094,0.3296720000000024,0.8064516129032231,0.09677419354838948,0.09677419354838743,0.34641016151424264,0.346410161514239,6.09,2.0300000000000002,2.0300000000000002,0.33333333333327864,25.096281,57.69259999999997,,,0.7185167970941759,516.7066666666667,773.647288888889,496.0,514.0,539.0,19.751900287434452,25.961474121554886,513.9583333333334,508.18333333333334,0.011176554073233083,0.029341338665147387,0.03261519643069094,
02,25,111,75,465.27600000000024,95.00399999999993,209.09000000000034,2.7472666666666683,0.329671999999998,0.329671999999991,0.8064516129032284,0.09677419354838677,0.09677419354838471,0.34641016151423665,0.34641016151423293,6.09,2.0300000000000002,2.0300000000000002,0.33333333333327864,25.096281,57.69259999999996,,,0.718516797094176,736.84,7994.347733333334,667.0,721.0,788.0,59.657074952448795,78.79309337243978,734.3541666666666,712.0833333333334,0.030224788737491484,0.030473200169510734,0.0023270219045078886,
02,25,114,75,179.45199999999994,150.22000000000006,34.50999999999999,2.74726666666667,0.3296719999999958,0.32967199999999564,0.806451612903228,0.09677419354838601,0.09677419354838596,0.34641016151423537,0.34641016151423526,6.09,2.0300000000000002,2.0300000000000002,0.33333333333327864,25.096281,57.69259999999997,,,0.7185167970941759,964.8933333333333,26424.33528888889,863.0,929.0,1062.0,97.77716330950112,135.3205309420577,934.7916666666666,834.6666666666666,0.1037679467160445,0.023440334152858868,0.02002118621548339,
02,25,117,75,450.6600000000003,105.15400000000008,221.26999999999987,2.7472666666666674,0.32967200000000946,0.3296719999999983,0.8064516129032241,0.09677419354838963,0.09677419354838636,0.3464101615142427,0.34641016151423687,6.09,2.0300000000000002,2.0300000000000002,0.33333333333327864,25.096281,57.692599999999956,,,0.7185167970941762,743.5866666666667,4760.8024888888895,693.5,726.0,784.0,50.66920405462149,68.42418411589009,745.375,712.0833333333334,0.04477173698649776,0.043019292466483075,0.046777001130865074,
02,25,120,75,472.5840000000001,105.96600000000014,194.8799999999999,2.747266666666631,0.3296720000000002,0.3296719999999817,0.806451612903228,0.09677419354838868,0.09677419354838325,0.34641016151424014,0.34641016151423043,6.09,2.0300000000000002,2.0300000000000002,0.33333333333327864,25.096281,57.69259999999998,,,0.7185167970941759,785.6666666666666,4925.715555555555,725.5,797.0,836.0,57.50119378953932,74.12360957514622,768.9166666666666,718.0666666666667,0.06472210436996162,0.026780798229062378,0.02038989764670714,
02,25,123,75,290.28999999999996,144.12999999999994,48.72,2.747266666666661,0.3296720000000094,0.32967199999999564,0.8064516129032243,0.09677419354838987,0.09677419354838583,0.3464101615142431,0.3464101615142358,6.09,2.0300000000000002,2.0300000000000002,0.33333333333327864,25.096281,57.69259999999997,,,0.7185167970941759,1067.6666666666667,71283.6622222222,872.0,1005.0,1191.0,145.22144804817427,193.67230592547918,1044.0625,972.7333333333333,0.06680846081798307,0.1376995093460827,0.14458336895732618,
02,25,128,75,257.4040000000001,152.65600000000006,44.66000000000004,2.74726666666667,0.3296719999999998,0.3296719999999909,0.8064516129032281,0.09677419354838719,0.09677419354838458,0.3464101615142375,0.3464101615142328,6.09,2.0300000000000002,2.0300000000000002,0.33333333333327864,25.096281,57.69259999999997,,,0.7185167970941759,965.84,76719.9744,765.0,859.0,1076.5,111.9941572794998,179.6905512879335,953.5833333333334,889.55,0.06629807559568184,0.18679741666839958,0.20184163387541,
02,25,133,75,300.84599999999995,143.72400000000002,54.810000000000024,2.747266666666672,0.3296720000000005,0.329671999999991,0.8064516129032281,0.09677419354838734,0.09677419354838454,0.3464101615142377,0.3464101615142327,6.09,2.0300000000000002,2.0300000000000002,0.33333333333327864,25.096281,57.69259999999997,,,0.7185167970941759,1017.44,11507.179733333334,931.5,1015.0,1099.5,71.27777231653218,95.04239001439913,1006.8333333333334,971.2,0.03502254023169257,0.04508275340804057,0.04866365846382194,
02,25,138,75,270.802,151.43799999999993,50.75000000000007,2.747266666666662,0.3296720000000094,0.32967200000000013,0.8064516129032233,0.09677419354838973,0.096774193548387,0.34641016151424303,0.34641016151423815,6.09,2.0300000000000002,2.0300000000000002,0.33333333333327864,25.096281,57.69259999999997,,,0.7185167970941759,892.9466666666667,17441.730488888887,783.5,860.0,1015.0,68.67491400547092,100.2259676987405,869.3125,812.6666666666666,0.06343697271953529,0.11148117981231352,0.12371622127432112,
02,25,141,75,342.2580000000001,124.64199999999995,221.26999999999987,2.747266666666667,0.3296720000000094,0.32967199999999797,0.8064516129032241,0.09677419354838963,0.09677419354838628,0.3464101615142427,0.3464101615142367,6.09,2.0300000000000002,2.0300000000000002,0.33333333333327864,25.096281,57.69259999999996,,,0.718516797094176,627.1866666666666,2899.298488888889,579.0,630.0,662.5,44.47869808615308,54.500152982151164,621.4375,585.0166666666667,0.05807016518208289,0.03037737000736109,0.02989024240212171,
02,25,142,75,168.48999999999998,152.24999999999997,40.6,2.74726666666667,0.3296720000000096,0.3296719999999958,0.8064516129032246,0.09677419354838966,0.09677419354838561,0.34641016151424264,0.34641016151423537,6.09,2.0300000000000002,2.0300000000000002,0.33333333333327864,25.096281,57.69259999999998,,,0.7185167970941759,647.1466666666666,3874.6584888888897,608.0,645.0,680.0,48.56221705882571,61.14952252275754,651.25,645.9833333333333,0.008138289104994196,0.0415709713383648,0.04476465719974454,
02,25,147,75,309.77799999999996,138.85200000000003,62.929999999999986,2.7472666666666696,0.3296720000000094,0.3296720000000004,0.8064516129032236,0.0967741935483895,0.09677419354838686,0.34641016151424253,0.3464101615142378,6.09,2.0300000000000002,2.0300000000000002,0.33333333333327864,25.096281,57.69259999999997,,,0.7185167970941759,759.32,4529.230933333334,709.0,760.0,804.0,46.45278474941677,61.93490294003256,757.1875,748.8166666666667,0.01102411807055427,0.05065141547514674,0.055786549305316166,
02,25,152,75,391.78999999999974,121.80000000000003,219.24000000000004,2.7472666666666714,0.3296720000000095,0.3296719999999982,0.8064516129032242,0.09677419354838952,0.0967741935483862,0.3464101615142425,0.34641016151423654,6.09,2.0300000000000002,2.0300000000000002,0.33333333333327864,25.096281,57.69259999999997,,,0.7185167970941759,735.4266666666666,2157.8179555555553,702.0,737.0,772.0,46.595455257723835,63.8279786590182,721.9583333333334,678.7333333333333,0.05877540475370302,0.008423390334242479,0.0070610959461435184,
02,25,157,75,190.41400000000007,156.31,34.50999999999999,2.7472666666666705,0.3296720000000004,0.32967200000000013,0.806451612903226,0.0967741935483871,0.09677419354838701,0.34641016151423776,0.3464101615142376,6.09,2.0300000000000002,2.0300000000000002,0.33333333333327864,25.096281,57.69259999999997,,,0.7185167970941759,858.9333333333333,18053.448888888885,779.0,866.0,947.5,93.80024344839173,122.18918358216617,830.125,780.6,0.05765872399875806,0.028184584957729058,0.016996614638676508,
02,25,158,75,301.658,165.6479999999999,64.95999999999994,2.74726666666667,0.3296720000000094,0.32967199999999597,0.8064516129032248,0.0967741935483896,0.09677419354838566,0.34641016151424253,0.3464101615142354,6.09,2.0300000000000002,2.0300000000000002,0.33333333333327864,25.096281,57.69259999999996,,,0.718516797094176,1090.8533333333332,23357.698488888887,973.5,1094.0,1173.0,116.10363562365383,163.09391446414418,1053.4375,939.2166666666667,0.1047077822866501,0.023449244935043818,0.017260259084165983,
02,25,161,75,398.69200000000023,108.40200000000003,229.38999999999984,2.7472666666666683,0.32967200000000296,0.329671999999991,0.8064516129032273,0.09677419354838808,0.09677419354838457,0.3464101615142392,0.34641016151423293,6.09,2.0300000000000002,2.0300000000000002,0.33333333333327864,25.096281,57.69259999999996,,,0.718516797094176,710.2666666666667,4292.862222222222,663.5,691.0,755.5,45.705158157155815,64.72843325829082,707.75,689.2166666666667,0.026093486014642307,0.026846786694286875,0.01774925925881097,
02,25,166,75,315.46200000000005,153.062,58.869999999999955,2.74726666666666,0.32967200000000935,0.3296719999999817,0.8064516129032275,0.09677419354839029,0.09677419354838217,0.3464101615142431,0.3464101615142286,6.09,2.0300000000000002,2.0300000000000002,0.33333333333327864,25.096281,57.69259999999996,,,0.718516797094176,927.48,11922.596266666666,850.5,919.0,1018.5,84.97362514468614,117.27726010832234,934.7708333333334,920.1166666666667,0.015799981311367017,0.025558355563291904,0.00931398394168479,
02,25,171,75,335.76200000000017,131.54399999999998,213.14999999999995,2.74726666666667,0.32967200000000946,0.329671999999991,0.8064516129032259,0.09677419354838976,0.09677419354838433,0.34641016151424253,0.3464101615142328,6.09,2.0300000000000002,2.0300000000000002,0.33333333333327864,25.096281,57.69259999999997,,,0.7185167970941759,854.9466666666667,21007.650488888892,726.5,883.0,961.5,65.82975571395264,89.9106001509029,843.2291666666666,787.8333333333334,0.06479449010464573,0.13355745477148667,0.1485829970609966,
02,25,172,75,353.62599999999975,148.18999999999994,209.09000000000034,2.7472666666666674,0.3296720000000095,0.3296719999999954,0.8064516129032248,0.09677419354838973,0.0967741935483856,0.34641016151424275,0.3464101615142353,6.09,2.0300000000000002,2.0300000000000002,0.33333333333327864,25.096281,57.69259999999997,,,0.7185167970941759,693.1066666666667,7009.828622222221,620.0,696.0,765.0,44.19973659955787,54.41036518754458,686.7291666666666,677.0833333333334,0.013916809341515365,0.0904909588465626,0.10024987837862369,
02,25,175,75,157.122,149.408,34.50999999999999,2.74726666666667,0.32967200000000035,0.32967200000000013,0.8064516129032259,0.0967741935483871,0.09677419354838702,0.34641016151423776,0.34641016151423765,6.09,2.0300000000000002,2.0300000000000002,0.33333333333327864,25.096281,57.69259999999997,,,0.7185167970941759,952.5733333333334,39340.271288888885,768.0,957.0,1117.0,90.35016882240319,119.18582724240173,916.8958333333334,837.2166666666667,0.08364622846185062,0.16711880656247308,0.18552117069819787,
02,25,180,75,365.4,144.942,211.12,2.747266666666671,0.3296720000000094,0.32967200000000024,0.8064516129032238,0.09677419354838945,0.09677419354838677,0.3464101615142425,0.34641016151423765,6.09,2.0300000000000002,2.0300000000000002,0.33333333333327864,25.096281,57.69259999999997,,,0.7185167970941759,1035.3333333333333,19268.355555555554,902.5,1054.0,1118.0,87.18949899441769,110.34814414341108,1006.2916666666666,917.4333333333333,0.08582582099162905,0.09229868457229123,0.10211201928375631,
02,25,185,75,319.9280000000002,134.386,213.14999999999995,2.74726666666667,0.3296719999999962,0.3296719999999817,0.8064516129032313,0.09677419354838651,0.09677419354838226,0.34641016151423554,0.34641016151422793,6.09,2.0300000000000002,2.0300000000000002,0.33333333333327864,25.096281,57.69259999999996,,,0.718516797094176,841.1066666666667,6191.241955555555,781.0,835.0,909.5,56.07120620014687,71.7207683071324,832.9375,809.4166666666666,0.027964150405021964,0.01665349078157095,0.0046789707846856985,
02,25,188,75,282.982,139.664,215.17999999999978,2.7472666666666674,0.3296720000000094,0.32967200000000035,0.8064516129032235,0.09677419354838956,0.0967741935483869,0.3464101615142427,0.3464101615142379,6.09,2.0300000000000002,2.0300000000000002,0.33333333333327864,25.096281,57.692599999999956,,,0.7185167970941762,832.24,21939.115733333332,720.0,793.0,920.5,86.36277145450057,113.69965618029472,817.3541666666666,722.45,0.11403461341279734,0.11934655465019023,0.13099421258948699,
02,25,189,75,205.43599999999995,171.738,38.56999999999994,2.7472666666666603,0.32967200000000013,0.32967199999999547,0.8064516129032265,0.09677419354838744,0.09677419354838608,0.34641016151423826,0.3464101615142358,6.09,2.0300000000000002,2.0300000000000002,0.33333333333327864,25.096281,57.69259999999997,,,0.7185167970941759,1316.6,67902.34666666668,1151.5,1307.0,1404.0,167.61814237610258,231.1139734676401,1255.5625,1102.7166666666667,0.11609132107954824,0.04124696104996397,0.024533347061774343,
02,25,194,75,309.77799999999996,165.24200000000002,73.0799999999999,2.7472666666666683,0.3296720000000094,0.3296720000000001,0.8064516129032238,0.09677419354838955,0.09677419354838682,0.3464101615142426,0.3464101615142377,6.09,2.0300000000000002,2.0300000000000002,0.33333333333327864,25.096281,57.69259999999997,,,0.7185167970941759,981.4266666666666,12094.804622222222,893.5,964.0,1071.0,77.32184492342583,109.17055026774284,961.1041666666666,905.2333333333333,0.056928179385112715,0.05599614223181487,0.05865237914393523,
02,25,201,75,306.93600000000004,133.16799999999992,213.14999999999995,2.7472666666666683,0.3296720000000094,0.3296720000000006,0.8064516129032236,0.09677419354838954,0.09677419354838694,0.3464101615142426,0.346410161514238,6.09,2.0300000000000002,2.0300000000000002,0.33333333333327864,25.096281,57.69259999999996,,,0.718516797094176,893.0,19684.88,796.5,900.0,989.5,84.7939597550182,113.05831202058772,885.1041666666666,845.2166666666667,0.04466685330347132,0.06242423081064184,0.06314362136490274,
02,25,206,75,272.832,153.87400000000002,207.06,2.747266666666669,0.3296719999999956,0.3296719999999817,0.8064516129032313,0.09677419354838637,0.09677419354838229,0.3464101615142353,0.346410161514228,6.09,2.0300000000000002,2.0300000000000002,0.33333333333327864,25.096281,57.69259999999997,,,0.7185167970941759,957.9866666666667,14061.213155555557,875.0,923.0,1040.0,76.28124997178588,107.22231576002281,935.9583333333334,878.2,0.06029137496694449,0.06791361906890708,0.07294024001281751,
02,25,211,75,182.29400000000007,165.24200000000002,71.05000000000003,2.747266666666671,0.3296720000000094,0.3296720000000001,0.8064516129032239,0.09677419354838947,0.09677419354838673,0.3464101615142425,0.34641016151423754,6.09,2.0300000000000002,2.0300000000000002,0.33333333333327864,25.096281,57.69259999999996,,,0.718516797094176,708.3466666666667,7311.0264888888905,632.5,730.0,779.0,41.20268198356193,49.3365197727436,709.9166666666666,684.9833333333333,0.035199337424236594,0.08558574966447334,0.09511910061663997,
02,25,218,75,416.9620000000001,129.51400000000012,215.17999999999978,2.7472666666666674,0.3296720000000093,0.3296719999999909,0.8064516129032258,0.09677419354838979,0.0967741935483844,0.3464101615142426,0.346410161514233,6.09,2.0300000000000002,2.0300000000000002,0.33333333333327864,25.096281,57.69259999999997,,,0.7185167970941759,754.8933333333333,12168.921955555556,662.0,750.0,809.0,52.41122652789713,74.09529570901967,760.0833333333334,746.6333333333333,0.017817086740731618,0.08871198235824496,0.09515962854364028,
02,25,221,75,283.38800000000026,159.15200000000002,209.09000000000034,2.7472666666666674,0.3296720000000094,0.3296720000000001,0.8064516129032236,0.09677419354838958,0.09677419354838683,0.3464101615142427,0.34641016151423776,6.09,2.0300000000000002,2.0300000000000002,0.33333333333327864,25.096281,57.69259999999997,,,0.7185167970941759,907.32,17935.0176,819.5,893.0,995.5,68.12620342675153,85.79328984683981,898.7291666666666,859.4333333333333,0.04330978412614436,0.08991944646726796,0.09965484214133195,
02,25,224,75,272.832,140.88199999999998,205.02999999999986,2.7472666666666674,0.3296720000000011,0.3296719999999817,0.8064516129032299,0.09677419354838787,0.09677419354838218,0.3464101615142383,0.34641016151422815,6.09,2.0300000000000002,2.0300000000000002,0.33333333333327864,25.096281,57.69259999999996,,,0.718516797094176,783.4666666666667,4564.3822222222225,729.5,770.0,830.5,46.76352993213505,58.47865522658735,777.4583333333334,748.1666666666666,0.03738725323349222,0.010536348703304015,0.007461856091785713,
02,25,227,75,321.55200000000013,172.14400000000006,81.1999999999998,2.7472666666666665,0.3296720000000094,0.3296720000000005,0.8064516129032235,0.09677419354838959,0.09677419354838698,0.34641016151424275,0.3464101615142381,6.09,2.0300000000000002,2.0300000000000002,0.33333333333327864,25.096281,57.69259999999996,,,0.718516797094176,912.9333333333333,16948.355555555558,797.5,933.0,1031.0,68.08675335427013,85.51654035094084,909.75,852.4666666666667,0.06274645830290629,0.06192635260244751,0.06652294693583087,
02,25,232,75,465.27600000000024,136.41599999999997,156.31000000000012,2.7472666666666727,0.32967199999999564,0.329671999999991,0.8064516129032293,0.09677419354838603,0.09677419354838465,0.3464101615142351,0.34641016151423265,6.09,2.0300000000000002,2.0300000000000002,0.33333333333327864,25.096281,57.69259999999996,,,0.718516797094176,798.9866666666667,25161.93315555556,683.0,814.0,919.0,92.51619596918842,124.47526898985515,768.7291666666666,695.6166666666667,0.0915065332754821,0.10100694296092662,0.10736240587093492,
02,25,235,75,443.7580000000001,134.386,146.16000000000008,2.7472666666666714,0.3296720000000094,0.3296719999999952,0.8064516129032251,0.09677419354838959,0.09677419354838543,0.3464101615142424,0.346410161514235,6.09,2.0300000000000002,2.0300000000000002,0.33333333333327864,25.096281,57.69259999999996,,,0.718516797094176,801.2,6038.106666666667,745.5,799.0,829.0,59.31970232521926,71.85375011867234,786.8541666666666,744.4666666666667,0.05290501747378916,0.013789605700740734,2.0381841665871452e-05,
02,25,240,75,302.46999999999986,157.12200000000007,203.0000000000002,2.7472666666666674,0.32967200000000946,0.3296720000000003,0.8064516129032235,0.09677419354838958,0.09677419354838689,0.3464101615142427,0.34641016151423787,6.09,2.0300000000000002,2.0300000000000002,0.33333333333327864,25.096281,57.69259999999996,,,0.718516797094176,926.7066666666667,8811.00728888889,864.0,926.0,975.5,65.63757589371954,96.08453943623158,935.1666666666666,927.85,0.007895342647079908,0.02821202344253009,0.02449384013990426,
02,25,243,75,390.9779999999999,147.7839999999999,109.61999999999985,2.747266666666669,0.3296719999999956,0.3296719999999909,0.8064516129032291,0.09677419354838611,0.09677419354838473,0.3464101615142353,0.3464101615142329,6.09,2.0300000000000002,2.0300000000000002,0.33333333333327864,25.096281,57.69259999999996,,,0.718516797094176,707.2666666666667,9715.848888888888,623.5,730.0,773.0,40.50983812925743,54.719632343253764,695.2083333333334,682.0166666666667,0.01865161655198421,0.10958384373678454,0.12179336783073896,
02,25,248,75,350.7840000000001,160.776,85.26000000000006,2.747266666666671,0.3296720000000094,0.3296719999999817,0.8064516129032282,0.09677419354839,0.09677419354838186,0.3464101615142425,0.3464101615142279,6.09,2.0300000000000002,2.0300000000000002,0.33333333333327864,25.096281,57.69259999999996,,,0.718516797094176,807.3066666666666,16278.47928888889,721.0,832.0,905.0,55.8961293701226,75.07035911717621,814.2916666666666,784.85,0.036468999801810016,0.10304859243629068,0.11333562651789504,
02,25,253,75,358.90400000000005,157.12200000000007,93.37999999999998,2.7472666666666705,0.3296719999999998,0.3296719999999817,0.8064516129032303,0.09677419354838744,0.09677419354838214,0.3464101615142374,0.34641016151422793,6.09,2.0300000000000002,2.0300000000000002,0.33333333333327864,25.096281,57.69259999999996,,,0.718516797094176,893.7866666666666,17792.03448888889,808.0,894.0,969.5,74.9140306126763,91.62006756001847,886.3333333333334,840.0333333333333,0.05180207059104337,0.06876936492530987,0.06959234440922567,
02,25,258,75,190.00800000000004,187.16599999999988,48.72,2.7472666666666616,0.3296720000000004,0.329671999999996,0.8064516129032264,0.09677419354838747,0.09677419354838618,0.3464101615142383,0.346410161514236,6.09,2.0300000000000002,2.0300000000000002,0.33333333333327864,25.096281,57.69259999999997,,,0.7185167970941759,864.92,27524.7136,716.5,838.0,989.0,72.30867562093597,95.93611277440398,857.2083333333334,832.2666666666667,0.028836963726895773,0.12494598952782571,0.13610793719429273,
02,25,261,75,415.74400000000014,142.1000000000001,129.92000000000007,2.747266666666672,0.3296720000000094,0.3296719999999957,0.806451612903225,0.09677419354838958,0.09677419354838555,0.34641016151424237,0.3464101615142352,6.09,2.0300000000000002,2.0300000000000002,0.33333333333327864,25.096281,57.69259999999996,,,0.718516797094176,664.5466666666666,5596.647822222221,608.5,662.0,717.0,43.00345402312613,55.69752652381406,660.7083333333334,645.55,0.02281003591420727,0.07418537405604407,0.08204937953848145,
02,25,266,75,461.21599999999984,126.26599999999993,156.31000000000012,2.7472666666666727,0.32967199999999763,0.3296719999999817,0.806451612903231,0.09677419354838682,0.09677419354838214,0.34641016151423615,0.34641016151422777,6.09,2.0300000000000002,2.0300000000000002,0.33333333333327864,25.096281,57.69259999999997,,,0.7185167970941759,781.2666666666667,9549.022222222222,713.5,780.0,843.5,58.810096080662916,73.2237787460937,774.2291666666666,758.7833333333333,0.019770244901442066,0.060774299973080106,0.06262199222939899,
02,25,271,75,343.4760000000001,166.05399999999997,85.26000000000006,2.7472666666666705,0.3296719999999958,0.3296719999999817,0.8064516129032313,0.09677419354838639,0.09677419354838225,0.3464101615142353,0.34641016151422793,6.09,2.0300000000000002,2.0300000000000002,0.33333333333327864,25.096281,57.69259999999996,,,0.718516797094176,1082.1066666666666,31409.88195555556,929.5,1110.0,1219.0,99.65112034653156,143.66165597646605,1068.2916666666667,998.85,0.06417266320017743,0.09822444068504785,0.10756772521841926,
02,25,274,75,409.2480000000001,131.95,219.24000000000004,2.747266666666671,0.32967200000000046,0.3296719999999909,0.8064516129032281,0.09677419354838736,0.09677419354838455,0.34641016151423776,0.34641016151423276,6.09,2.0300000000000002,2.0300000000000002,0.33333333333327864,25.096281,57.69259999999996,,,0.718516797094176,798.0666666666667,7922.56888888889,739.5,794.0,845.0,63.328731722435755,90.10077661383227,787.5,728.7666666666667,0.07359452009021794,0.05441114917369841,0.05845954552773031,
02,25,275,75,281.35799999999983,158.746,188.79,2.74726666666667,0.32967200000000946,0.329672000000009,0.8064516129032218,0.09677419354838926,0.09677419354838913,0.34641016151424253,0.3464101615142423,6.09,2.0300000000000002,2.0300000000000002,0.33333333333327864,25.096281,57.69259999999997,,,0.7185167970941759,769.96,4130.305066666667,720.5,773.0,817.5,40.68090517779576,49.15512913114826,767.0416666666666,755.0666666666667,0.015552755987323877,0.027891827817672625,0.02360540013959508,
02,25,278,75,248.472,181.88800000000012,64.95999999999994,2.747266666666671,0.32967200000000024,0.32967199999999564,0.806451612903227,0.09677419354838716,0.0967741935483858,0.34641016151423765,0.3464101615142352,6.09,2.0300000000000002,2.0300000000000002,0.33333333333327864,25.096281,57.69259999999998,,,0.7185167970941759,883.7066666666667,9183.193955555558,816.0,856.0,951.0,65.84724908783717,79.70820317374643,872.1666666666666,818.8166666666667,0.060370711246567316,0.05675222594410618,0.06166410627704107,
02,25,283,75,225.73600000000016,183.51200000000006,54.810000000000024,2.747266666666671,0.3296720000000004,0.3296719999999955,0.806451612903227,0.0967741935483872,0.09677419354838578,0.3464101615142377,0.34641016151423515,6.09,2.0300000000000002,2.0300000000000002,0.33333333333327864,25.096281,57.69259999999997,,,0.7185167970941759,868.5333333333333,11105.342222222222,795.0,870.0,940.5,71.27529289517014,86.03080498217827,868.5625,856.8,0.013542945962542253,0.07633583664473131,0.08464540084437984,
02,25,288,75,397.0679999999999,149.408,117.74000000000007,2.7472666666666523,0.3296720000000094,0.3296719999999998,0.8064516129032228,0.09677419354839001,0.09677419354838718,0.34641016151424364,0.3464101615142386,6.09,2.0300000000000002,2.0300000000000002,0.33333333333327864,25.096281,57.69259999999996,,,0.718516797094176,696.8266666666667,4599.689955555555,644.0,691.0,740.0,41.41156154267537,52.207175054008516,699.2916666666666,683.5333333333333,0.02261442348168837,0.03609506887246777,0.0382688832226776,
02,25,293,75,215.18000000000004,184.7299999999999,50.75000000000007,2.747266666666662,0.3296720000000004,0.32967200000000013,0.8064516129032254,0.09677419354838733,0.09677419354838726,0.3464101615142383,0.34641016151423815,6.09,2.0300000000000002,2.0300000000000002,0.33333333333327864,25.096281,57.69259999999996,,,0.718516797094176,936.6133333333333,22660.69048888889,811.0,928.0,1062.5,81.58848632008454,97.41651456954881,916.9166666666666,881.2666666666667,0.03806266548984989,0.06574552554754237,0.06965315834642921,
02,25,294,75,449.8480000000003,125.04799999999993,217.20999999999978,2.7472666666666674,0.3296720000000026,0.32967199999999103,0.8064516129032273,0.09677419354838801,0.09677419354838462,0.3464101615142391,0.34641016151423304,6.09,2.0300000000000002,2.0300000000000002,0.33333333333327864,25.096281,57.69259999999997,,,0.7185167970941759,722.0933333333334,4705.124622222222,669.0,739.0,775.5,46.02261767411186,61.43840189597083,720.4791666666666,697.7666666666667,0.0314536901970197,0.013604407486657913,0.010651528600772746,
02,25,297,75,469.74199999999985,114.89800000000005,184.7299999999999,2.74726666666667,0.32967200000000946,0.3296719999999977,0.8064516129032243,0.09677419354838958,0.09677419354838612,0.34641016151424253,0.34641016151423637,6.09,2.0300000000000002,2.0300000000000002,0.33333333333327864,25.096281,57.69259999999997,,,0.7185167970941759,735.4666666666667,8091.662222222221,672.5,723.0,786.5,57.81959467968714,75.76854192578026,719.4583333333334,689.8833333333333,0.04021256345177665,0.05964132565832719,0.06385725616614575,
02,25,300,75,384.8880000000003,140.0699999999999,213.14999999999995,2.74726666666667,0.32967200000000946,0.3296719999999955,0.8064516129032249,0.09677419354838963,0.09677419354838555,0.34641016151424253,0.3464101615142352,6.09,2.0300000000000002,2.0300000000000002,0.33333333333327864,25.096281,57.69259999999997,,,0.7185167970941759,666.9466666666667,9037.463822222224,590.0,666.0,737.5,57.6985533896384,75.09159411075987,666.6875,657.5833333333334,0.013650516782951082,0.07260557148167383,0.0714705879448313,
02,25,303,75,464.46400000000006,127.078,172.55,2.74726666666667,0.32967200000000285,0.3296719999999817,0.8064516129032296,0.09677419354838827,0.09677419354838206,0.3464101615142391,0.34641016151422793,6.09,2.0300000000000002,2.0300000000000002,0.33333333333327864,25.096281,57.69259999999997,,,0.7185167970941759,530.9733333333334,3167.3059555555556,485.5,549.0,574.0,26.07213420875194,34.528961195627474,532.1041666666666,531.7166666666667,0.0007297918288424987,0.07119246688675179,0.07842451402572577,
02,25,306,75,257.4040000000001,180.67000000000004,58.869999999999955,2.7472666666666594,0.32967200000000013,0.3296719999999909,0.8064516129032275,0.0967741935483876,0.09677419354838489,0.3464101615142383,0.3464101615142335,6.09,2.0300000000000002,2.0300000000000002,0.33333333333327864,25.096281,57.69259999999996,,,0.718516797094176,917.52,13073.102933333335,854.0,911.0,1000.0,65.21754635431974,86.56843907387773,926.3958333333334,931.1,-0.005127045368674957,0.03228125420932507,0.028850400158785167,
02,25,309,75,272.832,176.20399999999998,60.90000000000001,2.747266666666661,0.3296720000000005,0.3296719999999817,0.8064516129032298,0.09677419354838791,0.09677419354838239,0.3464101615142384,0.3464101615142285,6.09,2.0300000000000002,2.0300000000000002,0.33333333333327864,25.096281,57.69259999999997,,,0.7185167970941759,832.2933333333333,22557.59395555556,673.5,883.0,951.0,55.232638120546106,73.48083883616206,834.5208333333334,841.35,-0.00820524013969431,0.1443659758295328,0.1606518696444755,
02,25,316,75,295.5679999999999,179.45199999999994,66.99000000000002,2.747266666666671,0.3296719999999958,0.329671999999991,0.8064516129032291,0.09677419354838611,0.0967741935483847,0.3464101615142353,0.34641016151423276,6.09,2.0300000000000002,2.0300000000000002,0.33333333333327864,25.096281,57.69259999999997,,,0.7185167970941759,1117.04,41617.4784,1033.0,1108.0,1225.0,132.59204495502433,174.10878175352735,1106.3125,1070.5,0.03206017689608248,0.060683672568640656,0.054937945841221546,
02,25,321,75,290.6960000000002,162.39999999999995,192.84999999999985,2.7472666666666683,0.32967200000000946,0.3296720000000004,0.8064516129032236,0.09677419354838955,0.0967741935483869,0.34641016151424264,0.34641016151423787,6.09,2.0300000000000002,2.0300000000000002,0.33333333333327864,25.096281,57.69259999999997,,,0.7185167970941759,1004.72,15524.228266666665,913.0,997.0,1072.5,93.15190756324785,119.41787532016626,980.1041666666666,907.3166666666667,0.07244555697109625,0.025036843639867024,0.023680936348751867,
02,25,322,75,328.86,158.746,205.02999999999986,2.7472666666666683,0.3296720000000094,0.32967200000000935,0.8064516129032215,0.09677419354838929,0.09677419354838927,0.3464101615142426,0.3464101615142426,6.09,2.0300000000000002,2.0300000000000002,0.33333333333327864,25.096281,57.69259999999996,,,0.718516797094176,923.52,8437.742933333333,882.5,929.0,986.0,75.4046118563605,90.54070188678057,905.2291666666666,858.15,0.05097796113421106,0.020383638719027403,0.014375686943242138,
02,25,327,75,339.822,155.90400000000002,203.0000000000002,2.7472666666666665,0.3296719999999958,0.3296719999999909,0.8064516129032289,0.09677419354838623,0.0967741935483848,0.3464101615142356,0.34641016151423304,6.09,2.0300000000000002,2.0300000000000002,0.33333333333327864,25.096281,57.69259999999997,,,0.7185167970941759,811.32,7670.564266666667,748.0,804.0,868.0,65.62883022589547,90.08263730539227,810.8541666666666,788.45,0.02761446367236917,0.027069120199246316,0.01881931428198382,
02,25,330,75,396.66199999999975,139.25799999999998,211.12,2.74726666666667,0.3296720000000097,0.3296720000000095,0.8064516129032214,0.09677419354838929,0.09677419354838925,0.34641016151424264,0.3464101615142426,6.09,2.0300000000000002,2.0300000000000002,0.33333333333327864,25.096281,57.69259999999996,,,0.718516797094176,910.4,13668.8,818.5,885.0,1003.5,71.60831076712553,90.96635509270214,880.1458333333334,838.3166666666667,0.04594592120679548,0.035995339005360415,0.0357845052493525,
02,25,333,75,159.15200000000004,128.70200000000006,40.6,2.74726666666667,0.3296720000000004,0.32967199999999575,0.8064516129032269,0.09677419354838722,0.09677419354838586,0.34641016151423776,0.3464101615142353,6.09,2.0300000000000002,2.0300000000000002,0.33333333333327864,25.096281,57.69259999999996,,,0.718516797094176,957.3333333333334,18817.875555555554,848.0,934.0,1033.0,90.10508458808235,111.542294960522,936.0416666666666,878.0,0.060628481894150314,0.0732710276034892,0.07880670342374577,
02,25,338,75,397.0679999999999,99.87600000000008,89.32000000000015,2.7472666666666723,0.3296720000000094,0.3296719999999974,0.8064516129032245,0.09677419354838951,0.09677419354838598,0.34641016151424237,0.34641016151423604,6.09,2.0300000000000002,2.0300000000000002,0.33333333333327864,25.096281,57.69259999999996,,,0.718516797094176,917.8933333333333,20763.37528888889,819.5,878.0,1044.5,83.03457677025234,105.56947986642042,909.3333333333334,877.8833333333333,0.03426324046367044,0.041780455793632924,0.02236286428842809,
02,25,339,75,417.7739999999999,90.94400000000009,107.59,2.74726666666667,0.32967199999999885,0.3296719999999817,0.8064516129032306,0.09677419354838722,0.09677419354838218,0.346410161514237,0.34641016151422793,6.09,2.0300000000000002,2.0300000000000002,0.33333333333327864,25.096281,57.69259999999996,,,0.718516797094176,716.24,9699.755733333335,644.0,688.0,807.0,60.4423039587105,83.05788803108364,712.8541666666666,694.5833333333334,0.02550937302207812,0.036748713334661114,0.01823961981298599,
02,25,344,75,437.2620000000002,81.19999999999995,123.82999999999997,2.74726666666667,0.3296719999999979,0.3296719999999817,0.8064516129032309,0.09677419354838697,0.09677419354838221,0.3464101615142365,0.34641016151422793,6.09,2.0300000000000002,2.0300000000000002,0.33333333333327864,25.096281,57.69259999999997,,,0.7185167970941759,690.6,3915.013333333332,642.5,690.0,732.0,46.240135040597394,60.05631455984572,688.7708333333334,672.5333333333333,0.02351216333622943,0.018125128806410293,0.0073539078096631376,
02,25,345,75,427.92400000000026,88.10199999999993,113.68000000000002,2.747266666666671,0.3296720000000094,0.329671999999998,0.8064516129032243,0.09677419354838952,0.09677419354838618,0.3464101615142425,0.3464101615142365,6.09,2.0300000000000002,2.0300000000000002,0.33333333333327864,25.096281,57.69259999999997,,,0.7185167970941759,923.7066666666667,18557.220622222227,838.0,891.0,1002.0,88.93135874372977,131.47411841844544,904.25,840.7666666666667,0.06872672421259268,0.047989069309916504,0.039847786311885555,
02,25,350,75,403.158,96.22199999999988,107.59,2.747266666666671,0.3296720000000094,0.32967199999999824,0.8064516129032243,0.09677419354838952,0.09677419354838625,0.3464101615142425,0.3464101615142366,6.09,2.0300000000000002,2.0300000000000002,0.33333333333327864,25.096281,57.69259999999996,,,0.718516797094176,663.1066666666667,4823.161955555556,616.5,668.0,705.0,48.29503507846384,61.74395102273991,654.125,625.1833333333333,0.04364556732953975,0.026996859979185606,0.015046731876612299,
02,25,355,75,440.5099999999999,68.20800000000001,138.03999999999994,2.747266666666669,0.3296720000000031,0.329671999999991,0.8064516129032273,0.0967741935483881,0.09677419354838454,0.34641016151423926,0.3464101615142329,6.09,2.0300000000000002,2.0300000000000002,0.33333333333327864,25.096281,57.69259999999996,,,0.718516797094176,806.5466666666666,3704.1944888888884,771.0,805.0,845.0,52.46469355012168,68.11660641422057,792.9791666666666,755.3666666666667,0.04663400340546516,0.014552638256953373,0.015104059679309594,
02,25,360,75,432.39000000000004,60.90000000000005,174.58000000000018,2.7472666666666727,0.3296720000000094,0.3296720000000003,0.8064516129032239,0.09677419354838941,0.09677419354838673,0.3464101615142423,0.3464101615142376,6.09,2.0300000000000002,2.0300000000000002,0.33333333333327864,25.096281,57.69259999999998,,,0.7185167970941759,557.2,643.84,538.0,560.0,575.5,21.674483141947807,29.468147002744832,555.3541666666666,546.5833333333334,0.015740906915529866,0.006957072964623963,0.006388953863808934,
02,25,365,75,370.27200000000005,98.65800000000007,91.35000000000002,2.7472666666666705,0.32967200000000235,0.3296719999999817,0.8064516129032299,0.09677419354838813,0.09677419354838207,0.34641016151423876,0.34641016151422793,6.09,2.0300000000000002,2.0300000000000002,0.33333333333327864,25.096281,57.69259999999997,,,0.7185167970941759,640.8,1784.2666666666667,615.0,644.0,664.5,35.329196245975346,43.45805252161405,638.8333333333334,631.6333333333333,0.011235955056179829,0.01768046528813624,0.017456309548536005,
02,25,370,75,177.42200000000005,129.51400000000012,34.50999999999999,2.7472666666666705,0.32967200000000924,0.32967199999999564,0.8064516129032249,0.09677419354838956,0.09677419354838557,0.34641016151424237,0.34641016151423526,6.09,2.0300000000000002,2.0300000000000002,0.33333333333327864,25.096281,57.69259999999997,,,0.7185167970941759,975.7066666666667,13120.873955555555,902.0,975.0,1038.5,73.95136790239529,95.99505787561316,949.375,888.9,0.06198071824865392,0.04935686000365262,0.05243550906100973,
02,25,375,75,248.472,92.97400000000007,50.75000000000007,2.747266666666661,0.3296719999999977,0.32967199999999564,0.8064516129032271,0.09677419354838676,0.09677419354838616,0.3464101615142369,0.3464101615142358,6.09,2.0300000000000002,2.0300000000000002,0.33333333333327864,25.096281,57.69259999999996,,,0.718516797094176,825.0666666666667,3196.1155555555556,785.0,827.0,859.0,44.25756384065533,57.190422953121995,826.7083333333334,806.8,0.02412936328377512,0.008389521704928012,0.0036615675695658434,
02,25,380,75,200.96999999999994,126.67199999999994,28.420000000000012,2.747266666666663,0.3296719999999979,0.32967199999999564,0.8064516129032272,0.09677419354838677,0.09677419354838611,0.3464101615142369,0.3464101615142357,6.09,2.0300000000000002,2.0300000000000002,0.33333333333327864,25.096281,57.69259999999996,,,0.718516797094176,843.7066666666667,8621.380622222221,785.5,849.0,898.5,60.87412931983294,77.97498111972916,844.2916666666666,803.1166666666667,0.04880250640032859,0.023386502052198634,0.0168388387450559,
02,25,385,75,213.96199999999996,127.078,34.50999999999999,2.74726666666667,0.32967200000000263,0.32967200000000013,0.8064516129032254,0.0967741935483877,0.09677419354838697,0.3464101615142389,0.34641016151423765,6.09,2.0300000000000002,2.0300000000000002,0.33333333333327864,25.096281,57.69259999999996,,,0.718516797094176,953.6533333333333,9488.706488888889,914.5,953.0,1009.5,68.01137922508525,83.72576852687084,933.375,862.8666666666667,0.07393497287623726,0.05195241510246381,0.0551378346551883,
02,25,390,75,341.4460000000003,104.34199999999998,73.0799999999999,2.747266666666668,0.32967200000000946,0.32967200000000263,0.8064516129032231,0.0967741935483895,0.0967741935483875,0.3464101615142427,0.3464101615142391,6.09,2.0300000000000002,2.0300000000000002,0.33333333333327864,25.096281,57.69259999999996,,,0.718516797094176,701.1066666666667,4071.6686222222215,651.5,705.0,743.5,45.348385686799055,55.752452386096756,687.4583333333334,658.75,0.040947169237205934,0.04995782902564311,0.05480525421484451,
02,25,395,75,190.41400000000007,127.89000000000011,42.62999999999999,2.74726666666667,0.32967200000000063,0.32967200000000013,0.8064516129032259,0.09677419354838718,0.09677419354838702,0.3464101615142379,0.34641016151423765,6.09,2.0300000000000002,2.0300000000000002,0.33333333333327864,25.096281,57.69259999999996,,,0.718516797094176,712.9866666666667,9477.799822222221,617.0,715.0,784.5,34.160240679953624,45.26742976853993,708.9375,691.6166666666667,0.024293348169203678,0.11116776387502193,0.1232669502529217,
02,25,396,75,385.2940000000002,100.28200000000007,93.37999999999998,2.74726666666667,0.32967200000000946,0.3296719999999983,0.8064516129032242,0.09677419354838956,0.09677419354838629,0.34641016151424253,0.3464101615142367,6.09,2.0300000000000002,2.0300000000000002,0.33333333333327864,25.096281,57.69259999999997,,,0.7185167970941759,737.28,6419.321600000001,672.0,737.0,798.5,55.62238779246304,69.87855539869093,730.1666666666666,691.9333333333333,0.05185727719907402,0.03634567333604928,0.036745004008201645,
02,25,401,75,225.33000000000015,123.82999999999997,38.56999999999994,2.74726666666666,0.3296720000000004,0.32967199999999786,0.8064516129032259,0.09677419354838747,0.09677419354838672,0.3464101615142384,0.3464101615142371,6.09,2.0300000000000002,2.0300000000000002,0.33333333333327864,25.096281,57.69259999999997,,,0.7185167970941759,960.5866666666667,14376.749155555557,885.5,947.0,1031.5,82.79613061338135,106.6923136985095,937.3958333333334,871.0833333333334,0.06903333379601347,0.041358691500957036,0.03801190289861467,
02,25,406,75,209.90200000000004,94.59799999999996,44.66000000000004,2.74726666666667,0.3296720000000096,0.32967200000000296,0.806451612903223,0.09677419354838947,0.09677419354838751,0.34641016151424264,0.34641016151423915,6.09,2.0300000000000002,2.0300000000000002,0.33333333333327864,25.096281,57.69259999999997,,,0.7185167970941759,972.9733333333334,15638.185955555557,859.5,963.0,1084.0,77.98504309386935,96.47258817154119,950.1041666666666,889.75,0.062030648321982,0.06427064815745,0.06604320870630509,
02,25,411,75,297.19200000000006,121.80000000000003,44.66000000000004,2.7472666666666714,0.3296720000000094,0.3296719999999989,0.8064516129032241,0.09677419354838948,0.0967741935483864,0.3464101615142424,0.3464101615142369,6.09,2.0300000000000002,2.0300000000000002,0.33333333333327864,25.096281,57.69259999999996,,,0.718516797094176,1217.56,25419.339733333334,1084.0,1199.0,1349.5,137.32737950714179,188.6796424006664,1163.875,1033.45,0.1071199776602384,0.05852741741825088,0.06507509134105609,
02,25,416,75,237.51,128.2960000000001,38.56999999999994,2.74726666666666,0.3296720000000004,0.3296719999999961,0.8064516129032263,0.09677419354838751,0.09677419354838625,0.3464101615142384,0.34641016151423615,6.09,2.0300000000000002,2.0300000000000002,0.33333333333327864,25.096281,57.69259999999997,,,0.7185167970941759,818.2266666666667,7180.895288888888,758.0,826.0,878.5,53.88171789833006,69.69819594657825,816.8125,777.5166666666667,0.048025608225919426,0.03099168344946088,0.02083585063192933,
02,25,417,75,245.22399999999993,127.48400000000007,38.56999999999994,2.7472666666666603,0.3296720000000096,0.32967200000000496,0.806451612903222,0.09677419354838969,0.09677419354838832,0.34641016151424325,0.3464101615142408,6.09,2.0300000000000002,2.0300000000000002,0.33333333333327864,25.096281,57.69259999999997,,,0.7185167970941759,748.3466666666667,4376.386488888889,696.0,750.0,794.5,43.84508449470432,60.324779362599855,735.2708333333334,691.8333333333334,0.058044622812956484,0.04753016354475301,0.050821915074430145,
02,25,422,75,237.10399999999993,87.28999999999998,50.75000000000007,2.747266666666661,0.3296720000000007,0.3296720000000004,0.8064516129032252,0.09677419354838741,0.09677419354838733,0.3464101615142385,0.34641016151423837,6.09,2.0300000000000002,2.0300000000000002,0.33333333333327864,25.096281,57.69259999999996,,,0.718516797094176,980.0133333333333,14880.813155555557,872.0,983.0,1062.0,67.22660402942854,91.93420335879736,973.3333333333334,904.8666666666667,0.06986299506129164,0.08044067657661166,0.08773053084823257,
02,25,425,75,175.39200000000002,95.81599999999989,50.75000000000007,2.747266666666662,0.32967199999999797,0.32967199999999564,0.8064516129032271,0.09677419354838682,0.09677419354838614,0.346410161514237,0.34641016151423576,6.09,2.0300000000000002,2.0300000000000002,0.33333333333327864,25.096281,57.69259999999997,,,0.7185167970941759,792.1066666666667,8230.815288888887,714.5,778.0,857.0,47.730330137464044,61.423480955776654,787.1458333333334,766.2833333333333,0.026337993199569133,0.0555278487679776,0.05854894012173671,
02,25,430,75,362.9640000000001,95.40999999999993,219.24000000000004,2.747266666666671,0.32967199999999774,0.3296719999999817,0.8064516129032309,0.0967741935483869,0.09677419354838218,0.3464101615142363,0.3464101615142279,6.09,2.0300000000000002,2.0300000000000002,0.33333333333327864,25.096281,57.69259999999996,,,0.718516797094176,825.8,10336.053333333331,733.0,818.0,892.5,60.24021861574718,78.75477112045058,808.25,761.7333333333333,0.05632921611366747,0.08702998845171828,0.09655976761118465,
02,25,435,75,337.7919999999999,96.62799999999989,213.14999999999995,2.747266666666669,0.3296720000000094,0.3296720000000022,0.8064516129032232,0.09677419354838945,0.09677419354838734,0.34641016151424253,0.34641016151423876,6.09,2.0300000000000002,2.0300000000000002,0.33333333333327864,25.096281,57.69259999999996,,,0.718516797094176,719.1466666666666,4127.938488888889,681.0,722.0,768.0,42.804547466373656,58.711410905543,713.875,690.6833333333333,0.03224886902996146,0.03271394332784243,0.028792948993688665,
02,25,440,75,319.11600000000027,119.77000000000007,50.75000000000007,2.747266666666662,0.3296719999999983,0.32967199999999103,0.8064516129032281,0.09677419354838704,0.0967741935483849,0.3464101615142372,0.3464101615142334,6.09,2.0300000000000002,2.0300000000000002,0.33333333333327864,25.096281,57.69259999999997,,,0.7185167970941759,767.0933333333334,4290.004622222222,728.5,767.0,813.5,43.14108755988427,60.36204403635149,755.0208333333334,734.5,0.026751416602934033,0.040578941661783066,0.0438959870126337,
02,25,441,75,358.90400000000005,110.83799999999987,71.05000000000003,2.74726666666667,0.3296720000000006,0.3296719999999817,0.8064516129032302,0.09677419354838768,0.09677419354838214,0.34641016151423787,0.34641016151422793,6.09,2.0300000000000002,2.0300000000000002,0.33333333333327864,25.096281,57.69259999999997,,,0.7185167970941759,1020.9866666666667,18813.95982222222,915.0,1006.0,1129.0,100.87668469209792,140.44266909510998,988.7708333333334,888.8166666666667,0.09789958079765966,0.04813535622834445,0.04663927762658142,
02,25,442,75,367.0239999999999,102.31199999999993,75.11000000000011,2.7472666666666523,0.32967200000000263,0.3296719999999817,0.8064516129032286,0.09677419354838872,0.09677419354838257,0.3464101615142401,0.3464101615142291,6.09,2.0300000000000002,2.0300000000000002,0.33333333333327864,25.096281,57.69259999999996,,,0.718516797094176,878.76,18786.022399999998,769.5,847.0,969.0,87.5343246725378,116.2157624620738,861.5625,806.7166666666667,0.062412755852944195,0.0402966195349095,0.03720301686511521,
02,25,445,75,228.1720000000001,106.7780000000001,38.56999999999994,2.7472666666666603,0.32967199999999786,0.32967199999999564,0.8064516129032271,0.09677419354838684,0.09677419354838619,0.34641016151423704,0.34641016151423587,6.09,2.0300000000000002,2.0300000000000002,0.33333333333327864,25.096281,57.69259999999997,,,0.7185167970941759,824.2266666666667,7307.588622222222,758.5,823.0,888.0,60.61969755738153,74.99803929233161,810.9166666666666,779.05,0.03866250384198518,0.032867259408379944,0.02597409331407189,
02,25,450,75,313.83800000000014,99.06400000000012,221.26999999999987,2.7472666666666683,0.3296720000000094,0.32967200000000096,0.8064516129032235,0.09677419354838952,0.09677419354838704,0.3464101615142426,0.3464101615142382,6.09,2.0300000000000002,2.0300000000000002,0.33333333333327864,25.096281,57.69259999999996,,,0.718516797094176,955.08,23197.380266666667,850.0,927.0,1019.5,91.32768148525598,127.30998019354391,929.375,850.4166666666666,0.08267195767195762,0.08633701798953168,0.09371398752075018,
02,25,455,75,371.08400000000023,69.02000000000007,107.59,2.7472666666666696,0.3296720000000029,0.329671999999991,0.8064516129032273,0.09677419354838804,0.09677419354838453,0.34641016151423915,0.3464101615142329,6.09,2.0300000000000002,2.0300000000000002,0.33333333333327864,25.096281,57.69259999999997,,,0.7185167970941759,709.96,2395.4783999999995,674.0,713.0,740.0,37.71299257493934,50.98673968721168,705.7291666666666,671.95,0.04757897158525344,0.018042369272500008,0.018607970420031185,
02,25,460,75,308.1540000000001,114.49200000000009,54.810000000000024,2.747266666666671,0.3296719999999981,0.3296719999999817,0.8064516129032308,0.09677419354838698,0.09677419354838217,0.3464101615142365,0.3464101615142279,6.09,2.0300000000000002,2.0300000000000002,0.33333333333327864,25.096281,57.69259999999996,,,0.718516797094176,773.5866666666667,7211.202488888887,708.5,772.0,834.5,56.965406113836266,74.37565257528911,772.0208333333334,759.2666666666667,0.01648705596442549,0.029762133179281253,0.023452516453512644,
02,25,465,75,419.39799999999974,64.14800000000004,136.01000000000025,2.7472666666666674,0.3296720000000095,0.3296720000000003,0.8064516129032235,0.09677419354838959,0.09677419354838689,0.34641016151424275,0.34641016151423787,6.09,2.0300000000000002,2.0300000000000002,0.33333333333327864,25.096281,57.69259999999996,,,0.718516797094176,752.7333333333333,4168.515555555556,705.5,734.0,798.0,55.44433462443183,67.80339929960093,735.7083333333334,689.1333333333333,0.061874501815605325,0.021599399262997455,0.018266498657705157,
02,25,470,75,453.50199999999984,82.41799999999994,136.01000000000025,2.7472666666666674,0.32967200000000035,0.329671999999991,0.8064516129032279,0.09677419354838743,0.09677419354838467,0.3464101615142379,0.346410161514233,6.09,2.0300000000000002,2.0300000000000002,0.33333333333327864,25.096281,57.69259999999997,,,0.7185167970941759,741.4133333333333,6865.095822222222,674.0,739.0,799.0,45.818748175392784,60.395516017097165,740.25,719.8,0.027582455130741312,0.06833523588961385,0.07453398274966416,
02,25,475,75,448.2239999999998,58.86999999999994,184.7299999999999,2.74726666666667,0.3296720000000094,0.32967199999999797,0.8064516129032243,0.09677419354838956,0.0967741935483862,0.34641016151424253,0.3464101615142365,6.09,2.0300000000000002,2.0300000000000002,0.33333333333327864,25.096281,57.69259999999998,,,0.7185167970941759,583.0133333333333,3203.1331555555553,547.0,578.0,617.0,39.12820052125076,49.2606077978841,579.4166666666666,565.35,0.024127521383158615,0.035314853373222974,0.03005422968029891,
02,25,480,75,334.9500000000001,111.24399999999984,64.95999999999994,2.747266666666669,0.3296720000000025,0.3296719999999817,0.8064516129032296,0.0967741935483882,0.0967741935483821,0.3464101615142389,0.346410161514228,6.09,2.0300000000000002,2.0300000000000002,0.33333333333327864,25.096281,57.69259999999997,,,0.7185167970941759,755.9333333333333,8483.128888888888,673.5,741.0,829.0,70.65946834021526,99.08243362699233,740.9375,685.0,0.07399792750683472,0.04221533148400855,0.04095804349863486,
02,25,485,75,384.0759999999998,80.79399999999995,97.44000000000005,2.7472666666666523,0.3296720000000094,0.3296720000000029,0.8064516129032221,0.09677419354838991,0.09677419354838801,0.34641016151424364,0.3464101615142402,6.09,2.0300000000000002,2.0300000000000002,0.33333333333327864,25.096281,57.69259999999996,,,0.718516797094176,603.6133333333333,2633.597155555555,565.5,607.0,626.0,36.70806273147489,47.50654160301527,600.7291666666666,583.4833333333333,0.028570994676503585,0.035526781886465325,0.03590016664833172,
02,25,490,75,361.7460000000002,97.03399999999989,83.23000000000009,2.7472666666666705,0.32967200000000946,0.3296720000000003,0.8064516129032238,0.09677419354838948,0.0967741935483868,0.34641016151424253,0.3464101615142377,6.09,2.0300000000000002,2.0300000000000002,0.33333333333327864,25.096281,57.69259999999997,,,0.7185167970941759,796.6933333333334,6655.465955555555,744.0,793.0,845.0,68.04273767963913,95.44318378109226,772.0208333333334,717.2833333333333,0.06870585921810148,0.019266303724999205,0.016561685903181994,
02,25,495,75,443.7580000000001,73.48599999999992,211.12,2.7472666666666705,0.3296720000000094,0.32967200000000085,0.8064516129032236,0.09677419354838945,0.09677419354838696,0.3464101615142425,0.346410161514238,6.09,2.0300000000000002,2.0300000000000002,0.33333333333327864,25.096281,57.69259999999997,,,0.7185167970941759,701.5066666666667,3182.409955555556,662.5,697.0,735.0,37.355051157742515,52.759813178713,706.0625,695.25,0.015413253378442567,0.026170830857938764,0.02216100806954798,
02,25,498,75,375.1439999999998,64.96,115.70999999999992,2.74726666666667,0.3296719999999979,0.32967199999999103,0.8064516129032286,0.0967741935483867,0.09677419354838468,0.3464101615142365,0.3464101615142329,6.09,2.0300000000000002,2.0300000000000002,0.33333333333327864,25.096281,57.69259999999996,,,0.718516797094176,585.5466666666666,1550.834488888889,567.0,590.0,606.5,33.4312961210025,42.51642916256556,579.9375,571.0833333333334,0.015121197285727207,0.004652889556275404,0.001617524422599622,
02,25,503,75,256.186,121.80000000000003,44.66000000000004,2.74726666666667,0.32967199999999797,0.3296719999999909,0.8064516129032286,0.09677419354838672,0.09677419354838465,0.3464101615142365,0.3464101615142328,6.09,2.0300000000000002,2.0300000000000002,0.33333333333327864,25.096281,57.69259999999997,,,0.7185167970941759,1018.1466666666666,17336.36515555555,889.5,1005.0,1149.0,81.94745293965977,115.62950294122724,994.8541666666666,908.2166666666667,0.08509333953195988,0.06473267281232842,0.07000970866834215,
02,25,508,75,399.9100000000003,81.19999999999995,105.56000000000012,2.7472666666666705,0.32967200000000946,0.329671999999998,0.8064516129032242,0.09677419354838955,0.09677419354838619,0.34641016151424253,0.3464101615142365,6.09,2.0300000000000002,2.0300000000000002,0.33333333333327864,25.096281,57.69259999999998,,,0.7185167970941759,766.7333333333333,4831.155555555556,721.5,757.0,823.0,49.65572989222377,67.37716720074422,760.1458333333334,733.7,0.03449156595078683,0.024899358650479247,0.013886334338798921,
02,25,511,75,418.1799999999998,49.12600000000003,146.16000000000008,2.7472666666666723,0.32967200000000046,0.32967199999999103,0.8064516129032281,0.09677419354838732,0.09677419354838454,0.34641016151423765,0.3464101615142327,6.09,2.0300000000000002,2.0300000000000002,0.33333333333327864,25.096281,57.69259999999996,,,0.718516797094176,583.1733333333333,1431.7966222222224,554.0,581.0,612.0,31.46616139290149,46.20327467312295,582.25,583.55,-0.00222918286158481,0.011039700398898785,0.0082885473028034,
02,25,516,75,456.75,71.45600000000009,164.42999999999984,2.7472666666666683,0.3296719999999984,0.3296719999999817,0.8064516129032305,0.09677419354838714,0.09677419354838224,0.34641016151423687,0.34641016151422804,6.09,2.0300000000000002,2.0300000000000002,0.33333333333327864,25.096281,57.69259999999996,,,0.718516797094176,504.4266666666667,969.8179555555555,485.5,502.0,517.0,25.004640624663068,35.42763790415205,505.8541666666667,506.96666666666664,-0.002205474201733887,0.012895331270299052,0.004176149513790918,
02,25,521,75,466.9,72.67399999999999,176.60999999999973,2.747266666666667,0.3296720000000094,0.3296719999999978,0.8064516129032242,0.09677419354838965,0.09677419354838625,0.3464101615142427,0.3464101615142366,6.09,2.0300000000000002,2.0300000000000002,0.33333333333327864,25.096281,57.69259999999997,,,0.7185167970941759,614.6133333333333,3978.8504888888892,564.0,620.0,656.5,27.036174338704154,35.59318716060181,611.6666666666666,591.7166666666667,0.03245943248871903,0.08051688862115221,0.08927331585965236,
02,25,522,75,422.24000000000007,58.46399999999998,196.91000000000014,2.7472666666666345,0.3296720000000003,0.3296719999999909,0.806451612903226,0.09677419354838834,0.09677419354838558,0.34641016151424,0.34641016151423504,6.09,2.0300000000000002,2.0300000000000002,0.33333333333327864,25.096281,57.69259999999996,,,0.718516797094176,713.08,3967.246933333334,672.0,710.0,759.0,44.14547119492726,59.16688252998115,708.7708333333334,677.7166666666667,0.043549344627063766,0.016345453044513295,0.0016259397893550057,
02,25,527,75,396.2559999999999,77.9520000000001,223.29999999999995,2.74726666666667,0.3296720000000094,0.3296720000000024,0.8064516129032233,0.09677419354838944,0.09677419354838739,0.34641016151424253,0.3464101615142388,6.09,2.0300000000000002,2.0300000000000002,0.33333333333327864,25.096281,57.69259999999997,,,0.7185167970941759,799.2666666666667,5418.888888888889,751.0,790.0,854.5,64.86498176432288,85.71670750775817,775.75,723.95,0.06480940862457239,0.014456628093143806,0.006680983784302866,
02,25,530,75,285.418,82.01199999999993,58.869999999999955,2.7472666666666594,0.3296720000000094,0.3296720000000028,0.8064516129032225,0.09677419354838973,0.09677419354838779,0.3464101615142432,0.3464101615142397,6.09,2.0300000000000002,2.0300000000000002,0.33333333333327864,25.096281,57.69259999999997,,,0.7185167970941759,785.6933333333334,4339.172622222223,735.5,796.0,838.5,48.81945609192067,63.875471284436536,780.375,746.7166666666667,0.04283902116177634,0.03820528950825355,0.03994704707205183,
02,25,533,75,364.182,72.67399999999999,97.44000000000005,2.7472666666666523,0.3296720000000094,0.32967199999999774,0.8064516129032233,0.09677419354839006,0.09677419354838664,0.34641016151424364,0.3464101615142375,6.09,2.0300000000000002,2.0300000000000002,0.33333333333327864,25.096281,57.69259999999997,,,0.7185167970941759,640.4,7659.546666666668,577.0,626.0,683.5,52.56976656933915,67.98561043463525,644.6875,649.1833333333333,-0.0070203518634186024,0.05805139124903747,0.0560735784340401,
02,25,536,75,267.96000000000004,120.58200000000014,44.66000000000004,2.7472666666666705,0.3296720000000001,0.3296719999999909,0.8064516129032282,0.09677419354838726,0.09677419354838457,0.3464101615142376,0.34641016151423276,6.09,2.0300000000000002,2.0300000000000002,0.33333333333327864,25.096281,57.69259999999996,,,0.718516797094176,870.7866666666666,10993.207822222224,783.0,884.0,952.5,64.5270674140669,95.18959387275126,848.9791666666666,782.7,0.07611412669004254,0.07303867864755167,0.07951305723099301,
02,25,541,75,241.9760000000001,106.7780000000001,44.66000000000004,2.747266666666671,0.3296719999999985,0.32967199999999564,0.8064516129032274,0.0967741935483867,0.09677419354838586,0.34641016151423676,0.3464101615142352,6.09,2.0300000000000002,2.0300000000000002,0.33333333333327864,25.096281,57.69259999999997,,,0.7185167970941759,855.4666666666667,8464.222222222223,779.0,856.0,935.5,48.20698585378735,66.33415368182673,857.1041666666666,831.9833333333333,0.029365063902743044,0.051024848760186065,0.054288878027379917,
02,25,546,75,360.5279999999999,65.77199999999998,203.0000000000002,2.7472666666666674,0.3296720000000094,0.3296720000000013,0.8064516129032233,0.09677419354838954,0.09677419354838715,0.3464101615142427,0.3464101615142384,6.09,2.0300000000000002,2.0300000000000002,0.33333333333327864,25.096281,57.69259999999996,,,0.718516797094176,594.3866666666667,2053.6238222222223,559.5,596.0,626.0,33.80137996231962,45.56795294217001,592.2708333333334,579.3333333333334,0.02176613427847189,0.02085879494962361,0.018819404583060712,
02,25,551,75,300.0340000000001,86.88400000000001,66.99000000000002,2.747266666666671,0.3296720000000027,0.3296719999999817,0.8064516129032298,0.0967741935483882,0.09677419354838204,0.3464101615142389,0.3464101615142279,6.09,2.0300000000000002,2.0300000000000002,0.33333333333327864,25.096281,57.69259999999997,,,0.7185167970941759,879.8933333333333,7528.228622222221,823.0,875.0,939.0,60.72298106590719,82.8258490090737,856.9583333333334,823.9666666666667,0.037495075160625495,0.0530094350849824,0.05829378774758867,
02,25,554,75,314.65,73.07999999999997,79.16999999999994,2.74726666666667,0.3296720000000094,0.3296720000000028,0.8064516129032232,0.09677419354838943,0.09677419354838748,0.34641016151424253,0.34641016151423903,6.09,2.0300000000000002,2.0300000000000002,0.33333333333327864,25.096281,57.69259999999997,,,0.7185167970941759,715.2666666666667,7709.68888888889,639.0,704.0,778.5,51.74198920313443,70.48902889476949,712.3541666666666,700.9166666666666,0.015990539658868465,0.04432791513804574,0.037670408011807655,
02,25,559,75,263.0880000000001,90.94400000000009,56.83999999999996,2.7472666666666705,0.3296720000000094,0.3296719999999983,0.8064516129032242,0.09677419354838954,0.09677419354838628,0.3464101615142425,0.34641016151423665,6.09,2.0300000000000002,2.0300000000000002,0.33333333333327864,25.096281,57.69259999999996,,,0.718516797094176,773.44,3426.6730666666663,741.0,774.0,812.0,43.64376973465645,61.42206335706511,769.5,776.5833333333334,-0.009158219555923356,0.009642664529949704,0.008677598644019815,
02,25,564,75,352.814,92.97400000000007,217.20999999999978,2.7472666666666674,0.3296720000000094,0.3296719999999979,0.8064516129032242,0.09677419354838963,0.09677419354838626,0.3464101615142427,0.34641016151423665,6.09,2.0300000000000002,2.0300000000000002,0.33333333333327864,25.096281,57.69259999999996,,,0.718516797094176,724.76,6921.702400000001,661.5,729.0,776.5,56.909674509747035,73.8968875430805,712.8125,686.1666666666666,0.03676504406056258,0.03226299828448303,0.021269738186181206,
02,25,567,75,407.62400000000025,85.26000000000009,223.29999999999995,2.747266666666669,0.3296720000000094,0.3296720000000007,0.8064516129032235,0.0967741935483895,0.09677419354838694,0.34641016151424253,0.346410161514238,6.09,2.0300000000000002,2.0300000000000002,0.33333333333327864,25.096281,57.69259999999996,,,0.718516797094176,741.3066666666666,2830.1859555555557,703.5,743.0,780.5,45.39827662691664,59.20196028117245,723.75,681.35,0.0571963020252526,0.039801329552147366,0.0441452700145407,
02,25,572,75,313.432,81.19999999999995,196.91000000000014,2.747266666666635,0.3296720000000094,0.3296719999999981,0.8064516129032222,0.09677419354839055,0.09677419354838722,0.3464101615142447,0.34641016151423876,6.09,2.0300000000000002,2.0300000000000002,0.33333333333327864,25.096281,57.69259999999997,,,0.7185167970941759,788.9066666666666,4355.817955555555,737.5,799.0,843.5,53.94358877115489,76.76640948094348,773.2708333333334,717.6666666666666,0.07048256659004869,0.027539051265562657,0.027033477589777415,
02,25,577,75,303.2819999999999,106.7780000000001,211.12,2.7472666666666705,0.32967199999999774,0.329671999999991,0.8064516129032286,0.09677419354838664,0.09677419354838465,0.34641016151423637,0.3464101615142328,6.09,2.0300000000000002,2.0300000000000002,0.33333333333327864,25.096281,57.69259999999997,,,0.7185167970941759,909.9466666666667,6251.837155555556,854.5,911.0,961.0,57.63784471605736,73.32169695887063,897.2916666666666,827.0333333333333,0.07721148492219314,0.024275906552541547,0.024962929931437575,
02,25,580,75,253.34399999999988,102.31199999999993,182.69999999999985,2.7472666666666683,0.3296720000000027,0.3296720000000004,0.8064516129032252,0.09677419354838775,0.09677419354838708,0.3464101615142391,0.34641016151423787,6.09,2.0300000000000002,2.0300000000000002,0.33333333333327864,25.096281,57.69259999999997,,,0.7185167970941759,743.5866666666667,2954.8558222222227,712.5,735.0,783.0,34.07100292526618,48.65801490864335,737.5416666666666,719.05,0.024868206351198668,0.020048391236208937,0.014098983439538904,
02,25,583,75,281.35799999999983,108.40200000000003,42.62999999999999,2.74726666666667,0.32967200000000946,0.3296720000000029,0.8064516129032231,0.09677419354838943,0.0967741935483875,0.34641016151424253,0.3464101615142391,6.09,2.0300000000000002,2.0300000000000002,0.33333333333327864,25.096281,57.69259999999996,,,0.718516797094176,980.8666666666667,14366.115555555556,892.5,970.0,1047.0,77.00747786466185,103.71234418165625,963.1041666666666,909.1666666666666,0.05498963501665188,0.04407187221903874,0.0472317161712128,
02,25,586,75,326.4240000000002,79.98199999999999,81.1999999999998,2.7472666666666674,0.32967200000000946,0.329672000000003,0.8064516129032229,0.0967741935483895,0.09677419354838761,0.3464101615142427,0.3464101615142393,6.09,2.0300000000000002,2.0300000000000002,0.33333333333327864,25.096281,57.69259999999996,,,0.718516797094176,702.32,4387.790933333334,661.0,703.0,739.0,40.735474433652236,55.7876656043824,693.5833333333334,678.05,0.022117173558112248,0.06097194379144938,0.06773136291823516,
02,25,591,75,291.5080000000001,111.64999999999992,207.06,2.74726666666667,0.32967199999999836,0.3296719999999909,0.8064516129032285,0.09677419354838682,0.09677419354838464,0.3464101615142367,0.3464101615142328,6.09,2.0300000000000002,2.0300000000000002,0.33333333333327864,25.096281,57.69259999999996,,,0.718516797094176,809.8,6726.266666666666,740.0,799.0,872.5,44.60722539442017,58.58581132636317,801.4375,760.8833333333333,0.05007923767185308,0.06505210532143975,0.07027637897083598,
02,25,596,75,297.19200000000006,83.22999999999999,194.8799999999999,2.747266666666632,0.3296720000000094,0.329671999999998,0.8064516129032221,0.09677419354839063,0.09677419354838729,0.3464101615142449,0.3464101615142389,6.09,2.0300000000000002,2.0300000000000002,0.33333333333327864,25.096281,57.69259999999996,,,0.718516797094176,754.2,3477.2799999999997,713.5,742.0,806.5,42.576040016091945,57.630267164954105,743.2083333333334,713.95,0.03879386546450979,0.03854647488150004,0.0419182545923547,
02,25,599,75,385.2940000000002,88.91399999999992,215.17999999999978,2.7472666666666674,0.32967200000000946,0.3296719999999982,0.8064516129032241,0.09677419354838963,0.09677419354838633,0.3464101615142427,0.34641016151423676,6.09,2.0300000000000002,2.0300000000000002,0.33333333333327864,25.096281,57.69259999999997,,,0.7185167970941759,712.08,8712.366933333333,634.5,714.0,775.0,50.50122453663535,66.15509645381518,692.2916666666666,652.0333333333333,0.05653625060854576,0.09482841612098707,0.10532998528829908,
02,25,602,75,244.00599999999997,108.40200000000003,190.82000000000002,2.747266666666671,0.32967200000000246,0.32967199999999564,0.8064516129032265,0.09677419354838775,0.09677419354838575,0.3464101615142388,0.3464101615142352,6.09,2.0300000000000002,2.0300000000000002,0.33333333333327864,25.096281,57.69259999999997,,,0.7185167970941759,841.32,4786.8576,803.0,841.0,893.5,60.42804740451664,80.40314908009452,817.3958333333334,762.8833333333333,0.06479401416821183,0.0428149947374748,0.04691371264439512,
02,25,607,75,275.6740000000002,114.08600000000008,211.12,2.7472666666666705,0.32967200000000946,0.329672000000003,0.8064516129032231,0.09677419354838941,0.09677419354838752,0.34641016151424253,0.34641016151423915,6.09,2.0300000000000002,2.0300000000000002,0.33333333333327864,25.096281,57.69259999999997,,,0.7185167970941759,925.6266666666667,16305.380622222225,849.0,903.0,992.0,93.8016254426941,130.37089929956528,910.3541666666666,832.3166666666667,0.08430774826423881,0.02817483123103648,0.005804227228972975,
02,25,608,75,320.74000000000007,98.25200000000004,77.13999999999996,2.74726666666665,0.3296720000000094,0.3296719999999981,0.8064516129032231,0.09677419354839012,0.09677419354838679,0.34641016151424375,0.3464101615142378,6.09,2.0300000000000002,2.0300000000000002,0.33333333333327864,25.096281,57.69259999999997,,,0.7185167970941759,697.2266666666667,2613.2152888888886,659.0,687.0,733.0,43.436552552452014,54.2937619333495,680.625,663.3,0.024848447181213214,0.01484777567448302,0.013888811075037364,
02,25,611,75,269.17800000000017,124.64199999999995,213.14999999999995,2.74726666666667,0.3296719999999985,0.329671999999991,0.8064516129032284,0.09677419354838686,0.09677419354838464,0.34641016151423676,0.3464101615142328,6.09,2.0300000000000002,2.0300000000000002,0.33333333333327864,25.096281,57.69259999999996,,,0.718516797094176,808.64,3504.123733333334,755.0,809.0,845.0,37.82191927404879,47.35875807869289,805.6666666666666,780.0833333333334,0.031637481862550984,0.03976897922121457,0.04129737603872588,
02,25,614,75,260.652,113.27400000000013,205.02999999999986,2.7472666666666674,0.3296720000000025,0.3296719999999817,0.8064516129032295,0.09677419354838826,0.09677419354838215,0.3464101615142391,0.34641016151422815,6.09,2.0300000000000002,2.0300000000000002,0.33333333333327864,25.096281,57.69259999999996,,,0.718516797094176,879.52,9276.862933333332,804.0,868.0,926.0,56.26566448895079,74.6071725309152,874.75,836.5,0.043489630707658676,0.06383826103337116,0.06895734722504888,
02,25,619,75,279.328,123.01800000000006,50.75000000000007,2.7472666666666616,0.3296720000000094,0.3296720000000025,0.8064516129032226,0.09677419354838966,0.09677419354838764,0.34641016151424303,0.3464101615142394,6.09,2.0300000000000002,2.0300000000000002,0.33333333333327864,25.096281,57.69259999999997,,,0.7185167970941759,784.2533333333333,4662.909155555555,731.0,787.0,840.5,43.10739686428325,56.65652923409,776.5625,736.4333333333333,0.0511686274843163,0.03181711476302092,0.030692020272919278,
02,25,620,75,430.35999999999996,106.7780000000001,219.24000000000004,2.7472666666666705,0.3296720000000094,0.3296719999999983,0.8064516129032242,0.09677419354838954,0.09677419354838628,0.3464101615142425,0.34641016151423665,6.09,2.0300000000000002,2.0300000000000002,0.33333333333327864,25.096281,57.69259999999997,,,0.7185167970941759,579.36,1218.1504000000002,550.5,585.0,604.0,24.727112016349643,29.124716263089404,581.0833333333334,583.0333333333333,-0.0033657829328913426,0.03610451804709221,0.039686108324507086,
02,25,621,75,200.96999999999994,108.80799999999999,36.54000000000002,2.747266666666661,0.32967200000000024,0.32967199999999564,0.8064516129032264,0.09677419354838744,0.09677419354838608,0.34641016151423826,0.3464101615142358,6.09,2.0300000000000002,2.0300000000000002,0.33333333333327864,25.096281,57.69259999999996,,,0.718516797094176,1029.44,16599.6864,927.5,1001.0,1130.5,99.04886057431058,132.86605849670656,995.6666666666666,888.05,0.10453903740545012,0.06416669423785121,0.07043139608558854,
02,25,626,75,388.9479999999998,58.46399999999998,125.8599999999999,2.7472666666666696,0.3296720000000094,0.3296720000000003,0.8064516129032236,0.0967741935483895,0.09677419354838683,0.34641016151424253,0.34641016151423776,6.09,2.0300000000000002,2.0300000000000002,0.33333333333327864,25.096281,57.692599999999956,,,0.7185167970941762,540.0666666666667,1789.315555555555,515.5,535.0,561.0,31.067457670903636,40.76540846273035,539.8958333333334,546.7166666666667,-0.012629613627947128,0.03198203288427809,0.03362341185010902,
02,25,631,75,455.9379999999999,71.05000000000005,205.02999999999986,2.7472666666666674,0.32967200000000946,0.32967200000000274,0.806451612903223,0.09677419354838951,0.09677419354838754,0.3464101615142427,0.34641016151423915,6.09,2.0300000000000002,2.0300000000000002,0.33333333333327864,25.096281,57.69259999999996,,,0.718516797094176,526.5466666666666,2753.4744888888886,495.5,518.0,550.5,31.683289047904097,38.92717663616794,528.3958333333334,534.25,-0.011118039553315853,0.05541272820295688,0.05721947501239045,
02,25,636,75,463.24600000000015,79.17000000000004,148.1899999999997,2.7472666666666736,0.3296720000000094,0.3296719999999975,0.8064516129032245,0.09677419354838945,0.09677419354838597,0.3464101615142423,0.34641016151423604,6.09,2.0300000000000002,2.0300000000000002,0.33333333333327864,25.096281,57.69259999999996,,,0.718516797094176,670.9866666666667,14091.693155555557,584.5,643.0,745.5,65.98118649124544,90.73371760383158,676.2916666666666,668.5666666666667,0.011512896431126149,0.07253970779381123,0.06371476975813131,
02,25,641,75,220.45800000000003,93.38000000000008,46.68999999999995,2.7472666666666696,0.3296719999999981,0.32967199999999564,0.8064516129032274,0.09677419354838662,0.09677419354838591,0.3464101615142366,0.3464101615142353,6.09,2.0300000000000002,2.0300000000000002,0.33333333333327864,25.096281,57.69259999999997,,,0.7185167970941759,1022.6533333333333,10899.559822222223,946.5,1016.0,1088.5,74.84997648114509,102.76966609720968,1006.875,919.4166666666666,0.0855209976662016,0.05398949237397665,0.058411670811151874,
02,25,646,75,459.5919999999999,77.54600000000008,184.7299999999999,2.74726666666667,0.3296720000000094,0.3296719999999978,0.8064516129032243,0.09677419354838956,0.09677419354838615,0.34641016151424253,0.3464101615142364,6.09,2.0300000000000002,2.0300000000000002,0.33333333333327864,25.096281,57.69259999999998,,,0.7185167970941759,591.8133333333334,1167.0318222222222,566.0,591.0,614.0,28.123656939456097,36.13369835495544,590.8958333333334,578.1333333333333,0.02156507682602626,0.008934819338370387,0.008250320293557416,
02,25,651,75,172.95599999999996,104.34199999999998,64.95999999999994,2.7472666666666696,0.32967200000000285,0.32967200000000013,0.8064516129032253,0.09677419354838777,0.09677419354838698,0.3464101615142391,0.34641016151423765,6.09,2.0300000000000002,2.0300000000000002,0.33333333333327864,25.096281,57.69259999999997,,,0.7185167970941759,655.3066666666666,2716.2926222222222,618.0,664.0,687.5,39.15266964058378,48.2824360057182,643.1875,636.1166666666667,0.01079011353463007,0.019852583023189832,0.020359252867407376,
02,25,654,75,184.324,94.59799999999996,42.62999999999999,2.74726666666667,0.3296720000000094,0.32967200000000285,0.8064516129032231,0.09677419354838941,0.09677419354838748,0.34641016151424253,0.3464101615142391,6.09,2.0300000000000002,2.0300000000000002,0.33333333333327864,25.096281,57.69259999999997,,,0.7185167970941759,870.5466666666666,7205.154488888889,813.0,864.0,925.5,46.81605039847717,64.57273568319172,872.7083333333334,873.5166666666667,-0.0009285353264614718,0.029625843515885642,0.024873438903745534,
02,25,659,75,278.92200000000014,97.43999999999997,58.869999999999955,2.7472666666666603,0.3296720000000094,0.3296720000000032,0.8064516129032225,0.09677419354838969,0.09677419354838786,0.3464101615142431,0.34641016151423987,6.09,2.0300000000000002,2.0300000000000002,0.33333333333327864,25.096281,57.69259999999997,,,0.7185167970941759,842.4133333333333,5226.375822222222,792.5,836.0,898.0,54.74845491060423,67.77611562153112,822.4583333333334,769.2833333333333,0.06312222028774474,0.05396339837082273,0.06003442279634869,
02,25,662,75,306.1240000000002,74.70399999999992,75.11000000000011,2.7472666666666514,0.32967200000000946,0.32967199999999797,0.8064516129032233,0.0967741935483901,0.09677419354838673,0.3464101615142437,0.34641016151423765,6.09,2.0300000000000002,2.0300000000000002,0.33333333333327864,25.096281,57.69259999999998,,,0.7185167970941759,816.4266666666666,4579.684622222223,763.5,814.0,881.5,53.24626663580191,67.02978433145879,797.3333333333334,762.3,0.04291056963679127,0.023223908719567483,0.021821868544099496,
02,25,665,75,337.7919999999999,81.19999999999995,79.16999999999994,2.74726666666667,0.3296720000000094,0.3296719999999984,0.8064516129032241,0.09677419354838954,0.0967741935483863,0.34641016151424253,0.3464101615142367,6.09,2.0300000000000002,2.0300000000000002,0.33333333333327864,25.096281,57.69259999999997,,,0.7185167970941759,709.5466666666666,2633.847822222222,669.5,708.0,748.5,38.88392437693594,51.03917711685352,709.3958333333334,680.0833333333334,0.04131158861996386,0.015290950524908562,0.015926102130950096,
02,25,670,75,345.5059999999999,77.54600000000008,85.26000000000006,2.747266666666671,0.3296720000000094,0.3296719999999981,0.8064516129032243,0.09677419354838952,0.09677419354838619,0.3464101615142425,0.3464101615142365,6.09,2.0300000000000002,2.0300000000000002,0.33333333333327864,25.096281,57.69259999999998,,,0.7185167970941759,727.9466666666667,4204.343822222223,689.0,729.0,767.0,63.39721459977597,86.21234419313764,704.9166666666666,652.4166666666666,0.072120668180819,0.013365711865817568,0.01325782509689775,
02,25,675,75,356.87400000000025,82.41799999999994,91.35000000000002,2.7472666666666705,0.3296720000000094,0.3296720000000001,0.8064516129032239,0.09677419354838948,0.09677419354838675,0.3464101615142425,0.3464101615142376,6.09,2.0300000000000002,2.0300000000000002,0.33333333333327864,25.096281,57.69259999999997,,,0.7185167970941759,631.9866666666667,1826.653155555555,607.5,624.0,661.0,32.961910898509984,44.85200937812174,627.5,627.8166666666667,-0.0005010654233212502,0.01664988467950425,0.01808733116678712,
02,25,680,75,191.22600000000006,108.80799999999999,30.450000000000017,2.7472666666666656,0.3296720000000004,0.32967199999999564,0.8064516129032268,0.09677419354838736,0.09677419354838596,0.3464101615142381,0.34641016151423554,6.09,2.0300000000000002,2.0300000000000002,0.33333333333327864,25.096281,57.69259999999997,,,0.7185167970941759,1141.04,24238.86506666667,1039.0,1131.0,1237.5,111.2458659973353,150.20661380765878,1098.5833333333333,997.6,0.08850113346888204,0.06374881982787164,0.0689525437654736,
02,25,685,75,173.76800000000003,116.52199999999999,77.13999999999996,2.7472666666666505,0.3296719999999979,0.32967199999999564,0.8064516129032265,0.09677419354838714,0.09677419354838647,0.3464101615142377,0.3464101615142365,6.09,2.0300000000000002,2.0300000000000002,0.33333333333327864,25.096281,57.69259999999997,,,0.7185167970941759,641.8266666666667,1290.8899555555552,619.5,640.0,671.0,28.41695072767047,41.14758534264571,639.7083333333334,631.6333333333333,0.012581278434468338,0.019095482102636313,0.021244821397525555,
02,25,695,75,269.99000000000007,106.7780000000001,38.56999999999994,2.7472666666666594,0.3296720000000094,0.3296719999999979,0.8064516129032238,0.09677419354838987,0.09677419354838648,0.3464101615142432,0.34641016151423715,6.09,2.0300000000000002,2.0300000000000002,0.33333333333327864,25.096281,57.69259999999997,,,0.7185167970941759,1016.56,10037.873066666667,954.5,1010.0,1073.0,73.65800111000776,99.37045871378561,1008.8125,954.9666666666667,0.052968672122976755,0.03357570747430527,0.033284428182897306,
02,25,700,75,285.418,150.626,48.72,2.7472666666666603,0.3296720000000094,0.32967200000000024,0.8064516129032232,0.09677419354838976,0.09677419354838707,0.3464101615142431,0.3464101615142383,6.09,2.0300000000000002,2.0300000000000002,0.33333333333327864,25.096281,57.69259999999998,,,0.7185167970941759,1184.76,15976.155733333335,1101.5,1189.0,1272.0,132.5616691014569,163.17226048740517,1140.25,988.6333333333333,0.12797247262455397,0.014780645706489084,0.012763358552589636,
02,25,701,75,382.8579999999997,120.9880000000001,229.38999999999984,2.7472666666666683,0.3296720000000025,0.32967199999999103,0.8064516129032274,0.09677419354838797,0.0967741935483846,0.346410161514239,0.346410161514233,6.09,2.0300000000000002,2.0300000000000002,0.33333333333327864,25.096281,57.69259999999997,,,0.7185167970941759,920.12,40526.4256,745.0,937.0,1040.0,113.86326225035054,171.65342342802612,879.5416666666666,782.4166666666666,0.10555688388471057,0.15172732853403745,0.16808762157032062,
02,25,702,75,184.324,171.738,32.48000000000004,2.7472666666666696,0.3296720000000094,0.3296719999999959,0.8064516129032248,0.09677419354838962,0.09677419354838566,0.34641016151424253,0.3464101615142354,6.09,2.0300000000000002,2.0300000000000002,0.33333333333327864,25.096281,57.69259999999996,,,0.718516797094176,918.4,20236.666666666668,831.0,935.0,1012.0,68.03591100981195,90.08451666911986,904.6458333333334,877.1666666666666,0.029920695412311314,0.09786705353251732,0.10851652076214711,
02,25,707,75,248.472,166.05399999999997,48.72,2.747266666666661,0.32967199999999564,0.3296719999999953,0.8064516129032276,0.09677419354838622,0.09677419354838612,0.3464101615142358,0.34641016151423565,6.09,2.0300000000000002,2.0300000000000002,0.33333333333327864,25.096281,57.69259999999996,,,0.718516797094176,1080.3733333333332,11083.940622222224,1007.0,1062.0,1160.0,72.2221685751841,100.68009808892668,1060.5208333333333,1015.4,0.04176411240558811,0.036373267373714976,0.03586808979377881,
02,25,712,75,292.32000000000005,160.37000000000006,58.869999999999955,2.7472666666666603,0.32967200000000013,0.3296719999999817,0.8064516129032298,0.09677419354838783,0.09677419354838243,0.34641016151423826,0.34641016151422854,6.09,2.0300000000000002,2.0300000000000002,0.33333333333327864,25.096281,57.69259999999997,,,0.7185167970941759,903.4133333333333,8945.469155555555,862.5,907.0,966.5,50.07678483841907,68.37449757485359,903.75,912.3333333333334,-0.009501003601157125,0.04669305522727564,0.04862394037493171,
02,25,713,75,401.9400000000001,67.80199999999996,215.17999999999978,2.7472666666666674,0.3296719999999979,0.3296719999999817,0.8064516129032308,0.09677419354838704,0.09677419354838229,0.34641016151423665,0.34641016151422815,6.09,2.0300000000000002,2.0300000000000002,0.33333333333327864,25.096281,57.69259999999997,,,0.7185167970941759,604.28,1782.6549333333332,567.5,605.0,637.0,37.47036563440134,48.641593406576334,591.7083333333334,562.1666666666666,0.04888738112574749,0.01347431544349111,0.012782249380487394,
02,25,716,75,288.26,96.22199999999988,205.02999999999986,2.747266666666668,0.3296719999999978,0.3296719999999817,0.8064516129032308,0.096774193548387,0.09677419354838228,0.34641016151423654,0.3464101615142281,6.09,2.0300000000000002,2.0300000000000002,0.33333333333327864,25.096281,57.69259999999996,,,0.718516797094176,773.9466666666667,2990.797155555556,745.5,777.0,809.0,43.178936456298366,53.317792956632,760.25,731.1333333333333,0.03762102470454463,0.02046633077753222,0.022006837695357235,
02,25,719,75,323.582,99.87600000000008,211.12,2.7472666666666714,0.3296719999999977,0.3296719999999817,0.806451612903231,0.09677419354838687,0.09677419354838217,0.34641016151423626,0.3464101615142279,6.09,2.0300000000000002,2.0300000000000002,0.33333333333327864,25.096281,57.69259999999997,,,0.7185167970941759,747.68,5467.124266666667,698.5,737.0,773.0,53.62829113427247,73.81550508480285,744.5625,716.5333333333333,0.03748818567658178,0.026827619747314516,0.020836126102184348,
02,25,720,75,416.15,115.71000000000008,223.29999999999995,2.74726666666667,0.3296720000000094,0.32967200000000013,0.8064516129032238,0.0967741935483895,0.09677419354838677,0.34641016151424253,0.34641016151423765,6.09,2.0300000000000002,2.0300000000000002,0.33333333333327864,25.096281,57.69259999999997,,,0.7185167970941759,706.3066666666666,5787.225955555556,660.0,688.0,743.5,59.89393006384812,78.38865072154834,711.0625,678.4333333333333,0.04619688331791669,0.030334851437308036,0.029362618440840992,
02,25,726,75,259.02799999999996,104.34199999999998,194.8799999999999,2.7472666666666314,0.3296720000000094,0.32967200000000285,0.806451612903221,0.09677419354839052,0.09677419354838859,0.3464101615142449,0.3464101615142415,6.09,2.0300000000000002,2.0300000000000002,0.33333333333327864,25.096281,57.69259999999997,,,0.7185167970941759,662.4933333333333,2547.1566222222223,620.0,665.0,691.0,33.16009800428824,44.99847567724507,660.2291666666666,641.4333333333333,0.02837135468029865,0.038896273067260415,0.04158320281032898,
02,25,727,75,265.92999999999995,98.25200000000004,200.96999999999997,2.74726666666667,0.3296720000000094,0.32967199999999786,0.8064516129032243,0.09677419354838956,0.09677419354838616,0.34641016151424253,0.3464101615142364,6.09,2.0300000000000002,2.0300000000000002,0.33333333333327864,25.096281,57.69259999999996,,,0.718516797094176,931.4,13642.08,854.0,915.0,1013.0,88.35314583977764,128.35750042407844,905.1041666666666,813.4333333333333,0.09842262543840805,0.03999959895209107,0.036783547923239734,
02,25,732,75,308.1540000000001,93.38000000000008,209.09000000000034,2.747266666666668,0.3296719999999979,0.3296719999999817,0.8064516129032308,0.09677419354838704,0.09677419354838228,0.3464101615142366,0.3464101615142281,6.09,2.0300000000000002,2.0300000000000002,0.33333333333327864,25.096281,57.69259999999997,,,0.7185167970941759,874.8533333333334,7450.925155555555,805.5,878.0,949.0,62.24283316315313,75.9313141973559,859.6041666666666,801.6333333333333,0.06626348797512714,0.049839181323943355,0.05332849845377453,
02,25,737,75,328.0480000000002,73.48599999999992,203.0000000000002,2.747266666666667,0.32967200000000085,0.329671999999991,0.8064516129032278,0.09677419354838757,0.09677419354838467,0.3464101615142382,0.34641016151423304,6.09,2.0300000000000002,2.0300000000000002,0.33333333333327864,25.096281,57.69259999999996,,,0.718516797094176,724.1333333333333,4778.568888888889,676.0,714.0,769.0,50.296758614916314,66.30865451839412,709.6458333333334,669.1166666666667,0.05596920456637816,0.021246902377948008,0.005998566300840755,
02,25,742,75,369.4600000000002,85.26000000000009,219.24000000000004,2.747266666666671,0.32967200000000946,0.32967200000000074,0.8064516129032236,0.09677419354838947,0.0967741935483869,0.3464101615142425,0.3464101615142379,6.09,2.0300000000000002,2.0300000000000002,0.33333333333327864,25.096281,57.69259999999996,,,0.718516797094176,671.8666666666667,4190.915555555555,632.5,669.0,719.5,43.84782139949054,59.91159746038693,664.5833333333334,626.3166666666667,0.0569557451875371,0.05955896785698332,0.06470075109421723,
02,25,743,75,422.646,77.9520000000001,215.17999999999978,2.7472666666666674,0.3296720000000094,0.32967200000000263,0.806451612903223,0.0967741935483895,0.09677419354838751,0.3464101615142427,0.3464101615142391,6.09,2.0300000000000002,2.0300000000000002,0.33333333333327864,25.096281,57.69259999999997,,,0.7185167970941759,718.4933333333333,14453.503288888887,629.0,663.0,809.0,64.66696305077652,95.7267386973422,712.5833333333334,672.75,0.05544008759069903,0.06921745948624194,0.06627490943978875,
02,25,744,75,372.70800000000014,63.335999999999984,203.0000000000002,2.747266666666667,0.3296720000000094,0.3296720000000027,0.806451612903223,0.09677419354838951,0.09677419354838754,0.3464101615142427,0.34641016151423915,6.09,2.0300000000000002,2.0300000000000002,0.33333333333327864,25.096281,57.69259999999997,,,0.7185167970941759,691.0666666666667,5985.262222222222,640.0,687.0,739.5,49.014716828732986,63.89141398580324,685.2916666666666,652.5666666666667,0.04735433146826142,0.028365821838677217,0.010373586697750521,
02,25,749,75,352.0019999999999,74.29799999999992,196.91000000000014,2.7472666666666354,0.3296720000000094,0.32967199999999786,0.8064516129032223,0.09677419354839055,0.09677419354838715,0.3464101615142447,0.34641016151423865,6.09,2.0300000000000002,2.0300000000000002,0.33333333333327864,25.096281,57.69259999999997,,,0.7185167970941759,620.7333333333333,1718.382222222222,592.0,624.0,648.0,30.390605972017372,39.775681316495096,616.125,602.0666666666667,0.022647943292879266,0.02823072928516336,0.028622541511522718,
02,25,754,75,345.1,75.10999999999991,200.96999999999997,2.747266666666669,0.3296720000000094,0.32967200000000285,0.806451612903223,0.09677419354838944,0.09677419354838751,0.34641016151424253,0.34641016151423915,6.09,2.0300000000000002,2.0300000000000002,0.33333333333327864,25.096281,57.69259999999997,,,0.7185167970941759,704.92,3124.766933333334,663.5,699.0,750.0,45.915792142463445,61.01273242069813,689.75,652.4833333333333,0.052866519132194575,0.020803545052651917,0.01612329400005997,
02,25,759,75,437.668,60.08800000000001,188.79,2.74726666666667,0.32967200000000124,0.3296719999999817,0.80645161290323,0.09677419354838784,0.09677419354838211,0.3464101615142382,0.34641016151422793,6.09,2.0300000000000002,2.0300000000000002,0.33333333333327864,25.096281,57.69259999999997,,,0.7185167970941759,704.5333333333333,2462.9955555555557,667.0,707.0,747.0,45.19706963878684,60.99640956020763,697.375,674.1166666666667,0.03301239591218768,0.010817934996345346,0.0002549620284646866,
02,25,764,75,433.60799999999966,64.14800000000004,211.12,2.74726666666667,0.32967200000000085,0.3296719999999818,0.8064516129032301,0.09677419354838775,0.09677419354838215,0.346410161514238,0.346410161514228,6.09,2.0300000000000002,2.0300000000000002,0.33333333333327864,25.096281,57.69259999999997,,,0.7185167970941759,662.8533333333334,3853.191822222223,615.0,666.0,704.5,45.80315002714693,60.137335767280085,658.3125,644.4666666666667,0.020888230679486586,0.029486239303581543,0.021778059828449506,
02,25,769,75,305.3120000000001,83.22999999999999,207.06,2.747266666666671,0.3296720000000094,0.3296719999999981,0.8064516129032243,0.09677419354838952,0.09677419354838619,0.3464101615142425,0.3464101615142365,6.09,2.0300000000000002,2.0300000000000002,0.33333333333327864,25.096281,57.69259999999996,,,0.718516797094176,813.1066666666667,3352.1219555555554,767.5,818.0,859.5,41.95679498137511,55.49277895581463,808.0416666666666,781.55,0.03258080120689369,0.013110988344559527,0.0016468373064343583,
02,25,774,75,306.1240000000002,101.5,48.72,2.7472666666666603,0.32967200000000946,0.3296720000000025,0.8064516129032226,0.09677419354838972,0.09677419354838768,0.34641016151424314,0.34641016151423953,6.09,2.0300000000000002,2.0300000000000002,0.33333333333327864,25.096281,57.69259999999997,,,0.7185167970941759,884.0533333333333,14799.543822222218,806.0,875.0,948.5,76.68956559371794,110.95022370869438,875.6666666666666,831.5166666666667,0.049940425916988336,0.05921508974878455,0.0611966059199793,
02,25,779,75,162.39999999999995,116.92799999999993,56.83999999999996,2.7472666666666696,0.32967200000000013,0.3296719999999984,0.8064516129032263,0.0967741935483871,0.09677419354838658,0.34641016151423765,0.34641016151423676,6.09,2.0300000000000002,2.0300000000000002,0.33333333333327864,25.096281,57.69259999999996,,,0.718516797094176,784.9066666666666,11937.151288888888,693.5,801.0,864.5,52.11752103795407,68.47237094991556,774.25,756.55,0.022550451858395083,0.09697503368542403,0.10654206846489178,
02,25,784,75,407.62400000000025,65.366,125.8599999999999,2.74726666666667,0.3296720000000094,0.32967200000000285,0.8064516129032231,0.09677419354838941,0.09677419354838748,0.34641016151424253,0.3464101615142391,6.09,2.0300000000000002,2.0300000000000002,0.33333333333327864,25.096281,57.69259999999997,,,0.7185167970941759,618.7066666666667,2573.5139555555556,583.5,628.0,656.5,41.827716495813235,55.871262374427104,614.9791666666666,602.0833333333334,0.020843210568282065,0.013664379485634426,0.005885785537927123,
02,25,793,75,396.66199999999975,65.77199999999998,198.9399999999997,2.747266666666667,0.3296720000000095,0.3296720000000005,0.8064516129032234,0.09677419354838959,0.09677419354838696,0.34641016151424275,0.34641016151423804,6.09,2.0300000000000002,2.0300000000000002,0.33333333333327864,25.096281,57.69259999999996,,,0.718516797094176,627.16,1501.1477333333335,606.0,623.0,647.0,32.063031425133076,41.67051566073719,626.8333333333334,616.6666666666666,0.016210642685545517,0.008343368789108869,0.0006509475897066965,
02,25,798,75,289.884,91.7560000000001,69.02000000000005,2.7472666666666714,0.3296720000000094,0.3296720000000031,0.8064516129032232,0.09677419354838937,0.09677419354838751,0.3464101615142424,0.3464101615142391,6.09,2.0300000000000002,2.0300000000000002,0.33333333333327864,25.096281,57.69259999999997,,,0.7185167970941759,708.3466666666667,2549.506488888889,677.5,708.0,743.0,40.805434700799104,52.53332038549573,690.625,672.2833333333333,0.025893630237548475,0.01176547339764451,0.009405863560677019,
02,25,803,75,356.87400000000025,82.01199999999993,207.06,2.7472666666666714,0.3296720000000094,0.3296720000000025,0.8064516129032232,0.09677419354838938,0.09677419354838736,0.3464101615142424,0.3464101615142388,6.09,2.0300000000000002,2.0300000000000002,0.33333333333327864,25.096281,57.69259999999997,,,0.7185167970941759,791.0,5109.066666666667,738.5,783.0,845.0,66.94765163006733,88.3627791100181,768.2083333333334,691.3666666666667,0.09714496418036232,0.03248075186720933,0.03352693925223683,
