cid120,ancestor96,future_growth,future_logfold,n_desc132,g120_volume,g96_volume,g120_x,g96_x,g120_y,g96_y,g120_z,g96_z,g120_neighbors,g96_neighbors,g120_logvolume,g96_logvolume,d_x,d_y,d_z,logvol_ratio_96_120,cur_AG,old_AG,cur_AHP6,old_AHP6,cur_ANT,old_ANT,cur_AP1,old_AP1,cur_AP2,old_AP2,cur_AP3,old_AP3,cur_AS1,old_AS1,cur_ATML1,old_ATML1,cur_CLV3,old_CLV3,cur_CUC1_2_3,old_CUC1_2_3,cur_ETTIN,old_ETTIN,cur_FIL,old_FIL,cur_LFY,old_LFY,cur_MP,old_MP,cur_PHB_PHV,old_PHB_PHV,cur_PI,old_PI,cur_PUCHI,old_PUCHI,cur_REV,old_REV,cur_SEP1,old_SEP1,cur_SEP2,old_SEP2,cur_SEP3,old_SEP3,cur_STM,old_STM,cur_SUP,old_SUP,cur_SVP,old_SVP,cur_WUS,old_WUS
71,112,0.029277069489752984,0.2865365072053008,4,313.0762192968013,303.50365662393943,35.35355123251695,29.477519600142813,63.00081070180723,54.27090997097435,8.23532081927711,10.091468513020994,14.0,21.0,5.7464466730262425,5.715393658611289,5.876031632374136,8.729900730832881,-1.8561476937438837,0.031053014414953676,0.0,0.0,0.0,0.0,1.0,1.0,1.0,1.0,1.0,1.0,0.0,0.0,1.0,1.0,0.0,0.0,0.0,0.0,0.0,0.0,1.0,1.0,1.0,1.0,1.0,1.0,1.0,1.0,0.0,0.0,0.0,0.0,0.0,0.0,0.0,0.0,1.0,1.0,1.0,1.0,0.0,0.0,0.0,1.0,0.0,0.0,0.0,1.0,0.0,0.0
78,123,-0.0359399354236483,-0.5230994198017791,1,337.48945861947686,288.4947237301183,30.56011574503959,28.47394893955985,47.19828618022353,47.14478879046745,12.237841626203043,10.580887323546456,17.0,16.0,5.8215342761047335,5.664676797150476,2.0861668054797384,0.05349738975608176,1.6569543026565867,0.1568574789542571,0.0,0.0,0.0,0.0,0.0,1.0,1.0,0.0,1.0,0.0,0.0,0.0,0.0,1.0,0.0,0.0,0.0,0.0,0.0,0.0,0.0,1.0,0.0,1.0,0.0,1.0,1.0,1.0,1.0,0.0,0.0,0.0,0.0,0.0,1.0,0.0,1.0,1.0,1.0,1.0,0.0,0.0,1.0,1.0,0.0,0.0,0.0,0.0,0.0,0.0
83,172,0.1188953830099906,0.8533428415229565,2,249.53321519162418,156.2749411333131,44.27881507499867,37.03136708797919,69.78302630957742,56.92211495254369,8.82128542241478,12.766146725930108,8.0,11.0,5.519592033351496,5.051616899131279,7.247447987019477,12.860911357033736,-3.944861303515328,0.467975134220217,0.0,0.0,0.0,0.0,0.0,1.0,1.0,1.0,1.0,1.0,0.0,0.0,0.0,1.0,1.0,1.0,0.0,0.0,0.0,0.0,0.0,1.0,0.0,1.0,0.0,1.0,0.0,1.0,0.0,0.0,0.0,0.0,0.0,0.0,0.0,0.0,1.0,1.0,1.0,1.0,0.0,0.0,0.0,1.0,0.0,0.0,0.0,1.0,0.0,0.0
87,118,0.031288412353252075,0.30350768917228516,2,259.9347982350739,254.427418127064,25.199051955285615,23.3422051597369,57.832401354923235,52.75305768009418,10.616532823133864,9.862941272249397,15.0,18.0,5.5604308235470175,5.5390156013152865,1.8568467955487158,5.079343674829055,0.753591550884467,0.021415222231731045,0.0,0.0,0.0,0.0,1.0,1.0,1.0,1.0,1.0,1.0,0.0,0.0,1.0,1.0,0.0,0.0,0.0,0.0,0.0,0.0,1.0,1.0,1.0,1.0,1.0,1.0,1.0,1.0,0.0,0.0,0.0,0.0,0.0,0.0,0.0,0.0,1.0,1.0,1.0,1.0,0.0,0.0,0.0,1.0,0.0,0.0,0.0,1.0,0.0,0.0
92,115,0.11793691274556205,0.8487047321858269,1,97.16716907164019,216.2549464726056,54.73522458880056,44.508440218767426,53.35261881197921,49.87185876028603,8.708846644740712,7.868951643231403,8.0,12.0,4.576432887657683,5.376458019412146,10.226784370033137,3.4807600516931814,0.8398950015093085,-0.8000251317544633,0.0,0.0,0.0,0.0,0.0,1.0,1.0,1.0,1.0,1.0,0.0,0.0,0.0,1.0,1.0,1.0,0.0,0.0,0.0,0.0,0.0,1.0,0.0,1.0,0.0,1.0,0.0,1.0,0.0,0.0,0.0,0.0,0.0,0.0,0.0,0.0,1.0,1.0,1.0,1.0,0.0,0.0,1.0,1.0,0.0,0.0,0.0,1.0,0.0,0.0
99,134,0.15164117851260323,1.0001170504317884,2,207.65065050110343,128.58828955133245,50.58815428106197,41.2631907827271,61.979054712935785,54.01391713098592,10.943743764426605,8.86265922253521,11.0,9.0,5.335857102752344,4.856615746625582,9.324963498334867,7.965137581949868,2.0810845418913946,0.4792413561267621,0.0,0.0,0.0,0.0,1.0,1.0,1.0,1.0,1.0,1.0,0.0,0.0,1.0,1.0,1.0,1.0,0.0,0.0,0.0,0.0,1.0,1.0,1.0,1.0,1.0,1.0,1.0,1.0,0.0,0.0,0.0,0.0,0.0,0.0,0.0,0.0,1.0,1.0,1.0,1.0,0.0,0.0,0.0,1.0,0.0,0.0,0.0,1.0,0.0,0.0
101,114,0.14987034107132569,0.9927073774990047,2,124.25700622875662,111.33173180583763,49.76155357039713,39.51215233274668,46.34727859904178,45.174405342996586,11.933105239248754,7.635460120839243,11.0,13.0,4.822352051545993,4.71251431922762,10.249401237650453,1.172873256045193,4.297645118409511,0.10983773231837306,0.0,0.0,0.0,0.0,0.0,1.0,1.0,0.0,1.0,0.0,0.0,0.0,0.0,0.0,0.0,0.0,0.0,0.0,0.0,0.0,0.0,1.0,0.0,0.0,0.0,1.0,1.0,1.0,0.0,0.0,0.0,0.0,0.0,0.0,0.0,0.0,1.0,1.0,1.0,1.0,0.0,0.0,1.0,1.0,0.0,0.0,0.0,0.0,0.0,0.0
102,132,0.1716495495378836,1.0802315808510832,4,362.30275882843904,186.7757676328852,38.36750690091768,33.19403874974042,58.15730251821958,49.748151745897566,12.06661762361973,9.648734933018398,15.0,14.0,5.892480212634498,5.229908793787217,5.173468151177261,8.409150772322015,2.4178826906013313,0.6625714188472812,0.0,0.0,0.0,0.0,1.0,1.0,1.0,0.0,1.0,0.0,0.0,0.0,1.0,1.0,0.0,0.0,0.0,0.0,0.0,0.0,1.0,1.0,1.0,1.0,1.0,1.0,1.0,1.0,0.0,0.0,0.0,0.0,0.0,0.0,0.0,0.0,1.0,1.0,1.0,1.0,0.0,0.0,0.0,1.0,0.0,0.0,0.0,0.0,0.0,0.0
108,116,0.21364635276796143,1.2300279997990273,1,76.23064935597849,96.08131855605158,57.64222326425738,46.87952507045307,47.213040108896664,44.67346580444659,9.606698527677121,5.865760024407926,8.0,8.0,4.33376360434221,4.565194901200163,10.762698193804312,2.5395743044500705,3.740938503269195,-0.23143129685795316,0.0,0.0,0.0,0.0,1.0,1.0,1.0,1.0,1.0,1.0,0.0,0.0,1.0,0.0,1.0,1.0,0.0,0.0,0.0,0.0,1.0,1.0,1.0,0.0,1.0,1.0,1.0,1.0,0.0,0.0,0.0,0.0,0.0,0.0,0.0,0.0,1.0,1.0,1.0,1.0,0.0,0.0,0.0,0.0,0.0,0.0,0.0,0.0,0.0,0.0
110,118,-0.07759254626096845,-2.1151283352566086,1,198.48735115330246,254.427418127064,22.59440419629603,23.3422051597369,53.5176886392888,52.75305768009418,10.67469660012957,9.862941272249397,11.0,18.0,5.290725375947293,5.5390156013152865,-0.74780096344087,0.7646309591946192,0.8117553278801726,-0.24829022536799344,0.0,0.0,0.0,0.0,1.0,1.0,1.0,1.0,1.0,1.0,0.0,0.0,1.0,1.0,0.0,0.0,0.0,0.0,0.0,0.0,1.0,1.0,1.0,1.0,1.0,1.0,1.0,1.0,0.0,0.0,0.0,0.0,0.0,0.0,0.0,0.0,1.0,1.0,1.0,1.0,0.0,0.0,0.0,1.0,0.0,0.0,0.0,1.0,0.0,0.0
116,131,-0.08040146625427089,-2.4215557810499693,1,390.4022734604691,139.75211216171175,26.62942308120408,24.96700669300572,48.81770750120773,49.51804697560976,9.802486228260868,9.538443548780489,15.0,13.0,5.9671776779350685,4.939870225779398,1.6624163881983591,-0.7003394744020284,0.2640426794803794,1.0273074521556704,0.0,0.0,0.0,0.0,0.0,1.0,1.0,0.0,1.0,0.0,0.0,0.0,0.0,1.0,0.0,0.0,0.0,0.0,0.0,0.0,0.0,1.0,0.0,1.0,0.0,1.0,1.0,1.0,0.0,0.0,0.0,0.0,0.0,0.0,0.0,0.0,1.0,1.0,1.0,1.0,0.0,0.0,1.0,1.0,0.0,0.0,0.0,0.0,0.0,0.0
118,125,0.09322636225410479,0.7210373286925857,2,147.0414262286942,161.10454825261198,46.4757261119801,38.13484942982549,55.07829784679666,50.85376224178485,12.987211667908271,9.24001434832238,11.0,14.0,4.990714358157005,5.082053522264921,8.340876682154608,4.224535605011809,3.747197319585892,-0.09133916410791593,0.0,0.0,0.0,0.0,1.0,1.0,1.0,1.0,1.0,1.0,0.0,0.0,1.0,1.0,0.0,0.0,0.0,0.0,0.0,0.0,0.0,1.0,0.0,1.0,1.0,1.0,1.0,1.0,0.0,0.0,0.0,0.0,0.0,0.0,0.0,0.0,1.0,1.0,1.0,1.0,0.0,0.0,0.0,1.0,0.0,0.0,0.0,1.0,0.0,0.0
119,233,-0.05731780843250658,-1.0486851394019632,2,262.19228466483366,134.54170909646817,16.353454421239597,17.860607891290464,51.501972721990114,49.336974729704544,12.61819905314975,18.722337714275852,9.0,10.0,5.569078145514641,4.901874255775791,-1.5071534700508664,2.1649979922855707,-6.104138661126102,0.6672038897388506,0.0,0.0,0.0,0.0,0.0,1.0,1.0,1.0,1.0,1.0,0.0,0.0,0.0,1.0,1.0,1.0,0.0,0.0,0.0,0.0,0.0,1.0,0.0,1.0,0.0,1.0,0.0,1.0,0.0,0.0,0.0,0.0,0.0,0.0,0.0,0.0,1.0,1.0,1.0,1.0,0.0,0.0,1.0,1.0,0.0,0.0,0.0,1.0,0.0,0.0
121,100,-0.0016582553847338717,-0.01897240427423088,1,297.6167236195861,141.04310329552433,48.967968198845504,41.03152705550875,37.91551698506961,39.061959763038324,13.6447072712434,6.057792046226788,15.0,17.0,5.695806496338346,4.949065540793699,7.936441143336758,-1.1464427779687156,7.586915225016612,0.746740955544647,0.0,0.0,0.0,0.0,0.0,1.0,1.0,0.0,1.0,0.0,0.0,0.0,0.0,0.0,0.0,0.0,0.0,0.0,0.0,0.0,0.0,1.0,0.0,0.0,0.0,1.0,1.0,1.0,0.0,0.0,0.0,0.0,0.0,0.0,0.0,0.0,1.0,1.0,1.0,1.0,0.0,0.0,1.0,1.0,0.0,0.0,0.0,0.0,0.0,0.0
125,215,0.20654723207151648,1.2062308420818995,2,236.04544816824975,174.59029736265418,31.641346408890758,30.035999707321196,72.4884827768048,58.115676252074685,13.972283196461,17.087754133817427,9.0,9.0,5.464024363469152,5.162442071200767,1.6053467015695624,14.372806524730116,-3.1154709373564273,0.30158229226838557,0.0,0.0,0.0,0.0,1.0,1.0,1.0,1.0,1.0,1.0,0.0,0.0,1.0,1.0,1.0,1.0,0.0,0.0,0.0,0.0,1.0,1.0,1.0,1.0,1.0,1.0,1.0,1.0,0.0,0.0,0.0,0.0,0.0,0.0,0.0,0.0,1.0,1.0,1.0,1.0,0.0,0.0,0.0,1.0,0.0,0.0,0.0,1.0,0.0,0.0
127,164,0.23438553481500154,1.2964706863900026,2,283.78604726510895,106.3999599205536,40.750143450899365,33.59339324103312,65.81286241803444,54.13728954862081,14.449885807823986,12.926172000261872,17.0,12.0,5.648220599546632,4.6672052002209465,7.156750209866246,11.675572869413635,1.523713807562114,0.9810153993256854,0.0,0.0,0.0,0.0,1.0,1.0,1.0,1.0,1.0,1.0,0.0,0.0,1.0,1.0,0.0,0.0,0.0,0.0,0.0,0.0,1.0,1.0,1.0,1.0,1.0,1.0,1.0,1.0,0.0,0.0,0.0,0.0,0.0,0.0,0.0,0.0,1.0,1.0,1.0,1.0,0.0,0.0,0.0,1.0,0.0,0.0,0.0,1.0,0.0,0.0
129,115,0.13387286398470666,0.9231574188547121,2,112.70286682243376,216.2549464726056,56.59088524338534,44.508440218767426,51.69519549340771,49.87185876028603,12.674800213995942,7.868951643231403,10.0,12.0,4.7247548583658,5.376458019412146,12.082445024617911,1.8233367331216783,4.805848570764539,-0.6517031610463463,0.0,0.0,0.0,0.0,1.0,1.0,1.0,1.0,1.0,1.0,0.0,0.0,1.0,1.0,1.0,1.0,0.0,0.0,0.0,0.0,1.0,1.0,1.0,1.0,1.0,1.0,1.0,1.0,0.0,0.0,0.0,0.0,0.0,0.0,0.0,0.0,1.0,1.0,1.0,1.0,0.0,0.0,0.0,1.0,0.0,0.0,0.0,1.0,0.0,0.0
130,131,0.25421294010955087,1.3561134623027642,4,291.13954736542325,139.75211216171175,27.96502368926954,24.96700669300572,55.33455156787175,49.51804697560976,15.32076725516113,9.538443548780489,20.0,13.0,5.673802696437989,4.939870225779398,2.998016996263818,5.8165045922619925,5.782323706380641,0.7339324706585919,0.0,0.0,0.0,0.0,1.0,1.0,1.0,0.0,1.0,0.0,0.0,0.0,1.0,1.0,0.0,0.0,0.0,0.0,0.0,0.0,1.0,1.0,1.0,1.0,1.0,1.0,1.0,1.0,0.0,0.0,0.0,0.0,0.0,0.0,0.0,0.0,1.0,1.0,1.0,1.0,0.0,0.0,0.0,1.0,0.0,0.0,0.0,0.0,0.0,0.0
132,215,0.24974948091193927,1.3429938071432448,4,225.84389556794324,174.59029736265418,35.243985996700076,30.035999707321196,73.40105214148039,58.115676252074685,15.325103862273304,17.087754133817427,10.0,9.0,5.419844033034615,5.162442071200767,5.20798628937888,15.285375889405707,-1.762650271544123,0.2574019618338485,0.0,0.0,0.0,0.0,1.0,1.0,1.0,1.0,1.0,1.0,0.0,0.0,1.0,1.0,1.0,1.0,0.0,0.0,0.0,0.0,1.0,1.0,1.0,1.0,1.0,1.0,1.0,1.0,0.0,0.0,0.0,0.0,0.0,0.0,0.0,0.0,1.0,1.0,1.0,1.0,0.0,0.0,0.0,1.0,0.0,0.0,0.0,1.0,0.0,0.0
133,114,0.12945825836991348,0.9030813082660507,2,200.69721128707567,111.33173180583763,47.00586199081377,39.51215233274668,49.33128939432843,45.174405342996586,13.756475643616517,7.635460120839243,13.0,13.0,5.301797360773398,4.71251431922762,7.49370965806709,4.1568840513318435,6.121015522777274,0.5892830415457789,0.0,0.0,0.0,0.0,0.0,1.0,1.0,0.0,1.0,0.0,0.0,0.0,0.0,0.0,0.0,0.0,0.0,0.0,0.0,0.0,0.0,1.0,0.0,0.0,0.0,1.0,1.0,1.0,0.0,0.0,0.0,0.0,0.0,0.0,0.0,0.0,1.0,1.0,1.0,1.0,0.0,0.0,1.0,1.0,0.0,0.0,0.0,0.0,0.0,0.0
135,116,0.17071765659459398,1.0766393446820393,2,136.58269163006065,96.08131855605158,59.49486746190653,46.87952507045307,43.381354948776064,44.67346580444659,12.964589428830461,5.865760024407926,10.0,8.0,4.916930230690203,4.565194901200163,12.61534239145346,-1.2921108556705292,7.098829404422535,0.3517353294900398,0.0,0.0,0.0,0.0,1.0,1.0,1.0,1.0,1.0,1.0,0.0,0.0,1.0,0.0,1.0,1.0,0.0,0.0,0.0,0.0,1.0,1.0,1.0,0.0,1.0,1.0,1.0,1.0,0.0,0.0,0.0,0.0,0.0,0.0,0.0,0.0,1.0,1.0,1.0,1.0,0.0,0.0,0.0,0.0,0.0,0.0,0.0,0.0,0.0,0.0
137,125,0.17682206251482266,1.0999391996548806,2,101.47258622881904,161.10454825261198,48.19279359606276,38.13484942982549,58.14528275415376,50.85376224178485,12.342382854829626,9.24001434832238,11.0,14.0,4.619788675586362,5.082053522264921,10.057944166237263,7.291520512368912,3.102368506507247,-0.4622648466785595,0.0,0.0,0.0,0.0,1.0,1.0,1.0,1.0,1.0,1.0,0.0,0.0,1.0,1.0,0.0,0.0,0.0,0.0,0.0,0.0,1.0,1.0,1.0,1.0,1.0,1.0,1.0,1.0,0.0,0.0,0.0,0.0,0.0,0.0,0.0,0.0,1.0,1.0,1.0,1.0,0.0,0.0,0.0,1.0,0.0,0.0,0.0,1.0,0.0,0.0
139,119,0.2540676684586952,1.3556891573764982,2,195.57262183892917,248.78049287988378,39.8707218107373,32.08568250129266,72.98204242000293,58.774128451299184,12.89254349868498,8.78551160436422,8.0,11.0,5.275931777655358,5.516570952967587,7.785039309444642,14.207913968703743,4.107031894320759,-0.2406391753122297,0.0,0.0,0.0,0.0,1.0,1.0,1.0,1.0,1.0,1.0,0.0,0.0,1.0,1.0,1.0,1.0,0.0,0.0,0.0,0.0,1.0,1.0,1.0,1.0,1.0,1.0,1.0,1.0,0.0,0.0,0.0,0.0,0.0,0.0,0.0,0.0,1.0,1.0,1.0,1.0,0.0,0.0,0.0,1.0,0.0,0.0,0.0,1.0,0.0,0.0
140,172,0.2116020275886987,1.2232330235666125,2,150.81342887082434,156.2749411333131,46.8171107924429,37.03136708797919,68.74564681131181,56.92211495254369,13.154211998736816,12.766146725930108,10.0,11.0,5.016043502476598,5.051616899131279,9.785743704463705,11.823531858768128,0.388065272806708,-0.035573396654680754,0.0,0.0,0.0,0.0,1.0,1.0,1.0,1.0,1.0,1.0,0.0,0.0,1.0,1.0,1.0,1.0,0.0,0.0,0.0,0.0,1.0,1.0,1.0,1.0,1.0,1.0,1.0,1.0,0.0,0.0,0.0,0.0,0.0,0.0,0.0,0.0,1.0,1.0,1.0,1.0,0.0,0.0,0.0,1.0,0.0,0.0,0.0,1.0,0.0,0.0
141,127,0.13568672520382005,0.9312908201811607,1,178.45573106138409,170.6894608432205,53.28262305993542,43.71957773408344,39.02274546821457,42.84589190230166,14.61347100984788,7.76245905582762,13.0,16.0,5.184340565202952,5.13984588708135,9.56304532585198,-3.8231464340870858,6.85101195402026,0.04449467812160144,0.0,0.0,0.0,0.0,1.0,1.0,1.0,1.0,1.0,1.0,0.0,0.0,1.0,0.0,0.0,0.0,0.0,0.0,0.0,0.0,1.0,1.0,1.0,0.0,1.0,1.0,1.0,1.0,0.0,0.0,0.0,0.0,0.0,0.0,0.0,0.0,1.0,1.0,1.0,1.0,0.0,0.0,0.0,0.0,0.0,0.0,0.0,0.0,0.0,0.0
143,186,0.050576021909810004,0.45310852929076606,2,423.26441769114825,90.03502195092935,26.91787861650623,26.438278614414116,67.18998011585201,57.62667164018981,9.638462327572238,12.786063941716526,12.0,8.0,6.047997084676777,4.5001987274258415,0.47960000209211273,9.563308475662197,-3.1476016141442873,1.5477983572509355,0.0,0.0,0.0,0.0,0.0,1.0,1.0,1.0,1.0,1.0,0.0,0.0,0.0,1.0,1.0,1.0,0.0,0.0,0.0,0.0,0.0,1.0,0.0,1.0,0.0,1.0,0.0,1.0,0.0,0.0,0.0,0.0,0.0,0.0,0.0,0.0,1.0,1.0,1.0,1.0,0.0,0.0,0.0,1.0,0.0,0.0,0.0,1.0,0.0,0.0
145,100,-0.003561722965482607,-0.04120351896728836,1,193.47706481552353,141.04310329552433,49.60007521182748,41.03152705550875,33.372792436441514,39.061959763038324,15.49219121824537,6.057792046226788,12.0,17.0,5.265158977359678,4.949065540793699,8.568548156318734,-5.6891673265968095,9.434399172018583,0.3160934365659794,0.0,0.0,0.0,0.0,0.0,1.0,1.0,0.0,1.0,0.0,0.0,0.0,0.0,0.0,0.0,0.0,0.0,0.0,0.0,0.0,0.0,1.0,0.0,0.0,0.0,1.0,1.0,1.0,1.0,0.0,0.0,0.0,0.0,0.0,1.0,0.0,1.0,1.0,1.0,1.0,0.0,0.0,1.0,1.0,0.0,0.0,0.0,0.0,0.0,0.0
147,115,0.06492275736806395,0.5514633614107122,2,89.51838593620964,216.2549464726056,54.07464616626041,44.508440218767426,56.62263768259204,49.87185876028603,12.422006433549692,7.868951643231403,9.0,12.0,4.494444033637925,5.376458019412146,9.566205947492982,6.7507789223060115,4.5530547903182885,-0.882013985774221,0.0,0.0,0.0,0.0,0.0,1.0,1.0,1.0,1.0,1.0,0.0,0.0,0.0,1.0,1.0,1.0,0.0,0.0,0.0,0.0,0.0,1.0,0.0,1.0,0.0,1.0,1.0,1.0,0.0,0.0,0.0,0.0,0.0,0.0,0.0,0.0,1.0,1.0,1.0,1.0,0.0,0.0,1.0,1.0,0.0,0.0,0.0,1.0,0.0,0.0
149,112,0.2477818206989505,1.3371550525860363,4,346.22412130339944,303.50365662393943,30.828663459505872,29.477519600142813,65.51939246137339,54.27090997097435,16.43029328916309,10.091468513020994,19.0,21.0,5.847086314790402,5.715393658611289,1.3511438593630594,11.248482490399034,6.338824776142095,0.13169265617911288,0.0,0.0,0.0,0.0,1.0,1.0,1.0,1.0,1.0,1.0,0.0,0.0,1.0,1.0,0.0,0.0,0.0,0.0,0.0,0.0,1.0,1.0,1.0,1.0,1.0,1.0,1.0,1.0,0.0,0.0,0.0,0.0,0.0,0.0,0.0,0.0,1.0,1.0,1.0,1.0,0.0,0.0,0.0,1.0,0.0,0.0,0.0,1.0,0.0,0.0
153,114,0.15371342441060004,1.0087187537590905,2,187.4761515212256,111.33173180583763,48.51868293810972,39.51215233274668,45.02867000231176,45.174405342996586,17.14191659940555,7.635460120839243,17.0,13.0,5.233651645434095,4.71251431922762,9.00653060536304,-0.14573534068482275,9.506456478566308,0.521137326206475,0.0,0.0,0.0,0.0,0.0,1.0,1.0,0.0,1.0,0.0,0.0,0.0,0.0,0.0,0.0,0.0,0.0,0.0,0.0,0.0,0.0,1.0,0.0,0.0,0.0,1.0,1.0,1.0,0.0,0.0,0.0,0.0,0.0,0.0,0.0,0.0,1.0,1.0,1.0,1.0,0.0,0.0,1.0,1.0,0.0,0.0,0.0,0.0,0.0,0.0
154,127,0.0931259917252797,0.7204840531429593,4,203.03089979041374,170.6894608432205,54.63042539343751,43.71957773408344,47.17296972646024,42.84589190230166,16.114717619704436,7.76245905582762,15.0,16.0,5.313358183174475,5.13984588708135,10.910847659354076,4.327077824158579,8.352258563876816,0.17351229609312444,0.0,0.0,0.0,0.0,1.0,1.0,1.0,1.0,1.0,1.0,0.0,0.0,1.0,0.0,0.0,0.0,0.0,0.0,0.0,0.0,1.0,1.0,1.0,0.0,1.0,1.0,1.0,1.0,0.0,0.0,0.0,0.0,0.0,0.0,0.0,0.0,1.0,1.0,1.0,1.0,0.0,0.0,0.0,0.0,0.0,0.0,0.0,0.0,0.0,0.0
155,116,0.1685963691791319,1.0684138206232556,1,84.77480685595508,96.08131855605158,58.31087189380132,46.87952507045307,47.34747958550562,44.67346580444659,13.75164655230337,5.865760024407926,7.0,8.0,4.439998409695395,4.565194901200163,11.43134682334825,2.674013781059024,7.885886527895444,-0.1251964915047681,0.0,0.0,0.0,0.0,1.0,1.0,1.0,1.0,1.0,1.0,0.0,0.0,1.0,0.0,1.0,1.0,0.0,0.0,0.0,0.0,1.0,1.0,1.0,0.0,1.0,1.0,1.0,1.0,0.0,0.0,0.0,0.0,0.0,0.0,0.0,0.0,1.0,1.0,1.0,1.0,0.0,0.0,0.0,0.0,0.0,0.0,0.0,0.0,0.0,0.0
156,118,0.19119901861364363,1.1527602048786598,3,167.20639994937477,254.427418127064,25.602727807489114,23.3422051597369,60.78414655013102,52.75305768009418,15.287891093710837,9.862941272249397,12.0,18.0,5.119228977127227,5.5390156013152865,2.2605226477522145,8.03108887003684,5.424949821461439,-0.41978662418805945,0.0,0.0,0.0,0.0,1.0,1.0,1.0,1.0,1.0,1.0,0.0,0.0,1.0,1.0,0.0,0.0,0.0,0.0,0.0,0.0,1.0,1.0,1.0,1.0,1.0,1.0,1.0,1.0,0.0,0.0,0.0,0.0,0.0,0.0,0.0,0.0,1.0,1.0,1.0,1.0,0.0,0.0,0.0,1.0,0.0,0.0,0.0,1.0,0.0,0.0
157,112,0.18743050702983668,1.1391822235855538,4,305.53221401254103,303.50365662393943,35.40067559836343,29.477519600142813,65.84482869290123,54.27090997097435,16.03195890432099,10.091468513020994,18.0,21.0,5.722055219902083,5.715393658611289,5.923155998220615,11.57391872192688,5.940490391299997,0.006661561290794562,0.0,0.0,0.0,0.0,1.0,1.0,1.0,1.0,1.0,1.0,0.0,0.0,1.0,1.0,0.0,0.0,0.0,0.0,0.0,0.0,1.0,1.0,1.0,1.0,1.0,1.0,1.0,1.0,0.0,0.0,0.0,0.0,0.0,0.0,0.0,0.0,1.0,1.0,1.0,1.0,0.0,0.0,0.0,1.0,0.0,0.0,0.0,1.0,0.0,0.0
158,142,0.09021977755826317,0.7043298272094045,2,187.20944426370124,156.86006661122815,51.89398243245463,41.281674080248955,50.71737778406432,48.09466480584996,15.527052852421898,10.471977760968679,15.0,14.0,5.2322280128975365,5.055354112438441,10.612308352205673,2.6227129782143592,5.055075091453219,0.17687390045909493,0.0,0.0,0.0,0.0,0.0,1.0,1.0,1.0,1.0,1.0,0.0,0.0,0.0,1.0,0.0,0.0,0.0,0.0,0.0,0.0,0.0,1.0,0.0,1.0,0.0,1.0,1.0,1.0,0.0,0.0,0.0,0.0,0.0,0.0,0.0,0.0,1.0,1.0,1.0,1.0,0.0,0.0,1.0,1.0,0.0,0.0,0.0,1.0,0.0,0.0
161,127,0.2099430214452901,1.2176846388890317,3,153.14711737416243,170.6894608432205,56.283586523994764,43.71957773408344,41.48273949182112,42.84589190230166,16.628724644296554,7.76245905582762,14.0,16.0,5.03139901086307,5.13984588708135,12.564008789911327,-1.363152410480538,8.866265588468934,-0.10844687621828016,0.0,0.0,0.0,0.0,1.0,1.0,1.0,1.0,1.0,1.0,0.0,0.0,1.0,0.0,0.0,0.0,0.0,0.0,0.0,0.0,1.0,1.0,1.0,0.0,1.0,1.0,1.0,1.0,0.0,0.0,0.0,0.0,0.0,0.0,0.0,0.0,1.0,1.0,1.0,1.0,0.0,0.0,0.0,0.0,0.0,0.0,0.0,0.0,0.0,0.0
163,192,0.10696601540093893,0.7940243395217182,2,305.5607897901329,176.7450451543414,22.26265859015632,21.401978473176335,63.750574504348634,54.84840467254335,13.092468395165062,15.418637882947975,11.0,11.0,5.72214874339993,5.174708271310715,0.8606801169799851,8.902169831805281,-2.326169487782913,0.547440472089215,0.0,0.0,0.0,0.0,0.0,1.0,1.0,1.0,1.0,1.0,0.0,0.0,0.0,1.0,1.0,1.0,0.0,0.0,0.0,0.0,0.0,1.0,0.0,1.0,0.0,1.0,0.0,1.0,0.0,0.0,0.0,0.0,0.0,0.0,0.0,0.0,1.0,1.0,1.0,1.0,0.0,0.0,0.0,1.0,0.0,0.0,0.0,1.0,0.0,0.0
164,203,0.10983177970423917,0.8085986869715553,2,263.14481058456346,127.61308042147402,22.96611032451841,23.48646112461904,50.14338425392746,47.81213898471616,17.523703392383986,15.65646880676856,17.0,11.0,5.5727044912350685,4.8490028767968605,-0.5203508001006298,2.3312452692113013,1.8672345856154262,0.7237016144382087,0.0,0.0,0.0,0.0,0.0,1.0,1.0,0.0,1.0,0.0,0.0,0.0,0.0,1.0,0.0,0.0,0.0,0.0,0.0,0.0,0.0,1.0,0.0,1.0,0.0,1.0,1.0,1.0,0.0,0.0,0.0,0.0,0.0,0.0,0.0,0.0,1.0,1.0,1.0,1.0,0.0,0.0,1.0,1.0,0.0,0.0,0.0,0.0,0.0,0.0
165,151,-0.011375119534688465,-0.13801918645892391,1,366.3509939872908,245.91987943229907,32.388479142838484,28.95455627624805,38.62059269497673,41.93794706101292,17.853068478796704,13.095044135622025,12.0,14.0,5.903591873819955,5.505005789518122,3.4339228665904358,-3.3173543660361915,4.758024343174679,0.39858608430183295,0.0,0.0,0.0,0.0,0.0,1.0,1.0,1.0,1.0,1.0,0.0,0.0,0.0,0.0,0.0,0.0,0.0,0.0,0.0,0.0,0.0,1.0,0.0,0.0,0.0,1.0,1.0,1.0,1.0,0.0,0.0,0.0,0.0,0.0,1.0,0.0,1.0,1.0,1.0,1.0,0.0,0.0,1.0,1.0,0.0,0.0,0.0,0.0,0.0,0.0
167,125,0.21093705408064348,1.2210127796719665,3,205.31696199776536,161.10454825261198,47.31806526515188,38.13484942982549,61.873247373903965,50.85376224178485,17.408955685803758,9.24001434832238,16.0,14.0,5.324554941156399,5.082053522264921,9.183215835326386,11.019485132119115,8.168941337481378,0.2425014188914779,0.0,0.0,0.0,0.0,1.0,1.0,1.0,1.0,1.0,1.0,0.0,0.0,1.0,1.0,0.0,0.0,0.0,0.0,0.0,0.0,1.0,1.0,1.0,1.0,1.0,1.0,1.0,1.0,0.0,0.0,0.0,0.0,0.0,0.0,0.0,0.0,1.0,1.0,1.0,1.0,0.0,0.0,0.0,1.0,0.0,0.0,0.0,1.0,0.0,0.0
168,121,0.22123303014409376,1.25484869897976,3,220.57642723183727,150.30294617618006,58.28885946459619,46.00236710240977,31.9690265347843,34.75945084082061,17.182917820248736,6.963707878854354,18.0,15.0,5.396244243593127,5.0126528985374055,12.286492362186422,-2.7904243060363108,10.219209941394382,0.38359134505572223,0.0,0.0,0.0,0.0,1.0,1.0,1.0,1.0,1.0,1.0,0.0,0.0,1.0,0.0,0.0,0.0,0.0,0.0,0.0,0.0,1.0,1.0,1.0,0.0,1.0,1.0,1.0,1.0,0.0,0.0,0.0,0.0,0.0,0.0,0.0,0.0,1.0,1.0,1.0,1.0,0.0,0.0,0.0,0.0,0.0,0.0,0.0,0.0,0.0,0.0
169,192,0.04606084606551385,0.42004031982268525,2,339.28973260776627,176.7450451543414,18.96248771548748,21.401978473176335,58.07514456788321,54.84840467254335,11.225206322080291,15.418637882947975,13.0,11.0,5.826854410818816,5.174708271310715,-2.439490757688855,3.226739895339854,-4.193431560867683,0.6521461395081014,0.0,0.0,0.0,0.0,0.0,1.0,1.0,1.0,1.0,1.0,0.0,0.0,0.0,1.0,1.0,1.0,0.0,0.0,0.0,0.0,0.0,1.0,0.0,1.0,0.0,1.0,0.0,1.0,0.0,0.0,0.0,0.0,0.0,0.0,0.0,0.0,1.0,1.0,1.0,1.0,0.0,0.0,0.0,1.0,0.0,0.0,0.0,1.0,0.0,0.0
172,132,0.17836597935345522,1.1057471414099262,3,234.69286136223337,186.7757676328852,42.031214658519076,33.19403874974042,58.24555189114818,49.748151745897566,17.739252144100814,9.648734933018398,16.0,14.0,5.458277686383465,5.229908793787217,8.837175908778654,8.497400145250616,8.090517211082416,0.2283688925962482,0.0,0.0,0.0,0.0,1.0,1.0,1.0,0.0,1.0,0.0,0.0,0.0,1.0,1.0,0.0,0.0,0.0,0.0,0.0,0.0,1.0,1.0,1.0,1.0,1.0,1.0,1.0,1.0,0.0,0.0,0.0,0.0,0.0,0.0,0.0,0.0,1.0,1.0,1.0,1.0,0.0,0.0,0.0,1.0,0.0,0.0,0.0,0.0,0.0,0.0
173,121,0.16835859333275963,1.067487587548079,1,91.52821562683958,150.30294617618006,54.843965498722376,46.00236710240977,30.459543114267877,34.75945084082061,15.886136333593507,6.963707878854354,12.0,15.0,4.516647292252432,5.0126528985374055,8.841598396312605,-4.2999077265527355,8.922428454739153,-0.49600560628497364,0.0,0.0,0.0,0.0,1.0,1.0,1.0,1.0,1.0,1.0,0.0,0.0,1.0,0.0,0.0,0.0,0.0,0.0,0.0,0.0,0.0,1.0,0.0,0.0,1.0,1.0,0.0,1.0,0.0,0.0,0.0,0.0,0.0,0.0,0.0,0.0,1.0,1.0,1.0,1.0,0.0,0.0,0.0,0.0,0.0,0.0,0.0,0.0,0.0,0.0
175,112,0.22923205008830025,1.2803679171142859,1,98.15779602815921,303.50365662393943,32.1145969335043,29.477519600142813,61.25142304628822,54.27090997097435,17.66909223930131,10.091468513020994,11.0,21.0,4.586576347299723,5.715393658611289,2.637077333361489,6.980513075313866,7.577623726280317,-1.1288173113115654,0.0,0.0,0.0,0.0,1.0,1.0,1.0,1.0,1.0,1.0,0.0,0.0,1.0,1.0,0.0,0.0,0.0,0.0,0.0,0.0,1.0,1.0,1.0,1.0,1.0,1.0,1.0,1.0,0.0,0.0,0.0,0.0,0.0,0.0,0.0,0.0,1.0,1.0,1.0,1.0,0.0,0.0,0.0,1.0,0.0,0.0,0.0,1.0,0.0,0.0
177,185,0.21209321928027883,1.2248698771578044,2,99.31987765022961,176.84720992032655,61.77921431420186,48.390622928777844,34.54529235139541,39.42685770363951,15.729275948499088,10.50998380762565,8.0,10.0,4.598345728764757,5.1752861389951,13.388591385424014,-4.8815653522441025,5.2192921408734385,-0.5769404102303427,0.0,0.0,1.0,1.0,1.0,1.0,1.0,1.0,1.0,1.0,0.0,0.0,1.0,0.0,1.0,1.0,0.0,0.0,0.0,0.0,1.0,1.0,1.0,0.0,1.0,1.0,1.0,1.0,0.0,0.0,0.0,0.0,0.0,0.0,0.0,0.0,1.0,1.0,1.0,1.0,0.0,0.0,0.0,0.0,0.0,0.0,0.0,0.0,0.0,0.0
179,243,0.28967711155274145,1.454655394701001,1,124.83804703979182,131.83898665086053,24.501518734958633,25.721923331027583,68.14124270475354,56.97444022687566,16.780311219403327,19.169037403240576,7.0,10.0,4.827017273574606,4.881581379927591,-1.2204045960689491,11.16680247787788,-2.3887261838372496,-0.054564106352985406,0.0,0.0,0.0,0.0,1.0,1.0,1.0,1.0,1.0,1.0,0.0,0.0,1.0,1.0,1.0,1.0,0.0,0.0,0.0,0.0,1.0,1.0,1.0,1.0,1.0,1.0,1.0,1.0,0.0,0.0,0.0,0.0,0.0,0.0,0.0,0.0,1.0,1.0,1.0,1.0,0.0,0.0,0.0,1.0,0.0,0.0,0.0,1.0,0.0,0.0
181,127,0.25342702270202777,1.3538158285297828,1,63.238195810863566,170.6894608432205,52.21313258817456,43.71957773408344,43.948829687528246,42.84589190230166,16.299974899005875,7.76245905582762,12.0,16.0,4.146908482694323,5.13984588708135,8.493554854091123,1.1029377852265867,8.537515843178255,-0.992937404387027,0.0,0.0,0.0,0.0,1.0,1.0,1.0,1.0,1.0,1.0,0.0,0.0,1.0,0.0,0.0,0.0,0.0,0.0,0.0,0.0,0.0,1.0,0.0,0.0,1.0,1.0,0.0,1.0,1.0,0.0,0.0,0.0,0.0,0.0,1.0,0.0,1.0,1.0,1.0,1.0,0.0,0.0,0.0,0.0,0.0,0.0,0.0,0.0,0.0,0.0
182,430,0.0498792892452339,0.44807661182673314,1,135.2396300832416,170.02074601131758,60.77855338719078,48.76335546239706,20.487079088075788,28.909716170353985,17.20494477510917,9.176382835791545,8.0,11.0,4.907048242574495,5.135920464965245,12.015197924793725,-8.422637082278197,8.028561939317624,-0.22887222239074942,0.0,0.0,0.0,0.0,0.0,1.0,1.0,1.0,1.0,1.0,0.0,0.0,0.0,0.0,1.0,1.0,0.0,0.0,0.0,0.0,0.0,1.0,0.0,0.0,0.0,1.0,0.0,1.0,0.0,0.0,0.0,0.0,0.0,0.0,0.0,0.0,1.0,1.0,1.0,1.0,0.0,0.0,0.0,0.0,0.0,0.0,0.0,0.0,0.0,0.0
183,267,0.036750550680912326,0.34819344624437565,2,300.3980993051972,171.93401344703983,13.723671303185366,15.916604943881435,45.94688668503662,44.19478250772472,17.91949159086153,22.38990507303371,12.0,10.0,5.705108592656904,5.147110760453978,-2.1929336406960687,1.7521041773118995,-4.47041348217218,0.5579978322029265,0.0,0.0,0.0,0.0,0.0,1.0,1.0,1.0,1.0,1.0,0.0,0.0,0.0,0.0,1.0,1.0,0.0,0.0,0.0,0.0,0.0,1.0,0.0,0.0,0.0,1.0,0.0,1.0,0.0,0.0,0.0,0.0,0.0,0.0,0.0,0.0,1.0,1.0,1.0,1.0,0.0,0.0,0.0,0.0,0.0,0.0,0.0,0.0,0.0,0.0
184,159,-0.06212065004997312,-1.2175108106595784,1,274.72752576847824,284.41742079671025,20.31796726445552,21.544968112358077,39.639706112128145,39.010753845965446,19.06926394221968,13.805408709287137,17.0,17.0,5.61577979109718,5.650442950612561,-1.2270008479025591,0.628952266162699,5.263855232932544,-0.03466315951538162,0.0,0.0,0.0,0.0,0.0,1.0,1.0,0.0,1.0,0.0,0.0,0.0,0.0,0.0,0.0,0.0,0.0,0.0,0.0,0.0,0.0,1.0,0.0,0.0,0.0,1.0,1.0,1.0,1.0,0.0,0.0,0.0,0.0,0.0,1.0,0.0,1.0,1.0,1.0,1.0,0.0,0.0,1.0,1.0,0.0,0.0,0.0,0.0,0.0,0.0
186,121,0.1500597149940802,0.9935023971321416,2,185.30439242424157,150.30294617618006,58.07089626486755,46.00236710240977,25.96894171363216,34.75945084082061,17.023279558985298,6.963707878854354,14.0,15.0,5.2219998374045495,5.0126528985374055,12.068529162457779,-8.790509127188454,10.059571680130944,0.20934693886714423,0.0,0.0,0.0,0.0,1.0,1.0,1.0,1.0,1.0,1.0,0.0,0.0,1.0,0.0,0.0,0.0,0.0,0.0,0.0,0.0,1.0,1.0,1.0,0.0,1.0,1.0,1.0,1.0,0.0,0.0,0.0,0.0,0.0,0.0,0.0,0.0,1.0,1.0,1.0,1.0,0.0,0.0,0.0,0.0,0.0,0.0,0.0,0.0,0.0,0.0
187,172,0.25060875177690517,1.3455329168857686,2,144.7077377253561,156.2749411333131,43.75555888064384,37.03136708797919,71.92045363210902,56.92211495254369,17.10975426451422,12.766146725930108,9.0,11.0,4.974716106467286,5.051616899131279,6.724191792664648,14.998338679565329,4.343607538584111,-0.07690079266399318,0.0,0.0,1.0,0.0,1.0,1.0,1.0,1.0,1.0,1.0,0.0,0.0,1.0,1.0,1.0,1.0,0.0,0.0,0.0,0.0,1.0,1.0,1.0,1.0,1.0,1.0,1.0,1.0,0.0,0.0,0.0,0.0,0.0,0.0,0.0,0.0,1.0,1.0,1.0,1.0,0.0,0.0,0.0,1.0,0.0,0.0,0.0,1.0,0.0,0.0
188,195,0.21018637449171995,1.2185004386422416,2,142.0120893725207,119.17055566869965,49.165938679480526,39.70379214603823,66.26683362073244,54.16245344680851,17.764690016768395,15.05842719756839,8.0,9.0,4.955912190403563,4.780555707915538,9.462146533442294,12.104380173923929,2.7062628192000044,0.17535648248802488,0.0,0.0,0.0,0.0,1.0,1.0,1.0,1.0,1.0,1.0,0.0,0.0,1.0,1.0,1.0,1.0,0.0,0.0,0.0,0.0,1.0,1.0,1.0,1.0,1.0,1.0,1.0,1.0,0.0,0.0,0.0,0.0,0.0,0.0,0.0,0.0,1.0,1.0,1.0,1.0,0.0,0.0,0.0,1.0,0.0,0.0,0.0,1.0,0.0,0.0
189,134,0.11859009296208348,0.851867853573013,2,121.88521668862934,128.58828955133245,51.850621542673395,41.2631907827271,60.47333829825727,54.01391713098592,16.614622904306035,8.86265922253521,11.0,9.0,4.803079755044572,4.856615746625582,10.587430759946294,6.459421167271351,7.751963681770825,-0.05353599158100959,0.0,0.0,0.0,0.0,1.0,1.0,1.0,1.0,1.0,1.0,0.0,0.0,1.0,1.0,1.0,1.0,0.0,0.0,0.0,0.0,1.0,1.0,1.0,1.0,1.0,1.0,1.0,1.0,0.0,0.0,0.0,0.0,0.0,0.0,0.0,0.0,1.0,1.0,1.0,1.0,0.0,0.0,0.0,1.0,0.0,0.0,0.0,1.0,0.0,0.0
190,202,0.044767322156273534,0.4103617562266782,1,243.7894838956533,175.96487785045466,24.98791567417552,24.788138475451888,43.01268449167774,43.73045805734719,18.944224090919747,15.487484921777684,17.0,13.0,5.4963050819727055,5.170284417456,0.1997771987236341,-0.7177735656694537,3.456739169142063,0.32602066451670547,0.0,0.0,0.0,0.0,0.0,1.0,1.0,0.0,1.0,0.0,0.0,0.0,0.0,1.0,0.0,0.0,0.0,0.0,0.0,0.0,0.0,1.0,0.0,1.0,0.0,1.0,1.0,1.0,0.0,0.0,0.0,0.0,0.0,0.0,0.0,0.0,1.0,1.0,1.0,1.0,0.0,0.0,1.0,1.0,0.0,0.0,0.0,0.0,0.0,0.0
192,185,0.17891068894713474,1.107788219002792,2,161.14833509989302,176.84720992032655,60.61735093506135,48.390622928777844,39.33529277535761,39.42685770363951,18.049511949284785,10.50998380762565,12.0,10.0,5.082325276839124,5.1752861389951,12.226728006283508,-0.09156492828190466,7.539528141659135,-0.09296086215597599,0.0,0.0,1.0,1.0,1.0,1.0,1.0,1.0,1.0,1.0,0.0,0.0,1.0,0.0,1.0,1.0,0.0,0.0,0.0,0.0,1.0,1.0,1.0,0.0,1.0,1.0,1.0,1.0,0.0,0.0,0.0,0.0,0.0,0.0,0.0,0.0,1.0,1.0,1.0,1.0,0.0,0.0,0.0,0.0,0.0,0.0,0.0,0.0,0.0,0.0
193,233,0.21302544608671292,1.2279690932659135,2,237.76952008296072,134.54170909646817,16.51703479302783,17.860607891290464,55.477531174845765,49.336974729704544,18.898694661986216,18.722337714275852,10.0,10.0,5.471301801453563,4.901874255775791,-1.3435730982626346,6.140556445141222,0.1763569477103637,0.5694275456777717,0.0,0.0,0.0,0.0,0.0,1.0,1.0,1.0,1.0,1.0,0.0,0.0,0.0,1.0,1.0,1.0,0.0,0.0,0.0,0.0,0.0,1.0,0.0,1.0,0.0,1.0,1.0,1.0,0.0,0.0,0.0,0.0,0.0,0.0,0.0,0.0,1.0,1.0,1.0,1.0,0.0,0.0,1.0,1.0,0.0,0.0,0.0,1.0,0.0,0.0
195,132,0.22146439627591566,1.2555960442466803,3,222.90059047597805,186.7757676328852,37.52376937554946,33.19403874974042,54.58070311381992,49.748151745897566,15.658147373402844,9.648734933018398,14.0,14.0,5.406725889450576,5.229908793787217,4.3297306258090416,4.832551367922356,6.009412440384446,0.17681709566335813,0.0,0.0,0.0,0.0,1.0,1.0,1.0,0.0,1.0,0.0,0.0,0.0,1.0,1.0,0.0,0.0,0.0,0.0,0.0,0.0,0.0,1.0,0.0,1.0,1.0,1.0,1.0,1.0,1.0,0.0,0.0,0.0,0.0,0.0,1.0,0.0,1.0,1.0,1.0,1.0,0.0,0.0,0.0,1.0,0.0,0.0,0.0,0.0,0.0,0.0
196,157,0.03619534408986513,0.34374139478886007,3,364.55071999900144,225.4033368812775,45.040808582731025,39.91506015257464,36.22063180536684,40.079925023733985,19.79806643987772,12.59561840382793,19.0,20.0,5.898665691285467,5.417891405760857,5.125748430156385,-3.8592932183671422,7.202448036049789,0.48077428552461093,0.0,0.0,0.0,0.0,0.0,1.0,1.0,0.0,1.0,0.0,0.0,0.0,0.0,0.0,0.0,0.0,0.0,0.0,0.0,0.0,0.0,1.0,0.0,0.0,0.0,1.0,1.0,1.0,1.0,0.0,0.0,0.0,0.0,0.0,1.0,0.0,1.0,1.0,1.0,1.0,0.0,0.0,1.0,1.0,0.0,0.0,0.0,0.0,0.0,0.0
197,240,0.11956350414659107,0.8565632524778334,1,144.09812113672902,229.37847504870044,20.634243475904213,22.464998310505333,54.86456643303808,49.8709484041584,17.86798002148334,20.80271020180589,13.0,16.0,4.970494464313457,5.4353733687701515,-1.8307548346011195,4.9936180288796805,-2.93473018032255,-0.4648789044566945,0.0,0.0,0.0,0.0,1.0,1.0,1.0,1.0,1.0,1.0,0.0,0.0,1.0,1.0,0.0,0.0,0.0,0.0,0.0,0.0,1.0,1.0,1.0,1.0,1.0,1.0,1.0,1.0,0.0,0.0,0.0,0.0,0.0,0.0,0.0,0.0,1.0,1.0,1.0,1.0,0.0,0.0,0.0,1.0,0.0,0.0,0.0,1.0,0.0,0.0
199,123,0.05103565142025261,0.45641424125106306,1,149.9466302838702,288.4947237301183,31.456581557217877,28.47394893955985,46.16838949139245,47.14478879046745,17.770771036240628,10.580887323546456,11.0,16.0,5.010279432677559,5.664676797150476,2.9826326176580267,-0.9763992990749983,7.189883712694172,-0.6543973644729167,0.0,0.0,0.0,0.0,0.0,1.0,1.0,0.0,1.0,0.0,0.0,0.0,0.0,1.0,0.0,0.0,0.0,0.0,0.0,0.0,0.0,1.0,0.0,1.0,0.0,1.0,1.0,1.0,1.0,0.0,0.0,0.0,0.0,0.0,1.0,0.0,1.0,1.0,1.0,1.0,0.0,0.0,1.0,1.0,0.0,0.0,0.0,0.0,0.0,0.0
200,144,0.09323811985332905,0.7211021204428968,1,232.37822337728988,266.1113522733678,39.852744028175564,33.84014511743814,46.68221735747664,43.201428894963705,18.84690676254304,11.485950960299455,15.0,18.0,5.4483663173915104,5.583914838754862,6.012598910737424,3.4807884625129333,7.360955802243584,-0.13554852136335083,0.0,0.0,0.0,0.0,0.0,1.0,1.0,0.0,1.0,0.0,0.0,0.0,0.0,1.0,0.0,0.0,0.0,0.0,0.0,0.0,0.0,1.0,0.0,1.0,0.0,1.0,1.0,1.0,1.0,0.0,0.0,0.0,0.0,0.0,1.0,0.0,1.0,1.0,1.0,1.0,0.0,0.0,1.0,1.0,0.0,0.0,0.0,0.0,0.0,0.0
201,115,0.061791768925204854,0.5308086550740678,1,48.42641775906468,216.2549464726056,54.0600710274199,44.508440218767426,56.90681852537372,49.87185876028603,16.39880021311959,7.868951643231403,7.0,12.0,3.8800454862845086,5.376458019412146,9.551630808652476,7.034959765087692,8.529848569888186,-1.4964125331276374,0.0,0.0,0.0,0.0,0.0,1.0,1.0,1.0,1.0,1.0,0.0,0.0,0.0,1.0,1.0,1.0,0.0,0.0,1.0,0.0,0.0,1.0,0.0,1.0,0.0,1.0,1.0,1.0,0.0,0.0,0.0,0.0,0.0,0.0,0.0,0.0,1.0,1.0,1.0,1.0,0.0,0.0,1.0,1.0,0.0,0.0,0.0,1.0,0.0,0.0
202,132,0.16438292991789957,1.0518723101055212,3,189.34310232389606,186.7757676328852,40.30207033365515,33.19403874974042,53.43897230138847,49.748151745897566,19.710064862435857,9.648734933018398,14.0,14.0,5.243560725503115,5.229908793787217,7.10803158391473,3.6908205554909017,10.06132992941746,0.013651931715897198,0.0,0.0,0.0,0.0,1.0,1.0,1.0,0.0,1.0,0.0,0.0,0.0,1.0,1.0,0.0,0.0,0.0,0.0,0.0,0.0,0.0,1.0,0.0,1.0,1.0,1.0,1.0,1.0,1.0,0.0,0.0,0.0,0.0,0.0,1.0,0.0,1.0,1.0,1.0,1.0,0.0,0.0,0.0,1.0,0.0,0.0,0.0,0.0,0.0,0.0
203,167,0.05662481208921945,0.4957614489018619,1,138.6401476166771,122.76489789017785,53.61275388654516,45.157417939677885,34.54797006946067,37.48672805447118,19.76477007289591,12.420040779505221,12.0,12.0,4.9318817101548875,4.810271127050918,8.455335946867272,-2.938757985010511,7.344729293390689,0.12161058310396944,0.0,0.0,0.0,1.0,1.0,1.0,1.0,1.0,1.0,1.0,0.0,0.0,1.0,0.0,0.0,0.0,0.0,0.0,0.0,0.0,0.0,1.0,0.0,0.0,1.0,1.0,0.0,1.0,1.0,0.0,0.0,0.0,0.0,0.0,1.0,0.0,1.0,1.0,1.0,1.0,0.0,0.0,0.0,0.0,0.0,0.0,0.0,0.0,0.0,0.0
205,125,0.196686725121878,1.172208483091265,2,128.3719182019895,161.10454825261198,45.92533771864898,38.13484942982549,57.93619687185575,50.85376224178485,18.416169743266305,9.24001434832238,15.0,14.0,4.854931661744323,5.082053522264921,7.790488288823489,7.0824346300709,9.176155394943926,-0.22712186052059788,0.0,0.0,0.0,0.0,1.0,1.0,1.0,1.0,1.0,1.0,0.0,0.0,1.0,1.0,0.0,0.0,0.0,0.0,0.0,0.0,1.0,1.0,1.0,1.0,1.0,1.0,1.0,1.0,0.0,0.0,0.0,0.0,0.0,0.0,0.0,0.0,1.0,1.0,1.0,1.0,0.0,0.0,0.0,1.0,0.0,0.0,0.0,1.0,0.0,0.0
208,225,0.12005175892569607,0.8589101479643116,3,308.4278928085197,198.87764854912834,18.03736994983227,19.542464752080054,48.534926380821496,43.77494791416429,20.49096090115812,20.166560131018542,18.0,17.0,5.73148808120679,5.292689804226737,-1.5050948022477826,4.759978466657209,0.32440077013957946,0.4387982769800533,0.0,0.0,0.0,0.0,0.0,1.0,1.0,1.0,1.0,1.0,0.0,0.0,0.0,0.0,0.0,0.0,0.0,0.0,0.0,0.0,0.0,1.0,0.0,0.0,0.0,1.0,1.0,1.0,0.0,0.0,0.0,0.0,0.0,0.0,0.0,0.0,1.0,1.0,1.0,1.0,0.0,0.0,1.0,0.0,0.0,0.0,0.0,0.0,0.0,0.0
212,115,0.07196849489572642,0.5964396430893483,2,111.27407794283901,216.2549464726056,55.629465875050606,44.508440218767426,52.827989169491524,49.87185876028603,18.199080580508475,7.868951643231403,10.0,12.0,4.7119963285754185,5.376458019412146,11.12102565628318,2.9561304092054925,10.330128937277072,-0.6644616908367272,0.0,0.0,0.0,0.0,1.0,1.0,1.0,1.0,1.0,1.0,0.0,0.0,1.0,1.0,1.0,1.0,0.0,0.0,0.0,0.0,1.0,1.0,1.0,1.0,1.0,1.0,1.0,1.0,0.0,0.0,0.0,0.0,0.0,0.0,0.0,0.0,1.0,1.0,1.0,1.0,0.0,0.0,0.0,1.0,0.0,0.0,0.0,1.0,0.0,0.0
213,243,0.2533654245043995,1.353635522572633,1,153.71863292600034,131.83898665086053,28.05794845357457,25.721923331027583,71.68214522654604,56.97444022687566,18.49370863105713,19.169037403240576,10.0,10.0,5.035123872383616,4.881581379927591,2.336025122546989,14.707704999670383,-0.6753287721834447,0.1535424924560243,0.0,0.0,0.0,0.0,1.0,1.0,1.0,1.0,1.0,1.0,0.0,0.0,1.0,1.0,1.0,1.0,0.0,0.0,0.0,0.0,1.0,1.0,1.0,1.0,1.0,1.0,1.0,1.0,0.0,0.0,0.0,0.0,0.0,0.0,0.0,0.0,1.0,1.0,1.0,1.0,0.0,0.0,0.0,1.0,0.0,0.0,0.0,1.0,0.0,0.0
214,164,0.26852072658696896,1.3970450897175695,2,158.81464659655495,106.3999599205536,39.49091362680152,33.59339324103312,68.68338739474,54.13728954862081,20.369680340940445,12.926172000261872,16.0,12.0,5.067737777535623,4.6672052002209465,5.897520385768402,14.546097846119189,7.443508340678573,0.400532577314676,0.0,0.0,1.0,0.0,1.0,1.0,1.0,1.0,1.0,1.0,0.0,0.0,1.0,1.0,0.0,0.0,0.0,0.0,0.0,0.0,1.0,1.0,1.0,1.0,1.0,1.0,1.0,1.0,0.0,0.0,0.0,0.0,0.0,0.0,0.0,0.0,1.0,1.0,1.0,1.0,0.0,0.0,0.0,1.0,0.0,0.0,0.0,1.0,0.0,0.0
217,225,0.001011454102402607,0.011397942452662723,1,105.22553835255458,198.87764854912834,19.470135563553107,19.542464752080054,44.31687663356567,43.77494791416429,19.488905100162942,20.166560131018542,12.0,17.0,4.656106030847439,5.292689804226737,-0.07232918852694681,0.5419287194013833,-0.6776550308556004,-0.6365837733792977,0.0,0.0,0.0,0.0,0.0,1.0,1.0,1.0,1.0,1.0,0.0,0.0,0.0,0.0,0.0,0.0,0.0,0.0,0.0,0.0,0.0,1.0,0.0,0.0,0.0,1.0,0.0,1.0,0.0,0.0,0.0,0.0,0.0,0.0,0.0,0.0,1.0,1.0,1.0,1.0,0.0,0.0,1.0,0.0,0.0,0.0,0.0,0.0,0.0,0.0
218,123,0.19055484470814468,1.150452265161439,3,176.35064877878116,288.4947237301183,33.53560956009881,28.47394893955985,54.46729699883871,47.14478879046745,19.23174238757157,10.580887323546456,14.0,16.0,5.17247433560232,5.664676797150476,5.061660620538962,7.322508208371261,8.650855064025112,-0.4922024615481556,0.0,0.0,0.0,0.0,1.0,1.0,1.0,0.0,1.0,0.0,0.0,0.0,1.0,1.0,0.0,0.0,0.0,0.0,0.0,0.0,0.0,1.0,0.0,1.0,1.0,1.0,1.0,1.0,1.0,0.0,0.0,0.0,0.0,0.0,1.0,0.0,1.0,1.0,1.0,1.0,0.0,0.0,0.0,1.0,0.0,0.0,0.0,0.0,0.0,0.0
219,178,0.12397710806551519,0.877580627164408,2,180.85609637910326,139.60350886573335,44.1306180578444,36.71233534859371,50.81142590235424,46.931625681092406,19.508055887817978,13.584572950302707,15.0,13.0,5.1977016674185785,4.938806325153746,7.41828270925069,3.8798002212618314,5.923482937515271,0.2588953422648329,0.0,0.0,0.0,0.0,0.0,1.0,1.0,0.0,1.0,0.0,0.0,0.0,0.0,1.0,0.0,0.0,0.0,0.0,0.0,0.0,0.0,1.0,0.0,1.0,0.0,1.0,1.0,1.0,1.0,0.0,0.0,0.0,0.0,0.0,1.0,0.0,1.0,1.0,1.0,1.0,0.0,0.0,1.0,1.0,0.0,0.0,0.0,0.0,0.0,0.0
220,210,-0.05916912055503406,-1.1104319655201653,1,292.75884142896393,237.5330809155166,18.767669830059955,19.629898730126982,26.04817980248902,29.425256388387098,22.24422168594436,18.298801132258063,18.0,18.0,5.679349203316273,5.470306901840347,-0.8622289000670271,-3.3770765858980774,3.945420553686297,0.2090423014759266,0.0,0.0,0.0,0.0,1.0,0.0,1.0,0.0,1.0,0.0,0.0,0.0,1.0,0.0,0.0,0.0,0.0,0.0,0.0,0.0,0.0,0.0,0.0,0.0,1.0,0.0,1.0,1.0,1.0,0.0,0.0,0.0,0.0,0.0,1.0,0.0,1.0,0.0,1.0,0.0,0.0,0.0,0.0,0.0,0.0,0.0,0.0,0.0,0.0,0.0
221,202,0.13552487431474056,0.9305677585961416,1,106.7495798241223,175.96487785045466,26.19172415317879,24.788138475451888,46.91581538935487,43.73045805734719,19.802773691665923,15.487484921777684,12.0,13.0,4.6704857160271915,5.170284417456,1.4035856777269018,3.1853573320076762,4.315288769888239,-0.49979870142880783,0.0,0.0,0.0,0.0,0.0,1.0,1.0,0.0,1.0,0.0,0.0,0.0,0.0,1.0,0.0,0.0,0.0,0.0,0.0,0.0,0.0,1.0,0.0,1.0,0.0,1.0,1.0,1.0,1.0,0.0,0.0,0.0,0.0,0.0,1.0,0.0,1.0,1.0,1.0,1.0,0.0,0.0,1.0,1.0,0.0,0.0,0.0,0.0,0.0,0.0
222,234,0.2524402625635096,1.3509235346539075,3,192.85792296769915,149.68995758026907,39.31169145044862,33.62592403134543,73.75076624522151,57.31116179130731,19.824415865831973,19.198663112272754,9.0,9.0,5.26195376738668,5.008566205543238,5.685767419103193,16.4396044539142,0.6257527535592189,0.2533875618434421,0.0,0.0,1.0,0.0,1.0,1.0,1.0,1.0,1.0,1.0,0.0,0.0,1.0,1.0,1.0,1.0,0.0,0.0,0.0,0.0,1.0,1.0,1.0,1.0,1.0,1.0,1.0,1.0,0.0,0.0,0.0,0.0,0.0,0.0,0.0,0.0,1.0,1.0,1.0,1.0,0.0,0.0,0.0,1.0,0.0,0.0,0.0,1.0,0.0,0.0
224,147,-0.05121387351752126,-0.8685103627696228,2,353.95863177160567,189.06054330855352,29.342188256559574,26.34166348936437,30.088278824555974,33.49150451925722,21.635057808503767,10.557536975388091,16.0,14.0,5.8691800469029385,5.242067298729244,3.000524767195202,-3.403225694701245,11.077520833115676,0.6271127481736954,0.0,0.0,0.0,0.0,0.0,1.0,1.0,1.0,1.0,1.0,0.0,0.0,0.0,0.0,0.0,0.0,0.0,0.0,0.0,0.0,0.0,1.0,0.0,0.0,0.0,1.0,1.0,1.0,1.0,1.0,0.0,0.0,0.0,0.0,1.0,1.0,1.0,1.0,1.0,1.0,0.0,0.0,1.0,1.0,0.0,0.0,0.0,0.0,0.0,0.0
225,142,0.10542582662854144,0.7861027883172519,2,157.21440305140882,156.86006661122815,51.11773039800033,41.281674080248955,55.50220604868222,48.09466480584996,20.24730334753105,10.471977760968679,18.0,14.0,5.0576104982624575,5.055354112438441,9.836056317751378,7.407541242832259,9.775325586562372,0.0022563858240162013,0.0,0.0,0.0,0.0,0.0,1.0,1.0,1.0,1.0,1.0,0.0,0.0,0.0,1.0,0.0,0.0,0.0,0.0,1.0,0.0,0.0,1.0,0.0,1.0,0.0,1.0,1.0,1.0,0.0,0.0,0.0,0.0,0.0,0.0,0.0,0.0,1.0,1.0,1.0,1.0,0.0,0.0,1.0,1.0,0.0,0.0,0.0,1.0,0.0,0.0
226,158,-0.026503404793260465,-0.3572064008373431,2,205.91705332719513,208.3975471977463,52.65304365456663,42.65855123651717,25.69204951623647,33.289153456546934,19.68204643900916,13.063818540556198,15.0,17.0,5.327473433951312,5.3394475401254295,9.994492418049461,-7.597103940310465,6.618227898452961,-0.011974106174117748,0.0,0.0,0.0,1.0,1.0,1.0,1.0,1.0,1.0,1.0,0.0,0.0,1.0,0.0,0.0,0.0,0.0,0.0,0.0,0.0,0.0,1.0,0.0,0.0,1.0,1.0,1.0,1.0,1.0,0.0,0.0,0.0,0.0,0.0,1.0,0.0,1.0,1.0,1.0,1.0,0.0,0.0,0.0,0.0,0.0,0.0,0.0,0.0,0.0,0.0
227,158,0.05979445301900257,0.5174062046999603,1,212.45138113654178,208.3975471977463,50.61473691614868,42.65855123651717,30.27599454144996,33.289153456546934,20.836159375851867,13.063818540556198,18.0,17.0,5.358713167535414,5.3394475401254295,7.95618567963151,-3.013158915096973,7.772340835295669,0.019265627409984373,0.0,0.0,0.0,1.0,0.0,1.0,1.0,1.0,1.0,1.0,0.0,0.0,0.0,0.0,0.0,0.0,0.0,0.0,0.0,0.0,0.0,1.0,0.0,0.0,0.0,1.0,1.0,1.0,1.0,0.0,0.0,0.0,0.0,0.0,1.0,0.0,1.0,1.0,1.0,1.0,0.0,0.0,1.0,0.0,0.0,0.0,0.0,0.0,0.0,0.0
228,168,0.17963230892505724,1.110485796912058,2,123.38068238260517,206.8372125899728,62.04505362056943,49.055885409834765,24.890914194742532,33.87211876030534,19.656806562031964,12.933702079007633,8.0,9.0,4.81527455450542,5.331932071271933,12.989168210734668,-8.981204565562809,6.723104483024331,-0.5166575167665134,0.0,0.0,0.0,1.0,1.0,1.0,1.0,1.0,1.0,1.0,0.0,0.0,1.0,0.0,1.0,1.0,0.0,0.0,0.0,0.0,1.0,1.0,1.0,0.0,1.0,1.0,1.0,1.0,0.0,0.0,0.0,0.0,0.0,0.0,0.0,0.0,1.0,1.0,1.0,1.0,0.0,0.0,0.0,0.0,0.0,0.0,0.0,0.0,0.0,0.0
229,237,0.22198719428852717,1.257282701554416,3,202.24030327703798,136.72432000615132,26.6744545365943,27.042714565453945,63.67085906511398,53.16896954666802,20.31573076879239,18.971640859588344,18.0,14.0,5.309456610547152,4.917966635778533,-0.3682600288596447,10.501889518445957,1.344089909204044,0.3914899747686196,0.0,0.0,0.0,0.0,1.0,1.0,1.0,1.0,1.0,1.0,0.0,0.0,1.0,1.0,0.0,0.0,0.0,0.0,0.0,0.0,1.0,1.0,1.0,1.0,1.0,1.0,1.0,1.0,0.0,0.0,0.0,0.0,0.0,0.0,0.0,0.0,1.0,1.0,1.0,1.0,0.0,0.0,0.0,1.0,0.0,0.0,0.0,1.0,0.0,0.0
230,123,0.18885302234481316,1.1443292443315756,3,228.69194806793544,288.4947237301183,30.075879715994926,28.47394893955985,51.4178285834687,47.14478879046745,21.17895575765338,10.580887323546456,14.0,16.0,5.432375893010319,5.664676797150476,1.6019307764350756,4.273039793001246,10.598068434106924,-0.23230090414015642,0.0,0.0,0.0,0.0,1.0,1.0,1.0,0.0,1.0,0.0,0.0,0.0,1.0,1.0,0.0,0.0,0.0,0.0,0.0,0.0,0.0,1.0,0.0,1.0,1.0,1.0,1.0,1.0,1.0,0.0,0.0,0.0,0.0,0.0,1.0,0.0,1.0,1.0,1.0,1.0,0.0,0.0,0.0,1.0,0.0,0.0,0.0,0.0,0.0,0.0
233,172,0.1887443064876855,1.1439368164173291,3,158.83369711494953,156.2749411333131,45.98008193008605,37.03136708797919,69.87693293433283,56.92211495254369,20.871078405517242,12.766146725930108,9.0,11.0,5.067857724758988,5.051616899131279,8.94871484210686,12.954817981789141,8.104931679587134,0.0162408256277095,0.0,0.0,1.0,0.0,1.0,1.0,1.0,1.0,1.0,1.0,0.0,0.0,1.0,1.0,1.0,1.0,0.0,0.0,0.0,0.0,1.0,1.0,1.0,1.0,1.0,1.0,1.0,1.0,0.0,0.0,0.0,0.0,0.0,0.0,0.0,0.0,1.0,1.0,1.0,1.0,0.0,0.0,0.0,1.0,0.0,0.0,0.0,1.0,0.0,0.0
234,175,0.1936680455723009,1.1615572020890519,1,59.085182800841494,162.0054557344812,58.19053599899863,46.959635450853455,48.465234763179105,43.43205015074815,18.642109103175883,12.919618413489653,7.0,10.0,4.078980178948282,5.087630012038654,11.230900548145172,5.033184612430958,5.72249068968623,-1.0086498330903735,0.0,0.0,0.0,0.0,1.0,1.0,1.0,1.0,1.0,1.0,0.0,0.0,1.0,0.0,1.0,1.0,0.0,0.0,0.0,0.0,1.0,1.0,1.0,0.0,1.0,1.0,1.0,1.0,0.0,0.0,0.0,0.0,0.0,0.0,0.0,0.0,1.0,1.0,1.0,1.0,0.0,0.0,0.0,0.0,0.0,0.0,0.0,0.0,0.0,0.0
236,257,-0.04615017603841724,-0.7403128546425164,1,260.5348895645037,258.6440366504519,46.29832147862531,39.71195925344719,17.820973860741447,28.231427266805518,22.924914202471484,16.606482472708993,16.0,19.0,5.562736785294301,5.555452740511795,6.586362225178121,-10.410453406064072,6.318431729762491,0.007284044782506227,0.0,0.0,0.0,0.0,0.0,1.0,1.0,1.0,1.0,1.0,0.0,0.0,0.0,0.0,0.0,0.0,0.0,0.0,0.0,0.0,0.0,1.0,0.0,0.0,0.0,1.0,1.0,1.0,1.0,0.0,0.0,0.0,0.0,0.0,1.0,0.0,1.0,1.0,1.0,1.0,0.0,0.0,1.0,1.0,0.0,0.0,0.0,0.0,0.0,0.0
237,168,0.16697476455817056,1.0620799225336977,2,146.95569889591852,206.8372125899728,62.245842546655986,49.055885409834765,29.355072844211822,33.87211876030534,21.146764486582835,12.933702079007633,11.0,9.0,4.990131173303282,5.331932071271933,13.18995713682122,-4.517045916093519,8.213062407575203,-0.34180089796865093,0.0,0.0,1.0,1.0,1.0,1.0,1.0,1.0,1.0,1.0,0.0,0.0,1.0,0.0,1.0,1.0,0.0,0.0,0.0,0.0,1.0,1.0,1.0,0.0,1.0,1.0,1.0,1.0,0.0,0.0,0.0,0.0,0.0,0.0,0.0,0.0,1.0,1.0,1.0,1.0,0.0,0.0,0.0,0.0,0.0,0.0,0.0,0.0,0.0,0.0
238,240,0.19627033336922534,1.1707459906068758,1,122.45673224046725,229.37847504870044,22.043523565817495,22.464998310505333,59.601244148218726,49.8709484041584,20.563450694033914,20.80271020180589,11.0,16.0,4.807757761392512,5.4353733687701515,-0.4214747446878384,9.730295744060328,-0.23925950777197613,-0.6276156073776393,0.0,0.0,0.0,0.0,1.0,1.0,1.0,1.0,1.0,1.0,0.0,0.0,1.0,1.0,0.0,0.0,0.0,0.0,0.0,0.0,1.0,1.0,1.0,1.0,1.0,1.0,1.0,1.0,0.0,0.0,0.0,0.0,0.0,0.0,0.0,0.0,1.0,1.0,1.0,1.0,0.0,0.0,0.0,1.0,0.0,0.0,0.0,1.0,0.0,0.0
239,113,0.04097267907536173,0.38141625843049987,3,539.5297314533716,302.57488602407426,34.84891928731008,30.648891218743348,32.91851777285407,34.788485039904224,24.113874761546203,9.075645587190742,19.0,17.0,6.290697892453819,5.71232880393807,4.200028068566734,-1.869967267050157,15.038229174355461,0.5783690885157491,0.0,0.0,0.0,0.0,0.0,1.0,1.0,1.0,1.0,1.0,0.0,0.0,0.0,0.0,0.0,0.0,0.0,0.0,0.0,0.0,0.0,1.0,0.0,0.0,0.0,1.0,1.0,1.0,1.0,1.0,0.0,0.0,0.0,0.0,1.0,1.0,1.0,1.0,1.0,1.0,0.0,0.0,1.0,1.0,0.0,0.0,0.0,0.0,0.0,0.0
240,156,0.0014600881257941713,0.01641224469929481,3,299.82658375335933,378.6969243890234,39.80769348610794,35.77193667678736,31.006649955729582,35.95822003474028,23.20057179575563,14.545553077426792,14.0,18.0,5.703204253363016,5.936736213377604,4.035756809320574,-4.951570079010697,8.655018718328837,-0.2335319600145881,0.0,0.0,0.0,0.0,0.0,1.0,1.0,1.0,1.0,1.0,0.0,0.0,0.0,0.0,0.0,0.0,0.0,0.0,0.0,0.0,0.0,1.0,0.0,0.0,0.0,1.0,1.0,1.0,1.0,1.0,0.0,0.0,0.0,0.0,1.0,1.0,1.0,1.0,1.0,1.0,0.0,0.0,1.0,1.0,0.0,0.0,0.0,0.0,0.0,0.0
241,142,0.0758358193807151,0.6202929096970621,1,75.06856773390808,156.86006661122815,49.45634737326544,41.281674080248955,52.482877888846595,48.09466480584996,19.932601442900648,10.471977760968679,12.0,14.0,4.318401932328813,5.055354112438441,8.174673293016482,4.388213082996636,9.460623681931969,-0.7369521801096277,0.0,0.0,0.0,0.0,0.0,1.0,1.0,1.0,1.0,1.0,0.0,0.0,0.0,1.0,0.0,0.0,0.0,0.0,0.0,0.0,0.0,1.0,0.0,1.0,0.0,1.0,1.0,1.0,0.0,0.0,0.0,0.0,0.0,0.0,0.0,0.0,1.0,1.0,1.0,1.0,0.0,0.0,1.0,1.0,0.0,0.0,0.0,1.0,0.0,0.0
242,253,-0.011382594414979567,-0.13811644415879754,1,193.6866205178641,187.57451034876925,15.53189235338658,17.192535174128007,38.7648335875627,37.9711728627451,20.56187461743877,21.041723720588237,13.0,14.0,5.26624149481027,5.234176154999326,-1.6606428207414279,0.7936607248175989,-0.4798491031494656,0.032065339810943956,0.0,0.0,0.0,0.0,1.0,1.0,1.0,1.0,1.0,1.0,0.0,0.0,1.0,0.0,0.0,0.0,0.0,0.0,0.0,0.0,1.0,1.0,1.0,0.0,1.0,1.0,1.0,1.0,0.0,0.0,0.0,0.0,0.0,0.0,0.0,0.0,1.0,1.0,1.0,1.0,0.0,0.0,0.0,0.0,0.0,0.0,0.0,0.0,0.0,0.0
244,212,0.19848853845783992,1.1785124536256404,3,190.52423446436106,171.16313384915173,43.83543045412502,35.351679565131825,65.57759917838216,51.92761292935048,22.255428389961004,18.344941577405177,19.0,17.0,5.249779401511625,5.142617100852557,8.483750888993193,13.649986249031677,3.9104868125558276,0.1071623006590683,0.0,0.0,0.0,0.0,1.0,1.0,1.0,1.0,1.0,1.0,0.0,0.0,1.0,1.0,0.0,0.0,0.0,0.0,0.0,0.0,1.0,1.0,1.0,1.0,1.0,1.0,1.0,1.0,0.0,0.0,0.0,0.0,0.0,0.0,0.0,0.0,1.0,1.0,1.0,1.0,0.0,0.0,0.0,1.0,0.0,0.0,0.0,1.0,0.0,0.0
245,170,0.049530268847433376,0.44554637840000183,1,156.56668542599255,154.3523859915922,45.11798977833045,39.71557669841057,29.81556338300785,33.66184676788615,22.34283986594269,12.490926420602925,15.0,14.0,5.053482024181689,5.039238209148043,5.402413079919874,-3.846283384878305,9.851913445339765,0.014243815033646202,0.0,0.0,0.0,0.0,0.0,1.0,1.0,0.0,1.0,0.0,0.0,0.0,0.0,0.0,0.0,0.0,0.0,0.0,0.0,0.0,0.0,1.0,0.0,0.0,0.0,1.0,1.0,1.0,1.0,0.0,0.0,0.0,0.0,0.0,1.0,0.0,1.0,1.0,1.0,1.0,0.0,0.0,1.0,1.0,0.0,0.0,0.0,0.0,0.0,0.0
246,175,0.18338627432313018,1.12440276201872,3,138.25913724878515,162.0054557344812,58.269376441588335,46.959635450853455,44.563094088529105,43.43205015074815,20.667916286290044,12.919618413489653,11.0,10.0,4.929129730433894,5.087630012038654,11.30974099073488,1.1310439377809587,7.748297872800391,-0.15850028160476068,0.0,0.0,0.0,0.0,1.0,1.0,1.0,1.0,1.0,1.0,0.0,0.0,1.0,0.0,1.0,1.0,0.0,0.0,0.0,0.0,1.0,1.0,1.0,0.0,1.0,1.0,1.0,1.0,0.0,0.0,0.0,0.0,0.0,0.0,0.0,0.0,1.0,1.0,1.0,1.0,0.0,0.0,0.0,0.0,0.0,0.0,0.0,0.0,0.0,0.0
248,159,0.3917367242959068,1.6937207641968712,1,38.67255234103119,284.41742079671025,24.347300198507487,21.544968112358077,38.106014603940885,39.010753845965446,19.67576029137931,13.805408709287137,7.0,17.0,3.655130106570942,5.650442950612561,2.802332086149409,-0.9047392420245615,5.870351582092171,-1.995312844041619,0.0,0.0,0.0,0.0,0.0,1.0,1.0,0.0,1.0,0.0,0.0,0.0,0.0,0.0,0.0,0.0,0.0,0.0,0.0,0.0,0.0,1.0,0.0,0.0,0.0,1.0,1.0,1.0,0.0,0.0,0.0,0.0,0.0,0.0,0.0,0.0,1.0,1.0,1.0,1.0,0.0,0.0,1.0,1.0,0.0,0.0,0.0,0.0,0.0,0.0
249,203,0.1753672896499086,1.0944355613958336,2,164.31072115339606,127.61308042147402,24.546781625265393,23.48646112461904,55.88183268991305,47.81213898471616,22.435449520956524,15.65646880676856,15.0,11.0,5.101759276434669,4.8490028767968605,1.0603205006463519,8.06969370519689,6.7789807141879646,0.2527563996378095,0.0,0.0,0.0,0.0,1.0,1.0,1.0,0.0,1.0,0.0,0.0,0.0,1.0,1.0,0.0,0.0,0.0,0.0,0.0,0.0,0.0,1.0,0.0,1.0,1.0,1.0,1.0,1.0,0.0,0.0,0.0,0.0,0.0,0.0,0.0,0.0,1.0,1.0,1.0,1.0,0.0,0.0,0.0,1.0,0.0,0.0,0.0,0.0,0.0,0.0
250,164,0.28373153304414933,1.4387976329665517,2,118.81808322709928,106.3999599205536,39.352179383083566,33.59339324103312,64.0710653452381,54.13728954862081,20.689024984126984,12.926172000261872,12.0,12.0,4.777593611061231,4.6672052002209465,5.758786142050447,9.93377579661729,7.762852983865113,0.11038841084028513,0.0,0.0,1.0,0.0,1.0,1.0,1.0,1.0,1.0,1.0,0.0,0.0,1.0,1.0,0.0,0.0,0.0,0.0,0.0,0.0,1.0,1.0,1.0,1.0,1.0,1.0,1.0,1.0,0.0,0.0,0.0,0.0,0.0,0.0,0.0,0.0,1.0,1.0,1.0,1.0,0.0,0.0,0.0,1.0,0.0,0.0,0.0,1.0,0.0,0.0
252,167,0.26520442628237056,1.3877059055555216,3,146.86044630394554,122.76489789017785,56.775518092701574,45.157417939677885,36.11360811172007,37.48672805447118,21.888717818296797,12.420040779505221,16.0,12.0,4.989482790994371,4.810271127050918,11.61810015302369,-1.37311994275111,9.468677038791576,0.17921166394345328,0.0,0.0,1.0,1.0,1.0,1.0,1.0,1.0,1.0,1.0,0.0,0.0,1.0,0.0,0.0,0.0,0.0,0.0,0.0,0.0,1.0,1.0,1.0,0.0,1.0,1.0,1.0,1.0,0.0,0.0,0.0,0.0,0.0,0.0,0.0,0.0,1.0,1.0,1.0,1.0,0.0,0.0,0.0,0.0,0.0,0.0,0.0,0.0,0.0,0.0
254,123,0.10380883969338438,0.7777181661782293,2,243.38942300936674,288.4947237301183,34.12869194381344,28.47394893955985,50.508323789194584,47.14478879046745,24.085876853279586,10.580887323546456,18.0,16.0,5.494662724429958,5.664676797150476,5.654743004253593,3.3635349987271326,13.50498952973313,-0.1700140727205187,0.0,0.0,0.0,0.0,0.0,1.0,1.0,0.0,1.0,0.0,0.0,0.0,0.0,1.0,0.0,0.0,0.0,0.0,0.0,0.0,0.0,1.0,0.0,1.0,0.0,1.0,1.0,1.0,1.0,0.0,0.0,0.0,0.0,0.0,1.0,0.0,1.0,1.0,1.0,1.0,0.0,0.0,1.0,1.0,0.0,0.0,0.0,0.0,0.0,0.0
255,123,0.17613502310770285,1.0973437939867974,2,128.9243832354328,288.4947237301183,36.62422323490145,28.47394893955985,51.88185968821574,47.14478879046745,22.255210733838197,10.580887323546456,13.0,16.0,4.859226056023566,5.664676797150476,8.1502742953416,4.737070897748289,11.674323410291741,-0.8054507411269107,0.0,0.0,0.0,0.0,1.0,1.0,1.0,0.0,1.0,0.0,0.0,0.0,1.0,1.0,0.0,0.0,0.0,0.0,0.0,0.0,0.0,1.0,0.0,1.0,1.0,1.0,1.0,1.0,1.0,0.0,0.0,0.0,0.0,0.0,1.0,0.0,1.0,1.0,1.0,1.0,0.0,0.0,0.0,1.0,0.0,0.0,0.0,0.0,0.0,0.0
256,174,0.011466460535364303,0.12217623310693893,3,249.61894252439984,74.39452504919993,51.87020256871513,42.624890540705074,19.059617852381134,27.011174639887642,22.849136165286577,12.30240142752809,13.0,10.0,5.519935525139695,4.309382351082925,9.245312028010055,-7.951556787506508,10.546734737758486,1.2105531740567697,0.0,0.0,0.0,0.0,1.0,1.0,1.0,1.0,1.0,1.0,0.0,0.0,1.0,0.0,0.0,0.0,0.0,0.0,0.0,0.0,0.0,1.0,0.0,0.0,1.0,1.0,0.0,1.0,0.0,0.0,0.0,0.0,0.0,0.0,0.0,0.0,1.0,1.0,1.0,1.0,0.0,0.0,0.0,0.0,0.0,0.0,0.0,0.0,0.0,0.0
257,185,0.22913455410106837,1.280060764385486,1,56.303807115230384,176.84720992032655,61.92189614083018,48.390622928777844,34.69208960463543,39.42685770363951,19.804896405007614,10.50998380762565,6.0,10.0,4.030762154799533,5.1752861389951,13.531273212052334,-4.734768099004086,9.294912597381964,-1.1445239841955663,0.0,0.0,1.0,1.0,1.0,1.0,1.0,1.0,1.0,1.0,0.0,0.0,1.0,0.0,1.0,1.0,0.0,0.0,0.0,0.0,1.0,1.0,1.0,0.0,1.0,1.0,1.0,1.0,0.0,0.0,0.0,0.0,0.0,0.0,0.0,0.0,1.0,1.0,1.0,1.0,0.0,0.0,0.0,0.0,0.0,0.0,0.0,0.0,0.0,0.0
258,203,0.18529164564501308,1.1313930740234295,1,157.8525954176278,127.61308042147402,25.79370424288934,23.48646112461904,51.64462443980811,47.81213898471616,22.537748837617666,15.65646880676856,12.0,11.0,5.061661657172456,4.8490028767968605,2.3072431182703,3.8324854550919554,6.881280030849107,0.21265878037559605,0.0,0.0,0.0,0.0,1.0,1.0,1.0,0.0,1.0,0.0,0.0,0.0,1.0,1.0,0.0,0.0,0.0,0.0,0.0,0.0,0.0,1.0,0.0,1.0,1.0,1.0,1.0,1.0,1.0,0.0,0.0,0.0,0.0,0.0,1.0,0.0,1.0,1.0,1.0,1.0,0.0,0.0,0.0,1.0,0.0,0.0,0.0,0.0,0.0,0.0
259,211,0.22172698740060007,1.2564435745206222,3,260.88732415480376,174.46026947867307,35.53533797351951,31.755257531605555,60.319253585746104,49.08914995256601,22.427384290609368,16.804869373882028,19.0,15.0,5.5640886058907295,5.161697033648343,3.780080441913956,11.230103633180093,5.62251491672734,0.40239157224238653,0.0,0.0,1.0,0.0,1.0,1.0,1.0,1.0,1.0,1.0,0.0,0.0,1.0,1.0,0.0,0.0,0.0,0.0,0.0,0.0,1.0,1.0,1.0,1.0,1.0,1.0,1.0,1.0,0.0,0.0,0.0,0.0,0.0,0.0,0.0,0.0,1.0,1.0,1.0,1.0,0.0,0.0,0.0,1.0,0.0,0.0,0.0,1.0,0.0,0.0
260,157,0.04081675205699418,0.38020873867815236,3,194.00095407137493,225.4033368812775,48.74644455068277,39.91506015257464,41.795504302916484,40.079925023733985,22.35721907711003,12.59561840382793,13.0,20.0,5.267863076944921,5.417891405760857,8.831384398108128,1.7155792791824993,9.761600673282102,-0.15002832881593603,0.0,0.0,0.0,0.0,0.0,1.0,1.0,0.0,1.0,0.0,1.0,0.0,0.0,0.0,0.0,0.0,0.0,0.0,1.0,0.0,0.0,1.0,0.0,0.0,0.0,1.0,1.0,1.0,1.0,0.0,1.0,0.0,0.0,0.0,1.0,0.0,1.0,1.0,1.0,1.0,0.0,0.0,1.0,1.0,0.0,0.0,0.0,0.0,0.0,0.0
261,283,0.2793876019778887,1.4270506308601776,2,126.16205806821628,104.29165065885967,21.396282306994692,21.404376504213626,65.34121645175539,54.04354010205717,21.741451862853907,22.238224347715736,10.0,7.0,4.837567255681334,4.647191307593059,-0.00809419721893434,11.297676349698214,-0.4967724848618289,0.19037594808827546,0.0,0.0,0.0,0.0,1.0,1.0,1.0,1.0,1.0,1.0,0.0,0.0,1.0,1.0,1.0,1.0,0.0,0.0,0.0,0.0,1.0,1.0,1.0,1.0,1.0,1.0,1.0,1.0,0.0,0.0,0.0,0.0,0.0,0.0,0.0,0.0,1.0,1.0,1.0,1.0,0.0,0.0,0.0,1.0,0.0,0.0,0.0,1.0,0.0,0.0
263,257,-0.05698420264135572,-1.0379527402202955,1,164.68220626209072,258.6440366504519,44.85583706117672,39.71195925344719,21.263438001561685,28.231427266805518,23.563190390681935,16.606482472708993,11.0,19.0,5.10401759407994,5.555452740511795,5.143877807729531,-6.967989265243833,6.956707917972942,-0.45143514643185484,0.0,0.0,0.0,0.0,0.0,1.0,1.0,1.0,1.0,1.0,0.0,0.0,0.0,0.0,0.0,0.0,0.0,0.0,0.0,0.0,0.0,1.0,0.0,0.0,0.0,1.0,1.0,1.0,1.0,0.0,0.0,0.0,0.0,0.0,1.0,0.0,1.0,1.0,1.0,1.0,0.0,0.0,1.0,1.0,0.0,0.0,0.0,0.0,0.0,0.0
264,200,0.02401113741110853,0.24068969269324822,1,93.31896435593167,99.27628941958775,54.1368334172634,43.47923700652623,43.33865659426355,42.5218943541959,22.01876594049199,14.542686893348302,15.0,12.0,4.536023349319806,4.597906765294465,10.657596410737163,0.8167622400676464,7.476079047143687,-0.061883415974659406,0.0,0.0,0.0,0.0,1.0,1.0,1.0,1.0,1.0,1.0,0.0,0.0,1.0,0.0,0.0,0.0,0.0,0.0,0.0,0.0,0.0,1.0,0.0,0.0,1.0,1.0,1.0,1.0,1.0,0.0,0.0,0.0,0.0,0.0,1.0,0.0,1.0,1.0,1.0,1.0,0.0,0.0,0.0,0.0,0.0,0.0,0.0,0.0,0.0,0.0
265,283,0.23046881414048093,1.284256068981139,1,106.35904419703307,104.29165065885967,18.889987681865303,21.404376504213626,61.515564669398174,54.04354010205717,22.63886094801182,22.238224347715736,10.0,7.0,4.66682057984547,4.647191307593059,-2.514388822348323,7.472024567341002,0.4006366002960853,0.019629272252410963,0.0,0.0,0.0,0.0,1.0,1.0,1.0,1.0,1.0,1.0,0.0,0.0,1.0,1.0,1.0,1.0,0.0,0.0,0.0,0.0,1.0,1.0,1.0,1.0,1.0,1.0,1.0,1.0,0.0,0.0,0.0,0.0,0.0,0.0,0.0,0.0,1.0,1.0,1.0,1.0,0.0,0.0,0.0,1.0,0.0,0.0,0.0,1.0,0.0,0.0
266,254,0.22238412997444082,1.2585614030467216,2,150.6133984276811,150.32152158817738,22.12362247574323,22.453042896584588,45.729643954211994,43.09293704457831,23.516977727675183,21.95231105060241,13.0,14.0,5.01471627839174,5.012776477380864,-0.3294204208413589,2.6367069096336806,1.564666677072772,0.0019398010108754567,0.0,0.0,0.0,0.0,0.0,1.0,1.0,0.0,1.0,0.0,0.0,0.0,0.0,0.0,0.0,0.0,0.0,0.0,0.0,0.0,0.0,1.0,0.0,0.0,0.0,1.0,1.0,1.0,0.0,0.0,0.0,0.0,0.0,0.0,0.0,0.0,1.0,1.0,1.0,1.0,0.0,0.0,1.0,1.0,0.0,0.0,0.0,0.0,0.0,0.0
268,243,0.36662710152768585,1.6399879030234374,1,73.17304115364571,131.83898665086053,24.52062051054243,25.721923331027583,69.01595475312419,56.97444022687566,21.349830314957043,19.169037403240576,7.0,10.0,4.292827062881014,4.881581379927591,-1.2013028204851537,12.041514526248534,2.180792911716466,-0.5887543170465774,0.0,0.0,0.0,0.0,1.0,1.0,1.0,1.0,1.0,1.0,0.0,0.0,1.0,1.0,1.0,1.0,0.0,0.0,0.0,0.0,1.0,1.0,1.0,1.0,1.0,1.0,1.0,1.0,0.0,0.0,0.0,0.0,0.0,0.0,0.0,0.0,1.0,1.0,1.0,1.0,0.0,0.0,0.0,1.0,0.0,0.0,0.0,1.0,0.0,0.0
269,215,0.26007644718809897,1.3730908440933942,2,121.29465061839684,174.59029736265418,32.35215692938289,30.035999707321196,73.49317207456416,58.115676252074685,21.895661313609235,17.087754133817427,10.0,9.0,4.798222714552135,5.162442071200767,2.3161572220616975,15.377495822489472,4.807907179791808,-0.36421935664863203,0.0,0.0,1.0,0.0,1.0,1.0,1.0,1.0,1.0,1.0,0.0,0.0,1.0,1.0,1.0,1.0,0.0,0.0,0.0,0.0,1.0,1.0,1.0,1.0,1.0,1.0,1.0,1.0,0.0,0.0,0.0,0.0,0.0,0.0,0.0,0.0,1.0,1.0,1.0,1.0,0.0,0.0,0.0,1.0,0.0,0.0,0.0,1.0,0.0,0.0
270,178,0.10446202815758683,0.7811136364683797,3,189.11449610316092,139.60350886573335,46.71191754155567,36.71233534859371,49.933149747506796,46.931625681092406,22.931342185856753,13.584572950302707,15.0,13.0,5.242352631124831,4.938806325153746,9.99958219296196,3.0015240664143903,9.346769235554046,0.30354630597108506,0.0,0.0,0.0,0.0,0.0,1.0,1.0,0.0,1.0,0.0,0.0,0.0,0.0,1.0,0.0,0.0,0.0,0.0,1.0,0.0,0.0,1.0,0.0,1.0,0.0,1.0,1.0,1.0,1.0,0.0,0.0,0.0,0.0,0.0,1.0,0.0,1.0,1.0,1.0,1.0,0.0,0.0,1.0,1.0,0.0,0.0,0.0,0.0,0.0,0.0
271,195,0.14468635696642973,0.9706950925413297,2,138.96400642938522,119.17055566869965,50.245660210666195,39.70379214603823,61.9190975681678,54.16245344680851,22.866127103331277,15.05842719756839,10.0,9.0,4.934214953047059,4.780555707915538,10.541868064627963,7.756644121359287,7.807699905762886,0.15365924513152107,0.0,0.0,0.0,0.0,1.0,1.0,1.0,1.0,1.0,1.0,0.0,0.0,1.0,1.0,1.0,1.0,0.0,0.0,0.0,0.0,1.0,1.0,1.0,1.0,1.0,1.0,1.0,1.0,0.0,0.0,0.0,0.0,0.0,0.0,0.0,0.0,1.0,1.0,1.0,1.0,0.0,0.0,0.0,1.0,0.0,0.0,0.0,1.0,0.0,0.0
272,200,0.11376477872528835,0.828261014975646,1,96.94808811010233,99.27628941958775,52.45654234579936,43.47923700652623,40.05904946020829,42.5218943541959,21.82495965651405,14.542686893348302,15.0,12.0,4.574175661123942,4.597906765294465,8.97730533927313,-2.462844893987608,7.282272763165748,-0.02373110417052368,0.0,0.0,0.0,0.0,1.0,1.0,1.0,1.0,1.0,1.0,0.0,0.0,1.0,0.0,0.0,0.0,0.0,0.0,0.0,0.0,0.0,1.0,0.0,0.0,1.0,1.0,1.0,1.0,1.0,0.0,0.0,0.0,0.0,0.0,1.0,0.0,1.0,1.0,1.0,1.0,0.0,0.0,0.0,0.0,0.0,0.0,0.0,0.0,0.0,0.0
273,430,-0.007959677323789003,-0.0945411195768697,1,87.10849535929316,170.02074601131758,59.485045069019876,48.76335546239706,15.391262694587205,28.909716170353985,22.07393039917988,9.176382835791545,8.0,11.0,4.46715441480013,5.135920464965245,10.721689606622817,-13.51845347576678,12.897547563388335,-0.6687660501651148,0.0,0.0,0.0,0.0,0.0,1.0,1.0,1.0,1.0,1.0,0.0,0.0,0.0,0.0,1.0,1.0,0.0,0.0,0.0,0.0,0.0,1.0,0.0,0.0,0.0,1.0,0.0,1.0,0.0,0.0,0.0,0.0,0.0,0.0,0.0,0.0,1.0,1.0,1.0,1.0,0.0,0.0,0.0,0.0,0.0,0.0,0.0,0.0,0.0,0.0
274,224,0.14986167020741728,0.9926709607977174,1,180.37030816004105,210.28295151547258,11.032813244359385,13.656183301697988,39.714709900427756,38.529005772028626,23.243770047053232,18.62395061965019,9.0,10.0,5.195012005168984,5.348454011973498,-2.6233700573386027,1.1857041283991308,4.619819427403041,-0.15344200680451422,0.0,0.0,0.0,0.0,1.0,1.0,1.0,1.0,1.0,1.0,0.0,0.0,1.0,0.0,1.0,1.0,0.0,0.0,0.0,0.0,1.0,1.0,1.0,0.0,1.0,1.0,1.0,1.0,0.0,0.0,0.0,0.0,0.0,0.0,0.0,0.0,1.0,1.0,1.0,1.0,0.0,0.0,0.0,0.0,0.0,0.0,0.0,0.0,0.0,0.0
275,210,-0.04309528852967601,-0.6702381478527004,1,103.15855710674084,237.5330809155166,21.178638518205283,19.629898730126982,25.397998229085875,29.425256388387098,24.094230627423823,18.298801132258063,9.0,18.0,4.6362671939702,5.470306901840347,1.5487397880783007,-4.027258159301223,5.7954294951657594,-0.8340397078701469,0.0,0.0,0.0,0.0,0.0,0.0,1.0,0.0,1.0,0.0,0.0,0.0,0.0,0.0,0.0,0.0,0.0,0.0,0.0,0.0,0.0,0.0,0.0,0.0,0.0,0.0,1.0,1.0,1.0,0.0,0.0,0.0,0.0,0.0,1.0,0.0,1.0,0.0,1.0,0.0,0.0,0.0,1.0,0.0,0.0,0.0,0.0,0.0,0.0,0.0
276,226,0.2604519952008883,1.3741684583586398,2,64.96226772557456,206.6143076460052,31.07299976353401,27.07354870417573,59.81534287258064,48.30775315544368,22.03930745564516,19.992546831587703,10.0,18.0,4.173806604812672,5.3308538071724945,3.999451059358279,11.507589717136966,2.046760624057459,-1.1570472023598228,0.0,0.0,0.0,0.0,1.0,1.0,1.0,1.0,1.0,1.0,0.0,0.0,1.0,1.0,0.0,0.0,0.0,0.0,0.0,0.0,1.0,1.0,1.0,1.0,1.0,1.0,1.0,1.0,0.0,0.0,0.0,0.0,0.0,0.0,0.0,0.0,1.0,1.0,1.0,1.0,0.0,0.0,0.0,1.0,0.0,0.0,0.0,1.0,0.0,0.0
277,144,0.11036281033054206,0.8112761639603859,1,168.53993623699654,266.1113522733678,38.49880592991909,33.84014511743814,46.721397110122076,43.201428894963705,23.494123355798575,11.485950960299455,14.0,18.0,5.127172732018495,5.583914838754862,4.658660812480946,3.5199682151583715,12.00817239549912,-0.45674210673636656,0.0,0.0,0.0,0.0,0.0,1.0,1.0,0.0,1.0,0.0,0.0,0.0,0.0,1.0,0.0,0.0,0.0,0.0,0.0,0.0,0.0,1.0,0.0,1.0,0.0,1.0,1.0,1.0,1.0,0.0,0.0,0.0,0.0,0.0,1.0,0.0,1.0,1.0,1.0,1.0,0.0,0.0,1.0,1.0,0.0,0.0,0.0,0.0,0.0,0.0
278,212,0.17566620501743577,1.0955688811528168,3,230.75892931374918,171.16313384915173,44.256796576429494,35.351679565131825,60.75132407921242,51.92761292935048,24.19571884004788,18.344941577405177,15.0,17.0,5.441373569551911,5.142617100852557,8.90511701129767,8.823711149861936,5.850777262642705,0.2987564686993544,0.0,0.0,0.0,0.0,1.0,1.0,1.0,1.0,1.0,1.0,0.0,0.0,1.0,1.0,0.0,0.0,0.0,0.0,0.0,0.0,0.0,1.0,0.0,1.0,1.0,1.0,1.0,1.0,1.0,0.0,0.0,0.0,0.0,0.0,1.0,0.0,1.0,1.0,1.0,1.0,0.0,0.0,0.0,1.0,0.0,0.0,0.0,1.0,0.0,0.0
279,213,0.045401082239461585,0.4151154591295701,2,65.26707601988811,137.67166601801378,54.12314824719622,42.69514430985859,56.124052253721544,51.12036554918033,21.688083448555165,16.68636103491196,9.0,9.0,4.178487713419174,4.92487161853438,11.428003937337628,5.003686704541217,5.001722413643204,-0.7463839051152052,0.0,0.0,0.0,0.0,0.0,1.0,1.0,1.0,1.0,1.0,0.0,0.0,0.0,1.0,1.0,1.0,0.0,0.0,1.0,0.0,0.0,1.0,0.0,1.0,0.0,1.0,1.0,1.0,0.0,0.0,0.0,0.0,0.0,0.0,0.0,0.0,1.0,1.0,1.0,1.0,0.0,0.0,1.0,1.0,0.0,0.0,0.0,1.0,0.0,0.0
280,173,0.23154890989556254,1.2876393628163274,1,127.34319020868128,204.45027214831933,55.5248421845979,45.41718443598656,24.560030429912484,31.913588100667788,23.12767480735283,15.344781145822921,11.0,19.0,4.846885726958287,5.320324777933851,10.107657748611338,-7.353557670755304,7.782893661529908,-0.4734390509755647,0.0,0.0,0.0,1.0,1.0,1.0,1.0,1.0,1.0,1.0,0.0,0.0,1.0,0.0,0.0,0.0,0.0,0.0,0.0,0.0,1.0,1.0,1.0,0.0,1.0,1.0,1.0,1.0,0.0,0.0,0.0,0.0,0.0,0.0,0.0,0.0,1.0,1.0,1.0,1.0,0.0,0.0,0.0,0.0,0.0,0.0,0.0,0.0,0.0,0.0
281,167,0.1940382030352682,1.162869405965243,3,194.47721703123986,122.76489789017785,56.45971706653988,45.157417939677885,30.94374943985404,37.48672805447118,23.897818539085076,12.420040779505221,19.0,12.0,5.270315020111363,4.810271127050918,11.302299126861996,-6.542978614617137,11.477777759579855,0.4600438930604454,0.0,0.0,1.0,1.0,1.0,1.0,1.0,1.0,1.0,1.0,0.0,0.0,1.0,0.0,0.0,0.0,0.0,0.0,0.0,0.0,1.0,1.0,1.0,0.0,1.0,1.0,1.0,1.0,0.0,0.0,0.0,0.0,0.0,0.0,0.0,0.0,1.0,1.0,1.0,1.0,0.0,0.0,0.0,0.0,0.0,0.0,0.0,0.0,0.0,0.0
282,202,0.09723963972517924,0.7429127023509238,2,174.302718051362,175.96487785045466,28.69762688977002,24.788138475451888,45.832006618858955,43.73045805734719,24.039013968468222,15.487484921777684,14.0,13.0,5.160793546502851,5.170284417456,3.909488414318133,2.1015485615117626,8.551529046690538,-0.009490870953148661,0.0,0.0,0.0,0.0,0.0,1.0,1.0,0.0,1.0,0.0,0.0,0.0,0.0,1.0,0.0,0.0,0.0,0.0,0.0,0.0,0.0,1.0,0.0,1.0,0.0,1.0,1.0,1.0,1.0,0.0,0.0,0.0,0.0,0.0,1.0,0.0,1.0,1.0,1.0,1.0,0.0,0.0,1.0,1.0,0.0,0.0,0.0,0.0,0.0,0.0
283,157,0.1444838726694935,0.9698253908230614,1,190.64806283392593,225.4033368812775,48.59354838970552,39.91506015257464,36.36856604059455,40.079925023733985,23.964389983812143,12.59561840382793,17.0,20.0,5.250429125401838,5.417891405760857,8.678488237130878,-3.7113589831394336,11.368771579984214,-0.16746228035901878,0.0,0.0,0.0,0.0,0.0,1.0,1.0,0.0,1.0,0.0,0.0,0.0,0.0,0.0,0.0,0.0,0.0,0.0,0.0,0.0,0.0,1.0,0.0,0.0,0.0,1.0,1.0,1.0,1.0,0.0,0.0,0.0,0.0,0.0,1.0,0.0,1.0,1.0,1.0,1.0,0.0,0.0,1.0,1.0,0.0,0.0,0.0,0.0,0.0,0.0
284,205,0.06555768161217256,0.555600341536876,2,101.57736407998932,93.37859611044395,52.4348509714256,41.73945247188134,48.00683480696737,45.62332171936543,22.40457886637284,15.707546596280087,17.0,13.0,4.620820715833709,4.53666215527304,10.695398499544254,2.3835130876019406,6.697032270092754,0.08415856056066802,0.0,0.0,0.0,0.0,0.0,1.0,1.0,1.0,1.0,1.0,0.0,0.0,0.0,1.0,0.0,0.0,0.0,0.0,1.0,0.0,0.0,1.0,0.0,1.0,0.0,1.0,1.0,1.0,0.0,0.0,0.0,0.0,0.0,0.0,0.0,0.0,1.0,1.0,1.0,1.0,0.0,0.0,1.0,1.0,0.0,0.0,0.0,1.0,0.0,0.0
285,182,0.04265733763075966,0.39437033913327846,1,266.05001463973946,200.9580946928263,28.73673440074656,26.273132797958098,36.81171338881529,38.00652699669548,21.901676399967776,15.6083265,14.0,12.0,5.583684316068648,5.30309640220795,2.4636016027884615,-1.1948136078801852,6.293349899967776,0.2805879138606985,0.0,0.0,0.0,0.0,0.0,1.0,1.0,1.0,1.0,1.0,0.0,0.0,0.0,0.0,0.0,0.0,0.0,0.0,0.0,0.0,0.0,1.0,0.0,0.0,0.0,1.0,1.0,1.0,1.0,1.0,0.0,0.0,0.0,0.0,1.0,1.0,1.0,1.0,1.0,1.0,0.0,0.0,1.0,1.0,0.0,0.0,0.0,0.0,0.0,0.0
286,215,0.2068692235586591,1.2073225477651175,2,109.76908698966588,174.59029736265418,35.001489041786456,30.035999707321196,73.33983621932488,58.115676252074685,23.49133855670774,17.087754133817427,9.0,9.0,4.698378950179583,5.162442071200767,4.965489334465261,15.224159967250195,6.403584422890312,-0.46406312102118347,0.0,0.0,1.0,0.0,1.0,1.0,1.0,1.0,1.0,1.0,0.0,0.0,1.0,1.0,1.0,1.0,0.0,0.0,0.0,0.0,1.0,1.0,1.0,1.0,1.0,1.0,1.0,1.0,0.0,0.0,0.0,0.0,0.0,0.0,0.0,0.0,1.0,1.0,1.0,1.0,0.0,0.0,0.0,1.0,0.0,0.0,0.0,1.0,0.0,0.0
287,158,0.05729871669701006,0.5004027675653683,3,206.91720554291146,208.3975471977463,50.4824372252227,42.65855123651717,24.536581594254937,33.289153456546934,25.436535436265707,13.063818540556198,15.0,17.0,5.332318740032094,5.3394475401254295,7.823885988705527,-8.752571862291997,12.372716895709509,-0.007128800093335609,0.0,0.0,0.0,1.0,0.0,1.0,1.0,1.0,1.0,1.0,0.0,0.0,0.0,0.0,0.0,0.0,0.0,0.0,0.0,0.0,0.0,1.0,0.0,0.0,0.0,1.0,1.0,1.0,1.0,0.0,0.0,0.0,0.0,0.0,1.0,0.0,1.0,1.0,1.0,1.0,0.0,0.0,1.0,0.0,0.0,0.0,0.0,0.0,0.0,0.0
288,226,0.16414705702990795,1.0509381610501123,2,186.1902415295903,206.6143076460052,29.42993561833041,27.07354870417573,58.00052479431626,48.30775315544368,24.399222895610578,19.992546831587703,18.0,18.0,5.226768954928185,5.3308538071724945,2.3563869141546796,9.692771638872586,4.406676064022875,-0.10408485224430884,0.0,0.0,0.0,0.0,1.0,1.0,1.0,1.0,1.0,1.0,0.0,0.0,1.0,1.0,0.0,0.0,0.0,0.0,0.0,0.0,1.0,1.0,1.0,1.0,1.0,1.0,1.0,1.0,0.0,0.0,0.0,0.0,0.0,0.0,0.0,0.0,1.0,1.0,1.0,1.0,0.0,0.0,0.0,1.0,0.0,0.0,0.0,1.0,0.0,0.0
289,237,0.35324294774405995,1.610121693489078,2,76.99267009176235,136.72432000615132,31.62441630386089,27.042714565453945,68.8580943809848,53.16896954666802,23.21678475250526,18.971640859588344,11.0,14.0,4.343710223709008,4.917966635778533,4.581701738406945,15.689124834316772,4.245143892916914,-0.5742564120695246,0.0,0.0,1.0,0.0,1.0,1.0,1.0,1.0,1.0,1.0,0.0,0.0,1.0,1.0,0.0,0.0,0.0,0.0,0.0,0.0,1.0,1.0,1.0,1.0,1.0,1.0,1.0,1.0,0.0,0.0,0.0,0.0,0.0,0.0,0.0,0.0,1.0,1.0,1.0,1.0,0.0,0.0,0.0,1.0,0.0,0.0,0.0,1.0,0.0,0.0
290,152,-0.021116674960584572,-0.27354555383612383,1,212.74666417165804,142.7799043172722,32.983501119472855,29.015924349015055,25.858114763532573,28.89613145651467,25.58043775728677,11.254399046087295,13.0,13.0,5.3601020877613825,4.96130431393312,3.9675767704578,-3.0380166929820973,14.326038711199475,0.39879777382826354,0.0,0.0,0.0,0.0,0.0,1.0,1.0,1.0,1.0,1.0,0.0,0.0,0.0,0.0,0.0,0.0,0.0,0.0,0.0,0.0,0.0,1.0,0.0,0.0,0.0,1.0,1.0,1.0,1.0,1.0,0.0,0.0,0.0,0.0,1.0,1.0,1.0,1.0,1.0,1.0,0.0,0.0,1.0,1.0,0.0,0.0,0.0,0.0,0.0,0.0
291,151,0.1250452800294895,0.8826015053803898,2,338.5372371311797,245.91987943229907,33.633911439355536,28.95455627624805,42.76315741922006,41.93794706101292,24.98277004317549,13.095044135622025,17.0,14.0,5.824634092598033,5.505005789518122,4.679355163107488,0.8252103582071371,11.887725907553463,0.3196283030799107,0.0,0.0,0.0,0.0,0.0,1.0,1.0,1.0,1.0,1.0,0.0,0.0,0.0,0.0,0.0,0.0,0.0,0.0,0.0,0.0,0.0,1.0,0.0,0.0,0.0,1.0,1.0,1.0,1.0,0.0,0.0,0.0,0.0,0.0,1.0,0.0,1.0,1.0,1.0,1.0,0.0,0.0,1.0,1.0,0.0,0.0,0.0,0.0,0.0,0.0
292,277,0.04223105221423429,0.3911082679569305,1,147.91775007484566,137.85742013798682,15.788147610137013,16.60407021552651,26.54714666211604,30.17430682230681,25.80642748270977,22.377043811459945,13.0,11.0,4.996656376544353,4.926219963645285,-0.8159226053894955,-3.627160160190769,3.4293836712498234,0.07043641289906816,0.0,0.0,0.0,0.0,1.0,1.0,1.0,1.0,1.0,1.0,0.0,0.0,1.0,0.0,0.0,0.0,0.0,0.0,0.0,0.0,0.0,1.0,0.0,0.0,1.0,1.0,1.0,1.0,1.0,0.0,0.0,0.0,0.0,0.0,1.0,0.0,1.0,1.0,1.0,1.0,0.0,0.0,0.0,0.0,0.0,0.0,0.0,0.0,0.0,0.0
293,183,0.0005459092672644082,0.0061679109646827325,1,224.17697520841602,246.19851061225862,41.25213399722346,36.14177464783032,21.29035761625239,29.65142051177003,27.305884369216063,16.65745514531462,13.0,17.0,5.4124358078104065,5.506138164228638,5.110359349393143,-8.361062895517641,10.648429223901442,-0.0937023564182308,0.0,0.0,0.0,0.0,0.0,1.0,1.0,1.0,1.0,1.0,0.0,0.0,0.0,0.0,0.0,0.0,0.0,0.0,0.0,0.0,0.0,1.0,0.0,0.0,0.0,1.0,1.0,1.0,1.0,1.0,0.0,0.0,0.0,0.0,1.0,1.0,1.0,1.0,1.0,1.0,0.0,0.0,1.0,1.0,0.0,0.0,0.0,0.0,0.0,0.0
295,209,0.07199424824055504,0.5966003838261115,2,79.0120250415896,107.48662152239584,55.86958058872627,45.38547211312763,49.45011311229656,46.700984000950484,23.320696313924053,16.43682880972954,10.0,10.0,4.369600056599709,4.677366388868598,10.484108475598639,2.749129111346079,6.883867504194512,-0.3077663322688888,0.0,0.0,0.0,0.0,1.0,1.0,1.0,1.0,1.0,1.0,0.0,0.0,1.0,0.0,1.0,1.0,0.0,0.0,0.0,0.0,1.0,1.0,1.0,0.0,1.0,1.0,1.0,1.0,0.0,0.0,0.0,0.0,0.0,0.0,0.0,0.0,1.0,1.0,1.0,1.0,0.0,0.0,0.0,0.0,0.0,0.0,0.0,0.0,0.0,0.0
296,173,0.20774843588102038,1.2102974435585594,2,139.6498250915907,204.45027214831933,58.74319047321524,45.41718443598656,25.611324008901168,31.913588100667788,24.04465823296501,15.344781145822921,16.0,19.0,4.939138039913428,5.320324777933851,13.32600603722868,-6.30226409176662,8.699877087142088,-0.3811867380204228,0.0,0.0,0.0,1.0,1.0,1.0,1.0,1.0,1.0,1.0,0.0,0.0,1.0,0.0,0.0,0.0,0.0,0.0,0.0,0.0,1.0,1.0,1.0,0.0,1.0,1.0,1.0,1.0,0.0,0.0,0.0,0.0,0.0,0.0,0.0,0.0,1.0,1.0,1.0,1.0,0.0,0.0,0.0,0.0,0.0,0.0,0.0,0.0,0.0,0.0
297,175,0.24654456185120108,1.333466126414023,1,55.103624456370795,162.0054557344812,58.64069491541955,46.959635450853455,40.67618150224719,43.43205015074815,22.92730688426966,12.919618413489653,7.0,10.0,4.009215493602941,5.087630012038654,11.681059464566097,-2.7558686485009574,10.007688470780009,-1.078414518435714,0.0,0.0,0.0,0.0,1.0,1.0,1.0,1.0,1.0,1.0,0.0,0.0,1.0,0.0,1.0,1.0,0.0,0.0,0.0,0.0,0.0,1.0,0.0,0.0,1.0,1.0,1.0,1.0,1.0,0.0,0.0,0.0,0.0,0.0,1.0,0.0,1.0,1.0,1.0,1.0,0.0,0.0,0.0,0.0,0.0,0.0,0.0,0.0,0.0,0.0
300,211,0.19568427417120263,1.1686839447649955,2,132.8964163207062,174.46026947867307,39.5325532537223,31.755257531605555,58.291295941728784,49.08914995256601,24.944435212370987,16.804869373882028,14.0,15.0,4.889570000123925,5.161697033648343,7.777295722116744,9.202145989162773,8.13956583848896,-0.272127033524418,0.0,0.0,0.0,0.0,1.0,1.0,1.0,1.0,1.0,1.0,0.0,0.0,1.0,1.0,0.0,0.0,0.0,0.0,0.0,0.0,0.0,1.0,0.0,1.0,1.0,1.0,1.0,1.0,1.0,0.0,0.0,0.0,0.0,0.0,1.0,0.0,1.0,1.0,1.0,1.0,0.0,0.0,0.0,1.0,0.0,0.0,0.0,1.0,0.0,0.0
301,178,0.11733646316573332,0.84578811381244,1,115.83667709834491,139.60350886573335,43.63159454710478,36.71233534859371,55.111154298536306,46.931625681092406,24.7069897304498,13.584572950302707,13.0,13.0,4.752181242956164,4.938806325153746,6.919259198511071,8.1795286174439,11.122416780147091,-0.1866250821975827,0.0,0.0,0.0,0.0,1.0,1.0,1.0,0.0,1.0,0.0,0.0,0.0,1.0,1.0,0.0,0.0,0.0,0.0,0.0,0.0,0.0,1.0,0.0,1.0,1.0,1.0,1.0,1.0,1.0,0.0,0.0,0.0,0.0,0.0,1.0,0.0,1.0,1.0,1.0,1.0,0.0,0.0,0.0,1.0,0.0,0.0,0.0,0.0,0.0,0.0
302,277,0.07227753138250032,0.5983668060016181,1,209.47950026698473,137.85742013798682,13.15716707304075,16.60407021552651,27.6829853396235,30.17430682230681,27.348562146689705,22.377043811459945,15.0,11.0,5.344625883820245,4.926219963645285,-3.446903142485759,-2.491321482683311,4.97151833522976,0.4184059201749608,0.0,0.0,0.0,0.0,1.0,1.0,1.0,1.0,1.0,1.0,0.0,0.0,1.0,0.0,0.0,0.0,0.0,0.0,0.0,0.0,1.0,1.0,1.0,0.0,1.0,1.0,1.0,1.0,0.0,0.0,0.0,0.0,0.0,0.0,0.0,0.0,1.0,1.0,1.0,1.0,0.0,0.0,0.0,0.0,0.0,0.0,0.0,0.0,0.0,0.0
303,242,0.04266379275380943,0.39441965408552454,1,214.55646341914473,149.64351905027578,21.96178823921171,20.868139550724667,31.223893058690347,36.12277620664722,26.59044517192009,19.99862737993421,15.0,14.0,5.368572936451702,5.0082559259788635,1.0936486884870433,-4.8988831479568695,6.591817791985882,0.3603170104728393,0.0,0.0,0.0,0.0,0.0,1.0,1.0,0.0,1.0,0.0,0.0,0.0,0.0,0.0,0.0,0.0,0.0,0.0,0.0,0.0,0.0,1.0,0.0,0.0,0.0,1.0,1.0,1.0,1.0,0.0,0.0,0.0,0.0,0.0,1.0,0.0,1.0,1.0,1.0,1.0,0.0,0.0,1.0,1.0,0.0,0.0,0.0,0.0,0.0,0.0
304,213,0.1523450522737499,1.0030470713487325,1,31.87151727416019,137.67166601801378,52.489636759429494,42.69514430985859,59.122787380902565,51.12036554918033,23.169953697848175,16.68636103491196,5.0,9.0,3.461712735521933,4.92487161853438,9.794492449570903,8.002421831722238,6.483592662936214,-1.4631588830124465,0.0,0.0,0.0,0.0,0.0,1.0,1.0,1.0,1.0,1.0,0.0,0.0,0.0,1.0,1.0,1.0,0.0,0.0,1.0,0.0,0.0,1.0,0.0,1.0,0.0,1.0,1.0,1.0,0.0,0.0,0.0,0.0,0.0,0.0,0.0,0.0,1.0,1.0,1.0,1.0,0.0,0.0,1.0,1.0,0.0,0.0,0.0,1.0,0.0,0.0
305,237,0.22728684876804148,1.2742218199573023,3,239.5888445896447,136.72432000615132,30.636421554749287,27.042714565453945,65.27242011565221,53.16896954666802,26.02953798077764,18.971640859588344,19.0,14.0,5.478924306683478,4.917966635778533,3.5937069892953417,12.103450568984186,7.057897121189296,0.560957670904945,0.0,0.0,1.0,0.0,1.0,1.0,1.0,1.0,1.0,1.0,0.0,0.0,1.0,1.0,0.0,0.0,0.0,0.0,0.0,0.0,1.0,1.0,1.0,1.0,1.0,1.0,1.0,1.0,0.0,0.0,0.0,0.0,0.0,0.0,0.0,0.0,1.0,1.0,1.0,1.0,0.0,0.0,0.0,1.0,0.0,0.0,0.0,1.0,0.0,0.0
306,267,0.24805689157635308,1.3379733393256144,1,108.42602544284681,171.93401344703983,13.898061227484533,15.916604943881435,50.87196610423439,44.19478250772472,25.35416677295089,22.38990507303371,7.0,10.0,4.6860681473003805,5.147110760453978,-2.018543716396902,6.677183596509671,2.9642616999171807,-0.4610426131535973,0.0,0.0,0.0,0.0,1.0,1.0,1.0,1.0,1.0,1.0,0.0,0.0,1.0,0.0,1.0,1.0,0.0,0.0,0.0,0.0,1.0,1.0,1.0,0.0,1.0,1.0,1.0,1.0,0.0,0.0,0.0,0.0,0.0,0.0,0.0,0.0,1.0,1.0,1.0,1.0,0.0,0.0,0.0,0.0,0.0,0.0,0.0,0.0,0.0,0.0
307,159,0.026460848923039827,0.2622793540379217,2,188.77158677205816,284.41742079671025,24.13235758246231,21.544968112358077,38.47983425,39.010753845965446,25.084440333333333,13.805408709287137,14.0,17.0,5.240537748594009,5.650442950612561,2.587389470104231,-0.5309195959654431,11.279031624046196,-0.40990520201855274,0.0,0.0,0.0,0.0,0.0,1.0,1.0,0.0,1.0,0.0,0.0,0.0,0.0,0.0,0.0,0.0,0.0,0.0,0.0,0.0,0.0,1.0,0.0,0.0,0.0,1.0,1.0,1.0,0.0,0.0,0.0,0.0,0.0,0.0,0.0,0.0,1.0,1.0,1.0,1.0,0.0,0.0,1.0,1.0,0.0,0.0,0.0,0.0,0.0,0.0
308,243,0.24616781448413239,1.3323401341912067,2,139.61172405480153,131.83898665086053,28.468484429029996,25.721923331027583,71.86786882199632,56.97444022687566,24.00823138892679,19.169037403240576,9.0,10.0,4.938865170002464,4.881581379927591,2.746561098002413,14.893428595120668,4.839193985686215,0.05728379007487324,0.0,0.0,1.0,0.0,1.0,1.0,1.0,1.0,1.0,1.0,0.0,0.0,1.0,1.0,1.0,1.0,0.0,0.0,0.0,0.0,1.0,1.0,1.0,1.0,1.0,1.0,1.0,1.0,0.0,0.0,0.0,0.0,0.0,0.0,0.0,0.0,1.0,1.0,1.0,1.0,0.0,0.0,0.0,1.0,0.0,0.0,0.0,1.0,0.0,0.0
309,141,-0.036564061460986876,-0.5351058446878264,1,114.31263562677718,196.79720240543034,27.553029706095504,25.06649158951256,24.3282101700275,29.793775034263064,26.548266670944088,12.710540797182501,11.0,15.0,4.738937112606605,5.282173769097552,2.4865381165829454,-5.465564864235564,13.837725873761586,-0.5432366564909464,0.0,0.0,0.0,0.0,0.0,1.0,1.0,1.0,1.0,1.0,0.0,0.0,0.0,0.0,0.0,0.0,0.0,0.0,0.0,0.0,0.0,1.0,0.0,0.0,0.0,1.0,1.0,1.0,0.0,1.0,0.0,0.0,0.0,0.0,0.0,1.0,1.0,1.0,1.0,1.0,0.0,0.0,1.0,1.0,0.0,0.0,0.0,0.0,0.0,0.0
310,245,0.2963264762104254,1.4720973840569191,3,166.8349148406801,102.5362742251145,35.45298637169599,31.696962272635698,67.3739227451613,52.977986513315216,24.706285457693404,19.57140561929348,18.0,11.0,5.117004789606751,4.630216630851606,3.756024099060294,14.395936231846079,5.134879838399925,0.48678815875514486,0.0,0.0,1.0,0.0,1.0,1.0,1.0,1.0,1.0,1.0,0.0,0.0,1.0,1.0,0.0,0.0,0.0,0.0,0.0,0.0,1.0,1.0,1.0,1.0,1.0,1.0,1.0,1.0,0.0,0.0,0.0,0.0,0.0,0.0,0.0,0.0,1.0,1.0,1.0,1.0,0.0,0.0,0.0,1.0,0.0,0.0,0.0,1.0,0.0,0.0
311,234,0.2267564875866466,1.2725395056235635,2,89.23262816029069,149.68995758026907,41.73791155323124,33.62592403134543,71.13331209735269,57.31116179130731,24.364749621423996,19.198663112272754,8.0,9.0,4.491246759252717,5.008566205543238,8.111987521885816,13.822150306045373,5.166086509151242,-0.517319446290521,0.0,0.0,1.0,0.0,1.0,1.0,1.0,1.0,1.0,1.0,0.0,0.0,1.0,1.0,1.0,1.0,0.0,0.0,0.0,0.0,1.0,1.0,1.0,1.0,1.0,1.0,1.0,1.0,0.0,0.0,0.0,0.0,0.0,0.0,0.0,0.0,1.0,1.0,1.0,1.0,0.0,0.0,0.0,1.0,0.0,0.0,0.0,1.0,0.0,0.0
312,156,0.10679131497505785,0.7931289631059342,3,271.54608919658057,378.6969243890234,44.34996918653701,35.77193667678736,34.632859536305595,35.95822003474028,27.856227399782515,14.545553077426792,15.0,18.0,5.604131882596925,5.936736213377604,8.578032509749647,-1.3253604984346836,13.310674322355723,-0.33260433078067897,0.0,0.0,0.0,0.0,0.0,1.0,1.0,1.0,1.0,1.0,0.0,0.0,0.0,0.0,0.0,0.0,0.0,0.0,0.0,0.0,0.0,1.0,0.0,0.0,0.0,1.0,1.0,1.0,1.0,1.0,0.0,0.0,0.0,0.0,1.0,1.0,1.0,1.0,1.0,1.0,0.0,0.0,1.0,1.0,0.0,0.0,0.0,0.0,0.0,0.0
313,205,0.09998346420143576,0.7575978514089209,1,75.40195180581352,93.37859611044395,50.89695706253734,41.73945247188134,50.047362683299646,45.62332171936543,24.833759258906014,15.707546596280087,11.0,13.0,4.32283316069762,4.53666215527304,9.157504590655996,4.4240409639342175,9.126212662625926,-0.2138289945754203,0.0,0.0,0.0,0.0,0.0,1.0,1.0,1.0,1.0,1.0,0.0,0.0,0.0,1.0,0.0,0.0,0.0,0.0,1.0,0.0,0.0,1.0,0.0,1.0,0.0,1.0,1.0,1.0,0.0,0.0,0.0,0.0,0.0,0.0,0.0,0.0,1.0,1.0,1.0,1.0,0.0,0.0,1.0,1.0,0.0,0.0,0.0,1.0,0.0,0.0
314,253,0.2112620396755284,1.2220984722887243,1,176.96979062660554,187.57451034876925,15.594820510422167,17.192535174128007,41.57384995737122,37.9711728627451,25.43097231261101,21.041723720588237,15.0,14.0,5.175979043581335,5.234176154999326,-1.5977146637058404,3.6026770946261237,4.389248592022774,-0.05819711141799179,0.0,0.0,0.0,0.0,1.0,1.0,1.0,1.0,1.0,1.0,0.0,0.0,1.0,0.0,0.0,0.0,0.0,0.0,0.0,0.0,1.0,1.0,1.0,0.0,1.0,1.0,1.0,1.0,0.0,0.0,0.0,0.0,0.0,0.0,0.0,0.0,1.0,1.0,1.0,1.0,0.0,0.0,0.0,0.0,0.0,0.0,0.0,0.0,0.0,0.0
315,240,0.11629565641057954,0.8407122683232118,2,151.7183284945677,229.37847504870044,20.16535393077751,22.464998310505333,55.34466424930939,49.8709484041584,24.705404390883977,20.80271020180589,15.0,16.0,5.022025699719196,5.4353733687701515,-2.299644379727823,5.473715845150991,3.902694189078087,-0.41334766905095566,0.0,0.0,0.0,0.0,1.0,1.0,1.0,1.0,1.0,1.0,0.0,0.0,1.0,1.0,0.0,0.0,0.0,0.0,0.0,0.0,1.0,1.0,1.0,1.0,1.0,1.0,1.0,1.0,0.0,0.0,0.0,0.0,0.0,0.0,0.0,0.0,1.0,1.0,1.0,1.0,0.0,0.0,0.0,1.0,0.0,0.0,0.0,1.0,0.0,0.0
316,242,0.1696250974206729,1.072411277361787,1,144.51723254141015,149.64351905027578,20.87534600884473,20.868139550724667,35.24031352240971,36.12277620664722,24.232249089408118,19.99862737993421,12.0,14.0,4.973398756783953,5.0082559259788635,0.00720645812006282,-0.8824626842375096,4.233621709473908,-0.03485716919490993,0.0,0.0,0.0,0.0,0.0,1.0,1.0,0.0,1.0,0.0,0.0,0.0,0.0,0.0,0.0,0.0,0.0,0.0,0.0,0.0,0.0,1.0,0.0,0.0,0.0,1.0,1.0,1.0,1.0,0.0,0.0,0.0,0.0,0.0,1.0,0.0,1.0,1.0,1.0,1.0,0.0,0.0,1.0,1.0,0.0,0.0,0.0,0.0,0.0,0.0
319,195,0.2600194268750376,1.3729271258661326,2,67.13402682255858,119.17055566869965,48.40417399084941,39.70379214603823,65.17021032250284,54.16245344680851,23.768408854639613,15.05842719756839,8.0,9.0,4.20669102159118,4.780555707915538,8.700381844811176,11.007756875694326,8.709981657071223,-0.5738646863243589,0.0,0.0,0.0,0.0,1.0,1.0,1.0,1.0,1.0,1.0,0.0,0.0,1.0,1.0,1.0,1.0,0.0,0.0,0.0,0.0,1.0,1.0,1.0,1.0,1.0,1.0,1.0,1.0,0.0,0.0,0.0,0.0,0.0,0.0,0.0,0.0,1.0,1.0,1.0,1.0,0.0,0.0,0.0,1.0,0.0,0.0,0.0,1.0,0.0,0.0
320,185,0.24950980527791186,1.3422844241393272,1,59.037556504855004,176.84720992032655,61.49138830260579,48.390622928777844,34.6224853874637,39.42685770363951,23.50736013818974,10.50998380762565,8.0,10.0,4.078173792322858,5.1752861389951,13.100765373827947,-4.804372316175815,12.997376330564089,-1.0971123466722423,0.0,0.0,1.0,1.0,1.0,1.0,1.0,1.0,1.0,1.0,0.0,0.0,1.0,0.0,1.0,1.0,0.0,0.0,0.0,0.0,1.0,1.0,1.0,0.0,1.0,1.0,1.0,1.0,0.0,0.0,0.0,0.0,0.0,0.0,0.0,0.0,1.0,1.0,1.0,1.0,0.0,0.0,0.0,0.0,0.0,0.0,0.0,0.0,0.0,0.0
322,251,0.02987553039391838,0.2916163314438536,2,187.67618196436885,116.09632498314595,25.59932502618938,24.375890849663186,30.64089054577983,33.546128101200004,26.624571795792516,19.74229418304,15.0,12.0,5.234718041371131,4.7544202343109125,1.2234341765261938,-2.9052375554201753,6.882277612752517,0.4802978070602193,0.0,0.0,0.0,0.0,0.0,1.0,1.0,0.0,1.0,0.0,0.0,0.0,0.0,0.0,0.0,0.0,0.0,0.0,0.0,0.0,0.0,1.0,0.0,0.0,0.0,1.0,1.0,1.0,1.0,1.0,0.0,0.0,0.0,0.0,1.0,1.0,1.0,1.0,1.0,1.0,0.0,0.0,1.0,1.0,0.0,0.0,0.0,0.0,0.0,0.0
323,237,0.2906431221201662,1.457208309097196,2,112.15992704818775,136.72432000615132,26.68415736615844,27.042714565453945,64.95825412509555,53.16896954666802,24.604871137070063,18.971640859588344,14.0,14.0,4.719925772859782,4.917966635778533,-0.3585571992955039,11.789284578427527,5.633230277481719,-0.19804086291875062,0.0,0.0,0.0,0.0,1.0,1.0,1.0,1.0,1.0,1.0,0.0,0.0,1.0,1.0,0.0,0.0,0.0,0.0,0.0,0.0,1.0,1.0,1.0,1.0,1.0,1.0,1.0,1.0,0.0,0.0,0.0,0.0,0.0,0.0,0.0,0.0,1.0,1.0,1.0,1.0,0.0,0.0,0.0,1.0,0.0,0.0,0.0,1.0,0.0,0.0
324,235,0.10703665467870734,0.7943861531775053,2,197.0299864961158,155.51334924142367,48.38505378078505,39.13362424929269,55.731933451849166,48.429054010481366,25.82682869782451,19.332724419642858,18.0,13.0,5.283355932870676,5.046731575146356,9.251429531492363,7.3028794413678,6.494104278181652,0.2366243577243201,0.0,0.0,0.0,0.0,1.0,1.0,1.0,1.0,1.0,1.0,0.0,0.0,1.0,1.0,0.0,0.0,0.0,0.0,0.0,0.0,0.0,1.0,0.0,1.0,1.0,1.0,1.0,1.0,1.0,0.0,0.0,0.0,0.0,0.0,1.0,0.0,1.0,1.0,1.0,1.0,0.0,0.0,0.0,1.0,0.0,0.0,0.0,1.0,0.0,0.0
326,197,0.12777372940554832,0.8953131393478542,3,262.69712340229046,32.03329798934963,56.056308245740915,45.72738518937225,17.425127763243772,27.374608475645115,26.699989908408572,13.480617504494058,16.0,8.0,5.5710017465070285,3.4667759239573606,10.328923056368666,-9.949480712401343,13.219372403914514,2.1042258225496675,0.0,0.0,0.0,0.0,1.0,1.0,1.0,1.0,1.0,1.0,0.0,0.0,1.0,0.0,0.0,0.0,0.0,0.0,0.0,0.0,1.0,1.0,1.0,0.0,1.0,1.0,1.0,1.0,0.0,0.0,0.0,0.0,0.0,0.0,0.0,0.0,1.0,1.0,1.0,1.0,0.0,0.0,0.0,0.0,0.0,0.0,0.0,0.0,0.0,0.0
327,430,0.32442634257275854,1.5426209325110471,1,103.01567821878136,170.02074601131758,60.5565709136687,48.76335546239706,19.151226764771152,28.909716170353985,24.70959793065187,9.176382835791545,10.0,11.0,4.6348811923623225,5.135920464965245,11.793215451271642,-9.758489405582832,15.533215094860326,-0.5010392726029217,0.0,0.0,0.0,0.0,1.0,1.0,1.0,1.0,1.0,1.0,0.0,0.0,1.0,0.0,1.0,1.0,0.0,0.0,0.0,0.0,1.0,1.0,1.0,0.0,1.0,1.0,1.0,1.0,0.0,0.0,0.0,0.0,0.0,0.0,0.0,0.0,1.0,1.0,1.0,1.0,0.0,0.0,0.0,0.0,0.0,0.0,0.0,0.0,0.0,0.0
328,267,0.21075574935352726,1.220406574962038,2,208.13643872016564,171.93401344703983,12.5440651989175,15.916604943881435,46.34159003770994,44.19478250772472,27.039057342341312,22.38990507303371,11.0,10.0,5.33819382004203,5.147110760453978,-3.3725397449639356,2.1468075299852245,4.649152269307603,0.19108305958805277,0.0,0.0,0.0,0.0,1.0,1.0,1.0,1.0,1.0,1.0,0.0,0.0,1.0,0.0,1.0,1.0,0.0,0.0,0.0,0.0,1.0,1.0,1.0,0.0,1.0,1.0,1.0,1.0,0.0,0.0,0.0,0.0,0.0,0.0,0.0,0.0,1.0,1.0,1.0,1.0,0.0,0.0,0.0,0.0,0.0,0.0,0.0,0.0,0.0,0.0
330,185,0.2013874937374119,1.1885723017266068,2,88.32772853654735,176.84720992032655,59.99776416671619,48.390622928777844,36.44209499466192,39.42685770363951,25.586193854092528,10.50998380762565,9.0,10.0,4.48105408477539,5.1752861389951,11.607141237938343,-2.984762708977591,15.076210046466878,-0.6942320542197097,0.0,0.0,1.0,1.0,1.0,1.0,1.0,1.0,1.0,1.0,0.0,0.0,1.0,0.0,1.0,1.0,0.0,0.0,0.0,0.0,1.0,1.0,1.0,0.0,1.0,1.0,1.0,1.0,0.0,0.0,0.0,0.0,0.0,0.0,0.0,0.0,1.0,1.0,1.0,1.0,0.0,0.0,0.0,0.0,0.0,0.0,0.0,0.0,0.0,0.0
332,253,0.2124616687209764,1.226095946605511,4,284.9100278503901,187.57451034876925,13.39131388482502,17.192535174128007,34.85399084047675,37.9711728627451,27.797306202584334,21.041723720588237,19.0,14.0,5.652173438674502,5.234176154999326,-3.801221289302987,-3.117182022268352,6.755582481996097,0.41799728367517586,0.0,0.0,0.0,0.0,1.0,1.0,1.0,1.0,1.0,1.0,0.0,0.0,1.0,0.0,0.0,0.0,0.0,0.0,0.0,0.0,1.0,1.0,1.0,0.0,1.0,1.0,1.0,1.0,0.0,0.0,0.0,0.0,0.0,0.0,0.0,0.0,1.0,1.0,1.0,1.0,0.0,0.0,0.0,0.0,0.0,0.0,0.0,0.0,0.0,0.0
333,303,0.1271103323238294,0.8922372591884142,2,165.74903529218813,167.5130653916816,15.983113883761899,18.978716379750896,55.64230240937302,49.833760416417164,26.154814611200507,25.762422706836325,10.0,9.0,5.110474808790742,5.121061350561495,-2.9956024959889973,5.80854199295586,0.3923919043641817,-0.010586541770752272,0.0,0.0,0.0,0.0,0.0,1.0,1.0,1.0,1.0,1.0,0.0,0.0,0.0,1.0,1.0,1.0,0.0,0.0,1.0,0.0,0.0,1.0,0.0,1.0,0.0,1.0,1.0,1.0,0.0,0.0,0.0,0.0,0.0,0.0,0.0,0.0,1.0,1.0,1.0,1.0,0.0,0.0,1.0,1.0,0.0,0.0,0.0,1.0,0.0,0.0
334,242,0.15272689355817967,1.004632980536175,1,242.36069501605854,149.64351905027578,18.8690513519389,20.868139550724667,36.68303712556988,36.12277620664722,28.381312897166325,19.99862737993421,17.0,14.0,5.490427091773859,5.0082559259788635,-1.999088198785767,0.5602609189226655,8.382685517232115,0.48217116579499547,0.0,0.0,0.0,0.0,1.0,1.0,1.0,0.0,1.0,0.0,0.0,0.0,1.0,0.0,0.0,0.0,0.0,0.0,0.0,0.0,0.0,1.0,0.0,0.0,1.0,1.0,1.0,1.0,1.0,0.0,0.0,0.0,0.0,0.0,1.0,0.0,1.0,1.0,1.0,1.0,0.0,0.0,0.0,1.0,0.0,0.0,0.0,0.0,0.0,0.0
335,141,0.019890181180739486,0.20328531803152478,2,154.76641143770314,196.79720240543034,29.610028449589244,25.06649158951256,27.06866975378508,29.793775034263064,28.185044112906205,12.710540797182501,12.0,15.0,5.041916957235385,5.282173769097552,4.543536860076685,-2.725105280477983,15.474503315723704,-0.24025681186216738,0.0,0.0,0.0,0.0,0.0,1.0,1.0,1.0,1.0,1.0,0.0,0.0,0.0,0.0,0.0,0.0,0.0,0.0,0.0,0.0,0.0,1.0,0.0,0.0,0.0,1.0,1.0,1.0,1.0,1.0,0.0,0.0,0.0,0.0,1.0,1.0,1.0,1.0,1.0,1.0,0.0,0.0,1.0,1.0,0.0,0.0,0.0,0.0,0.0,0.0
338,222,0.002609915124870973,0.02915001780918477,2,302.41745425502444,178.95551918202048,30.810641479930265,28.48012546895794,22.200697788717754,27.68113177688395,30.39686081134839,19.009636605952874,18.0,14.0,5.711808361736998,5.187137278770631,2.3305160109723246,-5.480433988166197,11.387224205395515,0.5246710829663667,0.0,0.0,0.0,0.0,0.0,1.0,1.0,1.0,1.0,1.0,0.0,0.0,0.0,0.0,0.0,0.0,0.0,0.0,0.0,0.0,0.0,1.0,0.0,0.0,0.0,1.0,1.0,1.0,1.0,1.0,0.0,0.0,0.0,0.0,1.0,1.0,1.0,1.0,1.0,1.0,0.0,0.0,1.0,1.0,0.0,0.0,0.0,0.0,0.0,0.0
339,178,0.11043696269794001,0.8116494733007715,1,133.68701283408197,139.60350886573335,43.248936090363344,36.71233534859371,51.40450568956181,46.931625681092406,26.904327625757034,13.584572950302707,15.0,13.0,4.895501342771147,4.938806325153746,6.536600741769632,4.472880008469403,13.319754675454327,-0.043304982382599326,0.0,0.0,0.0,0.0,0.0,1.0,1.0,0.0,1.0,0.0,1.0,0.0,0.0,1.0,0.0,0.0,0.0,0.0,1.0,0.0,0.0,1.0,0.0,1.0,0.0,1.0,1.0,1.0,1.0,0.0,1.0,0.0,0.0,0.0,1.0,0.0,1.0,1.0,1.0,1.0,0.0,0.0,1.0,1.0,0.0,0.0,0.0,0.0,0.0,0.0
340,144,0.09131571327844898,0.7104522882939243,3,259.19182801768466,266.1113522733678,42.11523667498429,33.84014511743814,43.46286889741281,43.201428894963705,27.378123217412075,11.485950960299455,18.0,18.0,5.557568436271561,5.583914838754862,8.275091557546148,0.26144000244910615,15.89217225711262,-0.02634640248330064,0.0,0.0,0.0,0.0,0.0,1.0,1.0,0.0,1.0,0.0,0.0,0.0,0.0,1.0,0.0,0.0,0.0,0.0,0.0,0.0,1.0,1.0,0.0,1.0,0.0,1.0,1.0,1.0,1.0,0.0,0.0,0.0,0.0,0.0,1.0,0.0,1.0,1.0,1.0,1.0,1.0,0.0,1.0,1.0,0.0,0.0,0.0,0.0,0.0,0.0
341,219,0.09555208792988702,0.7337725140822798,2,150.90868146279732,264.5045791356011,46.58189259060237,36.23860312228136,44.64673251694755,44.58670327230591,27.602432135391023,19.36301780996524,15.0,16.0,5.0166748953502065,5.5778585635704285,10.34328946832101,0.06002924464164039,8.239414325425784,-0.5611836682202215,0.0,0.0,0.0,0.0,0.0,1.0,1.0,1.0,1.0,1.0,1.0,0.0,0.0,1.0,0.0,0.0,0.0,0.0,0.0,0.0,1.0,1.0,0.0,1.0,0.0,1.0,1.0,1.0,0.0,0.0,1.0,0.0,0.0,0.0,0.0,0.0,1.0,1.0,1.0,1.0,1.0,0.0,1.0,1.0,0.0,0.0,0.0,1.0,0.0,0.0
342,158,0.08506985556743009,0.6750468686820865,2,141.9358872989423,208.3975471977463,49.899012757957195,42.65855123651717,28.953044990034225,33.289153456546934,27.110784382323335,13.063818540556198,14.0,17.0,4.955375457750624,5.3394475401254295,7.240461521440025,-4.336108466512709,14.046965841767136,-0.3840720823748058,0.0,0.0,0.0,1.0,0.0,1.0,1.0,1.0,1.0,1.0,0.0,0.0,0.0,0.0,0.0,0.0,0.0,0.0,0.0,0.0,0.0,1.0,0.0,0.0,0.0,1.0,1.0,1.0,1.0,0.0,0.0,0.0,0.0,0.0,1.0,0.0,1.0,1.0,1.0,1.0,0.0,0.0,1.0,0.0,0.0,0.0,0.0,0.0,0.0,0.0
343,205,0.09368048833713699,0.7235368031834802,2,116.446293686972,93.37859611044395,51.104025133387175,41.73945247188134,46.06407407705521,45.62332171936543,26.969058628343557,15.707546596280087,17.0,13.0,4.757430168318237,4.53666215527304,9.364572661505832,0.4407523576897816,11.26151203206347,0.22076801304519622,0.0,0.0,0.0,0.0,0.0,1.0,1.0,1.0,1.0,1.0,1.0,0.0,0.0,1.0,0.0,0.0,0.0,0.0,1.0,0.0,0.0,1.0,0.0,1.0,0.0,1.0,1.0,1.0,1.0,0.0,1.0,0.0,0.0,0.0,1.0,0.0,1.0,1.0,1.0,1.0,0.0,0.0,1.0,1.0,0.0,0.0,0.0,1.0,0.0,0.0
344,232,0.03989499350645588,0.3730405752683262,2,154.03296647951117,103.57649729696348,53.19200302034015,44.36655656817858,35.35492534617525,37.83900806276901,26.97426200943046,17.788934253631638,15.0,11.0,5.037166647553108,4.640310444020825,8.825446452161572,-2.484082716593761,9.185327755798824,0.3968562035322827,0.0,0.0,0.0,1.0,1.0,1.0,1.0,1.0,1.0,1.0,0.0,0.0,1.0,0.0,0.0,0.0,0.0,0.0,0.0,0.0,0.0,1.0,0.0,0.0,1.0,1.0,1.0,1.0,1.0,0.0,0.0,0.0,0.0,0.0,1.0,0.0,1.0,1.0,1.0,1.0,0.0,0.0,0.0,0.0,0.0,0.0,0.0,0.0,0.0,0.0
345,213,0.04569406799699758,0.4173054695270869,2,64.09546913862042,137.67166601801378,53.68873590687766,42.69514430985859,53.19292126036558,51.12036554918033,25.51411897235845,16.68636103491196,9.0,9.0,4.160373677163482,4.92487161853438,10.99359159701907,2.0725557111852524,8.827757937446489,-0.7644979413708977,0.0,0.0,0.0,0.0,0.0,1.0,1.0,1.0,1.0,1.0,0.0,0.0,0.0,1.0,1.0,1.0,0.0,0.0,1.0,0.0,0.0,1.0,0.0,1.0,0.0,1.0,1.0,1.0,0.0,0.0,0.0,0.0,0.0,0.0,0.0,0.0,1.0,1.0,1.0,1.0,0.0,0.0,1.0,1.0,0.0,0.0,0.0,1.0,0.0,0.0
346,240,0.18622026411618112,1.134782304020642,3,159.51951577715502,229.37847504870044,23.499734309986597,22.464998310505333,61.085209339851914,49.8709484041584,26.665111308055177,20.80271020180589,13.0,16.0,5.072166270709642,5.4353733687701515,1.0347359994812635,11.214260935693517,5.862401106249287,-0.36320709806050966,0.0,0.0,0.0,0.0,1.0,1.0,1.0,1.0,1.0,1.0,0.0,0.0,1.0,1.0,0.0,0.0,0.0,0.0,0.0,0.0,1.0,1.0,1.0,1.0,1.0,1.0,1.0,1.0,0.0,0.0,0.0,0.0,0.0,0.0,0.0,0.0,1.0,1.0,1.0,1.0,0.0,0.0,0.0,1.0,0.0,0.0,0.0,1.0,0.0,0.0
347,245,0.34668706146993744,1.595160479220741,2,78.60243889610577,102.5362742251145,38.34273953100262,31.696962272635698,65.14099188439167,52.977986513315216,25.652581788293748,19.57140561929348,10.0,11.0,4.364402728166306,4.630216630851606,6.645777258366923,12.163005371076451,6.081176169000269,-0.26581390268529975,0.0,0.0,1.0,0.0,1.0,1.0,1.0,1.0,1.0,1.0,0.0,0.0,1.0,1.0,0.0,0.0,0.0,0.0,0.0,0.0,1.0,1.0,1.0,1.0,1.0,1.0,1.0,1.0,0.0,0.0,0.0,0.0,0.0,0.0,0.0,0.0,1.0,1.0,1.0,1.0,0.0,0.0,0.0,1.0,0.0,0.0,0.0,1.0,0.0,0.0
348,221,-0.0785538890922777,-2.209800005029549,1,184.43759383728744,224.26094904344336,24.25108518724552,23.46918579800087,24.36041147324795,27.59922452646401,23.664663513840832,18.33417410154891,16.0,15.0,5.2173111614785626,5.4128103249128525,0.78189938924465,-3.2388130532160595,5.3304894122919215,-0.1954991634342904,0.0,0.0,0.0,0.0,0.0,1.0,1.0,0.0,1.0,0.0,0.0,0.0,0.0,0.0,0.0,0.0,0.0,0.0,0.0,0.0,0.0,1.0,0.0,0.0,0.0,1.0,1.0,1.0,1.0,0.0,0.0,0.0,0.0,0.0,1.0,0.0,1.0,1.0,1.0,1.0,0.0,0.0,1.0,1.0,0.0,0.0,0.0,0.0,0.0,0.0
350,175,0.06378712603897597,0.5440209679653987,2,112.88384674718243,162.0054557344812,57.24634097389786,46.959635450853455,39.900282224664586,43.43205015074815,26.566662927390094,12.919618413489653,11.0,10.0,4.7263593851636125,5.087630012038654,10.286705523044404,-3.5317679260835604,13.647044513900441,-0.3612706268750422,0.0,0.0,0.0,0.0,1.0,1.0,1.0,1.0,1.0,1.0,0.0,0.0,1.0,0.0,1.0,1.0,0.0,0.0,0.0,0.0,0.0,1.0,0.0,0.0,1.0,1.0,1.0,1.0,1.0,0.0,0.0,0.0,0.0,0.0,1.0,0.0,1.0,1.0,1.0,1.0,0.0,0.0,0.0,0.0,0.0,0.0,0.0,0.0,0.0,0.0
351,253,0.25128060478624764,1.3475137332183649,2,75.51625491618111,187.57451034876925,16.082447314695727,17.192535174128007,33.07053674243189,37.9711728627451,26.901394530461655,21.041723720588237,12.0,14.0,4.324347929984988,5.234176154999326,-1.11008785943228,-4.900636120313209,5.859670809873418,-0.9098282250143384,0.0,0.0,0.0,0.0,1.0,1.0,1.0,1.0,1.0,1.0,0.0,0.0,1.0,0.0,0.0,0.0,0.0,0.0,0.0,0.0,1.0,1.0,1.0,0.0,1.0,1.0,1.0,1.0,0.0,0.0,0.0,0.0,0.0,0.0,0.0,0.0,1.0,1.0,1.0,1.0,0.0,0.0,0.0,0.0,0.0,0.0,0.0,0.0,0.0,0.0
352,310,0.19325515698916454,1.1600914825025048,3,178.4271552837922,99.56420830554596,23.701324892013883,25.22266874029571,67.40921792849134,55.76244795923507,27.837947171444586,24.658944431389926,10.0,8.0,5.184180424278596,4.600802745645312,-1.521343848281827,11.646769969256276,3.17900274005466,0.5833776786332835,0.0,0.0,0.0,0.0,1.0,1.0,1.0,1.0,1.0,1.0,0.0,0.0,1.0,1.0,1.0,1.0,0.0,0.0,0.0,0.0,1.0,1.0,1.0,1.0,1.0,1.0,1.0,1.0,0.0,0.0,0.0,0.0,0.0,0.0,0.0,0.0,1.0,1.0,1.0,1.0,0.0,0.0,0.0,1.0,0.0,0.0,0.0,1.0,0.0,0.0
353,211,0.06342708065353513,0.5416497886363683,2,201.154423728546,174.46026947867307,38.90717437106428,31.755257531605555,54.7735794771522,49.08914995256601,28.462485598636235,16.804869373882028,18.0,15.0,5.304072890341623,5.161697033648343,7.151916839458725,5.684429524586186,11.657616224754207,0.14237585669328076,0.0,0.0,0.0,0.0,0.0,1.0,1.0,1.0,1.0,1.0,1.0,0.0,0.0,1.0,0.0,0.0,0.0,0.0,1.0,0.0,0.0,1.0,0.0,1.0,0.0,1.0,1.0,1.0,1.0,0.0,1.0,0.0,0.0,0.0,1.0,0.0,1.0,1.0,1.0,1.0,0.0,0.0,1.0,1.0,0.0,0.0,0.0,1.0,0.0,0.0
354,143,-0.05527096585665906,-0.9845810280164113,1,423.702579614224,259.600670368313,36.91199504749332,33.07079657278416,22.179569371532303,26.76304560566706,22.99740615370262,10.373933971664698,21.0,17.0,6.049031745917553,5.559144567139055,3.8411984747091594,-4.583476234134757,12.623472182037922,0.48988717877849874,0.0,0.0,0.0,0.0,0.0,1.0,1.0,1.0,1.0,1.0,0.0,0.0,0.0,0.0,0.0,0.0,0.0,0.0,0.0,0.0,0.0,1.0,0.0,0.0,0.0,1.0,1.0,1.0,1.0,1.0,0.0,0.0,0.0,0.0,1.0,1.0,1.0,1.0,1.0,1.0,0.0,0.0,1.0,1.0,0.0,0.0,0.0,0.0,0.0,0.0
355,184,-0.03181954810189658,-0.4472587388184354,1,259.79191934711446,162.4605533284151,45.36705643791972,39.1295572202897,13.770449450905623,22.55854321049623,28.991647190419446,14.56356750857535,15.0,17.0,5.559881000392943,5.090435223553331,6.237499217630024,-8.788093759590605,14.428079681844096,0.4694457768396121,0.0,0.0,0.0,0.0,0.0,1.0,1.0,0.0,1.0,0.0,0.0,0.0,0.0,0.0,0.0,0.0,0.0,0.0,0.0,0.0,0.0,1.0,0.0,0.0,0.0,1.0,1.0,1.0,0.0,0.0,0.0,0.0,0.0,0.0,0.0,0.0,1.0,1.0,1.0,1.0,0.0,0.0,1.0,1.0,0.0,0.0,0.0,0.0,0.0,0.0
356,170,0.09544323899472369,0.7331800839609743,2,107.99738877896839,154.3523859915922,46.47002471994382,39.71557669841057,30.749396922076205,33.66184676788615,27.684965696110424,12.490926420602925,12.0,14.0,4.682107048859413,5.039238209148043,6.75444802153325,-2.912449845809949,15.1940392755075,-0.3571311602886303,0.0,0.0,0.0,0.0,0.0,1.0,1.0,0.0,1.0,0.0,0.0,0.0,0.0,0.0,0.0,0.0,0.0,0.0,0.0,0.0,0.0,1.0,0.0,0.0,0.0,1.0,1.0,1.0,1.0,0.0,0.0,0.0,0.0,0.0,1.0,0.0,1.0,1.0,1.0,1.0,0.0,0.0,1.0,1.0,0.0,0.0,0.0,0.0,0.0,0.0
357,209,-0.021269820441317172,-0.27582987472894144,1,102.21555644620831,107.48662152239584,55.49214968256558,45.38547211312763,44.723143259714845,46.700984000950484,27.148045702124687,16.43682880972954,11.0,10.0,4.6270838819022915,4.677366388868598,10.106677569437949,-1.9778407412356387,10.711216892395147,-0.05028250696630623,0.0,0.0,0.0,0.0,1.0,1.0,1.0,1.0,1.0,1.0,0.0,0.0,1.0,0.0,1.0,1.0,0.0,0.0,0.0,0.0,0.0,1.0,0.0,0.0,1.0,1.0,1.0,1.0,1.0,0.0,0.0,0.0,0.0,0.0,1.0,0.0,1.0,1.0,1.0,1.0,0.0,0.0,0.0,0.0,0.0,0.0,0.0,0.0,0.0,0.0
358,168,0.12383510102274141,0.8769112290696831,3,166.9968442470342,206.8372125899728,61.86767009647742,49.055885409834765,23.643175437371664,33.87211876030534,27.668303797484597,12.933702079007633,8.0,9.0,5.117974915513864,5.331932071271933,12.811784686642653,-10.228943322933677,14.734601718476965,-0.21395715575806945,0.0,0.0,0.0,1.0,1.0,1.0,1.0,1.0,1.0,1.0,0.0,0.0,1.0,0.0,1.0,1.0,0.0,0.0,0.0,0.0,1.0,1.0,1.0,0.0,1.0,1.0,1.0,1.0,0.0,0.0,0.0,0.0,0.0,0.0,0.0,0.0,1.0,1.0,1.0,1.0,0.0,0.0,0.0,0.0,0.0,0.0,0.0,0.0,0.0,0.0
359,276,0.005099362324286115,0.05618444753014355,1,222.0623676666158,192.64559782403305,28.553662899016345,27.379492001898345,17.609607512675332,22.644238336418862,32.18025716838245,21.9343671532398,15.0,17.0,5.402958277852516,5.260852220170199,1.1741708971179996,-5.03463082374353,10.245890015142646,0.1421060576823164,0.0,0.0,0.0,0.0,0.0,1.0,1.0,0.0,1.0,0.0,0.0,0.0,0.0,0.0,0.0,0.0,0.0,0.0,0.0,0.0,0.0,1.0,0.0,0.0,0.0,1.0,1.0,1.0,0.0,0.0,0.0,0.0,0.0,0.0,0.0,0.0,1.0,1.0,1.0,1.0,0.0,0.0,1.0,1.0,0.0,0.0,0.0,0.0,0.0,0.0
360,226,0.12371334535026628,0.8763369356258333,2,166.72061173031256,206.6143076460052,29.037004150802648,27.07354870417573,53.073434420585045,48.30775315544368,28.564260212534993,19.992546831587703,14.0,18.0,5.116319427765999,5.3308538071724945,1.9634554466269165,4.765681265141367,8.57171338094729,-0.21453437940649503,0.0,0.0,0.0,0.0,1.0,1.0,1.0,1.0,1.0,1.0,0.0,0.0,1.0,1.0,0.0,0.0,0.0,0.0,0.0,0.0,0.0,1.0,0.0,1.0,1.0,1.0,1.0,1.0,1.0,0.0,0.0,0.0,0.0,0.0,1.0,0.0,1.0,1.0,1.0,1.0,0.0,0.0,0.0,1.0,0.0,0.0,0.0,1.0,0.0,0.0
361,211,0.15310862617445478,1.0062159283350038,2,179.5130348322842,174.46026947867307,34.918744056359756,31.755257531605555,57.61557913586437,49.08914995256601,28.160743198662846,16.804869373882028,16.0,15.0,5.190247822741865,5.161697033648343,3.1634865247542017,8.526429183298362,11.355873824780819,0.028550789093522686,0.0,0.0,0.0,0.0,1.0,1.0,1.0,1.0,1.0,1.0,0.0,0.0,1.0,1.0,0.0,0.0,0.0,0.0,0.0,0.0,0.0,1.0,0.0,1.0,1.0,1.0,1.0,1.0,1.0,0.0,0.0,0.0,0.0,0.0,1.0,0.0,1.0,1.0,1.0,1.0,0.0,0.0,0.0,1.0,0.0,0.0,0.0,1.0,0.0,0.0
363,266,0.15454851451997828,1.0121643279211623,1,22.66059163037271,74.59885458117026,54.163200002647805,45.663798732788436,41.85621162295082,42.19726245474353,30.91005157377049,20.060545351531378,7.0,9.0,3.1206273642781217,4.312125152952031,8.49940126985937,-0.3410508317927068,10.849506222239114,-1.1914977886739087,0.0,0.0,0.0,0.0,0.0,1.0,1.0,1.0,1.0,1.0,1.0,0.0,0.0,0.0,1.0,1.0,0.0,0.0,1.0,0.0,0.0,1.0,0.0,0.0,0.0,1.0,1.0,1.0,1.0,1.0,1.0,0.0,0.0,0.0,1.0,1.0,1.0,1.0,1.0,1.0,0.0,0.0,1.0,1.0,0.0,0.0,0.0,0.0,0.0,0.0
364,254,0.13787022664521298,0.9409947533018513,2,178.70338780051384,150.32152158817738,20.963666081342595,22.453042896584588,43.04914662568626,43.09293704457831,28.449319018842278,21.95231105060241,16.0,14.0,5.185727380018775,5.012776477380864,-1.489376815241993,-0.043790418892051264,6.497007968239867,0.1729509026379101,0.0,0.0,0.0,0.0,0.0,1.0,1.0,0.0,1.0,0.0,0.0,0.0,0.0,0.0,0.0,0.0,0.0,0.0,0.0,0.0,0.0,1.0,0.0,0.0,0.0,1.0,1.0,1.0,1.0,0.0,0.0,0.0,0.0,0.0,1.0,0.0,1.0,1.0,1.0,1.0,0.0,0.0,1.0,1.0,0.0,0.0,0.0,0.0,0.0,0.0
365,254,0.11523477195569742,0.8355118555662855,2,169.8925230430129,150.32152158817738,22.32842899800237,22.453042896584588,49.82056697886298,43.09293704457831,28.524198827623906,21.95231105060241,18.0,14.0,5.135166019722531,5.012776477380864,-0.1246138985822185,6.727629934284664,6.5718877770214945,0.1223895423416665,0.0,0.0,0.0,0.0,0.0,1.0,1.0,0.0,1.0,0.0,0.0,0.0,0.0,0.0,0.0,0.0,0.0,0.0,1.0,0.0,0.0,1.0,0.0,0.0,0.0,1.0,1.0,1.0,0.0,0.0,0.0,0.0,0.0,0.0,0.0,0.0,1.0,1.0,1.0,1.0,0.0,0.0,1.0,1.0,0.0,0.0,0.0,0.0,0.0,0.0
366,226,0.11393401078975327,0.8290984464272665,2,202.15457594426232,206.6143076460052,26.254496705681014,27.07354870417573,55.18862691363143,48.30775315544368,29.53971337897564,19.992546831587703,17.0,18.0,5.309032632210805,5.3308538071724945,-0.819051998494718,6.880873758187754,9.547166547387938,-0.021821174961689484,0.0,0.0,0.0,0.0,1.0,1.0,1.0,1.0,1.0,1.0,0.0,0.0,1.0,1.0,0.0,0.0,0.0,0.0,0.0,0.0,0.0,1.0,0.0,1.0,1.0,1.0,1.0,1.0,1.0,0.0,0.0,0.0,0.0,0.0,1.0,0.0,1.0,1.0,1.0,1.0,0.0,0.0,0.0,1.0,0.0,0.0,0.0,1.0,0.0,0.0
367,234,0.19055576370786856,1.1504555615413365,2,125.80009821871896,149.68995758026907,37.726978568403716,33.62592403134543,71.83583345358522,57.31116179130731,27.34444083516317,19.198663112272754,10.0,9.0,4.834694125018968,5.008566205543238,4.101054537058289,14.52467166227791,8.145777722890415,-0.17387208052426972,0.0,0.0,1.0,0.0,1.0,1.0,1.0,1.0,1.0,1.0,0.0,0.0,1.0,1.0,1.0,1.0,0.0,0.0,0.0,0.0,1.0,1.0,1.0,1.0,1.0,1.0,1.0,1.0,0.0,0.0,0.0,0.0,0.0,0.0,0.0,0.0,1.0,1.0,1.0,1.0,0.0,0.0,0.0,1.0,0.0,0.0,0.0,1.0,0.0,0.0
368,183,0.10195346766375636,0.7680100190087394,3,198.75405841082681,246.19851061225862,41.90365915057306,36.14177464783032,27.11813820864085,29.65142051177003,28.613593936643344,16.65745514531462,15.0,17.0,5.292068173003079,5.506138164228638,5.761884502742745,-2.5332823031291802,11.956138791328723,-0.2140699912255588,0.0,0.0,0.0,0.0,0.0,1.0,1.0,1.0,1.0,1.0,0.0,0.0,0.0,0.0,0.0,0.0,0.0,0.0,0.0,0.0,0.0,1.0,0.0,0.0,0.0,1.0,1.0,1.0,1.0,1.0,0.0,0.0,0.0,0.0,1.0,1.0,1.0,1.0,1.0,1.0,0.0,0.0,1.0,1.0,0.0,0.0,0.0,0.0,0.0,0.0
369,213,0.0652752164247661,0.553761994238037,2,94.68107642114533,137.67166601801378,51.676673247881276,42.69514430985859,57.50838413239437,51.12036554918033,27.16488101001006,16.68636103491196,9.0,9.0,4.550514153625784,4.92487161853438,8.981528938022684,6.388018583214041,10.478519975098099,-0.3743574649085959,0.0,0.0,0.0,0.0,0.0,1.0,1.0,1.0,1.0,1.0,0.0,0.0,0.0,1.0,1.0,1.0,0.0,0.0,1.0,0.0,0.0,1.0,0.0,1.0,0.0,1.0,1.0,1.0,0.0,0.0,0.0,0.0,0.0,0.0,0.0,0.0,1.0,1.0,1.0,1.0,0.0,0.0,1.0,1.0,0.0,0.0,0.0,1.0,0.0,0.0
371,225,0.18159130448487687,1.1177724822498756,1,77.2974783860759,198.87764854912834,18.29755955111287,19.542464752080054,45.624478609242146,43.77494791416429,27.279866318484288,20.166560131018542,9.0,17.0,4.347661333923855,5.292689804226737,-1.2449052009671853,1.8495306950778598,7.113306187465746,-0.9450284703028812,0.0,0.0,0.0,0.0,1.0,1.0,1.0,1.0,1.0,1.0,0.0,0.0,1.0,0.0,0.0,0.0,0.0,0.0,0.0,0.0,0.0,1.0,0.0,0.0,1.0,1.0,0.0,1.0,1.0,0.0,0.0,0.0,0.0,0.0,1.0,0.0,1.0,1.0,1.0,1.0,0.0,0.0,0.0,0.0,0.0,0.0,0.0,0.0,0.0,0.0
372,283,0.17263365182314502,1.0840111153505094,2,97.01476492448342,104.29165065885967,20.201811858424982,21.404376504213626,63.56289259749632,54.04354010205717,27.571793797201767,22.238224347715736,8.0,7.0,4.57486318263607,4.647191307593059,-1.2025646457886445,9.51935249543915,5.333569449486031,-0.07232812495698852,0.0,0.0,0.0,0.0,1.0,1.0,1.0,1.0,1.0,1.0,0.0,0.0,1.0,1.0,1.0,1.0,0.0,0.0,0.0,0.0,1.0,1.0,1.0,1.0,1.0,1.0,1.0,1.0,0.0,0.0,0.0,0.0,0.0,0.0,0.0,0.0,1.0,1.0,1.0,1.0,0.0,0.0,0.0,1.0,0.0,0.0,0.0,1.0,0.0,0.0
374,202,0.09742778854028304,0.7439266045805891,1,179.69401475703287,175.96487785045466,26.74141262331289,24.788138475451888,46.374733414285714,43.73045805734719,28.372013102623907,15.487484921777684,18.0,13.0,5.191255486373575,5.170284417456,1.953274147861002,2.644275356938522,12.884528180846223,0.020971068917574984,0.0,0.0,0.0,0.0,0.0,1.0,1.0,0.0,1.0,0.0,0.0,0.0,0.0,1.0,0.0,0.0,0.0,0.0,0.0,0.0,0.0,1.0,0.0,1.0,0.0,1.0,1.0,1.0,1.0,0.0,0.0,0.0,0.0,0.0,1.0,0.0,1.0,1.0,1.0,1.0,0.0,0.0,1.0,1.0,0.0,0.0,0.0,0.0,0.0,0.0
375,168,0.15586735750745775,1.0175817971698389,2,145.35545535077242,206.8372125899728,61.48595490549569,49.055885409834765,29.523208904292265,33.87211876030534,27.292940079947574,12.933702079007633,10.0,9.0,4.979182158813612,5.331932071271933,12.430069495660923,-4.348909856013076,14.359238000939941,-0.35274991245832116,0.0,0.0,1.0,1.0,1.0,1.0,1.0,1.0,1.0,1.0,0.0,0.0,1.0,0.0,1.0,1.0,0.0,0.0,0.0,0.0,1.0,1.0,1.0,0.0,1.0,1.0,1.0,1.0,0.0,0.0,0.0,0.0,0.0,0.0,0.0,0.0,1.0,1.0,1.0,1.0,0.0,0.0,0.0,0.0,0.0,0.0,0.0,0.0,0.0,0.0
376,225,0.15807941126529435,1.0266029654783806,3,186.64745397106063,198.87764854912834,16.90457198147851,19.542464752080054,48.73754325968359,43.77494791416429,28.58996951513141,20.166560131018542,16.0,17.0,5.2292215646088955,5.292689804226737,-2.6378927706015425,4.962595345519304,8.423409384112869,-0.06346823961784101,0.0,0.0,0.0,0.0,0.0,1.0,1.0,1.0,1.0,1.0,0.0,0.0,0.0,0.0,0.0,0.0,0.0,0.0,0.0,0.0,0.0,1.0,0.0,0.0,0.0,1.0,1.0,1.0,0.0,0.0,0.0,0.0,0.0,0.0,0.0,0.0,1.0,1.0,1.0,1.0,0.0,0.0,1.0,0.0,0.0,0.0,0.0,0.0,0.0,0.0
377,182,0.11543038956817663,0.8364728010379026,2,348.5578098067375,200.9580946928263,29.312437578943918,26.273132797958098,37.793870965075286,38.00652699669548,28.367330064698166,15.6083265,16.0,12.0,5.8538040982421,5.30309640220795,3.0393047809858196,-0.21265603162019175,12.759003564698165,0.5507076960341509,0.0,0.0,0.0,0.0,0.0,1.0,1.0,1.0,1.0,1.0,0.0,0.0,0.0,0.0,0.0,0.0,0.0,0.0,0.0,0.0,1.0,1.0,0.0,0.0,0.0,1.0,1.0,1.0,1.0,1.0,0.0,0.0,0.0,0.0,1.0,1.0,1.0,1.0,1.0,1.0,1.0,0.0,1.0,1.0,0.0,0.0,0.0,0.0,0.0,0.0
378,278,0.1913079107224435,1.1531498166492744,2,87.91814239106353,74.18090781123094,46.08239392748937,36.66771527474928,65.98633146971831,55.28038200995368,27.59304567676056,21.76542535188431,9.0,6.0,4.476406181472062,4.3065068099379085,9.414678652740093,10.705949459764632,5.82762032487625,0.1698993715341528,0.0,0.0,1.0,0.0,1.0,1.0,1.0,1.0,1.0,1.0,0.0,0.0,1.0,1.0,1.0,1.0,0.0,0.0,0.0,0.0,1.0,1.0,1.0,1.0,1.0,1.0,1.0,1.0,0.0,0.0,0.0,0.0,0.0,0.0,0.0,0.0,1.0,1.0,1.0,1.0,0.0,0.0,0.0,1.0,0.0,0.0,0.0,1.0,0.0,0.0
380,228,0.03865406752092026,0.36330849553670175,3,481.2541956843005,183.96159271529373,39.720366855109646,34.939184331838376,15.659850920354682,22.17821570666936,31.842676916980047,17.73636291866512,22.0,17.0,6.17639560386903,5.214727000577784,4.781182523271269,-6.518364786314677,14.106313998314928,0.9616686032912458,0.0,0.0,0.0,0.0,0.0,1.0,1.0,0.0,1.0,0.0,0.0,0.0,0.0,0.0,0.0,0.0,0.0,0.0,0.0,0.0,0.0,1.0,0.0,0.0,0.0,1.0,1.0,1.0,1.0,0.0,0.0,0.0,0.0,0.0,1.0,0.0,1.0,1.0,1.0,1.0,0.0,0.0,1.0,1.0,0.0,0.0,0.0,0.0,0.0,0.0
381,156,0.08912918940760454,0.6981998011902009,1,222.46242855290234,378.6969243890234,40.416846872339086,35.77193667678736,34.948705699421964,35.95822003474028,29.434995212524086,14.545553077426792,11.0,18.0,5.4047582269113725,5.936736213377604,4.644910195551724,-1.0095143353183147,14.889442135097294,-0.5319779864662317,0.0,0.0,0.0,0.0,0.0,1.0,1.0,1.0,1.0,1.0,0.0,0.0,0.0,0.0,0.0,0.0,0.0,0.0,0.0,0.0,1.0,1.0,0.0,0.0,0.0,1.0,1.0,1.0,1.0,1.0,0.0,0.0,0.0,0.0,1.0,1.0,1.0,1.0,1.0,1.0,1.0,0.0,1.0,1.0,0.0,0.0,0.0,0.0,0.0,0.0
382,212,0.21125640887727198,1.2220796712826598,2,120.54215514181028,171.16313384915173,41.03278559677761,35.351679565131825,63.5002205451205,51.92761292935048,28.678954706953775,18.344941577405177,13.0,17.0,4.791999526954388,5.142617100852557,5.681106031645783,11.572607615770018,10.334013129548598,-0.35061757389816867,0.0,0.0,0.0,0.0,1.0,1.0,1.0,1.0,1.0,1.0,0.0,0.0,1.0,1.0,0.0,0.0,0.0,0.0,0.0,0.0,0.0,1.0,0.0,1.0,1.0,1.0,1.0,1.0,1.0,0.0,0.0,0.0,0.0,0.0,1.0,0.0,1.0,1.0,1.0,1.0,0.0,0.0,0.0,1.0,0.0,0.0,0.0,1.0,0.0,0.0
383,173,0.13033710849997784,0.9071102787076591,1,83.58414945629278,204.45027214831933,55.62592659409234,45.41718443598656,22.777453746666666,31.913588100667788,27.75792756,15.344781145822921,10.0,19.0,4.42585390230923,5.320324777933851,10.208742158105778,-9.136134354001122,12.413146414177078,-0.8944708756246207,0.0,0.0,0.0,1.0,1.0,1.0,1.0,1.0,1.0,1.0,0.0,0.0,1.0,0.0,0.0,0.0,0.0,0.0,0.0,0.0,1.0,1.0,1.0,0.0,1.0,1.0,1.0,1.0,0.0,0.0,0.0,0.0,0.0,0.0,0.0,0.0,1.0,1.0,1.0,1.0,0.0,0.0,0.0,0.0,0.0,0.0,0.0,0.0,0.0,0.0
386,278,0.37295005900157546,1.653792986658821,1,41.01576610356658,74.18090781123094,44.23956063591116,36.66771527474928,68.90557246992569,55.28038200995368,27.423053178588017,21.76542535188431,6.0,6.0,3.713956531899472,4.3065068099379085,7.571845361161884,13.62519045997201,5.657627826703706,-0.5925502780384367,0.0,0.0,1.0,0.0,1.0,1.0,1.0,1.0,1.0,1.0,0.0,0.0,1.0,1.0,1.0,1.0,0.0,0.0,0.0,0.0,1.0,1.0,1.0,1.0,1.0,1.0,1.0,1.0,0.0,0.0,0.0,0.0,0.0,0.0,0.0,0.0,1.0,1.0,1.0,1.0,0.0,0.0,0.0,1.0,0.0,0.0,0.0,1.0,0.0,0.0
388,151,0.10445719672351961,0.7810885634960123,1,156.59526120358444,245.91987943229907,31.555873218839444,28.95455627624805,48.622650510218975,41.93794706101292,29.589817308667882,13.095044135622025,13.0,14.0,5.0536645225853345,5.505005789518122,2.601316942591396,6.684703449206054,16.494773173045857,-0.45134126693278726,0.0,0.0,0.0,0.0,0.0,1.0,1.0,1.0,1.0,1.0,0.0,0.0,0.0,0.0,0.0,0.0,0.0,0.0,0.0,0.0,0.0,1.0,0.0,0.0,0.0,1.0,1.0,1.0,1.0,0.0,0.0,0.0,0.0,0.0,1.0,0.0,1.0,1.0,1.0,1.0,0.0,0.0,1.0,1.0,0.0,0.0,0.0,0.0,0.0,0.0
390,206,-0.0036613097708510602,-0.04238033734517306,1,321.72515464794816,138.29394231992345,51.9608562092114,43.24187997389283,12.578843132357294,23.84436698220282,30.028292401927402,17.404007219274682,17.0,16.0,5.773697624063265,4.929381436698574,8.718976235318571,-11.265523849845527,12.62428518265272,0.8443161873646912,0.0,0.0,0.0,0.0,0.0,1.0,1.0,1.0,1.0,1.0,0.0,0.0,0.0,0.0,0.0,0.0,0.0,0.0,0.0,0.0,0.0,1.0,0.0,0.0,0.0,1.0,1.0,1.0,0.0,0.0,0.0,0.0,0.0,0.0,0.0,0.0,1.0,1.0,1.0,1.0,0.0,0.0,1.0,1.0,0.0,0.0,0.0,0.0,0.0,0.0
391,232,0.0693462834598813,0.5799362340135091,2,102.76802147965161,103.57649729696348,53.4931458304139,44.36655656817858,31.881879159328943,37.83900806276901,29.684535831124293,17.788934253631638,12.0,11.0,4.632474229526504,4.640310444020825,9.12658926223532,-5.9571289034400685,11.895601577492656,-0.007836214494320953,0.0,0.0,0.0,1.0,1.0,1.0,1.0,1.0,1.0,1.0,0.0,0.0,1.0,0.0,0.0,0.0,0.0,0.0,0.0,0.0,0.0,1.0,0.0,0.0,1.0,1.0,1.0,1.0,1.0,0.0,0.0,0.0,0.0,0.0,1.0,0.0,1.0,1.0,1.0,1.0,0.0,0.0,0.0,0.0,0.0,0.0,0.0,0.0,0.0,0.0
392,173,0.10329019754076876,0.7750138724372491,3,213.92779631212304,204.45027214831933,55.07034986313152,45.41718443598656,27.30059096313282,31.913588100667788,30.541362231354913,15.344781145822921,20.0,19.0,5.365638557678887,5.320324777933851,9.653165427144955,-4.612997137534968,15.196581085531992,0.0453137797450355,0.0,0.0,0.0,1.0,1.0,1.0,1.0,1.0,1.0,1.0,0.0,0.0,1.0,0.0,0.0,0.0,0.0,0.0,0.0,0.0,0.0,1.0,0.0,0.0,1.0,1.0,1.0,1.0,1.0,0.0,0.0,0.0,0.0,0.0,1.0,0.0,1.0,1.0,1.0,1.0,0.0,0.0,0.0,0.0,0.0,0.0,0.0,0.0,0.0,0.0
393,277,0.0076291120022299545,0.08292771375413292,1,249.9904276330945,137.85742013798682,13.72890503555009,16.60407021552651,21.682708618536864,30.17430682230681,30.276819808954084,22.377043811459945,14.0,11.0,5.521422627661564,4.926219963645285,-2.8751651799764186,-8.491598203769946,7.899775997494139,0.5952026640162792,0.0,0.0,0.0,0.0,1.0,1.0,1.0,1.0,1.0,1.0,0.0,0.0,1.0,0.0,0.0,0.0,0.0,0.0,0.0,0.0,1.0,1.0,1.0,0.0,1.0,1.0,1.0,1.0,0.0,0.0,0.0,0.0,0.0,0.0,0.0,0.0,1.0,1.0,1.0,1.0,0.0,0.0,0.0,0.0,0.0,0.0,0.0,0.0,0.0,0.0
394,189,-0.07858532016481598,-2.2130518268753283,1,239.08400585218791,215.47477916871887,23.739813828678034,22.089537547607456,15.556513154880479,22.880695787456897,29.982033578366533,17.550758228081897,17.0,16.0,5.476814979095039,5.372843868674921,1.6502762810705782,-7.324182632576418,12.431275350284636,0.103971110420118,0.0,0.0,0.0,0.0,0.0,1.0,1.0,0.0,1.0,0.0,0.0,0.0,0.0,0.0,0.0,0.0,0.0,0.0,0.0,0.0,0.0,1.0,0.0,0.0,0.0,1.0,0.0,1.0,0.0,0.0,0.0,0.0,0.0,0.0,0.0,0.0,1.0,1.0,1.0,1.0,0.0,0.0,1.0,1.0,0.0,0.0,0.0,0.0,0.0,0.0
395,257,0.018158920684580446,0.1871441602357234,1,284.1099060778171,258.6440366504519,47.01533662788093,39.71195925344719,25.612838536074698,28.231427266805518,31.06580217613236,16.606482472708993,20.0,19.0,5.649361156530389,5.555452740511795,7.303377374433737,-2.6185887307308207,14.459319703423368,0.09390841601859432,0.0,0.0,0.0,0.0,0.0,1.0,1.0,1.0,1.0,1.0,0.0,0.0,0.0,0.0,0.0,0.0,0.0,0.0,0.0,0.0,0.0,1.0,0.0,0.0,0.0,1.0,1.0,1.0,1.0,0.0,0.0,0.0,0.0,0.0,1.0,0.0,1.0,1.0,1.0,1.0,0.0,0.0,1.0,1.0,0.0,0.0,0.0,0.0,0.0,0.0
396,209,0.06008612537085541,0.5193746291833383,1,50.88393463196764,107.48662152239584,54.67890292444694,45.38547211312763,48.31173232749906,46.700984000950484,28.082001505990267,16.43682880972954,8.0,10.0,3.92954724764507,4.677366388868598,9.293430811319304,1.610748326548574,11.645172696260726,-0.7478191412235276,0.0,0.0,0.0,0.0,0.0,1.0,1.0,1.0,1.0,1.0,1.0,0.0,0.0,0.0,1.0,1.0,0.0,0.0,1.0,0.0,0.0,1.0,0.0,0.0,0.0,1.0,1.0,1.0,1.0,0.0,1.0,0.0,0.0,0.0,1.0,0.0,1.0,1.0,1.0,1.0,0.0,0.0,1.0,0.0,0.0,0.0,0.0,0.0,0.0,0.0
397,173,0.13339016067664464,0.9209817734474844,1,110.1310468391632,204.45027214831933,58.608004737091335,45.41718443598656,23.608054946419305,31.913588100667788,30.151968573689672,15.344781145822921,13.0,19.0,4.701670991617585,5.320324777933851,13.190820301104772,-8.305533154248483,14.80718742786675,-0.6186537863162659,0.0,0.0,0.0,1.0,1.0,1.0,1.0,1.0,1.0,1.0,0.0,0.0,1.0,0.0,0.0,0.0,0.0,0.0,0.0,0.0,1.0,1.0,1.0,0.0,1.0,1.0,1.0,1.0,0.0,0.0,0.0,0.0,0.0,0.0,0.0,0.0,1.0,1.0,1.0,1.0,0.0,0.0,0.0,0.0,0.0,0.0,0.0,0.0,0.0,0.0
398,333,0.26082235695871725,1.375230054856644,1,99.71041327731885,128.18891819339044,9.651262455886938,14.789528965603633,35.2669086312094,37.568070601543255,29.400359552350018,27.622793720475293,6.0,9.0,4.6022701176252,4.853505099201067,-5.138266509716695,-2.301161970333858,1.7775658318747247,-0.25123498157586666,0.0,0.0,0.0,1.0,1.0,1.0,1.0,1.0,1.0,1.0,0.0,0.0,1.0,0.0,1.0,1.0,0.0,0.0,0.0,0.0,1.0,1.0,1.0,0.0,1.0,1.0,1.0,1.0,0.0,0.0,0.0,0.0,0.0,0.0,0.0,0.0,1.0,1.0,1.0,1.0,0.0,0.0,0.0,0.0,0.0,0.0,0.0,0.0,0.0,0.0
399,303,0.10531420051382001,0.7855262229371689,2,107.27346907997371,167.5130653916816,18.094521916841078,18.978716379750896,59.468284551145445,49.833760416417164,29.835322679808204,25.762422706836325,9.0,9.0,4.675381359789728,5.121061350561495,-0.884194462909818,9.63452413472828,4.072899972971879,-0.445679990771767,0.0,0.0,0.0,0.0,1.0,1.0,1.0,1.0,1.0,1.0,0.0,0.0,1.0,1.0,1.0,1.0,0.0,0.0,0.0,0.0,1.0,1.0,1.0,1.0,1.0,1.0,1.0,1.0,0.0,0.0,0.0,0.0,0.0,0.0,0.0,0.0,1.0,1.0,1.0,1.0,0.0,0.0,0.0,1.0,0.0,0.0,0.0,1.0,0.0,0.0
400,221,-0.07386797888464396,-1.8150511917829268,1,125.04760274213238,224.26094904344336,24.930960924626895,23.46918579800087,20.439508587408593,27.59922452646401,29.941226018281533,18.33417410154891,13.0,15.0,4.828694486745091,5.4128103249128525,1.4617751266260264,-7.159715939055417,11.607051916732622,-0.5841158381677618,0.0,0.0,0.0,0.0,0.0,1.0,1.0,0.0,1.0,0.0,0.0,0.0,0.0,0.0,0.0,0.0,0.0,0.0,0.0,0.0,0.0,1.0,0.0,0.0,0.0,1.0,0.0,1.0,0.0,0.0,0.0,0.0,0.0,0.0,0.0,0.0,1.0,1.0,1.0,1.0,0.0,0.0,1.0,1.0,0.0,0.0,0.0,0.0,0.0,0.0
401,307,0.21618905414450848,1.2384155674752149,2,149.80375139591072,173.95873335474587,33.00866643092024,31.043507639322566,71.55006495285178,55.492403490816876,29.034928880746484,25.46329926022424,11.0,13.0,5.009326113465889,5.158818106458654,1.965158791597677,16.057661462034908,3.571629620522245,-0.14949199299276472,0.0,0.0,1.0,0.0,1.0,1.0,1.0,1.0,1.0,1.0,0.0,0.0,1.0,1.0,1.0,1.0,0.0,0.0,0.0,0.0,1.0,1.0,1.0,1.0,1.0,1.0,1.0,1.0,0.0,0.0,0.0,0.0,0.0,0.0,0.0,0.0,1.0,1.0,1.0,1.0,0.0,0.0,0.0,1.0,0.0,0.0,0.0,1.0,0.0,0.0
402,216,0.013774374137225237,0.14506055257067338,2,125.21905740768375,144.74889798898636,35.655095932084585,31.634092763200364,24.285654608968507,26.846789404331087,31.041259956298497,17.797120328200194,11.0,12.0,4.830064662798685,4.975000503221957,4.021003168884221,-2.5611347953625803,13.244139628098303,-0.1449358404232719,0.0,0.0,0.0,0.0,0.0,1.0,1.0,1.0,1.0,1.0,0.0,0.0,0.0,0.0,0.0,0.0,0.0,0.0,0.0,0.0,0.0,1.0,0.0,0.0,0.0,1.0,1.0,1.0,1.0,1.0,0.0,0.0,0.0,0.0,1.0,1.0,1.0,1.0,1.0,1.0,0.0,0.0,1.0,1.0,0.0,0.0,0.0,0.0,0.0,0.0
403,234,0.23148983486368382,1.28745461169856,2,116.4177179093801,149.68995758026907,40.081190724917896,33.62592403134543,68.95327098453608,57.31116179130731,29.660653534609718,19.198663112272754,12.0,9.0,4.757184739430024,5.008566205543238,6.455266693572469,11.642109193228762,10.461990422336964,-0.2513814661132133,0.0,0.0,1.0,0.0,1.0,1.0,1.0,1.0,1.0,1.0,0.0,0.0,1.0,1.0,1.0,1.0,0.0,0.0,0.0,0.0,1.0,1.0,1.0,1.0,1.0,1.0,1.0,1.0,0.0,0.0,0.0,0.0,0.0,0.0,0.0,0.0,1.0,1.0,1.0,1.0,0.0,0.0,0.0,1.0,0.0,0.0,0.0,1.0,0.0,0.0
404,144,0.09160117840270518,0.7120409089345691,3,213.81349320175545,266.1113522733678,39.77720959035046,33.84014511743814,46.93473534859892,43.201428894963705,30.247194174277187,11.485950960299455,16.0,18.0,5.365104107926709,5.583914838754862,5.9370644729123185,3.7333064536352154,18.761243213977732,-0.21881073082815247,0.0,0.0,0.0,0.0,0.0,1.0,1.0,0.0,1.0,0.0,0.0,0.0,0.0,1.0,0.0,0.0,0.0,0.0,0.0,0.0,1.0,1.0,0.0,1.0,0.0,1.0,1.0,1.0,1.0,0.0,0.0,0.0,0.0,0.0,1.0,0.0,1.0,1.0,1.0,1.0,1.0,0.0,1.0,1.0,0.0,0.0,0.0,0.0,0.0,0.0
406,235,0.11900825464883905,0.8538876227114894,1,88.28010224056085,155.51334924142367,49.27985224600249,39.13362424929269,50.346535781128615,48.429054010481366,29.385254613185154,19.332724419642858,12.0,13.0,4.480514739527431,5.046731575146356,10.146227996709804,1.9174817706472496,10.052530193542296,-0.5662168356189249,0.0,0.0,0.0,0.0,0.0,1.0,1.0,1.0,1.0,1.0,1.0,0.0,0.0,1.0,0.0,0.0,0.0,0.0,1.0,0.0,0.0,1.0,0.0,1.0,0.0,1.0,1.0,1.0,1.0,0.0,1.0,0.0,0.0,0.0,1.0,0.0,1.0,1.0,1.0,1.0,0.0,0.0,1.0,1.0,0.0,0.0,0.0,1.0,0.0,0.0
407,240,0.10261138353007696,0.7714633278197456,3,187.35232315166073,229.37847504870044,22.329309553912,22.464998310505333,57.818530356245866,49.8709484041584,30.346327781559815,20.80271020180589,17.0,16.0,5.232990925225057,5.4353733687701515,-0.13568875659333202,7.947581952087468,9.543617579753924,-0.20238244354509508,0.0,0.0,0.0,0.0,1.0,1.0,1.0,1.0,1.0,1.0,0.0,0.0,1.0,1.0,0.0,0.0,0.0,0.0,0.0,0.0,1.0,1.0,1.0,1.0,1.0,1.0,1.0,1.0,0.0,0.0,0.0,0.0,0.0,0.0,0.0,0.0,1.0,1.0,1.0,1.0,0.0,0.0,0.0,1.0,0.0,0.0,0.0,1.0,0.0,0.0
408,306,0.15364995253525418,1.0084563832755045,2,161.17691087748491,187.68596282075305,26.713261751389304,27.212469061372946,62.15006364833638,51.0134953628266,30.946314425595418,25.602157765439433,16.0,15.0,5.08250258704379,5.234770155610792,-0.4992073099836425,11.136568285509775,5.344156660155985,-0.15226756856700172,0.0,0.0,0.0,0.0,1.0,1.0,1.0,1.0,1.0,1.0,0.0,0.0,1.0,0.0,0.0,0.0,0.0,0.0,0.0,0.0,1.0,1.0,1.0,0.0,1.0,1.0,1.0,1.0,0.0,1.0,0.0,0.0,0.0,0.0,0.0,1.0,1.0,1.0,1.0,1.0,0.0,0.0,0.0,1.0,0.0,0.0,0.0,0.0,0.0,0.0
409,310,0.19733134225119922,1.17446836117061,2,119.23719463178041,99.56420830554596,27.810339838065243,25.22266874029571,69.59604435500879,55.76244795923507,29.48509443321617,24.658944431389926,10.0,8.0,4.7811147414598105,4.600802745645312,2.587671097769533,13.833596395773718,4.826150001826242,0.18031199581449792,0.0,0.0,1.0,0.0,1.0,1.0,1.0,1.0,1.0,1.0,0.0,0.0,1.0,1.0,1.0,1.0,0.0,0.0,0.0,0.0,1.0,1.0,1.0,1.0,1.0,1.0,1.0,1.0,0.0,0.0,0.0,0.0,0.0,0.0,0.0,0.0,1.0,1.0,1.0,1.0,0.0,0.0,0.0,1.0,0.0,0.0,0.0,1.0,0.0,0.0
410,151,0.11288509873083388,0.8238966551098476,2,232.47347596926286,245.91987943229907,34.919831254705656,28.95455627624805,47.12766813334836,41.93794706101292,30.855444452778006,13.095044135622025,16.0,14.0,5.4487761366669485,5.505005789518122,5.965274978457607,5.189721072335438,17.76040031715598,-0.056229652851173435,0.0,0.0,0.0,0.0,0.0,1.0,1.0,1.0,1.0,1.0,0.0,0.0,0.0,0.0,0.0,0.0,0.0,0.0,0.0,0.0,0.0,1.0,0.0,0.0,0.0,1.0,1.0,1.0,1.0,0.0,0.0,0.0,0.0,0.0,1.0,0.0,1.0,1.0,1.0,1.0,0.0,0.0,1.0,1.0,0.0,0.0,0.0,0.0,0.0,0.0
411,279,0.08192946277504821,0.6567600828779137,3,117.22736494115046,104.10589653888663,48.141092897337195,38.81780667876794,61.73048734224425,52.686068723258096,29.61796812297879,22.64941652502453,12.0,9.0,4.764115339147501,4.645408617041615,9.323286218569258,9.044418618986157,6.96855159795426,0.11870672210588522,0.0,0.0,0.0,0.0,1.0,1.0,1.0,1.0,1.0,1.0,0.0,0.0,1.0,1.0,1.0,1.0,0.0,0.0,0.0,0.0,0.0,1.0,0.0,1.0,1.0,1.0,1.0,1.0,1.0,0.0,0.0,0.0,0.0,0.0,1.0,0.0,1.0,1.0,1.0,1.0,0.0,0.0,0.0,1.0,0.0,0.0,0.0,1.0,0.0,0.0
412,260,0.056636472125413125,0.4958419373624608,2,108.66415692277927,85.23327794962643,57.203200073284954,47.622297757012795,34.397396687982116,37.398554206603464,30.859897585597825,19.272407710199413,12.0,9.0,4.688261996629241,4.445391943839533,9.580902316272159,-3.0011575186213477,11.587489875398411,0.24287005278970802,0.0,0.0,0.0,1.0,1.0,1.0,1.0,1.0,1.0,1.0,0.0,0.0,1.0,0.0,1.0,1.0,0.0,0.0,0.0,0.0,0.0,1.0,0.0,0.0,1.0,1.0,1.0,1.0,1.0,0.0,0.0,0.0,0.0,0.0,1.0,0.0,1.0,1.0,1.0,1.0,0.0,0.0,0.0,0.0,0.0,0.0,0.0,0.0,0.0,0.0
413,333,0.2578437331132875,1.3666601083453271,1,128.4100192387787,128.18891819339044,10.742514547007989,14.789528965603633,40.620223926711674,37.568070601543255,29.499067518804242,27.622793720475293,9.0,9.0,4.855228419666228,4.853505099201067,-4.047014418595644,3.052153325168419,1.876273798328949,0.0017233204651608445,0.0,0.0,0.0,1.0,1.0,1.0,1.0,1.0,1.0,1.0,0.0,0.0,1.0,0.0,1.0,1.0,0.0,0.0,0.0,0.0,1.0,1.0,1.0,0.0,1.0,1.0,1.0,1.0,0.0,0.0,0.0,0.0,0.0,0.0,0.0,0.0,1.0,1.0,1.0,1.0,0.0,0.0,0.0,0.0,0.0,0.0,0.0,0.0,0.0,0.0
414,245,0.15444709673025955,1.0117465118453919,4,224.3293793555728,102.5362742251145,36.3334638862799,31.696962272635698,63.38800181854274,52.977986513315216,30.288941966370853,19.57140561929348,19.0,11.0,5.413115415363217,4.630216630851606,4.636501613644203,10.410015305227525,10.717536347077374,0.7828987845116111,0.0,0.0,0.0,0.0,1.0,1.0,1.0,1.0,1.0,1.0,0.0,0.0,1.0,1.0,0.0,0.0,0.0,0.0,0.0,0.0,0.0,1.0,0.0,1.0,1.0,1.0,1.0,1.0,1.0,0.0,0.0,0.0,0.0,0.0,1.0,0.0,1.0,1.0,1.0,1.0,0.0,0.0,0.0,1.0,0.0,0.0,0.0,1.0,0.0,0.0
415,219,0.07713557982779048,0.6281836294023336,1,136.8874999243742,264.5045791356011,45.612667106309864,36.23860312228136,47.35754739631898,44.58670327230591,30.70449091402825,19.36301780996524,15.0,16.0,4.919159420049411,5.5778585635704285,9.374063984028503,2.770844124013067,11.34147310406301,-0.6586991435210173,0.0,0.0,0.0,0.0,0.0,1.0,1.0,1.0,1.0,1.0,1.0,0.0,0.0,1.0,0.0,0.0,0.0,0.0,0.0,0.0,1.0,1.0,0.0,1.0,0.0,1.0,1.0,1.0,0.0,0.0,1.0,0.0,0.0,0.0,0.0,0.0,1.0,1.0,1.0,1.0,1.0,0.0,1.0,1.0,0.0,0.0,0.0,1.0,0.0,0.0
416,260,0.12220622251295399,0.8692007407527562,2,86.07976736598495,85.23327794962643,58.773863051077484,47.622297757012795,31.608568186123716,37.398554206603464,29.592689756833018,19.272407710199413,9.0,9.0,4.4552743938771195,4.445391943839533,11.151565294064689,-5.789986020479748,10.320282046633604,0.009882450037586785,0.0,0.0,1.0,1.0,1.0,1.0,1.0,1.0,1.0,1.0,0.0,0.0,1.0,0.0,1.0,1.0,0.0,0.0,0.0,0.0,1.0,1.0,1.0,0.0,1.0,1.0,1.0,1.0,0.0,0.0,0.0,0.0,0.0,0.0,0.0,0.0,1.0,1.0,1.0,1.0,0.0,0.0,0.0,0.0,0.0,0.0,0.0,0.0,0.0,0.0
417,286,-0.08176874085094878,-2.613363801864265,1,235.00719491574424,209.2427284436236,20.480337110827435,19.869595920325875,11.652323118859435,24.042707581938835,31.79011368294017,25.7043710253895,15.0,16.0,5.45961613033822,5.343494958197662,0.6107411905015603,-12.3903844630794,6.0857426575506715,0.11612117214055719,0.0,0.0,0.0,0.0,0.0,1.0,1.0,0.0,1.0,0.0,0.0,0.0,0.0,0.0,0.0,0.0,0.0,0.0,0.0,0.0,0.0,0.0,0.0,0.0,0.0,0.0,0.0,1.0,0.0,0.0,0.0,0.0,0.0,0.0,0.0,0.0,1.0,0.0,1.0,0.0,0.0,0.0,1.0,0.0,0.0,0.0,0.0,0.0,0.0,0.0
418,216,0.03893150454489191,0.36549255699718286,2,381.08656996551133,144.74889798898636,35.721190998381985,31.634092763200364,20.576876881448708,26.846789404331087,33.46755792404019,17.797120328200194,13.0,12.0,5.943026567073904,4.975000503221957,4.087098235181621,-6.269912522882379,15.67043759584,0.9680260638519463,0.0,0.0,0.0,0.0,0.0,1.0,1.0,1.0,1.0,1.0,0.0,0.0,0.0,0.0,0.0,0.0,0.0,0.0,0.0,0.0,0.0,1.0,0.0,0.0,0.0,1.0,1.0,1.0,1.0,1.0,0.0,0.0,0.0,0.0,1.0,1.0,1.0,1.0,1.0,1.0,0.0,0.0,1.0,1.0,0.0,0.0,0.0,0.0,0.0,0.0
419,257,0.060853719755403726,0.5245364930778942,3,161.3959918390228,258.6440366504519,45.14505329040881,39.71195925344719,19.47617020246105,28.231427266805518,31.89791556134915,16.606482472708993,12.0,19.0,5.083860921816352,5.555452740511795,5.43309403696162,-8.75525706434447,15.291433088640158,-0.4715918186954432,0.0,0.0,0.0,0.0,0.0,1.0,1.0,1.0,1.0,1.0,0.0,0.0,0.0,0.0,0.0,0.0,0.0,0.0,0.0,0.0,0.0,1.0,0.0,0.0,0.0,1.0,1.0,1.0,0.0,0.0,0.0,0.0,0.0,0.0,0.0,0.0,1.0,1.0,1.0,1.0,0.0,0.0,1.0,1.0,0.0,0.0,0.0,0.0,0.0,0.0
420,235,0.08302168710640635,0.6631581995491725,2,105.04455842780591,155.51334924142367,46.621518636165106,39.13362424929269,56.78696183038629,48.429054010481366,29.94520031923286,19.332724419642858,12.0,13.0,4.654384626118851,5.046731575146356,7.487894386872419,8.357907819904923,10.612475899590002,-0.39234694902750433,0.0,0.0,0.0,0.0,1.0,1.0,1.0,1.0,1.0,1.0,0.0,0.0,1.0,1.0,0.0,0.0,0.0,0.0,0.0,0.0,0.0,1.0,0.0,1.0,1.0,1.0,1.0,1.0,1.0,0.0,0.0,0.0,0.0,0.0,1.0,0.0,1.0,1.0,1.0,1.0,0.0,0.0,0.0,1.0,0.0,0.0,0.0,1.0,0.0,0.0
421,263,0.05726967712625634,0.500203209618562,2,181.1132783774303,149.74568381626096,49.849418949462795,41.53996768376889,35.5087373401704,38.35188146557712,30.114352141921742,20.58930243267382,16.0,17.0,5.1991226828941395,5.00893841398426,8.309451265693902,-2.843144125406724,9.525049709247924,0.19018426890987986,0.0,0.0,0.0,0.0,0.0,1.0,1.0,1.0,1.0,1.0,1.0,0.0,0.0,0.0,0.0,0.0,0.0,0.0,1.0,0.0,0.0,1.0,0.0,0.0,0.0,1.0,1.0,1.0,1.0,1.0,1.0,0.0,0.0,0.0,1.0,1.0,1.0,1.0,1.0,1.0,0.0,0.0,1.0,1.0,0.0,0.0,0.0,0.0,0.0,0.0
422,325,0.13969358848808092,0.9490266188677648,3,119.47532611171286,170.40154195726228,19.08831186411838,22.072516183021456,53.46217880112413,46.47565984051889,30.498678549629275,27.212542687060555,11.0,14.0,4.783109873999838,5.138157663399239,-2.9842043189030747,6.986518960605245,3.2861358625687203,-0.355047789399401,0.0,0.0,0.0,0.0,0.0,1.0,1.0,1.0,1.0,1.0,0.0,0.0,0.0,0.0,0.0,0.0,0.0,0.0,1.0,0.0,0.0,1.0,0.0,0.0,0.0,1.0,1.0,1.0,0.0,1.0,0.0,0.0,0.0,0.0,0.0,1.0,1.0,1.0,1.0,1.0,0.0,0.0,1.0,1.0,0.0,0.0,0.0,0.0,0.0,0.0
423,210,-0.05167476276615978,-0.8810377628697438,1,201.86881816834335,237.5330809155166,20.784068036778553,19.629898730126982,20.75830571733591,29.425256388387098,26.877142595691975,18.298801132258063,16.0,18.0,5.307618071431738,5.470306901840347,1.1541693066515712,-8.666950671051186,8.578341463433912,-0.16268883040860918,0.0,0.0,0.0,0.0,0.0,0.0,1.0,0.0,1.0,0.0,0.0,0.0,0.0,0.0,0.0,0.0,0.0,0.0,0.0,0.0,0.0,0.0,0.0,0.0,0.0,0.0,1.0,1.0,1.0,0.0,0.0,0.0,0.0,0.0,1.0,0.0,1.0,0.0,1.0,0.0,0.0,0.0,1.0,0.0,0.0,0.0,0.0,0.0,0.0,0.0
424,226,0.08209538287760347,0.6577346634400867,2,184.0280076918036,206.6143076460052,31.066601047888433,27.07354870417573,57.01794577849379,48.30775315544368,31.11359717748447,19.992546831587703,17.0,18.0,5.2150879617416726,5.3308538071724945,3.9930523437127015,8.710192623050112,11.121050345896766,-0.11576584543082166,0.0,0.0,0.0,0.0,1.0,1.0,1.0,1.0,1.0,1.0,0.0,0.0,1.0,1.0,0.0,0.0,0.0,0.0,0.0,0.0,0.0,1.0,0.0,1.0,1.0,1.0,1.0,1.0,1.0,0.0,0.0,0.0,0.0,0.0,1.0,0.0,1.0,1.0,1.0,1.0,0.0,0.0,0.0,1.0,0.0,0.0,0.0,1.0,0.0,0.0
425,156,0.061944512430717,0.5318262435050083,2,213.10862402115538,378.6969243890234,45.27859430321167,35.77193667678736,37.57357877919814,35.95822003474028,33.203200222835555,14.545553077426792,17.0,18.0,5.36180200764824,5.936736213377604,9.506657626424307,1.6153587444578577,18.657647145408763,-0.5749342057293642,0.0,0.0,0.0,0.0,0.0,1.0,1.0,1.0,1.0,1.0,0.0,0.0,0.0,0.0,0.0,0.0,0.0,0.0,0.0,0.0,1.0,1.0,0.0,0.0,0.0,1.0,1.0,1.0,1.0,1.0,0.0,0.0,0.0,0.0,1.0,1.0,1.0,1.0,1.0,1.0,1.0,0.0,1.0,1.0,0.0,0.0,0.0,0.0,0.0,0.0
426,286,0.02334001987284383,0.23469278164256663,2,298.0263097650699,209.2427284436236,16.89694899511842,19.869595920325875,17.36362349669202,24.042707581938835,33.11204726741882,25.7043710253895,19.0,16.0,5.697181770410514,5.343494958197662,-2.972646925207453,-6.679084085246814,7.407676242029325,0.3536868122128512,0.0,0.0,0.0,0.0,1.0,1.0,1.0,0.0,1.0,0.0,0.0,0.0,1.0,0.0,0.0,0.0,0.0,0.0,0.0,0.0,1.0,0.0,1.0,0.0,1.0,0.0,1.0,1.0,0.0,0.0,0.0,0.0,0.0,0.0,0.0,0.0,1.0,0.0,1.0,0.0,0.0,0.0,0.0,0.0,0.0,0.0,0.0,0.0,0.0,0.0
427,212,0.045819057322516794,0.4182382824426511,2,203.54526378706785,171.16313384915173,42.322285688485664,35.351679565131825,59.89004182991717,51.92761292935048,31.354122502878,18.344941577405177,19.0,17.0,5.315888406621627,5.142617100852557,6.970606123353839,7.962428900566692,13.009180925472823,0.17327130576907027,0.0,0.0,0.0,0.0,1.0,1.0,1.0,1.0,1.0,1.0,0.0,0.0,1.0,1.0,0.0,0.0,0.0,0.0,0.0,0.0,0.0,1.0,0.0,1.0,1.0,1.0,1.0,1.0,1.0,0.0,0.0,0.0,0.0,0.0,1.0,0.0,1.0,1.0,1.0,1.0,0.0,0.0,0.0,1.0,0.0,0.0,0.0,1.0,0.0,0.0
428,264,0.07995385930720832,0.6450822162474099,2,193.1627312620127,180.90593744173734,49.51686050375116,40.20814164045695,41.68470541750086,42.50063773744738,31.57583067343064,22.001697358789404,18.0,19.0,5.2635330007998276,5.197977213541664,9.30871886329421,-0.8159323199465192,9.574133314641237,0.06555578725816323,0.0,0.0,0.0,0.0,0.0,1.0,1.0,1.0,1.0,1.0,1.0,0.0,0.0,0.0,0.0,0.0,0.0,0.0,1.0,0.0,0.0,1.0,0.0,0.0,0.0,1.0,1.0,1.0,1.0,1.0,1.0,0.0,0.0,0.0,1.0,1.0,1.0,1.0,1.0,1.0,0.0,0.0,1.0,1.0,0.0,0.0,0.0,0.0,0.0,0.0
429,280,0.07903766734306883,0.6396199348064843,2,82.50779516699808,121.3345911663855,52.79795455971581,42.274002421218306,51.40343092900023,48.64021553586191,29.977896063033942,22.32164884319504,10.0,9.0,4.412892775749736,4.7985519456708206,10.523952138497506,2.763215393138317,7.656247219838903,-0.385659169921085,0.0,0.0,0.0,0.0,0.0,1.0,1.0,1.0,1.0,1.0,1.0,0.0,0.0,0.0,1.0,1.0,0.0,0.0,1.0,0.0,0.0,1.0,0.0,0.0,0.0,1.0,1.0,1.0,1.0,1.0,1.0,0.0,0.0,0.0,1.0,1.0,1.0,1.0,1.0,1.0,0.0,0.0,1.0,1.0,0.0,0.0,0.0,0.0,0.0,0.0
430,266,0.017528939612057058,0.18120536375163904,2,110.14057209836051,74.59885458117026,55.040735850482235,45.663798732788436,39.1052914819251,42.19726245474353,31.549926928305805,20.060545351531378,13.0,9.0,4.701757478104126,4.312125152952031,9.3769371176938,-3.09197097281843,11.489381576774427,0.38963232515209545,0.0,0.0,0.0,0.0,0.0,1.0,1.0,1.0,1.0,1.0,1.0,0.0,0.0,0.0,1.0,1.0,0.0,0.0,1.0,0.0,0.0,1.0,0.0,0.0,0.0,1.0,1.0,1.0,1.0,1.0,1.0,0.0,0.0,0.0,1.0,1.0,1.0,1.0,1.0,1.0,0.0,0.0,1.0,1.0,0.0,0.0,0.0,0.0,0.0,0.0
432,274,0.28152656257488884,1.4328521248244024,1,196.19176368675355,178.834779004038,9.611722538272593,13.765275764711628,28.337939843350973,32.63610640010387,32.32432367980774,23.79997269091145,12.0,12.0,5.279092567079641,5.186462357269529,-4.153553226439035,-4.298166556752896,8.524350988896291,0.0926302098101124,0.0,0.0,0.0,0.0,1.0,1.0,1.0,1.0,1.0,1.0,0.0,0.0,1.0,0.0,1.0,1.0,0.0,0.0,0.0,0.0,1.0,1.0,1.0,0.0,1.0,1.0,1.0,1.0,0.0,0.0,0.0,0.0,0.0,0.0,0.0,0.0,1.0,1.0,1.0,1.0,0.0,0.0,0.0,0.0,0.0,0.0,0.0,0.0,0.0,0.0
433,291,0.0772787037381189,0.6290487273953329,2,254.68638041736256,207.08798065193642,22.246350983303852,23.574243371247483,27.313822616351263,32.79203978909719,33.9648678378338,25.745108028367046,19.0,16.0,5.540032907518231,5.333143730270891,-1.3278923879436313,-5.478217172745925,8.219759809466755,0.20688917724734127,0.0,0.0,0.0,0.0,0.0,1.0,1.0,1.0,1.0,1.0,0.0,0.0,0.0,0.0,0.0,0.0,0.0,0.0,0.0,0.0,0.0,1.0,0.0,0.0,0.0,1.0,1.0,1.0,1.0,1.0,0.0,0.0,0.0,0.0,1.0,1.0,1.0,1.0,1.0,1.0,0.0,0.0,1.0,1.0,0.0,0.0,0.0,0.0,0.0,0.0
434,254,0.1232742943237294,0.8742632898448484,1,113.94115051808254,150.32152158817738,23.49244394951978,22.453042896584588,47.44156264842835,43.09293704457831,32.076122206487206,21.95231105060241,12.0,14.0,4.735682091579666,5.012776477380864,1.0394010529351938,4.348625603850039,10.123811155884795,-0.27709438580119855,0.0,0.0,0.0,0.0,0.0,1.0,1.0,0.0,1.0,0.0,0.0,0.0,0.0,0.0,0.0,0.0,0.0,0.0,1.0,0.0,0.0,1.0,0.0,0.0,0.0,1.0,1.0,1.0,0.0,0.0,0.0,0.0,0.0,0.0,0.0,0.0,1.0,1.0,1.0,1.0,0.0,0.0,1.0,1.0,0.0,0.0,0.0,0.0,0.0,0.0
435,287,0.12229249024572855,0.8696105936032063,4,268.4884809942478,248.84550682187435,23.78627546424997,24.03140464245743,36.79925846168447,37.91291256331878,33.51263653489197,25.99747788864629,17.0,19.0,5.59280801170367,5.5168322493725155,-0.24512917820745983,-1.1136541016343102,7.515158646245677,0.075975762331154,0.0,0.0,0.0,0.0,0.0,1.0,1.0,1.0,1.0,1.0,0.0,0.0,0.0,0.0,0.0,0.0,0.0,0.0,0.0,0.0,0.0,1.0,0.0,0.0,0.0,1.0,1.0,1.0,1.0,1.0,0.0,0.0,0.0,0.0,1.0,1.0,1.0,1.0,1.0,1.0,0.0,0.0,1.0,1.0,0.0,0.0,0.0,0.0,0.0,0.0
436,221,0.04203951263548811,0.38963907438365986,1,181.33235933896816,224.26094904344336,26.67435501458423,23.46918579800087,23.594566605662656,27.59922452646401,33.0911533871671,18.33417410154891,13.0,15.0,5.200331586880952,5.4128103249128525,3.2051692165833607,-4.004657920801353,14.756979285618186,-0.21247873803190012,0.0,0.0,0.0,0.0,0.0,1.0,1.0,0.0,1.0,0.0,0.0,0.0,0.0,0.0,0.0,0.0,0.0,0.0,0.0,0.0,0.0,1.0,0.0,0.0,0.0,1.0,1.0,1.0,0.0,0.0,0.0,0.0,0.0,0.0,0.0,0.0,1.0,1.0,1.0,1.0,0.0,0.0,1.0,1.0,0.0,0.0,0.0,0.0,0.0,0.0
437,251,0.08429795820799241,0.6705829419652948,2,276.92786064305415,116.09632498314595,27.308734485290227,24.375890849663186,31.701117994324633,33.546128101200004,33.394300404653805,19.74229418304,17.0,12.0,5.623757041377823,4.7544202343109125,2.932843635627041,-1.845010106875371,13.652006221613807,0.8693368070669113,0.0,0.0,0.0,0.0,0.0,1.0,1.0,0.0,1.0,0.0,0.0,0.0,0.0,0.0,0.0,0.0,0.0,0.0,0.0,0.0,0.0,1.0,0.0,0.0,0.0,1.0,1.0,1.0,1.0,1.0,0.0,0.0,0.0,0.0,1.0,1.0,1.0,1.0,1.0,1.0,0.0,0.0,1.0,1.0,0.0,0.0,0.0,0.0,0.0,0.0
438,272,0.09185621657611827,0.7134580714114592,5,280.33790343568694,116.85791687503539,30.070893371535924,27.048969865323873,40.311428933590435,40.373824754291846,33.384613653358706,21.416358636266093,20.0,13.0,5.635995673558473,4.760958811150495,3.021923506212051,-0.06239582070141125,11.968255017092613,0.8750368624079781,0.0,0.0,0.0,0.0,0.0,1.0,1.0,1.0,1.0,1.0,0.0,0.0,0.0,0.0,0.0,0.0,0.0,0.0,0.0,0.0,1.0,1.0,0.0,0.0,0.0,1.0,1.0,1.0,1.0,1.0,0.0,0.0,0.0,0.0,1.0,1.0,1.0,1.0,1.0,1.0,1.0,0.0,1.0,1.0,0.0,0.0,0.0,0.0,0.0,0.0
439,207,0.03888938597135483,0.3651612948241127,4,319.6295976245425,176.96795009830902,34.819415797261826,31.12933125983738,14.585550768372274,19.606462559829957,35.25924161291572,18.412762190852316,15.0,18.0,5.767162817941349,5.175968643287245,3.690084537424447,-5.020911791457683,16.846479422063407,0.5911941746541045,0.0,0.0,0.0,0.0,1.0,1.0,1.0,0.0,1.0,0.0,0.0,0.0,1.0,0.0,0.0,0.0,0.0,0.0,0.0,0.0,0.0,1.0,0.0,0.0,1.0,1.0,1.0,1.0,1.0,0.0,0.0,0.0,0.0,0.0,1.0,0.0,1.0,1.0,1.0,1.0,0.0,0.0,0.0,1.0,0.0,0.0,0.0,0.0,0.0,0.0
440,199,0.09461747931080383,0.7286742692256079,3,278.67098307615976,188.20607435667756,36.721721934865826,30.87535841676045,39.59661582326702,38.91542033009278,32.1626891692986,16.974789612983614,15.0,13.0,5.630031813804381,5.237537502702031,5.8463635181053775,0.6811954931742434,15.187899556314989,0.39249431110235,0.0,0.0,0.0,0.0,0.0,1.0,1.0,1.0,1.0,1.0,0.0,0.0,0.0,0.0,0.0,0.0,0.0,0.0,0.0,0.0,1.0,1.0,0.0,0.0,0.0,1.0,1.0,1.0,1.0,1.0,0.0,0.0,0.0,0.0,1.0,1.0,1.0,1.0,1.0,1.0,1.0,0.0,1.0,1.0,0.0,0.0,0.0,0.0,0.0,0.0
441,324,0.20572986625516132,1.2034542151493595,4,180.57986386238161,99.65708536553248,15.416094031090239,17.904408438878388,42.24963969983648,38.9617060944548,31.871344780092834,26.264881899813606,14.0,10.0,5.196173138988151,4.601735146645264,-2.488314407788149,3.2879336053816814,5.606462880279228,0.5944379923428869,0.0,0.0,0.0,1.0,1.0,1.0,1.0,1.0,1.0,1.0,0.0,0.0,1.0,0.0,0.0,0.0,0.0,0.0,0.0,0.0,1.0,1.0,1.0,0.0,1.0,1.0,1.0,1.0,0.0,0.0,0.0,0.0,0.0,0.0,0.0,0.0,1.0,1.0,1.0,1.0,0.0,0.0,0.0,0.0,0.0,0.0,0.0,0.0,0.0,0.0
442,238,0.10279850990723514,0.7724433537761165,2,336.50835692215514,200.43798315690182,37.5933976926815,32.26721413436512,30.250080041907268,33.337681620453175,33.857498127335255,19.887215458551502,18.0,15.0,5.818622983611931,5.300504887961983,5.32618355831638,-3.0876015785459074,13.970282668783753,0.5181180956499475,0.0,0.0,0.0,0.0,0.0,1.0,1.0,1.0,1.0,1.0,0.0,0.0,0.0,0.0,0.0,0.0,0.0,0.0,0.0,0.0,1.0,1.0,0.0,0.0,0.0,1.0,1.0,1.0,1.0,1.0,0.0,0.0,0.0,0.0,1.0,1.0,1.0,1.0,1.0,1.0,1.0,0.0,1.0,1.0,0.0,0.0,0.0,0.0,0.0,1.0
444,306,0.1024981962571724,0.7708700722697475,2,196.17271316835897,187.68596282075305,31.26222379883096,27.212469061372946,63.10075778040786,51.0134953628266,32.35721979657684,25.602157765439433,16.0,15.0,5.278995460845345,5.234770155610792,4.049754737458013,12.087262417581258,6.75506203113741,0.04422530523455277,0.0,0.0,0.0,0.0,1.0,1.0,1.0,1.0,1.0,1.0,0.0,0.0,1.0,0.0,0.0,0.0,0.0,0.0,0.0,0.0,0.0,1.0,0.0,0.0,1.0,1.0,1.0,1.0,1.0,1.0,0.0,0.0,0.0,0.0,1.0,1.0,1.0,1.0,1.0,1.0,0.0,0.0,0.0,1.0,0.0,0.0,0.0,0.0,0.0,0.0
445,231,0.10606177978603043,0.7893812535533457,3,251.5525701414514,230.8459325964874,31.916434125822637,28.495445150858536,31.883969187549702,33.81393904327097,33.2697555385096,20.564621256246227,13.0,16.0,5.52765199410418,5.441750529549293,3.4209889749641,-1.929969855721268,12.705134282263373,0.08590146455488695,0.0,0.0,0.0,0.0,0.0,1.0,1.0,1.0,1.0,1.0,0.0,0.0,0.0,0.0,0.0,0.0,0.0,0.0,0.0,0.0,1.0,1.0,0.0,0.0,0.0,1.0,1.0,1.0,1.0,1.0,0.0,0.0,0.0,0.0,1.0,1.0,1.0,1.0,1.0,1.0,1.0,0.0,1.0,1.0,0.0,0.0,0.0,0.0,0.0,1.0
446,330,0.17488958111689235,1.0926216872344274,2,288.1581412366689,191.88400593214362,18.066916419711873,19.12952174184571,25.372796611909955,29.677464432575025,34.9070366400238,28.092544583131655,20.0,15.0,5.663509430951084,5.256891053694149,-1.0626053221338374,-4.30466782066507,6.814492056892142,0.4066183772569346,0.0,0.0,0.0,0.0,1.0,1.0,1.0,1.0,1.0,1.0,0.0,0.0,1.0,0.0,0.0,0.0,0.0,0.0,0.0,0.0,0.0,1.0,0.0,0.0,1.0,1.0,1.0,1.0,1.0,0.0,0.0,0.0,0.0,0.0,1.0,0.0,1.0,1.0,1.0,1.0,0.0,0.0,0.0,0.0,0.0,0.0,0.0,0.0,0.0,0.0
447,321,0.1278431762630163,0.8956345874760495,2,151.30874234908387,144.42382827903356,17.893792758397257,18.780573159602874,31.362467194334275,34.80821731157556,33.14307467535411,27.69942286273312,14.0,14.0,5.019322400678781,4.9727522286279005,-0.8867804012056162,-3.4457501172412854,5.443651812620988,0.0465701720508804,0.0,0.0,0.0,1.0,1.0,1.0,1.0,1.0,1.0,1.0,0.0,0.0,1.0,0.0,0.0,0.0,0.0,0.0,0.0,0.0,0.0,1.0,0.0,0.0,1.0,1.0,1.0,1.0,1.0,0.0,0.0,0.0,0.0,0.0,1.0,0.0,1.0,1.0,1.0,1.0,0.0,0.0,0.0,0.0,0.0,0.0,0.0,0.0,0.0,0.0
448,310,0.22789915257903975,1.2761605442986077,1,63.11436744129869,99.56420830554596,26.021282938383518,25.22266874029571,67.31311986605796,55.76244795923507,32.14000674969816,24.658944431389926,9.0,8.0,4.144948436835005,4.600802745645312,0.7986141980878081,11.550671906822892,7.481062318308233,-0.4558543088103078,0.0,0.0,0.0,0.0,1.0,1.0,1.0,1.0,1.0,1.0,0.0,0.0,1.0,1.0,1.0,1.0,0.0,0.0,0.0,0.0,1.0,1.0,1.0,1.0,1.0,1.0,1.0,1.0,0.0,0.0,0.0,0.0,0.0,0.0,0.0,0.0,1.0,1.0,1.0,1.0,0.0,0.0,0.0,1.0,0.0,0.0,0.0,1.0,0.0,0.0
449,278,0.051971514636431175,0.46311149496691423,2,122.29480283411317,74.18090781123094,43.80397378995038,36.66771527474928,65.39135461336552,55.28038200995368,32.39930824180232,21.76542535188431,10.0,6.0,4.806434546566248,4.3065068099379085,7.136258515201106,10.110972603411845,10.633882889918013,0.49992773662833867,0.0,0.0,0.0,0.0,1.0,1.0,1.0,1.0,1.0,1.0,0.0,0.0,1.0,1.0,1.0,1.0,0.0,0.0,0.0,0.0,0.0,1.0,0.0,1.0,1.0,1.0,1.0,1.0,1.0,0.0,0.0,0.0,0.0,0.0,1.0,0.0,1.0,1.0,1.0,1.0,0.0,0.0,0.0,1.0,0.0,0.0,0.0,1.0,0.0,0.0
450,270,0.048895344177377696,0.4409269926377756,1,271.0317251999265,127.07439347355222,47.767284554922306,40.45697444692592,10.501916765990723,22.545856011694198,33.98033992846348,21.629799427897968,19.0,13.0,5.602235881186276,4.844772690341463,7.310310107996386,-12.043939245703475,12.350540500565511,0.757463190844813,0.0,0.0,0.0,0.0,0.0,1.0,1.0,1.0,1.0,1.0,0.0,0.0,0.0,0.0,0.0,0.0,0.0,0.0,0.0,0.0,0.0,1.0,0.0,0.0,0.0,1.0,1.0,1.0,0.0,0.0,0.0,0.0,0.0,0.0,0.0,0.0,1.0,1.0,1.0,1.0,0.0,0.0,1.0,1.0,0.0,0.0,0.0,0.0,0.0,0.0
451,235,0.06983506747367497,0.5830332173918071,2,144.3172020982669,155.51334924142367,48.17630357221521,39.13362424929269,52.236451217741404,48.429054010481366,33.48931385888721,19.332724419642858,16.0,13.0,4.972013669334999,5.046731575146356,9.042679322922524,3.8073972072600384,14.15658943924435,-0.07471790581135623,0.0,0.0,0.0,0.0,0.0,1.0,1.0,1.0,1.0,1.0,1.0,0.0,0.0,1.0,0.0,0.0,0.0,0.0,1.0,0.0,0.0,1.0,0.0,1.0,0.0,1.0,1.0,1.0,1.0,0.0,1.0,0.0,0.0,0.0,1.0,0.0,1.0,1.0,1.0,1.0,0.0,0.0,1.0,1.0,0.0,0.0,0.0,1.0,0.0,0.0
452,257,0.12226245494886753,0.8694679167604632,1,163.89160974871496,258.6440366504519,48.27094093993557,39.71195925344719,17.753926389631523,28.231427266805518,33.25361142987911,16.606482472708993,12.0,19.0,5.099205293156458,5.555452740511795,8.55898168648838,-10.477500877173995,16.647128957170114,-0.4562474473553374,0.0,0.0,0.0,0.0,0.0,1.0,1.0,1.0,1.0,1.0,0.0,0.0,0.0,0.0,0.0,0.0,0.0,0.0,0.0,0.0,0.0,1.0,0.0,0.0,0.0,1.0,1.0,1.0,0.0,0.0,0.0,0.0,0.0,0.0,0.0,0.0,1.0,1.0,1.0,1.0,0.0,0.0,1.0,1.0,0.0,0.0,0.0,0.0,0.0,0.0
453,348,0.3564540362831224,1.617368861392327,1,71.09653464863469,184.21236077725735,10.30395437761408,16.091164963028557,20.208739279943728,25.537474483588785,31.911285095860126,29.161171902868812,6.0,11.0,4.264038596502344,5.216089226766591,-5.787210585414478,-5.328735203645056,2.7501131929913143,-0.9520506302642466,0.0,0.0,0.0,0.0,0.0,1.0,1.0,1.0,1.0,1.0,0.0,0.0,0.0,0.0,1.0,1.0,0.0,0.0,0.0,0.0,0.0,1.0,0.0,0.0,0.0,1.0,0.0,1.0,0.0,0.0,0.0,0.0,0.0,0.0,0.0,0.0,1.0,1.0,1.0,1.0,0.0,0.0,0.0,0.0,0.0,0.0,0.0,0.0,0.0,0.0
454,307,0.1565243233399379,1.020269532630389,2,114.05545362845012,173.95873335474587,32.43699404495277,31.043507639322566,68.76280291598464,55.492403490816876,32.27379009420411,25.46329926022424,9.0,13.0,4.736684765460462,5.158818106458654,1.3934864056302025,13.27039942516776,6.81049083397987,-0.4221333409981927,0.0,0.0,1.0,0.0,1.0,1.0,1.0,1.0,1.0,1.0,0.0,0.0,1.0,1.0,1.0,1.0,0.0,0.0,0.0,0.0,1.0,1.0,1.0,1.0,1.0,1.0,1.0,1.0,0.0,0.0,0.0,0.0,0.0,0.0,0.0,0.0,1.0,1.0,1.0,1.0,0.0,0.0,0.0,1.0,0.0,0.0,0.0,1.0,0.0,0.0
455,300,0.0017403784322933232,0.01953228575653599,2,275.518122281854,104.25449983486506,37.310949785135044,33.347456721714764,9.15947581752809,19.90520640922049,35.712179253707866,25.18304642178174,14.0,10.0,5.618653406037041,4.646835023630975,3.9634930634202803,-10.7457305916924,10.529132831926127,0.9718183824060664,0.0,0.0,0.0,0.0,1.0,1.0,1.0,1.0,1.0,1.0,0.0,0.0,1.0,0.0,0.0,0.0,0.0,0.0,0.0,0.0,1.0,1.0,1.0,0.0,1.0,1.0,1.0,1.0,0.0,0.0,0.0,0.0,0.0,0.0,0.0,0.0,1.0,1.0,1.0,1.0,0.0,0.0,0.0,1.0,0.0,0.0,0.0,0.0,0.0,0.0
456,219,0.08256621635278856,0.6604950817850025,1,102.2536574829975,264.5045791356011,44.01356611989778,36.23860312228136,53.40776019459711,44.58670327230591,32.03189201401956,19.36301780996524,13.0,16.0,4.627456564288045,5.5778585635704285,7.77496299761642,8.821056922291199,12.668874204054323,-0.9504019992823828,0.0,0.0,0.0,0.0,0.0,1.0,1.0,1.0,1.0,1.0,1.0,0.0,0.0,1.0,0.0,0.0,0.0,0.0,1.0,0.0,0.0,1.0,0.0,1.0,0.0,1.0,1.0,1.0,1.0,0.0,1.0,0.0,0.0,0.0,1.0,0.0,1.0,1.0,1.0,1.0,0.0,0.0,1.0,1.0,0.0,0.0,0.0,1.0,0.0,0.0
457,264,0.10344122395931363,0.7758021064366935,1,84.92721100311185,180.90593744173734,50.03975696334411,40.20814164045695,45.88554921248318,42.50063773744738,32.887787253028264,22.001697358789404,11.0,19.0,4.441794548480924,5.197977213541664,9.83161532288716,3.3849114750358,10.88608989423886,-0.756182665060741,0.0,0.0,0.0,0.0,0.0,1.0,1.0,1.0,1.0,1.0,1.0,0.0,0.0,0.0,0.0,0.0,0.0,0.0,1.0,0.0,0.0,1.0,0.0,0.0,0.0,1.0,1.0,1.0,1.0,1.0,1.0,0.0,0.0,0.0,1.0,1.0,1.0,1.0,1.0,1.0,0.0,0.0,1.0,1.0,0.0,0.0,0.0,0.0,0.0,0.0
458,349,0.12600258242888387,0.8870799272956683,2,117.49407219867481,142.75204119927625,14.541422630559465,17.419698205880177,51.768847508512366,44.378044571535455,32.67660858909606,29.72367626223162,11.0,11.0,4.766387882938621,4.961109147553161,-2.8782755753207123,7.390802936976911,2.952932326864442,-0.19472126461454045,0.0,0.0,0.0,0.0,1.0,1.0,1.0,1.0,1.0,1.0,0.0,0.0,1.0,0.0,1.0,1.0,0.0,0.0,0.0,0.0,1.0,1.0,1.0,0.0,1.0,1.0,1.0,1.0,0.0,0.0,0.0,0.0,0.0,0.0,0.0,0.0,1.0,1.0,1.0,1.0,0.0,0.0,0.0,0.0,0.0,0.0,0.0,0.0,0.0,0.0
459,287,0.08716260844280085,0.687050078796285,1,144.60295987418584,248.84550682187435,23.605461470015705,24.03140464245743,42.10991469017193,37.91291256331878,32.644744572426056,25.99747788864629,16.0,19.0,4.973991778907879,5.5168322493725155,-0.42594317244172686,4.19700212685315,6.647266683779765,-0.5428404704646367,0.0,0.0,0.0,0.0,0.0,1.0,1.0,1.0,1.0,1.0,0.0,0.0,0.0,0.0,0.0,0.0,0.0,0.0,0.0,0.0,0.0,1.0,0.0,0.0,0.0,1.0,1.0,1.0,1.0,1.0,0.0,0.0,0.0,0.0,1.0,1.0,1.0,1.0,1.0,1.0,0.0,0.0,1.0,1.0,0.0,0.0,0.0,0.0,0.0,0.0
460,246,0.10669207273176082,0.7926199684472703,3,272.6319687450726,148.71474845041064,37.78288818958094,30.81587703217977,51.815598604727136,44.88272989264301,34.47407616986933,20.45159201342743,18.0,11.0,5.608122785845985,5.002030031132984,6.967011157401167,6.932868712084122,14.022484156441898,0.6060927547130007,0.0,0.0,0.0,0.0,0.0,1.0,1.0,1.0,1.0,1.0,1.0,0.0,0.0,0.0,0.0,0.0,0.0,0.0,1.0,0.0,0.0,1.0,0.0,0.0,0.0,1.0,1.0,1.0,1.0,0.0,1.0,0.0,0.0,0.0,1.0,0.0,1.0,1.0,1.0,1.0,0.0,0.0,1.0,1.0,0.0,0.0,0.0,0.0,0.0,0.0
461,280,0.0593184191010931,0.5141852238717581,3,91.58536718202338,121.3345911663855,51.12483581416336,42.274002421218306,55.354183283775356,48.64021553586191,32.581907771606865,22.32164884319504,11.0,9.0,4.517271511998044,4.7985519456708206,8.850833392945056,6.713967747913443,10.260258928411826,-0.281280433672777,0.0,0.0,0.0,0.0,0.0,1.0,1.0,1.0,1.0,1.0,1.0,0.0,0.0,0.0,1.0,1.0,0.0,0.0,1.0,0.0,0.0,1.0,0.0,0.0,0.0,1.0,1.0,1.0,1.0,1.0,1.0,0.0,0.0,0.0,1.0,1.0,1.0,1.0,1.0,1.0,0.0,0.0,1.0,1.0,0.0,0.0,0.0,0.0,0.0,0.0
462,303,0.06588415215422243,0.5577208838798202,2,86.00356529240656,167.5130653916816,17.08734325818177,18.978716379750896,56.924537614409125,49.833760416417164,33.240316851367815,25.762422706836325,8.0,9.0,4.454388752282643,5.121061350561495,-1.8913731215691243,7.090777197991962,7.47789414453149,-0.6666725982788514,0.0,0.0,0.0,0.0,0.0,1.0,1.0,1.0,1.0,1.0,0.0,0.0,0.0,1.0,1.0,1.0,0.0,0.0,1.0,0.0,0.0,1.0,0.0,1.0,0.0,1.0,1.0,1.0,0.0,0.0,0.0,0.0,0.0,0.0,0.0,0.0,1.0,1.0,1.0,1.0,0.0,0.0,1.0,1.0,0.0,0.0,0.0,1.0,0.0,0.0
463,282,0.06326464754283148,0.5405781968359151,2,80.46938969877623,99.81497636750956,53.488149402814535,44.133395383168036,45.28325694140625,44.05350218167861,32.62665123046875,23.16912846264074,11.0,11.0,4.387876859921207,4.603318235861673,9.3547540196465,1.2297547597276406,9.457522767828014,-0.21544137594046667,0.0,0.0,0.0,0.0,0.0,1.0,1.0,1.0,1.0,1.0,1.0,0.0,0.0,0.0,1.0,1.0,0.0,0.0,1.0,0.0,0.0,1.0,0.0,0.0,0.0,1.0,1.0,1.0,1.0,1.0,1.0,0.0,0.0,0.0,1.0,1.0,1.0,1.0,1.0,1.0,0.0,0.0,1.0,1.0,0.0,0.0,0.0,0.0,0.0,0.0
464,291,0.1105350472020611,0.8121430515260174,2,105.36841724051405,207.08798065193642,22.70428805892075,23.574243371247483,31.535689148933287,32.79203978909719,34.24564583013922,25.745108028367046,10.0,16.0,4.6574629445297875,5.333143730270891,-0.8699553123267343,-1.2563506401639017,8.500537801772172,-0.6756807857411034,0.0,0.0,0.0,0.0,0.0,1.0,1.0,1.0,1.0,1.0,0.0,0.0,0.0,0.0,0.0,0.0,0.0,0.0,0.0,0.0,0.0,1.0,0.0,0.0,0.0,1.0,1.0,1.0,1.0,1.0,0.0,0.0,0.0,0.0,1.0,1.0,1.0,1.0,1.0,1.0,0.0,0.0,1.0,1.0,0.0,0.0,0.0,0.0,0.0,0.0
465,246,0.09833558190680498,0.7488041561584918,2,174.89328412159452,148.71474845041064,33.30478881984036,30.81587703217977,52.96320438015359,44.88272989264301,34.3952802358804,20.45159201342743,15.0,11.0,5.164175982897351,5.002030031132984,2.488911787660591,8.080474487510578,13.94368822245297,0.16214595176436675,0.0,0.0,0.0,0.0,0.0,1.0,1.0,1.0,1.0,1.0,1.0,0.0,0.0,0.0,0.0,0.0,0.0,0.0,1.0,0.0,0.0,1.0,0.0,0.0,0.0,1.0,1.0,1.0,1.0,0.0,1.0,0.0,0.0,0.0,1.0,0.0,1.0,1.0,1.0,1.0,0.0,0.0,1.0,1.0,0.0,0.0,0.0,0.0,0.0,0.0
466,307,0.12280390855215242,0.8720368678278938,2,97.91013928902946,173.95873335474587,37.35366281531813,31.043507639322566,67.349892514982,55.492403490816876,33.75121321514739,25.46329926022424,10.0,13.0,4.584050111988086,5.158818106458654,6.310155175995565,11.857489024165126,8.287913954923148,-0.5747679944705683,0.0,0.0,0.0,0.0,1.0,1.0,1.0,1.0,1.0,1.0,0.0,0.0,1.0,1.0,1.0,1.0,0.0,0.0,0.0,0.0,0.0,1.0,0.0,1.0,1.0,1.0,1.0,1.0,1.0,0.0,0.0,0.0,0.0,0.0,1.0,0.0,1.0,1.0,1.0,1.0,0.0,0.0,0.0,1.0,0.0,0.0,0.0,1.0,0.0,0.0
467,219,0.09288460360123449,0.7191521872659179,1,110.86449179735519,264.5045791356011,41.624539847745105,36.23860312228136,52.785109336197266,44.58670327230591,33.47730705099235,19.36301780996524,12.0,16.0,4.70830866091714,5.5778585635704285,5.385936725463743,8.198406063891355,14.114289241027112,-0.8695499026532879,0.0,0.0,0.0,0.0,0.0,1.0,1.0,1.0,1.0,1.0,1.0,0.0,0.0,1.0,0.0,0.0,0.0,0.0,1.0,0.0,0.0,1.0,0.0,1.0,0.0,1.0,1.0,1.0,1.0,0.0,1.0,0.0,0.0,0.0,1.0,0.0,1.0,1.0,1.0,1.0,0.0,0.0,1.0,1.0,0.0,0.0,0.0,1.0,0.0,0.0
468,324,0.19913239684475373,1.180755505928168,3,193.0484281516451,99.65708536553248,15.2244462144277,17.904408438878388,37.620572536241184,38.9617060944548,34.74441589993585,26.264881899813606,15.0,10.0,5.262941080494477,4.601735146645264,-2.679962224450687,-1.3411335582136132,8.479534000122246,0.6612059338492131,0.0,0.0,1.0,1.0,1.0,1.0,1.0,1.0,1.0,1.0,0.0,0.0,1.0,0.0,0.0,0.0,0.0,0.0,0.0,0.0,1.0,1.0,1.0,0.0,1.0,1.0,1.0,1.0,0.0,0.0,0.0,0.0,0.0,0.0,0.0,0.0,1.0,1.0,1.0,1.0,0.0,0.0,0.0,0.0,0.0,0.0,0.0,0.0,0.0,0.0
469,344,-0.000771925492687584,-0.008786981612678553,2,324.7351365542944,185.29902237909957,33.34090704408557,29.708901738250304,8.707897455913411,22.14543789960403,37.86731364466737,29.65806371958799,16.0,20.0,5.783009885617352,5.221970857395581,3.632005305835264,-13.437540443690619,8.20924992507938,0.561039028221771,0.0,0.0,0.0,0.0,1.0,1.0,1.0,1.0,1.0,1.0,0.0,0.0,1.0,0.0,0.0,0.0,0.0,0.0,0.0,0.0,1.0,1.0,1.0,0.0,1.0,1.0,1.0,1.0,0.0,0.0,0.0,0.0,0.0,0.0,0.0,0.0,1.0,1.0,1.0,1.0,0.0,0.0,0.0,1.0,0.0,0.0,0.0,0.0,0.0,0.0
470,229,0.5441114663900973,1.9694308723369653,4,92.0140038459018,138.04317425795986,57.7260162425217,47.93608495230819,13.871632863819876,27.504464790688285,32.972500275,17.429076749041243,10.0,10.0,4.521940781181727,4.927566493169415,9.78993129021351,-13.632831926868409,15.543423525958758,-0.4056257119876874,0.0,0.0,0.0,0.0,0.0,1.0,1.0,1.0,1.0,1.0,0.0,0.0,0.0,0.0,1.0,1.0,0.0,0.0,1.0,0.0,0.0,1.0,0.0,0.0,0.0,1.0,1.0,1.0,0.0,0.0,0.0,0.0,0.0,0.0,0.0,0.0,1.0,1.0,1.0,1.0,0.0,0.0,1.0,0.0,0.0,0.0,0.0,0.0,0.0,0.0
471,321,0.21447858807052814,1.2327810331516917,3,228.23473562646512,144.42382827903356,14.382062786064568,18.780573159602874,31.489201228433707,34.80821731157556,36.609223145048205,27.69942286273312,18.0,14.0,5.430374641560663,4.9727522286279005,-4.398510373538306,-3.319016083141854,8.909800282315086,0.45762241293276246,0.0,0.0,1.0,1.0,1.0,1.0,1.0,1.0,1.0,1.0,0.0,0.0,1.0,0.0,0.0,0.0,0.0,0.0,0.0,0.0,1.0,1.0,1.0,0.0,1.0,1.0,1.0,1.0,0.0,0.0,0.0,0.0,0.0,0.0,0.0,0.0,1.0,1.0,1.0,1.0,0.0,0.0,0.0,0.0,0.0,0.0,0.0,0.0,0.0,0.0
472,325,0.05910899740403694,0.5127649244536922,2,115.06513110336374,170.40154195726228,19.196548843807175,22.072516183021456,50.081829781663906,46.47565984051889,34.06014076105132,27.212542687060555,13.0,14.0,4.74549832546397,5.138157663399239,-2.875967339214281,3.606169941145019,6.847598073990767,-0.3926593379352697,0.0,0.0,0.0,0.0,0.0,1.0,1.0,1.0,1.0,1.0,0.0,0.0,0.0,0.0,0.0,0.0,0.0,0.0,1.0,0.0,0.0,1.0,0.0,0.0,0.0,1.0,1.0,1.0,0.0,1.0,0.0,0.0,0.0,0.0,0.0,1.0,1.0,1.0,1.0,1.0,0.0,0.0,1.0,1.0,0.0,0.0,0.0,0.0,0.0,0.0
473,353,0.1264943460807333,0.8893727063434048,2,114.179281998015,153.0056686217877,21.79714147058239,22.76530271951823,63.251007916868275,51.882232694215126,33.44953831409027,29.93149217054146,11.0,9.0,4.7377698621822635,5.0304749705217136,-0.9681612489358393,11.368775222653149,3.5180461435488084,-0.2927051083394502,0.0,0.0,0.0,0.0,1.0,1.0,1.0,1.0,1.0,1.0,0.0,0.0,1.0,0.0,1.0,1.0,0.0,0.0,0.0,0.0,1.0,1.0,1.0,0.0,1.0,1.0,1.0,1.0,0.0,1.0,0.0,0.0,0.0,0.0,0.0,1.0,1.0,1.0,1.0,1.0,0.0,0.0,0.0,1.0,0.0,0.0,0.0,0.0,0.0,0.0
474,183,0.10804908372608393,0.7995574720133252,1,216.09003014990975,246.19851061225862,41.25423496806069,36.14177464783032,23.408663549325574,29.65142051177003,34.3987137845808,16.65745514531462,14.0,17.0,5.3756951270941515,5.506138164228638,5.112460320230376,-6.2427569624444565,17.741258639266178,-0.1304430371344857,0.0,0.0,0.0,0.0,0.0,1.0,1.0,1.0,1.0,1.0,0.0,0.0,0.0,0.0,0.0,0.0,0.0,0.0,0.0,0.0,0.0,1.0,0.0,0.0,0.0,1.0,1.0,1.0,1.0,1.0,0.0,0.0,0.0,0.0,1.0,1.0,1.0,1.0,1.0,1.0,0.0,0.0,1.0,1.0,0.0,0.0,0.0,0.0,0.0,0.0
475,298,-0.07596860398319509,-1.9731195733944735,1,121.77091357826176,110.0128775540291,48.52166966184134,41.68099717793253,4.893984616708385,19.760857681722246,33.9039780889393,25.327022670113973,8.0,12.0,4.80214152198122,4.700597427613406,6.840672483908804,-14.866873065013861,8.576955418825325,0.10154409436781403,0.0,0.0,0.0,0.0,0.0,0.0,1.0,0.0,1.0,0.0,0.0,0.0,0.0,0.0,1.0,1.0,0.0,0.0,0.0,1.0,0.0,0.0,0.0,0.0,0.0,0.0,0.0,1.0,0.0,0.0,0.0,0.0,0.0,0.0,0.0,0.0,1.0,0.0,1.0,0.0,0.0,0.0,1.0,1.0,0.0,0.0,0.0,0.0,0.0,0.0
476,244,0.20914911955111976,1.2150185809728822,2,130.31507107823836,124.80819320988121,56.15538008416416,43.884966680723906,20.089725649185002,28.625165483293642,33.790874454206566,19.092523751153447,13.0,12.0,4.869955141895278,4.826778104500615,12.270413403440251,-8.53543983410864,14.69835070305312,0.043177037394662866,0.0,0.0,0.0,0.0,1.0,1.0,1.0,1.0,1.0,1.0,0.0,0.0,1.0,0.0,0.0,0.0,0.0,0.0,0.0,0.0,0.0,1.0,0.0,0.0,1.0,1.0,1.0,1.0,1.0,0.0,0.0,0.0,0.0,0.0,1.0,0.0,1.0,1.0,1.0,1.0,0.0,0.0,0.0,0.0,0.0,0.0,0.0,0.0,0.0,0.0
477,281,0.328215734227473,1.5517618326565465,3,72.48722249144024,70.28007129179723,60.78686037681577,47.83862351652594,25.809862706373192,33.37125791092904,33.43536924717477,21.188609030064754,8.0,7.0,4.283410304830896,4.252488277715042,12.948236860289825,-7.561395204555847,12.246760217110015,0.030922027115853866,0.0,0.0,0.0,1.0,1.0,1.0,1.0,1.0,1.0,1.0,0.0,0.0,1.0,0.0,1.0,1.0,0.0,0.0,0.0,0.0,1.0,1.0,1.0,0.0,1.0,1.0,1.0,1.0,0.0,0.0,0.0,0.0,0.0,0.0,0.0,0.0,1.0,1.0,1.0,1.0,0.0,0.0,0.0,0.0,0.0,0.0,0.0,0.0,0.0,0.0
478,272,0.08137914857043083,0.6535208340569855,2,233.69270914651705,116.85791687503539,28.87945834295702,27.048969865323873,44.600918168745416,40.373824754291846,35.85098205190756,21.416358636266093,18.0,13.0,5.454007043567861,4.760958811150495,1.8304884776331463,4.22709341445357,14.434623415641465,0.6930482324173662,0.0,0.0,0.0,0.0,0.0,1.0,1.0,1.0,1.0,1.0,0.0,0.0,0.0,0.0,0.0,0.0,0.0,0.0,0.0,0.0,1.0,1.0,0.0,0.0,0.0,1.0,1.0,1.0,1.0,1.0,0.0,0.0,0.0,0.0,1.0,1.0,1.0,1.0,1.0,1.0,1.0,0.0,1.0,1.0,0.0,0.0,0.0,0.0,0.0,0.0
479,156,0.07240775759156712,0.5991777904826484,1,147.1462040798645,378.6969243890234,41.26561052519667,35.77193667678736,36.12535648164811,35.95822003474028,34.581496800038835,14.545553077426792,11.0,18.0,4.991426678083514,5.936736213377604,5.493673848409308,0.1671364469078327,20.035943722612043,-0.9453095352940899,0.0,0.0,0.0,0.0,0.0,1.0,1.0,1.0,1.0,1.0,0.0,0.0,0.0,0.0,0.0,0.0,0.0,0.0,0.0,0.0,1.0,1.0,0.0,0.0,0.0,1.0,1.0,1.0,1.0,1.0,0.0,0.0,0.0,0.0,1.0,1.0,1.0,1.0,1.0,1.0,1.0,0.0,1.0,1.0,0.0,0.0,0.0,0.0,0.0,0.0
480,284,0.015087516514603098,0.1578511280005792,2,183.74224991588466,188.31752682866139,51.33328977603994,42.49999909154609,28.73866089517885,33.69048026706451,34.469720766485224,24.174190041551586,16.0,15.0,5.213533959874939,5.23812951061276,8.833290684493853,-4.951819371885659,10.295530724933638,-0.024595550737821242,0.0,0.0,0.0,0.0,0.0,1.0,1.0,1.0,1.0,1.0,1.0,0.0,0.0,0.0,0.0,0.0,0.0,0.0,1.0,0.0,0.0,1.0,0.0,0.0,0.0,1.0,1.0,1.0,1.0,1.0,1.0,0.0,0.0,0.0,1.0,1.0,1.0,1.0,1.0,1.0,0.0,0.0,1.0,1.0,0.0,0.0,0.0,0.0,0.0,0.0
481,206,0.1275665552532689,0.894353579590652,1,132.20107239930343,138.29394231992345,53.39568588241748,43.24187997389283,15.155008967324736,23.84436698220282,34.84405643461344,17.404007219274682,11.0,16.0,4.884324039331004,4.929381436698574,10.153805908524653,-8.689358014878085,17.44004921533876,-0.04505739736757084,0.0,0.0,0.0,0.0,0.0,1.0,1.0,1.0,1.0,1.0,0.0,0.0,0.0,0.0,0.0,0.0,0.0,0.0,0.0,0.0,0.0,1.0,0.0,0.0,0.0,1.0,1.0,1.0,0.0,0.0,0.0,0.0,0.0,0.0,0.0,0.0,1.0,1.0,1.0,1.0,0.0,0.0,1.0,1.0,0.0,0.0,0.0,0.0,0.0,0.0
482,333,0.16707121156557175,1.0624577633924746,2,124.04745052641606,128.18891819339044,11.187076766756661,14.789528965603633,41.3706598666206,37.568070601543255,34.71159349274361,27.622793720475293,8.0,9.0,4.8206641579428675,4.853505099201067,-3.602452198846972,3.8025892650773443,7.088799772268317,-0.032840941258200036,0.0,0.0,1.0,1.0,1.0,1.0,1.0,1.0,1.0,1.0,0.0,0.0,1.0,0.0,1.0,1.0,0.0,0.0,0.0,0.0,1.0,1.0,1.0,0.0,1.0,1.0,1.0,1.0,0.0,0.0,0.0,0.0,0.0,0.0,0.0,0.0,1.0,1.0,1.0,1.0,0.0,0.0,0.0,0.0,0.0,0.0,0.0,0.0,0.0,0.0
483,219,0.06893843272161002,0.5773446909271064,2,179.79879260820314,264.5045791356011,44.15251703889405,36.23860312228136,47.68214553409091,44.58670327230591,36.157403011363634,19.36301780996524,16.0,16.0,5.191838406821442,5.5778585635704285,7.913913916612685,3.0954422617849957,16.794385201398395,-0.3860201567489861,1.0,0.0,0.0,0.0,0.0,1.0,0.0,1.0,0.0,1.0,1.0,0.0,0.0,1.0,0.0,0.0,0.0,0.0,0.0,0.0,1.0,1.0,0.0,1.0,0.0,1.0,1.0,1.0,1.0,0.0,1.0,0.0,0.0,0.0,1.0,0.0,1.0,1.0,1.0,1.0,1.0,0.0,1.0,1.0,0.0,0.0,0.0,1.0,0.0,0.0
484,349,0.15549531187310311,1.016056498512243,2,100.26287831076215,142.75204119927625,13.1708070677974,17.419698205880177,46.64769397173666,44.378044571535455,34.51165218383051,29.72367626223162,8.0,11.0,4.607795519888888,4.961109147553161,-4.248891138082778,2.269649400201203,4.787975921598893,-0.3533136276642732,0.0,0.0,0.0,0.0,1.0,1.0,1.0,1.0,1.0,1.0,0.0,0.0,1.0,0.0,1.0,1.0,0.0,0.0,0.0,0.0,1.0,1.0,1.0,0.0,1.0,1.0,1.0,1.0,0.0,0.0,0.0,0.0,0.0,0.0,0.0,0.0,1.0,1.0,1.0,1.0,0.0,0.0,0.0,0.0,0.0,0.0,0.0,0.0,0.0,0.0
485,343,0.08179208752747537,0.6559524495467588,2,173.02633331892403,219.34775257015662,18.435869661548836,20.6953800476374,45.24940422361684,39.721654928272,35.99455105441783,31.372509370284117,17.0,17.0,5.153443798630466,5.390658381697671,-2.2595103860885644,5.52774929534484,4.622041684133716,-0.23721458306720522,0.0,0.0,0.0,0.0,1.0,1.0,1.0,1.0,1.0,1.0,0.0,0.0,1.0,0.0,0.0,0.0,0.0,0.0,0.0,0.0,1.0,1.0,1.0,0.0,1.0,1.0,1.0,1.0,0.0,1.0,0.0,0.0,0.0,0.0,0.0,1.0,1.0,1.0,1.0,1.0,0.0,0.0,0.0,1.0,0.0,0.0,0.0,0.0,0.0,0.0
486,325,0.09223916956983019,0.7155822493146216,3,177.63655877041643,170.40154195726228,23.647400832106367,22.072516183021456,54.50770117773071,46.47565984051889,36.29474407271167,27.212542687060555,18.0,14.0,5.17973965830661,5.138157663399239,1.574884649084911,8.032041337211822,9.082201385651118,0.041581994907370856,0.0,0.0,0.0,0.0,0.0,1.0,1.0,1.0,1.0,1.0,0.0,0.0,0.0,0.0,0.0,0.0,0.0,0.0,1.0,0.0,0.0,1.0,0.0,0.0,0.0,1.0,1.0,1.0,0.0,1.0,0.0,0.0,0.0,0.0,0.0,1.0,1.0,1.0,1.0,1.0,0.0,0.0,1.0,1.0,0.0,0.0,0.0,0.0,0.0,0.0
487,231,0.08410225895301877,0.669448028409743,1,138.33533932236355,230.8459325964874,33.90037811175182,28.495445150858536,35.13627884166495,33.81393904327097,36.29612411898368,20.564621256246227,11.0,16.0,4.929680732582968,5.441750529549293,5.404932960893284,1.3223397983939762,15.73150286273745,-0.5120697969663248,0.0,0.0,0.0,0.0,0.0,1.0,1.0,1.0,1.0,1.0,0.0,0.0,0.0,0.0,0.0,0.0,0.0,0.0,0.0,0.0,1.0,1.0,0.0,0.0,0.0,1.0,1.0,1.0,1.0,1.0,0.0,0.0,0.0,0.0,1.0,1.0,1.0,1.0,1.0,1.0,1.0,0.0,1.0,1.0,0.0,0.0,0.0,0.0,1.0,1.0
488,183,0.08449028476202684,0.671697042787894,1,197.49672419678342,246.19851061225862,42.69232351687995,36.14177464783032,29.520892815930356,29.65142051177003,36.15053856185492,16.65745514531462,16.0,17.0,5.2857219978582215,5.506138164228638,6.550548869049635,-0.1305276958396746,19.4930834165403,-0.2204161663704162,0.0,0.0,0.0,0.0,0.0,1.0,1.0,1.0,1.0,1.0,0.0,0.0,0.0,0.0,0.0,0.0,0.0,0.0,0.0,0.0,1.0,1.0,0.0,0.0,0.0,1.0,1.0,1.0,1.0,1.0,0.0,0.0,0.0,0.0,1.0,1.0,1.0,1.0,1.0,1.0,1.0,0.0,1.0,1.0,0.0,0.0,0.0,0.0,0.0,0.0
489,280,0.036948723024014404,0.34977774886993124,2,90.61379074389895,121.3345911663855,52.04173573857512,42.274002421218306,50.064739011352884,48.64021553586191,34.87111712961211,22.32164884319504,11.0,9.0,4.5066064171816205,4.7985519456708206,9.767733317356814,1.4245234754909717,12.54946828641707,-0.29194552848920013,1.0,0.0,0.0,0.0,0.0,1.0,0.0,1.0,0.0,1.0,1.0,0.0,0.0,0.0,1.0,1.0,0.0,0.0,0.0,0.0,1.0,1.0,0.0,0.0,0.0,1.0,1.0,1.0,1.0,1.0,1.0,0.0,0.0,0.0,1.0,1.0,1.0,1.0,1.0,1.0,1.0,0.0,1.0,1.0,0.0,0.0,0.0,0.0,0.0,0.0
490,325,0.06813990819602325,0.5722512195246253,2,92.33786265860995,170.40154195726228,20.910347351865326,22.072516183021456,54.672666436197645,46.47565984051889,35.364574131266764,27.212542687060555,11.0,14.0,4.525454270380485,5.138157663399239,-1.16216883115613,8.197006595678758,8.152031444206209,-0.6127033930187542,0.0,0.0,0.0,0.0,0.0,1.0,1.0,1.0,1.0,1.0,0.0,0.0,0.0,0.0,0.0,0.0,0.0,0.0,1.0,0.0,0.0,1.0,0.0,0.0,0.0,1.0,1.0,1.0,0.0,1.0,0.0,0.0,0.0,0.0,0.0,1.0,1.0,1.0,1.0,1.0,0.0,0.0,1.0,1.0,0.0,0.0,0.0,0.0,0.0,0.0
491,276,0.020689005786578375,0.21064610162928343,2,251.33348917991356,192.64559782403305,31.57761845130723,27.379492001898345,17.1001410459903,22.644238336418862,32.12580080826954,21.9343671532398,14.0,17.0,5.526780699418886,5.260852220170199,4.1981264494088855,-5.544097290428564,10.191433655029737,0.26592847924868646,0.0,0.0,0.0,0.0,0.0,1.0,1.0,0.0,1.0,0.0,0.0,0.0,0.0,0.0,0.0,0.0,0.0,0.0,0.0,0.0,0.0,1.0,0.0,0.0,0.0,1.0,1.0,1.0,1.0,0.0,0.0,0.0,0.0,0.0,1.0,0.0,1.0,1.0,1.0,1.0,0.0,0.0,1.0,1.0,0.0,0.0,0.0,0.0,0.0,0.0
492,256,0.05642984029238925,0.4944146107064246,2,217.5950211030829,118.54827936678998,42.03941949691193,35.17002614693088,41.67489813279198,38.91846271313851,36.16350060659254,19.904315587981824,16.0,12.0,5.382635633759917,4.775320298418654,6.869393349981053,2.756435419653471,16.25918501861072,0.6073153353412635,1.0,0.0,0.0,0.0,0.0,1.0,0.0,1.0,0.0,1.0,0.0,0.0,0.0,0.0,0.0,0.0,0.0,0.0,0.0,0.0,1.0,1.0,0.0,0.0,0.0,1.0,1.0,1.0,1.0,1.0,0.0,0.0,0.0,0.0,1.0,1.0,1.0,1.0,1.0,1.0,1.0,0.0,1.0,1.0,0.0,0.0,0.0,0.0,0.0,0.0
493,268,0.16613212803512623,1.0587727226562342,3,133.95372009160633,147.7209639085549,46.83829791941799,37.38581255859511,31.61227162763991,32.641705404746936,36.287297617613596,22.412671805752908,13.0,15.0,4.897494367845412,4.995325115203764,9.452485360822877,-1.0294337771070268,13.874625811860689,-0.09783074735835265,0.0,0.0,0.0,0.0,0.0,1.0,1.0,1.0,1.0,1.0,0.0,0.0,0.0,0.0,0.0,0.0,0.0,0.0,0.0,0.0,0.0,1.0,0.0,0.0,0.0,1.0,1.0,1.0,1.0,1.0,0.0,0.0,0.0,0.0,1.0,1.0,1.0,1.0,1.0,1.0,0.0,0.0,1.0,1.0,0.0,0.0,0.0,0.0,0.0,0.0
494,302,0.011634649237619556,0.12386173003612332,2,202.26887905462988,116.3935315751028,55.76894402269168,45.417385846646496,11.284659369366612,24.839975081950207,37.461795389215915,24.78719046939834,9.0,11.0,5.3095978967225355,4.756976963092602,10.351558176045181,-13.555315712583596,12.674604919817575,0.5526209336299331,0.0,0.0,0.0,0.0,0.0,1.0,1.0,1.0,1.0,1.0,0.0,0.0,0.0,0.0,1.0,1.0,0.0,0.0,1.0,0.0,0.0,1.0,0.0,0.0,0.0,1.0,0.0,1.0,0.0,0.0,0.0,0.0,0.0,0.0,0.0,0.0,1.0,1.0,1.0,1.0,0.0,0.0,1.0,0.0,0.0,0.0,0.0,0.0,0.0,0.0
496,315,0.07259515931013993,0.6003436827680544,1,118.91333581907226,201.6546726427252,25.568127899647333,26.667747662986013,49.43482560929991,43.63106506074981,35.83427398702339,26.777390878684596,13.0,16.0,4.778394957365834,5.30655669309517,-1.09961976333868,5.803760548550095,9.056883108338791,-0.5281617357293364,0.0,0.0,0.0,0.0,0.0,1.0,1.0,1.0,1.0,1.0,0.0,0.0,0.0,0.0,0.0,0.0,0.0,0.0,1.0,0.0,0.0,1.0,0.0,0.0,0.0,1.0,1.0,1.0,0.0,1.0,0.0,0.0,0.0,0.0,0.0,1.0,1.0,1.0,1.0,1.0,0.0,0.0,1.0,1.0,0.0,0.0,0.0,0.0,0.0,0.0
497,222,0.09982036672686581,0.7567309442981645,2,256.3723512952844,178.95551918202048,32.84831252124334,28.48012546895794,26.48855778848226,27.68113177688395,38.37029518606725,19.009636605952874,18.0,14.0,5.546630884970222,5.187137278770631,4.368187052285396,-1.1925739884016906,19.36065858011438,0.35949360619959037,0.0,0.0,0.0,0.0,0.0,1.0,1.0,1.0,1.0,1.0,0.0,0.0,0.0,0.0,0.0,0.0,0.0,0.0,0.0,0.0,0.0,1.0,0.0,0.0,0.0,1.0,1.0,1.0,1.0,1.0,0.0,0.0,0.0,0.0,1.0,1.0,1.0,1.0,1.0,1.0,0.0,0.0,1.0,1.0,0.0,0.0,0.0,0.0,0.0,0.0
498,337,0.0748573469162579,0.6143113462243,2,256.83908899595195,194.3638234337836,42.840739995317634,37.148250110679406,9.660813187583443,19.23780872318058,37.158825212950596,21.13954968206145,15.0,19.0,5.548449775948494,5.269731781261189,5.692489884638228,-9.576995535597138,16.019275530889146,0.2787179946873038,0.0,0.0,0.0,0.0,1.0,1.0,1.0,1.0,1.0,1.0,0.0,0.0,1.0,0.0,0.0,0.0,0.0,0.0,0.0,0.0,1.0,1.0,1.0,0.0,1.0,1.0,1.0,1.0,0.0,0.0,0.0,0.0,0.0,0.0,0.0,0.0,1.0,1.0,1.0,1.0,0.0,0.0,0.0,1.0,0.0,0.0,0.0,0.0,0.0,0.0
499,279,0.05122097474291855,0.4577440242101844,1,53.74151239115714,104.10589653888663,46.07115944059833,38.81780667876794,61.414950763824876,52.686068723258096,34.67352789746544,22.64941652502453,8.0,9.0,3.9841857455371055,4.645408617041615,7.253352761830392,8.72888204056678,12.02411137244091,-0.6612228715045098,0.0,0.0,0.0,0.0,0.0,1.0,1.0,1.0,1.0,1.0,1.0,0.0,0.0,1.0,1.0,1.0,0.0,0.0,1.0,0.0,0.0,1.0,0.0,1.0,0.0,1.0,1.0,1.0,1.0,0.0,1.0,0.0,0.0,0.0,1.0,0.0,1.0,1.0,1.0,1.0,0.0,0.0,1.0,1.0,0.0,0.0,0.0,1.0,0.0,0.0
500,263,0.04670010713162572,0.4247891116176054,2,158.4717372654522,149.74568381626096,50.84313128767042,41.53996768376889,34.96688182064074,38.35188146557712,35.73202811378253,20.58930243267382,16.0,17.0,5.065576263634907,5.00893841398426,9.303163603901524,-3.3849996449363857,15.142725681108715,0.05663784965064704,0.0,0.0,0.0,0.0,0.0,1.0,1.0,1.0,1.0,1.0,1.0,0.0,0.0,0.0,0.0,0.0,0.0,0.0,1.0,0.0,0.0,1.0,0.0,0.0,0.0,1.0,1.0,1.0,1.0,1.0,1.0,0.0,0.0,0.0,1.0,1.0,1.0,1.0,1.0,1.0,0.0,0.0,1.0,1.0,0.0,0.0,0.0,0.0,0.0,0.0
501,173,0.1297431068244314,0.9043889365990838,2,65.81001579413412,204.45027214831933,56.442494179847785,45.41718443598656,25.36425188363005,31.913588100667788,35.129409556231,15.344781145822921,11.0,19.0,4.186772042463959,5.320324777933851,11.025309743861222,-6.549336217037737,19.784628410408082,-1.1335527354698924,0.0,0.0,0.0,1.0,1.0,1.0,1.0,1.0,1.0,1.0,0.0,0.0,1.0,0.0,0.0,0.0,0.0,0.0,0.0,0.0,0.0,1.0,0.0,0.0,1.0,1.0,1.0,1.0,1.0,0.0,0.0,0.0,0.0,0.0,1.0,0.0,1.0,1.0,1.0,1.0,0.0,0.0,0.0,0.0,0.0,0.0,0.0,0.0,0.0,0.0
502,333,0.22421900578087497,1.264451175123483,2,165.33944914670428,128.18891819339044,10.26861614289391,14.789528965603633,34.76275317205323,37.568070601543255,35.447355390684415,27.622793720475293,9.0,9.0,5.1080006281793535,4.853505099201067,-4.5209128227097235,-2.8053174294900245,7.824561670209121,0.25449552897828687,0.0,0.0,1.0,1.0,1.0,1.0,1.0,1.0,1.0,1.0,0.0,0.0,1.0,0.0,1.0,1.0,0.0,0.0,0.0,0.0,1.0,1.0,1.0,0.0,1.0,1.0,1.0,1.0,0.0,0.0,0.0,0.0,0.0,0.0,0.0,0.0,1.0,1.0,1.0,1.0,0.0,0.0,0.0,0.0,0.0,0.0,0.0,0.0,0.0,0.0
503,321,0.07072731789481457,0.5886619869596129,1,134.69669030899558,144.42382827903356,19.77448855718455,18.780573159602874,34.54069061774273,34.80821731157556,36.287048685489005,27.69942286273312,13.0,14.0,4.90302551228294,4.9727522286279005,0.9939153975816772,-0.2675266938328278,8.587625822755886,-0.06972671634495978,0.0,0.0,0.0,1.0,1.0,1.0,1.0,1.0,1.0,1.0,0.0,0.0,1.0,0.0,0.0,0.0,0.0,0.0,0.0,0.0,0.0,1.0,0.0,0.0,1.0,1.0,1.0,1.0,1.0,0.0,0.0,0.0,0.0,0.0,1.0,0.0,1.0,1.0,1.0,1.0,0.0,0.0,0.0,0.0,0.0,0.0,0.0,0.0,0.0,0.0
504,322,0.10922380410341845,0.8055244222445611,1,154.9759671400437,237.5145055035193,21.297802133134844,24.003968171379054,19.297441109649665,26.480880752082275,36.3984072159496,27.85666155808861,13.0,16.0,5.043270054188247,5.470228697413937,-2.706166038244209,-7.18343964243261,8.541745657860986,-0.4269586432256894,0.0,0.0,0.0,0.0,1.0,1.0,1.0,1.0,1.0,1.0,0.0,0.0,1.0,0.0,0.0,0.0,0.0,0.0,0.0,0.0,0.0,1.0,0.0,0.0,1.0,1.0,0.0,1.0,1.0,1.0,0.0,0.0,0.0,0.0,1.0,1.0,1.0,1.0,1.0,1.0,0.0,0.0,0.0,1.0,0.0,0.0,0.0,0.0,0.0,0.0
505,306,0.07079208166625786,0.5890693191073172,2,147.2033556350483,187.68596282075305,26.80529894451386,27.212469061372946,58.796524962016306,51.0134953628266,36.024698484405334,25.602157765439433,16.0,15.0,4.991815002468693,5.234770155610792,-0.4071701168590849,7.783029599189703,10.422540718965902,-0.24295515314209898,0.0,0.0,0.0,0.0,1.0,1.0,1.0,1.0,1.0,1.0,0.0,0.0,1.0,0.0,0.0,0.0,0.0,0.0,0.0,0.0,0.0,1.0,0.0,0.0,1.0,1.0,1.0,1.0,1.0,1.0,0.0,0.0,0.0,0.0,1.0,1.0,1.0,1.0,1.0,1.0,0.0,0.0,0.0,1.0,0.0,0.0,0.0,0.0,0.0,0.0
506,352,0.038716706523276176,0.36380202427500385,2,113.81732214851766,95.2732881341689,30.160418612642452,27.278073764427937,66.92169462314838,54.308994371417434,36.14318903740899,29.503479827061803,9.0,6.0,4.734594725824918,4.556749478969734,2.8823448482145153,12.61270025173095,6.639709210347185,0.17784524685518419,0.0,0.0,0.0,0.0,1.0,1.0,1.0,1.0,1.0,1.0,0.0,0.0,1.0,0.0,1.0,1.0,0.0,0.0,0.0,0.0,0.0,1.0,0.0,0.0,1.0,1.0,1.0,1.0,1.0,1.0,0.0,0.0,0.0,0.0,1.0,1.0,1.0,1.0,1.0,1.0,0.0,0.0,0.0,1.0,0.0,0.0,0.0,0.0,0.0,0.0
507,314,0.09174144681121225,0.7128205824449889,1,62.152316262371556,241.83328879289232,37.863357211176314,31.53042325916222,59.96902527379311,48.696543048390815,35.00421170551724,26.484255077079652,12.0,17.0,4.129588086166058,5.4882485994778625,6.332933952014095,11.272482225402292,8.51995662843759,-1.3586605133118042,0.0,0.0,0.0,0.0,0.0,1.0,1.0,1.0,1.0,1.0,1.0,0.0,0.0,0.0,0.0,0.0,0.0,0.0,1.0,0.0,0.0,1.0,0.0,0.0,0.0,1.0,1.0,1.0,1.0,1.0,1.0,0.0,0.0,0.0,1.0,1.0,1.0,1.0,1.0,1.0,0.0,0.0,1.0,1.0,0.0,0.0,0.0,0.0,0.0,0.0
508,296,0.08604663761595115,0.6806672422345077,1,82.13631005830344,137.02152659810818,45.87781666140531,36.92483776571012,56.281837372666125,47.75754280641225,35.30761979032819,25.3071080019657,11.0,12.0,4.408380184927489,4.9201380419380865,8.952978895695189,8.524294566253872,10.000511788362488,-0.5117578570105986,0.0,0.0,0.0,0.0,0.0,1.0,1.0,1.0,1.0,1.0,1.0,0.0,0.0,0.0,0.0,0.0,0.0,0.0,1.0,0.0,0.0,1.0,0.0,0.0,0.0,1.0,1.0,1.0,1.0,1.0,1.0,0.0,0.0,0.0,1.0,1.0,1.0,1.0,1.0,1.0,0.0,0.0,1.0,1.0,0.0,0.0,0.0,0.0,0.0,0.0
509,279,0.04051615476132712,0.37787674987536674,1,69.43913954830478,104.10589653888663,48.183457379312266,38.81780667876794,59.17627977283951,52.686068723258096,35.03174780925926,22.64941652502453,8.0,9.0,4.240450678977868,4.645408617041615,9.365650700544329,6.490211049581411,12.382331284234727,-0.40495793806374736,0.0,0.0,0.0,0.0,0.0,1.0,1.0,1.0,1.0,1.0,1.0,0.0,0.0,1.0,1.0,1.0,0.0,0.0,1.0,0.0,0.0,1.0,0.0,1.0,0.0,1.0,1.0,1.0,1.0,0.0,1.0,0.0,0.0,0.0,1.0,0.0,1.0,1.0,1.0,1.0,0.0,0.0,1.0,1.0,0.0,0.0,0.0,1.0,0.0,0.0
510,299,0.04202555517563413,0.3895319300481848,1,64.42885321052586,142.59415019729917,55.09288738912161,45.63933556601949,34.63430601914548,37.563307369178666,34.843551117977526,24.793765334885688,9.0,12.0,4.165561563993635,4.960002484679419,9.453551823102117,-2.9290013500331895,10.049785783091838,-0.7944409206857841,0.0,0.0,0.0,0.0,0.0,1.0,1.0,1.0,1.0,1.0,1.0,0.0,0.0,0.0,1.0,1.0,0.0,0.0,1.0,0.0,0.0,1.0,0.0,0.0,0.0,1.0,1.0,1.0,1.0,1.0,1.0,0.0,0.0,0.0,1.0,1.0,1.0,1.0,1.0,1.0,0.0,0.0,1.0,1.0,0.0,0.0,0.0,0.0,0.0,0.0
511,229,0.16205276220178064,1.0426054368037938,2,122.49483327725643,138.04317425795986,59.89155904991922,47.93608495230819,18.576064166290823,27.504464790688285,31.311335832270608,17.429076749041243,10.0,10.0,4.808068851766774,4.927566493169415,11.955474097611031,-8.928400624397462,13.882259083229364,-0.1194976414026406,0.0,0.0,0.0,0.0,1.0,1.0,1.0,1.0,1.0,1.0,0.0,0.0,1.0,0.0,1.0,1.0,0.0,0.0,0.0,0.0,1.0,1.0,1.0,0.0,1.0,1.0,1.0,1.0,0.0,0.0,0.0,0.0,0.0,0.0,0.0,0.0,1.0,1.0,1.0,1.0,0.0,0.0,0.0,0.0,0.0,0.0,0.0,0.0,0.0,0.0
512,314,0.06698480572763824,0.5648370656418317,2,144.2505252838858,241.83328879289232,35.38946734921186,31.53042325916222,59.51755537767433,48.696543048390815,36.47133722573297,26.484255077079652,17.0,17.0,4.9715515468643225,5.4882485994778625,3.859044090049643,10.821012329283512,9.987082148653315,-0.5166970526135397,0.0,0.0,0.0,0.0,0.0,1.0,1.0,1.0,1.0,1.0,1.0,0.0,0.0,0.0,0.0,0.0,0.0,0.0,1.0,0.0,0.0,1.0,0.0,0.0,0.0,1.0,1.0,1.0,1.0,1.0,1.0,0.0,0.0,0.0,1.0,1.0,1.0,1.0,1.0,1.0,0.0,0.0,1.0,1.0,0.0,0.0,0.0,0.0,0.0,0.0
513,199,0.07342779432602232,0.605507425652215,1,194.06763088575605,188.20607435667756,36.25450671341538,30.87535841676045,42.5059586886473,38.91542033009278,35.83246272504172,16.974789612983614,14.0,13.0,5.268206711125176,5.237537502702031,5.379148296654932,3.590538358554518,18.85767311205811,0.030669208423144446,0.0,0.0,0.0,0.0,0.0,1.0,1.0,1.0,1.0,1.0,0.0,0.0,0.0,0.0,0.0,0.0,0.0,0.0,0.0,0.0,1.0,1.0,0.0,0.0,0.0,1.0,1.0,1.0,1.0,1.0,0.0,0.0,0.0,0.0,1.0,1.0,1.0,1.0,1.0,1.0,1.0,0.0,1.0,1.0,0.0,0.0,0.0,0.0,0.0,0.0
514,256,0.07957800732299916,0.642845017467877,2,132.85831528391702,118.54827936678998,45.32394462958169,35.17002614693088,42.26648653746057,38.91846271313851,37.571895908517355,19.904315587981824,15.0,12.0,4.889283261770705,4.775320298418654,10.153918482650809,3.3480238243220626,17.66758032053553,0.11396296335205171,0.0,0.0,0.0,0.0,0.0,1.0,1.0,1.0,1.0,1.0,1.0,0.0,0.0,0.0,0.0,0.0,0.0,0.0,0.0,0.0,1.0,1.0,0.0,0.0,0.0,1.0,1.0,1.0,1.0,1.0,1.0,0.0,0.0,0.0,1.0,1.0,1.0,1.0,1.0,1.0,1.0,0.0,1.0,1.0,0.0,0.0,0.0,0.0,0.0,0.0
515,281,0.04431744376607021,0.4069735449664456,2,95.60502656328327,70.28007129179723,58.54117330371704,47.83862351652594,28.607763295755703,33.37125791092904,35.610557190893694,21.188609030064754,9.0,7.0,4.560225397788964,4.252488277715042,10.702549787191096,-4.763494615173336,14.42194816082894,0.3077371200739228,0.0,0.0,0.0,1.0,1.0,1.0,1.0,1.0,1.0,1.0,0.0,0.0,1.0,0.0,1.0,1.0,0.0,0.0,0.0,0.0,0.0,1.0,0.0,0.0,1.0,1.0,1.0,1.0,1.0,0.0,0.0,0.0,0.0,0.0,1.0,0.0,1.0,1.0,1.0,1.0,0.0,0.0,0.0,0.0,0.0,0.0,0.0,0.0,0.0,0.0
516,343,0.06899003142309204,0.5776729279338957,2,132.08676928893584,219.34775257015662,18.910573260692377,20.6953800476374,40.507806329811785,39.721654928272,36.880491960337494,31.372509370284117,14.0,17.0,4.883459049729028,5.390658381697671,-1.7848067869450226,0.786151401539783,5.507982590053377,-0.5071993319686434,0.0,0.0,0.0,0.0,1.0,1.0,1.0,1.0,1.0,1.0,0.0,0.0,1.0,0.0,0.0,0.0,0.0,0.0,0.0,0.0,0.0,1.0,0.0,0.0,1.0,1.0,1.0,1.0,1.0,1.0,0.0,0.0,0.0,0.0,1.0,1.0,1.0,1.0,1.0,1.0,0.0,0.0,0.0,1.0,0.0,0.0,0.0,0.0,0.0,0.0
517,322,0.12046886784471691,0.8609107131710872,1,150.07998391263237,237.5145055035193,22.764554286066623,24.003968171379054,23.159274738861384,26.480880752082275,37.51107953836634,27.85666155808861,12.0,16.0,5.01116837806596,5.470228697413937,-1.2394138853124304,-3.32160601322089,9.654417980277728,-0.4590603193479764,0.0,0.0,0.0,0.0,0.0,1.0,1.0,1.0,1.0,1.0,0.0,0.0,0.0,0.0,0.0,0.0,0.0,0.0,0.0,0.0,0.0,1.0,0.0,0.0,0.0,1.0,1.0,1.0,1.0,1.0,0.0,0.0,0.0,0.0,1.0,1.0,1.0,1.0,1.0,1.0,0.0,0.0,1.0,1.0,0.0,0.0,0.0,0.0,0.0,0.0
518,334,0.029206824097532384,0.2859385582428577,2,113.0553014127338,170.9216534931868,40.97493008562568,35.78857837164139,64.16465503012049,52.192739488045426,35.80658934939759,27.861572014644352,11.0,12.0,4.727877092031669,5.141205284805714,5.186351713984287,11.97191554207506,7.9450173347532385,-0.41332819277404537,0.0,0.0,0.0,0.0,1.0,1.0,1.0,1.0,1.0,1.0,0.0,0.0,1.0,0.0,1.0,1.0,0.0,0.0,0.0,0.0,0.0,1.0,0.0,0.0,1.0,1.0,1.0,1.0,1.0,1.0,0.0,0.0,0.0,0.0,1.0,1.0,1.0,1.0,1.0,1.0,0.0,0.0,0.0,1.0,0.0,0.0,0.0,0.0,0.0,0.0
519,320,-0.052470930913593915,-0.9030550866356576,1,80.48844021717083,257.23230533865683,41.09256716950566,34.86610660090218,4.468875154615385,16.17274039942591,36.835122059999996,27.664143764623052,8.0,16.0,4.3881135743263835,5.549979588436511,6.226460568603478,-11.703865244810522,9.170978295376944,-1.161866014110127,0.0,0.0,0.0,0.0,0.0,0.0,1.0,0.0,1.0,0.0,0.0,0.0,0.0,0.0,1.0,1.0,0.0,0.0,0.0,1.0,0.0,0.0,0.0,0.0,0.0,0.0,0.0,1.0,0.0,0.0,0.0,0.0,0.0,0.0,0.0,0.0,1.0,0.0,1.0,0.0,0.0,0.0,0.0,1.0,0.0,0.0,0.0,0.0,0.0,0.0
520,263,0.06428538361528237,0.5472931355129993,1,98.66263476561603,149.74568381626096,50.22946950144931,41.53996768376889,38.55740005652636,38.35188146557712,35.55395214954624,20.58930243267382,11.0,17.0,4.591706300959,5.00893841398426,8.689501817680416,0.2055185909492394,14.964649716872422,-0.41723211302525903,0.0,0.0,0.0,0.0,0.0,1.0,1.0,1.0,1.0,1.0,1.0,0.0,0.0,0.0,0.0,0.0,0.0,0.0,1.0,0.0,0.0,1.0,0.0,0.0,0.0,1.0,1.0,1.0,1.0,1.0,1.0,0.0,0.0,0.0,1.0,1.0,1.0,1.0,1.0,1.0,0.0,0.0,1.0,1.0,0.0,0.0,0.0,0.0,0.0,0.0
521,302,-0.026334231351292255,-0.3544696944060305,1,197.2300169392591,116.3935315751028,52.955055494802224,45.417385846646496,6.882337201608229,24.839975081950207,31.89232427347146,24.78719046939834,12.0,11.0,5.284370646301222,4.756976963092602,7.5376696481557275,-17.957637880341977,7.10513380407312,0.5273936832086201,0.0,0.0,0.0,0.0,0.0,1.0,1.0,1.0,1.0,1.0,0.0,0.0,0.0,0.0,1.0,1.0,0.0,0.0,0.0,0.0,0.0,1.0,0.0,0.0,0.0,1.0,0.0,1.0,0.0,0.0,0.0,0.0,0.0,0.0,0.0,0.0,1.0,1.0,1.0,1.0,0.0,0.0,1.0,0.0,0.0,0.0,0.0,0.0,0.0,0.0
522,282,0.03493163265821288,0.3335335205311383,2,92.77602458168566,99.81497636750956,53.88162890663783,44.133395383168036,40.816475413706364,44.05350218167861,37.30087344409651,23.16912846264074,13.0,11.0,4.530188250611745,4.603318235861673,9.748233523469793,-3.237026767972246,14.131744981455771,-0.0731299852499286,0.0,0.0,0.0,0.0,0.0,1.0,1.0,1.0,1.0,1.0,1.0,0.0,0.0,0.0,1.0,1.0,0.0,0.0,1.0,0.0,0.0,1.0,0.0,0.0,0.0,1.0,1.0,1.0,1.0,1.0,1.0,0.0,0.0,0.0,1.0,1.0,1.0,1.0,1.0,1.0,0.0,0.0,1.0,1.0,0.0,0.0,0.0,0.0,0.0,0.0
523,330,0.2483162294665595,1.338744210478819,1,154.08059277549768,191.88400593214362,13.940763303954506,19.12952174184571,24.525061378431012,29.677464432575025,36.115663478022995,28.092544583131655,12.0,15.0,5.037475795235417,5.256891053694149,-5.188758437891204,-5.152403054144013,8.02311889489134,-0.2194152584587328,0.0,0.0,0.0,0.0,1.0,1.0,1.0,1.0,1.0,1.0,0.0,0.0,1.0,0.0,0.0,0.0,0.0,0.0,0.0,0.0,1.0,1.0,1.0,0.0,1.0,1.0,1.0,1.0,0.0,0.0,0.0,0.0,0.0,0.0,0.0,0.0,1.0,1.0,1.0,1.0,0.0,0.0,0.0,0.0,0.0,0.0,0.0,0.0,0.0,0.0
524,315,0.07435020936240574,0.6111969956159073,1,124.79042074380533,201.6546726427252,28.142780336079962,26.667747662986013,51.92424713350126,43.63106506074981,36.36527704911838,26.777390878684596,15.0,16.0,4.826635696128834,5.30655669309517,1.4750326730939491,8.29318207275145,9.587886170433787,-0.47992099696633583,0.0,0.0,0.0,0.0,0.0,1.0,1.0,1.0,1.0,1.0,1.0,0.0,0.0,0.0,0.0,0.0,0.0,0.0,1.0,0.0,0.0,1.0,0.0,0.0,0.0,1.0,1.0,1.0,1.0,1.0,1.0,0.0,0.0,0.0,1.0,1.0,1.0,1.0,1.0,1.0,0.0,0.0,1.0,1.0,0.0,0.0,0.0,0.0,0.0,0.0
525,306,0.038565168955095104,0.36260765095560665,2,110.66446135421192,187.68596282075305,30.428038441204425,27.212469061372946,60.20062398816492,51.0134953628266,36.771267985238424,25.602157765439433,13.0,15.0,4.7065027525276415,5.234770155610792,3.2155693798314786,9.187128625338318,11.169110219798991,-0.5282674030831505,0.0,0.0,0.0,0.0,1.0,1.0,1.0,1.0,1.0,1.0,0.0,0.0,1.0,0.0,0.0,0.0,0.0,0.0,0.0,0.0,0.0,1.0,0.0,0.0,1.0,1.0,1.0,1.0,1.0,1.0,0.0,0.0,0.0,0.0,1.0,1.0,1.0,1.0,1.0,1.0,0.0,0.0,0.0,1.0,0.0,0.0,0.0,0.0,0.0,0.0
526,307,0.025029304784964183,0.24971962165338324,2,156.709564313952,173.95873335474587,35.745926789172835,31.043507639322566,65.07444468845733,55.492403490816876,37.22154635010941,25.46329926022424,12.0,13.0,5.054394183325479,5.158818106458654,4.702419149850268,9.582041197640457,11.758247089885174,-0.10442392313317547,0.0,0.0,0.0,0.0,1.0,1.0,1.0,1.0,1.0,1.0,0.0,0.0,1.0,1.0,1.0,1.0,0.0,0.0,0.0,0.0,0.0,1.0,0.0,1.0,1.0,1.0,1.0,1.0,1.0,0.0,0.0,0.0,0.0,0.0,1.0,0.0,1.0,1.0,1.0,1.0,0.0,0.0,0.0,1.0,0.0,0.0,0.0,1.0,0.0,0.0
527,322,0.1287709324918291,0.8999190041475937,1,197.86820930547808,237.5145055035193,25.399902614796286,24.003968171379054,19.104551840995523,26.480880752082275,38.327953327348,27.85666155808861,13.0,16.0,5.287601199509848,5.470228697413937,1.3959344434172323,-7.376328911086752,10.471291769259388,-0.18262749790408822,0.0,0.0,0.0,0.0,0.0,1.0,1.0,1.0,1.0,1.0,0.0,0.0,0.0,0.0,0.0,0.0,0.0,0.0,0.0,0.0,0.0,1.0,0.0,0.0,0.0,1.0,0.0,1.0,0.0,1.0,0.0,0.0,0.0,0.0,0.0,1.0,1.0,1.0,1.0,1.0,0.0,0.0,1.0,1.0,0.0,0.0,0.0,0.0,0.0,0.0
528,314,0.11895513432188363,0.8536312714943212,2,127.25746287590559,241.83328879289232,40.26054895705153,31.53042325916222,57.38122089229042,48.696543048390815,37.66139675737275,26.484255077079652,15.0,17.0,4.8462123010658,5.4882485994778625,8.730125697889314,8.684677843899607,11.177141680293097,-0.6420362984120617,0.0,0.0,0.0,0.0,0.0,1.0,1.0,1.0,1.0,1.0,1.0,0.0,0.0,0.0,0.0,0.0,0.0,0.0,1.0,0.0,0.0,1.0,0.0,0.0,0.0,1.0,1.0,1.0,1.0,1.0,1.0,0.0,0.0,0.0,1.0,1.0,1.0,1.0,1.0,1.0,0.0,0.0,1.0,1.0,0.0,0.0,0.0,0.0,0.0,0.0
529,296,0.09169001274390544,0.7125347598553552,1,68.50566414696954,137.02152659810818,43.53618621631915,36.92483776571012,57.068337064655175,47.75754280641225,36.8437964121941,25.3071080019657,11.0,12.0,4.22691643012662,4.9201380419380865,6.611348450609029,9.310794258242922,11.5366884102284,-0.6932216118114669,0.0,0.0,0.0,0.0,0.0,1.0,1.0,1.0,1.0,1.0,1.0,0.0,0.0,0.0,0.0,0.0,0.0,0.0,1.0,0.0,0.0,1.0,0.0,0.0,0.0,1.0,1.0,1.0,1.0,1.0,1.0,0.0,0.0,0.0,1.0,1.0,1.0,1.0,1.0,1.0,0.0,0.0,1.0,1.0,0.0,0.0,0.0,0.0,0.0,0.0
530,257,0.0688931973718557,0.577056844724129,3,206.1456595479303,258.6440366504519,48.74108875566858,39.71195925344719,21.74483378832825,28.231427266805518,37.950321306279456,16.606482472708993,17.0,19.0,5.328583004106758,5.555452740511795,9.029129502221387,-6.486593478477268,21.343838833570462,-0.22686973640503694,0.0,0.0,0.0,0.0,0.0,1.0,1.0,1.0,1.0,1.0,0.0,0.0,0.0,0.0,0.0,0.0,0.0,0.0,1.0,0.0,0.0,1.0,0.0,0.0,0.0,1.0,1.0,1.0,0.0,0.0,0.0,0.0,0.0,0.0,0.0,0.0,1.0,1.0,1.0,1.0,0.0,0.0,1.0,1.0,0.0,0.0,0.0,0.0,0.0,0.0
531,299,0.006537581516276108,0.07147620328115059,2,99.56753438935937,142.59415019729917,55.873964539178154,45.63933556601949,30.817332212666223,37.563307369178666,37.40998860456328,24.793765334885688,14.0,12.0,4.600836151507871,4.960002484679419,10.234628973158664,-6.7459751565124435,12.616223269677594,-0.35916633317154795,0.0,0.0,0.0,0.0,0.0,1.0,1.0,1.0,1.0,1.0,1.0,0.0,0.0,0.0,1.0,1.0,0.0,0.0,1.0,0.0,0.0,1.0,0.0,0.0,0.0,1.0,1.0,1.0,1.0,1.0,1.0,0.0,0.0,0.0,1.0,1.0,1.0,1.0,1.0,1.0,0.0,0.0,1.0,1.0,0.0,0.0,0.0,0.0,0.0,0.0
533,375,0.022333107025986645,0.22562730128755593,2,119.13241678061013,66.10989129840263,17.492205399601396,19.36332936748767,53.91048097757256,46.76514963177859,38.0492222414248,32.81701148812869,10.0,9.0,4.780235620524071,4.191318377090658,-1.8711239678862732,7.14533134579397,5.232210753296108,0.5889172434334126,0.0,0.0,0.0,0.0,0.0,1.0,1.0,1.0,1.0,1.0,0.0,0.0,0.0,0.0,1.0,1.0,0.0,0.0,1.0,0.0,0.0,1.0,0.0,0.0,0.0,1.0,1.0,1.0,0.0,1.0,0.0,0.0,0.0,0.0,0.0,1.0,1.0,1.0,1.0,1.0,0.0,0.0,1.0,1.0,0.0,0.0,0.0,0.0,0.0,0.0
534,353,0.04396886658632288,0.40434035668680507,2,74.86853729076482,153.0056686217877,19.47725912576557,22.76530271951823,58.37502693377863,51.882232694215126,37.395446720038166,29.93149217054146,9.0,9.0,4.315733739398416,5.0304749705217136,-3.2880435937526578,6.492794239563501,7.463954549496705,-0.7147412311232977,0.0,0.0,0.0,0.0,0.0,1.0,1.0,1.0,1.0,1.0,0.0,0.0,0.0,0.0,1.0,1.0,0.0,0.0,1.0,0.0,0.0,1.0,0.0,0.0,0.0,1.0,1.0,1.0,0.0,1.0,0.0,0.0,0.0,0.0,0.0,1.0,1.0,1.0,1.0,1.0,0.0,0.0,1.0,1.0,0.0,0.0,0.0,0.0,0.0,0.0
535,287,0.0650922705630113,0.5525695354253537,1,125.28573422206485,248.84550682187435,24.598228728206305,24.03140464245743,42.54447896213791,37.91291256331878,37.03911512905801,25.99747788864629,13.0,19.0,4.830597002443943,5.5168322493725155,0.5668240857488733,4.631566398819132,11.04163724041172,-0.6862352469285733,0.0,0.0,0.0,0.0,0.0,1.0,1.0,1.0,1.0,1.0,0.0,0.0,0.0,0.0,0.0,0.0,0.0,0.0,0.0,0.0,0.0,1.0,0.0,0.0,0.0,1.0,1.0,1.0,1.0,1.0,0.0,0.0,0.0,0.0,1.0,1.0,1.0,1.0,1.0,1.0,0.0,0.0,1.0,1.0,0.0,0.0,0.0,0.0,0.0,0.0
536,352,0.06667984613543136,0.5628704417238346,1,58.923253394487425,95.2732881341689,26.96346619898952,27.278073764427937,65.07408573593598,54.308994371417434,36.144507144762365,29.503479827061803,9.0,6.0,4.076235807220179,4.556749478969734,-0.3146075654384184,10.765091364518547,6.641027317700562,-0.4805136717495549,0.0,0.0,0.0,0.0,1.0,1.0,1.0,1.0,1.0,1.0,0.0,0.0,1.0,0.0,1.0,1.0,0.0,0.0,0.0,0.0,0.0,1.0,0.0,0.0,1.0,1.0,1.0,1.0,1.0,1.0,0.0,0.0,0.0,0.0,1.0,1.0,1.0,1.0,1.0,1.0,0.0,0.0,0.0,1.0,0.0,0.0,0.0,0.0,0.0,0.0
537,276,0.08232850276808444,0.6591023589862555,3,286.1102105092497,192.64559782403305,29.368892941009264,27.379492001898345,16.230901972966674,22.644238336418862,39.49379318760196,21.9343671532398,17.0,17.0,5.656377088022002,5.260852220170199,1.9894009391109186,-6.4133363634521885,17.559426034362158,0.39552486785180246,0.0,0.0,0.0,0.0,0.0,1.0,1.0,0.0,1.0,0.0,0.0,0.0,0.0,0.0,0.0,0.0,0.0,0.0,0.0,0.0,0.0,1.0,0.0,0.0,0.0,1.0,0.0,1.0,1.0,0.0,0.0,0.0,0.0,0.0,1.0,0.0,1.0,1.0,1.0,1.0,0.0,0.0,1.0,1.0,0.0,0.0,0.0,0.0,0.0,0.0
538,344,0.08454337185190898,0.6720043448896269,2,250.90485251603513,185.29902237909957,30.937094575412637,29.708901738250304,13.264481599104059,22.14543789960403,41.92971995423485,29.65806371958799,16.0,20.0,5.525073793623914,5.221970857395581,1.2281928371623323,-8.880956300499971,12.271656234646859,0.30310293622833345,0.0,0.0,0.0,0.0,1.0,1.0,1.0,1.0,1.0,1.0,0.0,0.0,1.0,0.0,0.0,0.0,0.0,0.0,0.0,0.0,0.0,1.0,0.0,0.0,1.0,1.0,0.0,1.0,1.0,0.0,0.0,0.0,0.0,0.0,1.0,0.0,1.0,1.0,1.0,1.0,0.0,0.0,0.0,1.0,0.0,0.0,0.0,0.0,0.0,0.0
539,244,0.07918100355144939,0.6404764679233009,2,264.6688520561312,124.80819320988121,51.972778381543506,43.884966680723906,20.46250735510689,28.625165483293642,32.05818770486936,19.092523751153447,17.0,12.0,5.578479429683971,4.826778104500615,8.0878117008196,-8.162658128186752,12.965663953715914,0.7517013251833556,0.0,0.0,0.0,0.0,1.0,1.0,1.0,1.0,1.0,1.0,0.0,0.0,1.0,0.0,0.0,0.0,0.0,0.0,0.0,0.0,0.0,1.0,0.0,0.0,1.0,1.0,0.0,1.0,1.0,0.0,0.0,0.0,0.0,0.0,1.0,0.0,1.0,1.0,1.0,1.0,0.0,0.0,0.0,0.0,0.0,0.0,0.0,0.0,0.0,0.0
540,272,0.07717617910842037,0.6284291036918834,2,150.66102472366757,116.85791687503539,32.10867336090406,27.048969865323873,45.58918492688247,40.373824754291846,37.88253571966871,21.416358636266093,15.0,13.0,5.015032443938653,4.760958811150495,5.059703495580191,5.215360172590621,16.466177083402616,0.2540736327881577,1.0,0.0,0.0,0.0,0.0,1.0,0.0,1.0,0.0,1.0,0.0,0.0,0.0,0.0,0.0,0.0,0.0,0.0,0.0,0.0,1.0,1.0,0.0,0.0,0.0,1.0,1.0,1.0,1.0,1.0,0.0,0.0,0.0,0.0,1.0,1.0,1.0,1.0,1.0,1.0,1.0,0.0,1.0,1.0,0.0,0.0,0.0,0.0,0.0,0.0
541,290,0.10172965574864627,0.7668325377209786,2,193.46753955632624,146.82934413268433,45.025735684412254,37.6873097548587,17.414896503766432,26.343134896388133,39.13368201718281,24.264950038553987,17.0,14.0,5.26510974416665,4.989270988116708,7.338425929553551,-8.9282383926217,14.86873197862882,0.2758387560499422,0.0,0.0,0.0,0.0,0.0,1.0,1.0,1.0,1.0,1.0,0.0,0.0,0.0,0.0,0.0,0.0,0.0,0.0,0.0,0.0,0.0,1.0,0.0,0.0,0.0,1.0,1.0,1.0,0.0,0.0,0.0,0.0,0.0,0.0,0.0,0.0,1.0,1.0,1.0,1.0,0.0,0.0,1.0,1.0,0.0,0.0,0.0,0.0,0.0,0.0
542,264,0.06157392714551434,0.5293555833184308,2,176.664982332292,180.90593744173734,48.45674154534299,40.20814164045695,47.07493069030032,42.50063773744738,38.405693138998224,22.001697358789404,16.0,19.0,5.17425518386445,5.197977213541664,8.248599904886042,4.574292952852943,16.40399578020882,-0.023722029677213603,1.0,0.0,0.0,0.0,0.0,1.0,0.0,1.0,0.0,1.0,1.0,0.0,0.0,0.0,0.0,0.0,0.0,0.0,0.0,0.0,1.0,1.0,0.0,0.0,0.0,1.0,1.0,1.0,1.0,1.0,1.0,0.0,0.0,0.0,1.0,1.0,1.0,1.0,1.0,1.0,1.0,0.0,1.0,1.0,0.0,0.0,0.0,0.0,0.0,0.0
543,294,0.1000659433062043,0.7580359641626675,2,107.99738877896839,72.49983302547498,59.39033246357991,46.986458380663606,21.57472478792556,29.000552837432743,37.53805357951138,23.497641648539584,9.0,7.0,4.682107048859413,4.28358425876108,12.403874082916303,-7.425828049507182,14.040411930971793,0.39852279009833275,0.0,0.0,0.0,0.0,1.0,1.0,1.0,1.0,1.0,1.0,0.0,0.0,1.0,0.0,1.0,1.0,0.0,0.0,0.0,0.0,1.0,1.0,1.0,0.0,1.0,1.0,1.0,1.0,0.0,0.0,0.0,0.0,0.0,0.0,0.0,0.0,1.0,1.0,1.0,1.0,0.0,0.0,0.0,0.0,0.0,0.0,0.0,0.0,0.0,0.0
544,353,0.04453755749569683,0.40863274248705006,2,83.62225049308198,153.0056686217877,24.019850596877482,22.76530271951823,62.18715142054904,51.882232694215126,37.42407018145575,29.93149217054146,9.0,9.0,4.4263096389013725,5.0304749705217136,1.2545478773592542,10.304918726333916,7.492578010914286,-0.6041653316203411,0.0,0.0,0.0,0.0,1.0,1.0,1.0,1.0,1.0,1.0,0.0,0.0,1.0,0.0,1.0,1.0,0.0,0.0,0.0,0.0,0.0,1.0,0.0,0.0,1.0,1.0,1.0,1.0,1.0,1.0,0.0,0.0,0.0,0.0,1.0,1.0,1.0,1.0,1.0,1.0,0.0,0.0,0.0,1.0,0.0,0.0,0.0,0.0,0.0,0.0
545,348,0.11731145634096206,0.8456664611778288,1,154.31872425543014,184.21236077725735,10.965763657152609,16.091164963028557,20.937387433954694,25.537474483588785,37.885051075766924,29.161171902868812,12.0,11.0,5.0390201016855825,5.216089226766591,-5.125401305875949,-4.600087049634091,8.723879172898112,-0.17706912508100814,0.0,0.0,0.0,0.0,1.0,1.0,1.0,1.0,1.0,1.0,0.0,0.0,1.0,0.0,1.0,1.0,0.0,0.0,0.0,0.0,1.0,1.0,1.0,0.0,1.0,1.0,1.0,1.0,0.0,0.0,0.0,0.0,0.0,0.0,0.0,0.0,1.0,1.0,1.0,1.0,0.0,0.0,0.0,0.0,0.0,0.0,0.0,0.0,0.0,0.0
546,349,0.07163892545328397,0.594380335357658,2,81.51716821047904,142.75204119927625,14.901386357192367,17.419698205880177,47.783876911311054,44.378044571535455,37.94342265231362,29.72367626223162,9.0,11.0,4.400813650951926,4.961109147553161,-2.5183118486878104,3.4058323397756,8.219746390082001,-0.5602954966012356,0.0,0.0,0.0,0.0,1.0,1.0,1.0,1.0,1.0,1.0,0.0,0.0,1.0,0.0,1.0,1.0,0.0,0.0,0.0,0.0,1.0,1.0,1.0,0.0,1.0,1.0,1.0,1.0,0.0,0.0,0.0,0.0,0.0,0.0,0.0,0.0,1.0,1.0,1.0,1.0,0.0,0.0,0.0,0.0,0.0,0.0,0.0,0.0,0.0,0.0
547,354,0.06217855140123374,0.5333834222158614,2,160.10055658819022,109.92928820004123,23.38357973769268,23.835433549659097,13.064064293520941,22.8140972732342,38.16212055431937,30.75639560548327,12.0,12.0,5.0758020965,4.69983732454062,-0.4518538119664157,-9.750032979713259,7.405724948836102,0.37596477195938005,0.0,0.0,0.0,0.0,0.0,1.0,1.0,1.0,1.0,1.0,0.0,0.0,0.0,0.0,0.0,0.0,0.0,0.0,0.0,0.0,0.0,1.0,0.0,0.0,0.0,1.0,0.0,1.0,0.0,0.0,0.0,0.0,0.0,0.0,0.0,0.0,1.0,1.0,1.0,1.0,0.0,0.0,1.0,1.0,0.0,0.0,0.0,0.0,0.0,0.0
548,284,0.04262922348066556,0.3941555281890703,3,177.9032660279408,188.31752682866139,53.278968255591096,42.49999909154609,25.79344488523317,33.69048026706451,39.266720019623065,24.174190041551586,17.0,15.0,5.181239953288771,5.23812951061276,10.778969164045009,-7.897035381831337,15.092529978071479,-0.056889557323988926,0.0,0.0,0.0,0.0,0.0,1.0,1.0,1.0,1.0,1.0,1.0,0.0,0.0,0.0,0.0,0.0,0.0,0.0,1.0,0.0,0.0,1.0,0.0,0.0,0.0,1.0,1.0,1.0,1.0,1.0,1.0,0.0,0.0,0.0,1.0,1.0,1.0,1.0,1.0,1.0,0.0,0.0,1.0,1.0,0.0,0.0,0.0,0.0,0.0,0.0
549,297,0.09315647125001528,0.7206520987304772,4,298.95025990720785,223.3507538555755,28.06263610885105,27.611296664952036,26.24968605618926,28.50478410291916,40.5721957529393,26.167474416916168,18.0,16.0,5.700277204726796,5.408743423013275,0.4513394438990126,-2.2550980467298984,14.404721336023133,0.29153378171352023,0.0,0.0,0.0,0.0,0.0,1.0,1.0,1.0,1.0,1.0,0.0,0.0,0.0,0.0,0.0,0.0,0.0,0.0,0.0,0.0,0.0,1.0,0.0,0.0,0.0,1.0,1.0,1.0,0.0,1.0,0.0,0.0,0.0,0.0,0.0,1.0,1.0,1.0,1.0,1.0,0.0,0.0,1.0,1.0,0.0,0.0,0.0,0.0,0.0,0.0
550,183,0.05392058607584753,0.4769171603241095,2,207.49824635394666,246.19851061225862,43.49252410124505,36.14177464783032,24.77880995209787,29.65142051177003,39.541736452648735,16.65745514531462,14.0,17.0,5.335122888328759,5.506138164228638,7.3507494534147355,-4.872610559672161,22.884281307334113,-0.17101527589987797,0.0,0.0,0.0,0.0,0.0,1.0,1.0,1.0,1.0,1.0,0.0,0.0,0.0,0.0,0.0,0.0,0.0,0.0,0.0,0.0,1.0,1.0,0.0,0.0,0.0,1.0,1.0,1.0,1.0,1.0,0.0,0.0,0.0,0.0,1.0,1.0,1.0,1.0,1.0,1.0,1.0,0.0,1.0,1.0,0.0,0.0,0.0,0.0,0.0,0.0
551,358,0.051397052340742266,0.45900582860864997,3,166.9396926918504,154.6588802895477,21.267908687872502,22.71236076385109,48.502765922115714,43.0274643450036,39.15373212863745,32.602869456701896,17.0,15.0,5.11763262559096,5.041221919335386,-1.4444520759785888,5.475301577112113,6.550862671935555,0.07641070625557381,0.0,0.0,0.0,0.0,0.0,1.0,1.0,1.0,1.0,1.0,1.0,0.0,0.0,0.0,0.0,0.0,0.0,0.0,1.0,0.0,0.0,1.0,0.0,0.0,0.0,1.0,1.0,1.0,1.0,1.0,1.0,0.0,0.0,0.0,1.0,1.0,1.0,1.0,1.0,1.0,0.0,0.0,1.0,1.0,0.0,0.0,0.0,0.0,0.0,0.0
552,326,-0.02450536723518345,-0.32535278101022613,1,241.9511088705747,164.81034294607397,25.03232035703031,24.86977625279514,6.214154529113027,16.811292408791207,37.347499005905284,27.93821376923077,13.0,13.0,5.48873567628555,5.104795376101117,0.1625441042351703,-10.59713787967818,9.409285236674513,0.3839403001844341,0.0,0.0,0.0,0.0,0.0,0.0,1.0,0.0,1.0,0.0,0.0,0.0,0.0,0.0,1.0,1.0,0.0,0.0,0.0,1.0,0.0,0.0,0.0,0.0,0.0,0.0,0.0,1.0,0.0,0.0,0.0,0.0,0.0,0.0,0.0,0.0,1.0,0.0,1.0,0.0,0.0,0.0,1.0,1.0,0.0,0.0,0.0,0.0,0.0,0.0
553,314,0.09392463336990825,0.7248779806512459,2,187.12371693092555,241.83328879289232,32.57129825637964,31.53042325916222,56.56406053629422,48.696543048390815,40.61805798080937,26.484255077079652,17.0,17.0,5.231769985967724,5.4882485994778625,1.040874997217422,7.867517487903406,14.133802903729716,-0.2564786135101382,0.0,0.0,0.0,0.0,0.0,1.0,1.0,1.0,1.0,1.0,1.0,0.0,0.0,0.0,0.0,0.0,0.0,0.0,1.0,0.0,0.0,1.0,0.0,0.0,0.0,1.0,1.0,1.0,1.0,1.0,1.0,0.0,0.0,0.0,1.0,1.0,1.0,1.0,1.0,1.0,0.0,0.0,1.0,1.0,0.0,0.0,0.0,0.0,0.0,0.0
554,342,0.06845119013291563,0.5742398502184219,2,82.57447198137916,77.84955168069834,48.74214018680105,40.153027809731086,56.3302594756604,48.53834139566929,39.06042053068405,27.46518188976378,8.0,10.0,4.413700576843804,4.3547781395055365,8.589112377069966,7.791918079991106,11.595238640920268,0.05892243733826755,1.0,0.0,0.0,0.0,0.0,1.0,0.0,1.0,0.0,1.0,1.0,0.0,0.0,0.0,1.0,1.0,0.0,0.0,0.0,0.0,1.0,1.0,0.0,0.0,0.0,1.0,1.0,1.0,1.0,1.0,1.0,0.0,0.0,0.0,1.0,1.0,1.0,1.0,1.0,1.0,1.0,0.0,1.0,1.0,0.0,0.0,0.0,0.0,0.0,0.0
555,353,0.018346466329848474,0.18890535131397015,2,73.10636433926463,153.0056686217877,21.745573538755707,22.76530271951823,59.70158556390879,51.882232694215126,38.591864031986965,29.93149217054146,9.0,9.0,4.2919154264305615,5.0304749705217136,-1.0197291807625213,7.819352869693667,8.660371861445505,-0.7385595440911521,0.0,0.0,0.0,0.0,0.0,1.0,1.0,1.0,1.0,1.0,0.0,0.0,0.0,0.0,1.0,1.0,0.0,0.0,1.0,0.0,0.0,1.0,0.0,0.0,0.0,1.0,1.0,1.0,0.0,1.0,0.0,0.0,0.0,0.0,0.0,1.0,1.0,1.0,1.0,1.0,0.0,0.0,1.0,1.0,0.0,0.0,0.0,0.0,0.0,0.0
556,246,0.11950513116142836,0.856282301933387,1,103.9396283609193,148.71474845041064,34.51764977838067,30.81587703217977,50.88674053125,44.88272989264301,38.593525586189514,20.45159201342743,13.0,11.0,4.6438102340584075,5.002030031132984,3.701772746200902,6.004010638606985,18.141933572762085,-0.3582197970745769,1.0,0.0,0.0,0.0,0.0,1.0,0.0,1.0,0.0,1.0,1.0,0.0,0.0,0.0,0.0,0.0,0.0,0.0,0.0,0.0,1.0,1.0,0.0,0.0,0.0,1.0,1.0,1.0,1.0,0.0,1.0,0.0,0.0,0.0,1.0,0.0,1.0,1.0,1.0,1.0,1.0,0.0,1.0,1.0,0.0,0.0,0.0,0.0,0.0,0.0
557,293,0.09295616023161848,0.7195471880347645,2,162.76762916343375,263.1299986478006,37.5518353658876,32.91531258376887,26.230581496400983,31.989498922099468,40.03921157944171,26.860016985492923,16.0,21.0,5.092323595735086,5.572648201492497,4.636522782118725,-5.758917425698485,13.17919459394879,-0.4803246057574122,0.0,0.0,0.0,0.0,0.0,1.0,1.0,1.0,1.0,1.0,0.0,0.0,0.0,0.0,0.0,0.0,0.0,0.0,0.0,0.0,1.0,1.0,0.0,0.0,0.0,1.0,1.0,1.0,1.0,1.0,0.0,0.0,0.0,0.0,1.0,1.0,1.0,1.0,1.0,1.0,1.0,0.0,1.0,1.0,0.0,0.0,0.0,0.0,0.0,1.0
558,238,0.06325139065812162,0.5404906887839971,1,236.65506475687684,200.43798315690182,38.496611039441504,32.26721413436512,34.74759722439122,33.337681620453175,39.77688873713021,19.887215458551502,20.0,15.0,5.466603658011585,5.300504887961983,6.229396905076385,1.409915603938046,19.889673278578705,0.16609877004960136,1.0,0.0,0.0,0.0,0.0,1.0,0.0,1.0,0.0,1.0,0.0,0.0,0.0,0.0,0.0,0.0,0.0,0.0,0.0,0.0,1.0,1.0,0.0,0.0,0.0,1.0,1.0,1.0,1.0,1.0,0.0,0.0,0.0,0.0,1.0,1.0,1.0,1.0,1.0,1.0,1.0,0.0,1.0,1.0,0.0,0.0,0.0,0.0,1.0,1.0
559,264,0.059649053641187604,0.5164234911893542,2,123.80931904648361,180.90593744173734,49.664933179245715,40.20814164045695,43.28365831735651,42.50063773744738,38.93501918595169,22.001697358789404,13.0,19.0,4.818742632429458,5.197977213541664,9.456791538788764,0.7830205799091345,16.933321827162285,-0.3792345811122063,1.0,0.0,0.0,0.0,0.0,1.0,0.0,1.0,0.0,1.0,1.0,0.0,0.0,0.0,0.0,0.0,0.0,0.0,0.0,0.0,1.0,1.0,0.0,0.0,0.0,1.0,1.0,1.0,1.0,1.0,1.0,0.0,0.0,0.0,1.0,1.0,1.0,1.0,1.0,1.0,1.0,0.0,1.0,1.0,0.0,0.0,0.0,0.0,0.0,0.0
560,282,0.07164196091475437,0.5943993217374659,1,40.39662425574219,99.81497636750956,53.14129544842338,44.133395383168036,44.92655123874086,44.05350218167861,37.06952927988682,23.16912846264074,9.0,11.0,3.6987462234497546,4.603318235861673,9.007900065255342,0.8730490570622536,13.900400817246084,-0.9045720124119185,1.0,0.0,0.0,0.0,0.0,1.0,0.0,1.0,0.0,1.0,1.0,0.0,0.0,0.0,1.0,1.0,0.0,0.0,0.0,0.0,1.0,1.0,0.0,0.0,0.0,1.0,1.0,1.0,1.0,1.0,1.0,0.0,0.0,0.0,1.0,1.0,1.0,1.0,1.0,1.0,1.0,0.0,1.0,1.0,0.0,0.0,0.0,0.0,0.0,0.0
561,365,0.18798418381808607,1.141188716583259,3,235.8263672067119,137.17941760008526,9.924299026881576,15.727788060663121,28.227943896114386,30.93774137366283,39.59383025026254,32.36529741459039,9.0,10.0,5.46309580206692,4.921289686545945,-5.8034890337815455,-2.7097974775484452,7.228532835672155,0.5418061155209741,0.0,0.0,1.0,1.0,1.0,1.0,1.0,1.0,1.0,1.0,0.0,0.0,1.0,0.0,1.0,1.0,0.0,0.0,0.0,0.0,1.0,1.0,1.0,0.0,1.0,1.0,1.0,1.0,0.0,0.0,0.0,0.0,0.0,0.0,0.0,0.0,1.0,1.0,1.0,1.0,0.0,0.0,0.0,0.0,0.0,0.0,0.0,0.0,0.0,0.0
562,321,0.1776516604634986,1.1030641926391922,2,97.129068034851,144.42382827903356,17.11408958796819,18.780573159602874,35.38731760679612,34.80821731157556,39.598257791262135,27.69942286273312,12.0,14.0,4.576040692339389,4.9727522286279005,-1.6664835716346822,0.579100295220556,11.898834928529016,-0.3967115362885104,0.0,0.0,0.0,1.0,1.0,1.0,1.0,1.0,1.0,1.0,0.0,0.0,1.0,0.0,0.0,0.0,0.0,0.0,0.0,0.0,0.0,1.0,0.0,0.0,1.0,1.0,1.0,1.0,1.0,0.0,0.0,0.0,0.0,0.0,1.0,0.0,1.0,1.0,1.0,1.0,0.0,0.0,0.0,0.0,0.0,0.0,0.0,0.0,0.0,0.0
563,291,0.05714470248946551,0.4993439376843422,1,152.2422177504191,207.08798065193642,24.973552091299823,23.574243371247483,30.215668961459052,32.79203978909719,39.444273693737095,25.745108028367046,13.0,16.0,5.025472790343818,5.333143730270891,1.399308720052339,-2.5763708276381365,13.69916566537005,-0.30767093992707323,0.0,0.0,0.0,0.0,0.0,1.0,1.0,1.0,1.0,1.0,0.0,0.0,0.0,0.0,0.0,0.0,0.0,0.0,0.0,0.0,0.0,1.0,0.0,0.0,0.0,1.0,1.0,1.0,1.0,1.0,0.0,0.0,0.0,0.0,1.0,1.0,1.0,1.0,1.0,1.0,0.0,0.0,1.0,1.0,0.0,0.0,0.0,0.0,0.0,0.0
564,296,0.10216024306335371,0.7690966398730622,2,112.86479622878782,137.02152659810818,46.36298990769843,36.92483776571012,52.269348631445695,47.75754280641225,39.236970755633386,25.3071080019657,14.0,12.0,4.726190608791904,4.9201380419380865,9.438152141988304,4.511805825033441,13.929862753667685,-0.19394743314618307,1.0,0.0,0.0,0.0,0.0,1.0,0.0,1.0,0.0,1.0,1.0,0.0,0.0,0.0,0.0,0.0,0.0,0.0,0.0,0.0,1.0,1.0,0.0,0.0,0.0,1.0,1.0,1.0,1.0,1.0,1.0,0.0,0.0,0.0,1.0,1.0,1.0,1.0,1.0,1.0,1.0,0.0,1.0,1.0,0.0,0.0,0.0,0.0,0.0,0.0
565,364,0.10928254654948126,0.8058218697191467,2,111.19787586926063,78.67615751457835,45.778140804437264,40.11801711274455,5.4582240517817375,19.93305326525794,38.96602985244989,31.402825068468896,9.0,6.0,4.7113112797389,4.3653401554520705,5.660123691692711,-14.474829213476202,7.563204783980996,0.34597112428682936,0.0,0.0,0.0,0.0,0.0,1.0,1.0,1.0,1.0,1.0,0.0,0.0,0.0,0.0,1.0,1.0,0.0,0.0,0.0,0.0,0.0,1.0,0.0,0.0,0.0,1.0,0.0,1.0,0.0,0.0,0.0,0.0,0.0,0.0,0.0,0.0,1.0,1.0,1.0,1.0,0.0,0.0,0.0,1.0,0.0,0.0,0.0,0.0,0.0,0.0
566,294,0.13568871657282583,0.9312997132777713,2,121.07556965685899,72.49983302547498,58.41227844259446,46.986458380663606,18.107171249468966,29.000552837432743,40.22245036547085,23.497641648539584,11.0,7.0,4.796414893269833,4.28358425876108,11.425820061930857,-10.893381587963777,16.724808716931264,0.5128306345087525,0.0,0.0,0.0,0.0,1.0,1.0,1.0,1.0,1.0,1.0,0.0,0.0,1.0,0.0,1.0,1.0,0.0,0.0,0.0,0.0,1.0,1.0,1.0,0.0,1.0,1.0,1.0,1.0,0.0,0.0,0.0,0.0,0.0,0.0,0.0,0.0,1.0,1.0,1.0,1.0,0.0,0.0,0.0,0.0,0.0,0.0,0.0,0.0,0.0,0.0
567,375,0.0285000524540596,0.27990233447462426,2,86.23217151314172,66.10989129840263,16.79521511258942,19.36332936748767,50.473724938031594,46.76514963177859,39.20176787424058,32.81701148812869,8.0,9.0,4.457043327450604,4.191318377090658,-2.568114254898248,3.708575306253003,6.384756386111889,0.2657249503599463,0.0,0.0,0.0,0.0,0.0,1.0,1.0,1.0,1.0,1.0,0.0,0.0,0.0,0.0,1.0,1.0,0.0,0.0,1.0,0.0,0.0,1.0,0.0,0.0,0.0,1.0,1.0,1.0,0.0,1.0,0.0,0.0,0.0,0.0,0.0,1.0,1.0,1.0,1.0,1.0,0.0,0.0,1.0,1.0,0.0,0.0,0.0,0.0,0.0,0.0
568,315,0.0841220888470684,0.6695630860563657,2,168.1112995731181,201.6546726427252,30.12916381511102,26.667747662986013,50.58005575191229,43.63106506074981,40.81957995945946,26.777390878684596,18.0,16.0,5.124626257507729,5.30655669309517,3.4614161521250075,6.948990691162479,14.042189080774865,-0.18193043558744085,0.0,0.0,0.0,0.0,0.0,1.0,1.0,1.0,1.0,1.0,1.0,0.0,0.0,0.0,0.0,0.0,0.0,0.0,1.0,0.0,1.0,1.0,0.0,0.0,0.0,1.0,1.0,1.0,1.0,1.0,1.0,0.0,0.0,0.0,1.0,1.0,1.0,1.0,1.0,1.0,1.0,0.0,1.0,1.0,0.0,0.0,0.0,0.0,0.0,0.0
569,334,0.06650555026240854,0.561744702838883,2,121.08509491605628,170.9216534931868,44.782850903048775,35.78857837164139,60.15123934337634,52.192739488045426,39.54876632013058,27.861572014644352,14.0,12.0,4.796493562191715,5.141205284805714,8.994272531407383,7.958499855330913,11.68719430548623,-0.3447117226139987,0.0,0.0,0.0,0.0,0.0,1.0,1.0,1.0,1.0,1.0,1.0,0.0,0.0,0.0,1.0,1.0,0.0,0.0,1.0,0.0,0.0,1.0,0.0,0.0,0.0,1.0,1.0,1.0,1.0,1.0,1.0,0.0,0.0,0.0,1.0,1.0,1.0,1.0,1.0,1.0,0.0,0.0,1.0,1.0,0.0,0.0,0.0,0.0,0.0,0.0
570,286,0.11195646816338573,0.8192686755530673,3,274.2607880678106,209.2427284436236,18.498676604109384,19.869595920325875,16.790415859323446,24.042707581938835,41.111135252161986,25.7043710253895,17.0,16.0,5.614079435000857,5.343494958197662,-1.37091931621649,-7.252291722615389,15.406764226772488,0.2705844768031942,0.0,0.0,0.0,0.0,1.0,1.0,1.0,0.0,1.0,0.0,0.0,0.0,1.0,0.0,0.0,0.0,0.0,0.0,0.0,0.0,1.0,0.0,1.0,0.0,1.0,0.0,1.0,1.0,0.0,0.0,0.0,0.0,0.0,0.0,0.0,0.0,1.0,0.0,1.0,0.0,0.0,0.0,0.0,0.0,0.0,0.0,0.0,0.0,0.0,0.0
571,354,0.04383715791298281,0.403343607993217,1,140.55472471533406,109.92928820004123,26.177775598004626,23.835433549659097,10.88136416210355,22.8140972732342,40.036268602229605,30.75639560548327,13.0,12.0,4.94559691269173,4.69983732454062,2.342342048345529,-11.93273311113065,9.279872996746334,0.24575958815111004,0.0,0.0,0.0,0.0,0.0,1.0,1.0,1.0,1.0,1.0,0.0,0.0,0.0,0.0,0.0,0.0,0.0,0.0,0.0,0.0,0.0,1.0,0.0,0.0,0.0,1.0,0.0,1.0,0.0,0.0,0.0,0.0,0.0,0.0,0.0,0.0,1.0,1.0,1.0,1.0,0.0,0.0,1.0,1.0,0.0,0.0,0.0,0.0,0.0,0.0
572,273,0.06399858964498427,0.5454110041771946,1,140.840482491253,197.96745336126045,36.50549974001894,32.25941961262766,44.053240332916275,41.487726263898665,39.46435614026782,23.81885455482055,14.0,16.0,4.947627920092209,5.28810264021983,4.246080127391281,2.5655140690176097,15.645501585447267,-0.34047472012762137,1.0,0.0,0.0,0.0,0.0,1.0,0.0,1.0,0.0,1.0,0.0,0.0,0.0,0.0,0.0,0.0,0.0,0.0,0.0,0.0,1.0,1.0,0.0,0.0,0.0,1.0,1.0,1.0,1.0,1.0,0.0,0.0,0.0,0.0,1.0,1.0,1.0,1.0,1.0,1.0,1.0,0.0,1.0,1.0,0.0,0.0,0.0,0.0,1.0,0.0
573,273,0.05508958481277721,0.4851068910394344,2,245.48498003277237,197.96745336126045,39.5933425045219,32.25941961262766,46.81328007201614,41.487726263898665,42.26536319792798,23.81885455482055,20.0,16.0,5.503235764233697,5.28810264021983,7.33392289189424,5.325553808117476,18.446508643107432,0.2151331240138663,1.0,0.0,0.0,0.0,0.0,1.0,0.0,1.0,0.0,1.0,0.0,0.0,0.0,0.0,0.0,0.0,0.0,0.0,0.0,0.0,1.0,1.0,0.0,0.0,0.0,1.0,1.0,1.0,1.0,1.0,0.0,0.0,0.0,0.0,1.0,1.0,1.0,1.0,1.0,1.0,1.0,0.0,1.0,1.0,0.0,0.0,0.0,0.0,1.0,0.0
574,219,0.09021474286056085,0.7043016141209361,2,119.07526522542634,264.5045791356011,42.19522998949952,36.23860312228136,51.43394926421886,44.58670327230591,38.85906337796976,19.36301780996524,13.0,16.0,4.779755774065727,5.5778585635704285,5.956626867218162,6.847245991912949,19.496045568004522,-0.7981027895047011,1.0,0.0,0.0,0.0,0.0,1.0,0.0,1.0,0.0,1.0,1.0,0.0,0.0,1.0,0.0,0.0,0.0,0.0,0.0,0.0,1.0,1.0,0.0,1.0,0.0,1.0,1.0,1.0,1.0,0.0,1.0,0.0,0.0,0.0,1.0,0.0,1.0,1.0,1.0,1.0,1.0,0.0,1.0,1.0,0.0,0.0,0.0,1.0,0.0,0.0
575,309,0.10921339399277606,0.8054717005155646,2,186.1616657519984,121.07453539842324,52.183952709091265,42.47592573583065,13.11292994238641,26.973170751112303,40.85096040096705,25.015067039659403,16.0,13.0,5.22661546691274,4.796406350977972,9.708026973260615,-13.860240808725893,15.835893361307644,0.43020911593476824,0.0,0.0,0.0,0.0,0.0,1.0,1.0,1.0,1.0,1.0,0.0,0.0,0.0,0.0,0.0,0.0,0.0,0.0,1.0,0.0,0.0,1.0,0.0,0.0,0.0,1.0,1.0,1.0,0.0,0.0,0.0,0.0,0.0,0.0,0.0,0.0,1.0,1.0,1.0,1.0,0.0,0.0,1.0,1.0,0.0,0.0,0.0,0.0,0.0,0.0
576,299,0.10264623515884536,0.7716459270001731,1,64.42885321052586,142.59415019729917,54.663250612768856,45.63933556601949,35.7354177631579,37.563307369178666,38.731990532599056,24.793765334885688,10.0,12.0,4.165561563993635,4.960002484679419,9.023915046749366,-1.8278896060207686,13.938225197713368,-0.7944409206857841,0.0,0.0,0.0,0.0,0.0,1.0,1.0,1.0,1.0,1.0,1.0,0.0,0.0,0.0,1.0,1.0,0.0,0.0,1.0,0.0,0.0,1.0,0.0,0.0,0.0,1.0,1.0,1.0,1.0,1.0,1.0,0.0,0.0,0.0,1.0,1.0,1.0,1.0,1.0,1.0,0.0,0.0,1.0,1.0,0.0,0.0,0.0,0.0,0.0,0.0
577,377,0.1476939449163118,0.9835248824302747,2,115.43661621205838,166.47284231983264,13.449220377262725,16.515557477017346,42.2880998199934,38.19034523030574,39.130152322798914,33.527677461085695,9.0,9.0,4.748721601943651,5.114832186926553,-3.0663370997546213,4.097754589687661,5.602474861713219,-0.3661105849829023,0.0,0.0,1.0,1.0,1.0,1.0,1.0,1.0,1.0,1.0,0.0,0.0,1.0,0.0,1.0,1.0,0.0,0.0,0.0,0.0,1.0,1.0,1.0,0.0,1.0,1.0,1.0,1.0,0.0,0.0,0.0,0.0,0.0,0.0,0.0,0.0,1.0,1.0,1.0,1.0,0.0,0.0,0.0,0.0,0.0,0.0,0.0,0.0,0.0,0.0
578,343,0.08603944740491688,0.6806259851788438,1,63.84781239949066,219.34775257015662,20.1220065491244,20.6953800476374,43.232196562807694,39.721654928272,39.68310532328808,31.372509370284117,10.0,17.0,4.1565023203331215,5.390658381697671,-0.5733734985129999,3.5105416345356915,8.310595953003965,-1.23415606136455,0.0,0.0,0.0,0.0,1.0,1.0,1.0,1.0,1.0,1.0,0.0,0.0,1.0,0.0,0.0,0.0,0.0,0.0,0.0,0.0,0.0,1.0,0.0,0.0,1.0,1.0,1.0,1.0,1.0,1.0,0.0,0.0,0.0,0.0,1.0,1.0,1.0,1.0,1.0,1.0,0.0,0.0,0.0,1.0,0.0,0.0,0.0,0.0,0.0,0.0
579,287,0.09306859372707328,0.7201675187589044,2,127.2479376167083,248.84550682187435,26.298394555255573,24.03140464245743,40.645644691893104,37.91291256331878,40.33869625162812,25.99747788864629,14.0,19.0,4.846137447964976,5.5168322493725155,2.2669899127981417,2.7327321285743267,14.34121836298183,-0.6706948014075397,0.0,0.0,0.0,0.0,0.0,1.0,1.0,1.0,1.0,1.0,1.0,0.0,0.0,0.0,0.0,0.0,0.0,0.0,0.0,0.0,1.0,1.0,0.0,0.0,0.0,1.0,1.0,1.0,1.0,1.0,1.0,0.0,0.0,0.0,1.0,1.0,1.0,1.0,1.0,1.0,1.0,0.0,1.0,1.0,0.0,0.0,0.0,0.0,0.0,0.0
580,268,0.05181827452640019,0.4620179395615814,1,158.5193635614387,147.7209639085549,46.952208932440655,37.38581255859511,28.13008404981372,32.641705404746936,40.46786983857108,22.412671805752908,13.0,15.0,5.065876753435539,4.995325115203764,9.566396373845542,-4.511621354933215,18.055198032818176,0.07055163823177488,0.0,0.0,0.0,0.0,0.0,1.0,1.0,1.0,1.0,1.0,0.0,0.0,0.0,0.0,0.0,0.0,0.0,0.0,0.0,0.0,0.0,1.0,0.0,0.0,0.0,1.0,1.0,1.0,0.0,1.0,0.0,0.0,0.0,0.0,0.0,1.0,1.0,1.0,1.0,1.0,0.0,0.0,1.0,1.0,0.0,0.0,0.0,0.0,0.0,0.0
581,347,0.07167427741536513,0.5946014345078251,1,146.0603245313725,163.5193518122614,52.55232442983466,43.336175657223656,8.295343518292682,24.482891755566282,41.541957765064566,30.893283746847665,12.0,11.0,4.984019718094004,5.096931343041371,9.216148772611007,-16.1875482372736,10.648674018216902,-0.1129116249473676,0.0,0.0,0.0,0.0,0.0,1.0,1.0,1.0,1.0,1.0,0.0,0.0,0.0,0.0,1.0,1.0,0.0,0.0,1.0,0.0,0.0,1.0,0.0,0.0,0.0,1.0,0.0,1.0,0.0,0.0,0.0,0.0,0.0,0.0,0.0,0.0,1.0,1.0,1.0,1.0,0.0,0.0,1.0,1.0,0.0,0.0,0.0,0.0,0.0,0.0
582,244,0.0359804139106019,0.34201259212557356,1,132.40110284244668,124.80819320988121,55.43766658256967,43.884966680723906,19.550444881079137,28.625165483293642,38.31813187154677,19.092523751153447,14.0,12.0,4.885835973093947,4.826778104500615,11.552699901845763,-9.074720602214505,19.22560812039332,0.05905786859333182,0.0,0.0,0.0,0.0,1.0,1.0,1.0,1.0,1.0,1.0,0.0,0.0,1.0,0.0,0.0,0.0,0.0,0.0,0.0,0.0,0.0,1.0,0.0,0.0,1.0,1.0,1.0,1.0,1.0,0.0,0.0,0.0,0.0,0.0,1.0,0.0,1.0,1.0,1.0,1.0,0.0,0.0,0.0,0.0,0.0,0.0,0.0,0.0,0.0,0.0
583,222,0.06916178414875049,0.5787647303016951,1,139.01163272537173,178.95551918202048,34.465351551081675,28.48012546895794,30.248167297416746,27.68113177688395,41.5232502104632,19.009636605952874,11.0,14.0,4.93455761830073,5.187137278770631,5.985226082123734,2.5670355205327944,22.51361360451033,-0.25257966046990193,0.0,0.0,0.0,0.0,0.0,1.0,1.0,1.0,1.0,1.0,0.0,0.0,0.0,0.0,0.0,0.0,0.0,0.0,0.0,0.0,1.0,1.0,0.0,0.0,0.0,1.0,1.0,1.0,1.0,1.0,0.0,0.0,0.0,0.0,1.0,1.0,1.0,1.0,1.0,1.0,1.0,0.0,1.0,1.0,0.0,0.0,0.0,0.0,0.0,0.0
584,287,0.06579151964294369,0.557119659551741,2,130.18171744947617,248.84550682187435,24.891499832330133,24.03140464245743,36.02582571270213,37.91291256331878,40.23861539635618,25.99747788864629,14.0,19.0,4.868931300939964,5.5168322493725155,0.8600951898727018,-1.8870868506166474,14.24113750770989,-0.6479009484325514,0.0,0.0,0.0,0.0,0.0,1.0,1.0,1.0,1.0,1.0,0.0,0.0,0.0,0.0,0.0,0.0,0.0,0.0,0.0,0.0,0.0,1.0,0.0,0.0,0.0,1.0,1.0,1.0,1.0,1.0,0.0,0.0,0.0,0.0,1.0,1.0,1.0,1.0,1.0,1.0,0.0,0.0,1.0,1.0,0.0,0.0,0.0,0.0,0.0,0.0
585,284,0.10607628065649238,0.7894558832380839,1,113.88399896289874,188.31752682866139,51.109929093902686,42.49999909154609,30.489832491217797,33.69048026706451,39.099565284208765,24.174190041551586,15.0,15.0,4.735180377378993,5.23812951061276,8.609930002356599,-3.2006477758467113,14.925375242657179,-0.5029491332337676,0.0,0.0,0.0,0.0,0.0,1.0,1.0,1.0,1.0,1.0,1.0,0.0,0.0,0.0,0.0,0.0,0.0,0.0,1.0,0.0,0.0,1.0,0.0,0.0,0.0,1.0,1.0,1.0,1.0,1.0,1.0,0.0,0.0,0.0,1.0,1.0,1.0,1.0,1.0,1.0,0.0,0.0,1.0,1.0,0.0,0.0,0.0,0.0,0.0,0.0
586,342,0.05314797900678116,0.47146740869571063,2,98.7769378759836,77.84955168069834,49.85102153435332,40.153027809731086,52.74213725742527,48.53834139566929,40.50376036967213,27.46518188976378,11.0,10.0,4.592864155198737,4.3547781395055365,9.697993724622236,4.203795861755978,13.038578479908349,0.2380860156932003,1.0,0.0,0.0,0.0,0.0,1.0,0.0,1.0,0.0,1.0,1.0,0.0,0.0,0.0,1.0,1.0,0.0,0.0,0.0,0.0,1.0,1.0,0.0,0.0,0.0,1.0,1.0,1.0,1.0,1.0,1.0,0.0,0.0,0.0,1.0,1.0,1.0,1.0,1.0,1.0,1.0,0.0,1.0,1.0,0.0,0.0,0.0,0.0,0.0,0.0
587,315,0.10549521734632833,0.7864610341478762,2,125.63816881236488,201.6546726427252,26.64107198328187,26.667747662986013,47.2409392615997,43.63106506074981,40.55288237433662,26.777390878684596,14.0,16.0,4.833406099686524,5.30655669309517,-0.026675679704144528,3.6098742008498874,13.775491495652023,-0.4731505934086461,1.0,0.0,0.0,0.0,0.0,1.0,0.0,1.0,0.0,1.0,1.0,0.0,0.0,0.0,0.0,0.0,0.0,0.0,0.0,0.0,1.0,1.0,0.0,0.0,0.0,1.0,1.0,1.0,1.0,1.0,1.0,0.0,0.0,0.0,1.0,1.0,1.0,1.0,1.0,1.0,1.0,0.0,1.0,1.0,0.0,0.0,0.0,0.0,0.0,0.0
588,366,0.10654440250653449,0.7918621159671134,2,134.45855882906312,157.39875355914995,28.311211910062582,27.162133182638755,55.99818992001984,46.03764034758365,41.289956541902804,32.36523894503452,14.0,14.0,4.901256038770325,5.058782417013892,1.1490787274238272,9.960549572436193,8.924717596868284,-0.1575263782435672,0.0,0.0,0.0,0.0,0.0,1.0,1.0,1.0,1.0,1.0,1.0,0.0,0.0,0.0,0.0,0.0,0.0,0.0,1.0,0.0,0.0,1.0,0.0,0.0,0.0,1.0,1.0,1.0,1.0,1.0,1.0,0.0,0.0,0.0,1.0,1.0,1.0,1.0,1.0,1.0,0.0,0.0,1.0,1.0,0.0,0.0,0.0,0.0,0.0,0.0
589,314,0.13738942614878685,0.9388660462359326,1,106.64480197295202,241.83328879289232,38.151450075289546,31.53042325916222,57.124387255627006,48.696543048390815,40.686485872186495,26.484255077079652,14.0,17.0,4.669503704610508,5.4882485994778625,6.621026816127326,8.427844207236191,14.202230795106843,-0.8187448948673541,0.0,0.0,0.0,0.0,0.0,1.0,1.0,1.0,1.0,1.0,1.0,0.0,0.0,0.0,0.0,0.0,0.0,0.0,1.0,0.0,0.0,1.0,0.0,0.0,0.0,1.0,1.0,1.0,1.0,1.0,1.0,0.0,0.0,0.0,1.0,1.0,1.0,1.0,1.0,1.0,0.0,0.0,1.0,1.0,0.0,0.0,0.0,0.0,0.0,0.0
590,288,0.13195327643119475,0.9144772750429122,2,80.24078347804107,201.81256364470227,38.40820863144647,32.75542607604567,20.319174180555553,25.397470952920063,40.49416578472222,24.774285343780203,10.0,15.0,4.385031907788975,5.307339363883956,5.6527825554007975,-5.07829677236451,15.719880440942017,-0.9223074560949804,0.0,0.0,0.0,0.0,0.0,1.0,1.0,1.0,1.0,1.0,0.0,0.0,0.0,0.0,0.0,0.0,0.0,0.0,0.0,0.0,0.0,1.0,0.0,0.0,0.0,1.0,1.0,1.0,1.0,1.0,0.0,0.0,0.0,0.0,1.0,1.0,1.0,1.0,1.0,1.0,0.0,0.0,1.0,1.0,0.0,0.0,0.0,0.0,0.0,0.0
591,268,0.06903268471403008,0.5779441788038288,3,185.99973634564435,147.7209639085549,44.14212806100425,37.38581255859511,32.2531140850361,32.641705404746936,42.194603057458906,22.412671805752908,16.0,15.0,5.225745256215661,4.995325115203764,6.756315502409137,-0.3885913197108337,19.781931251706,0.23042014101189653,0.0,0.0,0.0,0.0,0.0,1.0,1.0,1.0,1.0,1.0,0.0,0.0,0.0,0.0,0.0,0.0,0.0,0.0,0.0,0.0,1.0,1.0,0.0,0.0,0.0,1.0,1.0,1.0,1.0,1.0,0.0,0.0,0.0,0.0,1.0,1.0,1.0,1.0,1.0,1.0,1.0,0.0,1.0,1.0,0.0,0.0,0.0,0.0,0.0,0.0
592,298,0.3414015585847405,1.5829332802392395,1,86.59413136263906,110.0128775540291,49.48705202671416,41.68099717793253,7.0689586313386865,19.760857681722246,39.81001934160159,25.327022670113973,10.0,12.0,4.461232046097022,4.700597427613406,7.806054848781628,-12.69189905038356,14.482996671487616,-0.23936538151638367,0.0,0.0,0.0,0.0,0.0,0.0,1.0,0.0,1.0,0.0,0.0,0.0,0.0,0.0,1.0,1.0,0.0,0.0,0.0,1.0,0.0,0.0,0.0,0.0,0.0,0.0,0.0,1.0,0.0,0.0,0.0,0.0,0.0,0.0,0.0,0.0,1.0,0.0,1.0,0.0,0.0,0.0,0.0,1.0,0.0,0.0,0.0,0.0,0.0,0.0
593,309,0.1566173078444877,1.0206493618175687,2,62.19041729916075,121.07453539842324,50.62208148843117,42.47592573583065,16.389939283504365,26.973170751112303,40.02740499410323,25.015067039659403,13.0,13.0,4.130200925161797,4.796406350977972,8.14615575260052,-10.583231467607938,15.012337954443826,-0.6662054258161747,0.0,0.0,0.0,0.0,0.0,1.0,1.0,1.0,1.0,1.0,0.0,0.0,0.0,0.0,0.0,0.0,0.0,0.0,1.0,0.0,0.0,1.0,0.0,0.0,0.0,1.0,1.0,1.0,0.0,0.0,0.0,0.0,0.0,0.0,0.0,0.0,1.0,1.0,1.0,1.0,0.0,0.0,1.0,1.0,0.0,0.0,0.0,0.0,0.0,0.0
594,231,0.06988133691302119,0.5833258887587902,2,264.0020839123203,230.8459325964874,31.213835715906296,28.495445150858536,35.039897964118204,33.81393904327097,41.86368526618199,20.564621256246227,21.0,16.0,5.575956996722436,5.441750529549293,2.718390565047759,1.2259589208472335,21.299064009935762,0.13420646717314283,0.0,0.0,0.0,0.0,0.0,1.0,1.0,1.0,1.0,1.0,0.0,0.0,0.0,0.0,0.0,0.0,0.0,0.0,0.0,0.0,1.0,1.0,0.0,0.0,0.0,1.0,1.0,1.0,1.0,1.0,0.0,0.0,0.0,0.0,1.0,1.0,1.0,1.0,1.0,1.0,1.0,0.0,1.0,1.0,0.0,0.0,0.0,0.0,0.0,1.0
595,231,0.0808574993903514,0.6504405952148345,1,151.0420350915595,230.8459325964874,33.918043060603985,28.495445150858536,38.48619022665069,33.81393904327097,41.85069659841079,20.564621256246227,15.0,16.0,5.017558176164731,5.441750529549293,5.422597909745448,4.672251183379721,21.286075342164565,-0.42419235338456146,1.0,0.0,0.0,0.0,0.0,1.0,0.0,1.0,0.0,1.0,0.0,0.0,0.0,0.0,0.0,0.0,0.0,0.0,0.0,0.0,1.0,1.0,0.0,0.0,0.0,1.0,1.0,1.0,1.0,1.0,0.0,0.0,0.0,0.0,1.0,1.0,1.0,1.0,1.0,1.0,1.0,0.0,1.0,1.0,0.0,0.0,0.0,0.0,1.0,1.0
596,288,0.06507260820424476,0.5524412896031357,3,196.96330968173473,201.81256364470227,41.09288244495188,32.75542607604567,20.980825398950575,25.397470952920063,42.28099481494825,24.774285343780203,13.0,15.0,5.283017466121803,5.307339363883956,8.33745636890621,-4.416645553969488,17.506709471168048,-0.02432189776215332,0.0,0.0,0.0,0.0,0.0,1.0,1.0,1.0,1.0,1.0,0.0,0.0,0.0,0.0,0.0,0.0,0.0,0.0,0.0,0.0,0.0,1.0,0.0,0.0,0.0,1.0,1.0,1.0,1.0,1.0,0.0,0.0,0.0,0.0,1.0,1.0,1.0,1.0,1.0,1.0,0.0,0.0,1.0,1.0,0.0,0.0,0.0,0.0,0.0,0.0
597,330,0.21071386122322555,1.2202664668694445,2,123.87599586086469,191.88400593214362,13.892296120326375,19.12952174184571,26.40667772698962,29.677464432575025,40.152523038408305,28.092544583131655,10.0,15.0,4.819281031857916,5.256891053694149,-5.237225621519336,-3.2707867055854045,12.05997845527665,-0.43761002183623365,0.0,0.0,0.0,0.0,1.0,1.0,1.0,1.0,1.0,1.0,0.0,0.0,1.0,0.0,0.0,0.0,0.0,0.0,0.0,0.0,1.0,1.0,1.0,0.0,1.0,1.0,1.0,1.0,0.0,0.0,0.0,0.0,0.0,0.0,0.0,0.0,1.0,1.0,1.0,1.0,0.0,0.0,0.0,0.0,0.0,0.0,0.0,0.0,0.0,0.0
598,352,0.0127194634473322,0.13466542854869076,1,78.61196415530306,95.2732881341689,28.15875381683797,27.278073764427937,63.363968372955284,54.308994371417434,40.221564308615044,29.503479827061803,8.0,6.0,4.364523903567848,4.556749478969734,0.8806800524100318,9.05497400153785,10.718084481553241,-0.19222557540188562,0.0,0.0,0.0,0.0,0.0,1.0,1.0,1.0,1.0,1.0,1.0,0.0,0.0,0.0,1.0,1.0,0.0,0.0,1.0,0.0,0.0,1.0,0.0,0.0,0.0,1.0,1.0,1.0,1.0,1.0,1.0,0.0,0.0,0.0,1.0,1.0,1.0,1.0,1.0,1.0,0.0,0.0,1.0,1.0,0.0,0.0,0.0,0.0,0.0,0.0
599,361,0.03641819866696186,0.34553078727783754,1,79.52638903824369,162.07975738247038,32.33742408669421,29.261856683294617,63.62247303557312,51.72210958303249,40.25969691699605,32.50670162738525,10.0,9.0,4.376088904169165,5.088088543599391,3.075567403399596,11.900363452540631,7.752995289610801,-0.7119996394302267,0.0,0.0,0.0,0.0,0.0,1.0,1.0,1.0,1.0,1.0,1.0,0.0,0.0,0.0,1.0,1.0,0.0,0.0,1.0,0.0,0.0,1.0,0.0,0.0,0.0,1.0,1.0,1.0,1.0,1.0,1.0,0.0,0.0,0.0,1.0,1.0,1.0,1.0,1.0,1.0,0.0,0.0,1.0,1.0,0.0,0.0,0.0,0.0,0.0,0.0
600,270,0.1263047898060333,0.8884895493147636,1,142.0120893725207,127.07439347355222,47.69417539418284,40.45697444692592,11.860609197565228,22.545856011694198,40.37448269736401,21.629799427897968,14.0,13.0,4.955912190403563,4.844772690341463,7.237200947256923,-10.68524681412897,18.74468326946604,0.11113950006209988,0.0,0.0,0.0,0.0,1.0,1.0,1.0,1.0,1.0,1.0,0.0,0.0,1.0,0.0,0.0,0.0,0.0,0.0,0.0,0.0,1.0,1.0,1.0,0.0,1.0,1.0,1.0,1.0,0.0,0.0,0.0,0.0,0.0,0.0,0.0,0.0,1.0,1.0,1.0,1.0,0.0,0.0,0.0,1.0,0.0,0.0,0.0,0.0,0.0,0.0
601,377,0.19644913185192694,1.1713742464504096,2,148.3082857019349,166.47284231983264,12.455363996421589,16.515557477017346,36.08946972514451,38.19034523030574,40.787626483237,33.527677461085695,10.0,9.0,4.999293118803208,5.114832186926553,-4.060193480595757,-2.100875505161227,7.259949022151304,-0.11553906812334568,0.0,0.0,1.0,1.0,1.0,1.0,1.0,1.0,1.0,1.0,0.0,0.0,1.0,0.0,1.0,1.0,0.0,0.0,0.0,0.0,1.0,1.0,1.0,0.0,1.0,1.0,1.0,1.0,0.0,0.0,0.0,0.0,0.0,0.0,0.0,0.0,1.0,1.0,1.0,1.0,0.0,0.0,0.0,0.0,0.0,0.0,0.0,0.0,0.0,0.0
602,348,0.1998908461329804,1.183391328194906,2,210.55585455627943,184.21236077725735,13.517598581918799,16.091164963028557,16.842380345238634,25.537474483588785,41.68578531802759,29.161171902868812,11.0,11.0,5.349750960235507,5.216089226766591,-2.5735663811097584,-8.69509413835015,12.524613415158779,0.1336617334689171,0.0,0.0,0.0,0.0,1.0,1.0,1.0,1.0,1.0,1.0,0.0,0.0,1.0,0.0,1.0,1.0,0.0,0.0,0.0,0.0,1.0,1.0,1.0,0.0,1.0,1.0,1.0,1.0,0.0,0.0,0.0,0.0,0.0,0.0,0.0,0.0,1.0,1.0,1.0,1.0,0.0,0.0,0.0,0.0,0.0,0.0,0.0,0.0,0.0,0.0
603,336,0.14813501980779623,0.9853926590010891,2,212.81334098603912,262.95353223382625,40.67050864555922,34.08857179668038,10.329887236505236,22.926241064283698,43.016229468087005,31.455631618200762,13.0,19.0,5.360415448105957,5.571977333045819,6.58193684887884,-12.596353827778461,11.560597849886243,-0.21156188493986167,0.0,0.0,0.0,0.0,1.0,1.0,1.0,1.0,1.0,1.0,0.0,0.0,1.0,0.0,0.0,0.0,0.0,0.0,0.0,0.0,1.0,1.0,1.0,0.0,1.0,1.0,1.0,1.0,0.0,0.0,0.0,0.0,0.0,0.0,0.0,0.0,1.0,1.0,1.0,1.0,0.0,0.0,0.0,1.0,0.0,0.0,0.0,0.0,0.0,0.0
604,308,0.06720130325856435,0.5662308715240902,2,196.26796576033195,119.72781802861874,45.00317023804671,35.92542259856092,37.519163565615145,36.94381491691878,41.67503984384858,24.54073604095881,18.0,15.0,5.279480897748082,4.785220983463625,9.077747639485786,0.5753486486963624,17.13430380288977,0.494259914284457,0.0,0.0,0.0,0.0,0.0,1.0,1.0,1.0,1.0,1.0,0.0,0.0,0.0,0.0,0.0,0.0,0.0,0.0,0.0,0.0,1.0,1.0,0.0,0.0,0.0,1.0,1.0,1.0,1.0,1.0,0.0,0.0,0.0,0.0,1.0,1.0,1.0,1.0,1.0,1.0,1.0,0.0,1.0,1.0,0.0,0.0,0.0,0.0,0.0,0.0
605,346,0.06759415263364778,0.5687550760821221,1,62.676205518222964,38.265348714444904,52.15688350034372,42.06156706778351,48.254437081914894,45.48172876820388,39.83912069566869,27.780511635436895,7.0,7.0,4.137981878294527,3.644544753364092,10.09531643256021,2.7727083137110142,12.058609060231795,0.49343712493043473,1.0,0.0,0.0,0.0,0.0,1.0,0.0,1.0,0.0,1.0,1.0,0.0,0.0,0.0,1.0,1.0,0.0,0.0,0.0,0.0,1.0,1.0,0.0,0.0,0.0,1.0,1.0,1.0,1.0,1.0,1.0,0.0,0.0,0.0,1.0,1.0,1.0,1.0,1.0,1.0,1.0,0.0,1.0,1.0,0.0,0.0,0.0,0.0,0.0,0.0
606,314,0.11700400270287517,0.8441695569010982,2,103.25380969871382,241.83328879289232,35.11656201015992,31.53042325916222,56.88527426817343,48.696543048390815,42.184731307749075,26.484255077079652,13.0,17.0,4.637190128968801,5.4882485994778625,3.586138750997698,8.188731219782618,15.700476230669423,-0.8510584705090611,0.0,0.0,0.0,0.0,0.0,1.0,1.0,1.0,1.0,1.0,1.0,0.0,0.0,0.0,0.0,0.0,0.0,0.0,1.0,0.0,0.0,1.0,0.0,0.0,0.0,1.0,1.0,1.0,1.0,1.0,1.0,0.0,0.0,0.0,1.0,1.0,1.0,1.0,1.0,1.0,0.0,0.0,1.0,1.0,0.0,0.0,0.0,0.0,0.0,0.0
607,334,0.07688833736368895,0.6266874320001683,3,75.81153795129735,170.9216534931868,40.256908483533834,35.78857837164139,62.43914611402186,52.192739488045426,40.32220271127026,27.861572014644352,10.0,12.0,4.328250496781013,5.141205284805714,4.468330111892442,10.246406625976434,12.460630696625906,-0.8129547880247013,0.0,0.0,0.0,0.0,0.0,1.0,1.0,1.0,1.0,1.0,1.0,0.0,0.0,0.0,1.0,1.0,0.0,0.0,1.0,0.0,0.0,1.0,0.0,0.0,0.0,1.0,1.0,1.0,1.0,1.0,1.0,0.0,0.0,0.0,1.0,1.0,1.0,1.0,1.0,1.0,0.0,0.0,1.0,1.0,0.0,0.0,0.0,0.0,0.0,0.0
608,329,0.047085871860947696,0.427643917295593,2,124.15222837758634,86.45925514144845,49.877358712771404,41.35842844189671,39.65943751427037,39.19432620367387,40.91369677340034,26.109255217531423,12.0,10.0,4.82150846086749,4.45967326413701,8.51893027087469,0.46511131059650523,14.804441555868916,0.36183519673047976,1.0,0.0,0.0,0.0,0.0,1.0,0.0,1.0,0.0,1.0,1.0,0.0,0.0,0.0,0.0,0.0,0.0,0.0,0.0,0.0,1.0,1.0,0.0,0.0,0.0,1.0,1.0,1.0,1.0,1.0,1.0,0.0,0.0,0.0,1.0,1.0,1.0,1.0,1.0,1.0,1.0,0.0,1.0,1.0,0.0,0.0,0.0,0.0,0.0,0.0
609,323,0.03846466558493864,0.3618147262391747,2,100.94869697296762,139.6499473957266,57.300162288482056,45.73621934381644,25.565063389554634,31.281100052573823,40.83043093479902,27.661968617717477,11.0,12.0,4.614612437027871,4.939138915704588,11.56394294466562,-5.716036663019189,13.168462317081541,-0.32452647867671724,0.0,0.0,0.0,0.0,1.0,1.0,1.0,1.0,1.0,1.0,0.0,0.0,1.0,0.0,1.0,1.0,0.0,0.0,0.0,0.0,0.0,1.0,0.0,0.0,1.0,1.0,1.0,1.0,1.0,1.0,0.0,0.0,0.0,0.0,1.0,1.0,1.0,1.0,1.0,1.0,0.0,0.0,0.0,1.0,0.0,0.0,0.0,0.0,0.0,0.0
610,367,0.1599128870542831,1.0340190294215474,2,151.0801361283487,132.40553671677827,18.590578145123228,20.21963636342594,30.150230272555323,33.75687918055556,42.6345042579913,32.64339735763889,17.0,13.0,5.017810398878724,4.885869460731111,-1.6290582183027134,-3.606648908000235,9.991106900352413,0.1319409381476135,0.0,0.0,0.0,1.0,1.0,1.0,1.0,1.0,1.0,1.0,0.0,0.0,1.0,0.0,0.0,0.0,0.0,0.0,0.0,0.0,0.0,1.0,0.0,0.0,1.0,1.0,1.0,1.0,1.0,0.0,0.0,0.0,0.0,0.0,1.0,0.0,1.0,1.0,1.0,1.0,0.0,0.0,0.0,0.0,0.0,0.0,0.0,0.0,0.0,0.0
611,343,0.06622770648254699,0.5599475463083082,2,149.3941652504269,219.34775257015662,20.558115249896677,20.6953800476374,39.74453989900535,39.721654928272,42.11383419548585,31.372509370284117,17.0,17.0,5.006588217387386,5.390658381697671,-0.1372647977407233,0.02288497073335094,10.741324825201733,-0.3840701643102852,0.0,0.0,0.0,0.0,1.0,1.0,1.0,1.0,1.0,1.0,0.0,0.0,1.0,0.0,0.0,0.0,0.0,0.0,0.0,0.0,0.0,1.0,0.0,0.0,1.0,1.0,1.0,1.0,1.0,1.0,0.0,0.0,0.0,0.0,1.0,1.0,1.0,1.0,1.0,1.0,0.0,0.0,0.0,1.0,0.0,0.0,0.0,0.0,0.0,0.0
612,256,0.08033295927420736,0.6473336893818831,1,68.90572503325606,118.54827936678998,40.94756653862713,35.17002614693088,42.69752303041194,38.91846271313851,40.491046660284766,19.904315587981824,10.0,12.0,4.232739266487207,4.775320298418654,5.777540391696249,3.7790603172734336,20.586731072302943,-0.542581031931447,1.0,0.0,0.0,0.0,0.0,1.0,0.0,1.0,0.0,1.0,0.0,0.0,0.0,0.0,0.0,0.0,0.0,0.0,0.0,0.0,1.0,1.0,0.0,0.0,0.0,1.0,1.0,1.0,1.0,1.0,0.0,0.0,0.0,0.0,1.0,1.0,1.0,1.0,1.0,1.0,1.0,0.0,1.0,1.0,0.0,0.0,0.0,0.0,0.0,0.0
613,309,0.05298514749559745,0.4703150421788433,3,151.0229845731649,121.07453539842324,53.655975421031364,42.47592573583065,20.559776823746454,26.973170751112303,42.110476354966885,25.015067039659403,16.0,13.0,5.017432040947612,4.796406350977972,11.180049685200714,-6.413393927365849,17.09540931530748,0.22102568996963962,0.0,0.0,0.0,0.0,0.0,1.0,1.0,1.0,1.0,1.0,0.0,0.0,0.0,0.0,0.0,0.0,0.0,0.0,1.0,0.0,0.0,1.0,0.0,0.0,0.0,1.0,1.0,1.0,0.0,0.0,0.0,0.0,0.0,0.0,0.0,0.0,1.0,1.0,1.0,1.0,0.0,0.0,1.0,1.0,0.0,0.0,0.0,0.0,0.0,0.0
614,291,0.056334034572406204,0.4937521327813525,2,146.75566845277527,207.08798065193642,27.10813515031741,23.574243371247483,33.334924976374374,32.79203978909719,43.59136511741416,25.745108028367046,14.0,16.0,4.988769084556939,5.333143730270891,3.5338917790699256,0.5428851872771858,17.846257089047118,-0.3443746457139516,0.0,0.0,0.0,0.0,0.0,1.0,1.0,1.0,1.0,1.0,0.0,0.0,0.0,0.0,0.0,0.0,0.0,0.0,0.0,0.0,1.0,1.0,0.0,0.0,0.0,1.0,1.0,1.0,1.0,1.0,0.0,0.0,0.0,0.0,1.0,1.0,1.0,1.0,1.0,1.0,1.0,0.0,1.0,1.0,0.0,0.0,0.0,0.0,0.0,0.0
615,296,0.07309453051620314,0.6034438266406508,2,124.57133978226747,137.02152659810818,43.94744560255607,36.92483776571012,53.868457910039766,47.75754280641225,42.51959615755467,25.3071080019657,15.0,12.0,4.824878562096385,4.9201380419380865,7.02260783684595,6.110915103627512,17.21248815558897,-0.0952594798417017,1.0,0.0,0.0,0.0,0.0,1.0,0.0,1.0,0.0,1.0,1.0,0.0,0.0,0.0,0.0,0.0,0.0,0.0,0.0,0.0,1.0,1.0,0.0,0.0,0.0,1.0,1.0,1.0,1.0,1.0,1.0,0.0,0.0,0.0,1.0,1.0,1.0,1.0,1.0,1.0,1.0,0.0,1.0,1.0,0.0,0.0,0.0,0.0,0.0,0.0
616,329,0.042290135556842835,0.3915610281513084,2,96.5289767054212,86.45925514144845,51.81622224698027,41.35842844189671,36.876315306838364,39.19432620367387,42.04257104751332,26.109255217531423,13.0,10.0,4.569843240011019,4.45967326413701,10.457793805083554,-2.318010896835503,15.933315829981897,0.11016997587400915,0.0,0.0,0.0,0.0,0.0,1.0,1.0,1.0,1.0,1.0,1.0,0.0,0.0,0.0,0.0,0.0,0.0,0.0,1.0,0.0,0.0,1.0,0.0,0.0,0.0,1.0,1.0,1.0,1.0,1.0,1.0,0.0,0.0,0.0,1.0,1.0,1.0,1.0,1.0,1.0,0.0,0.0,1.0,1.0,0.0,0.0,0.0,0.0,0.0,0.0
617,330,0.22568254365830692,1.2691242455004932,1,91.67109451479907,191.88400593214362,18.421725700018154,19.12952174184571,23.316851872350373,29.677464432575025,41.92116187967581,28.092544583131655,14.0,15.0,4.518207111629679,5.256891053694149,-0.7077960418275566,-6.360612560224652,13.828617296544152,-0.7386839420644707,0.0,0.0,0.0,0.0,1.0,1.0,1.0,1.0,1.0,1.0,0.0,0.0,1.0,0.0,0.0,0.0,0.0,0.0,0.0,0.0,0.0,1.0,0.0,0.0,1.0,1.0,0.0,1.0,1.0,0.0,0.0,0.0,0.0,0.0,1.0,0.0,1.0,1.0,1.0,1.0,0.0,0.0,0.0,0.0,0.0,0.0,0.0,0.0,0.0,0.0
618,273,0.05331171771903572,0.47262485799850973,2,188.36200062657434,197.96745336126045,36.09950367593059,32.25941961262766,48.71073444007585,41.487726263898665,43.211176804171934,23.81885455482055,18.0,16.0,5.238365646611019,5.28810264021983,3.840084063302932,7.2230081761771885,19.392322249351384,-0.04973699360881204,1.0,0.0,0.0,0.0,0.0,1.0,0.0,1.0,0.0,1.0,0.0,0.0,0.0,0.0,0.0,0.0,0.0,0.0,0.0,0.0,1.0,1.0,0.0,0.0,0.0,1.0,1.0,1.0,1.0,1.0,0.0,0.0,0.0,0.0,1.0,1.0,1.0,1.0,1.0,1.0,1.0,0.0,1.0,1.0,0.0,0.0,0.0,0.0,0.0,0.0
619,330,0.1479909981916175,0.9847831682906729,2,230.5969999073951,191.88400593214362,15.666823542371764,19.12952174184571,22.464181074765584,29.677464432575025,44.47242194543352,28.092544583131655,17.0,15.0,5.440671597808417,5.256891053694149,-3.4626981994739463,-7.213283357809441,16.379877362301862,0.18378054411426725,0.0,0.0,0.0,0.0,1.0,1.0,1.0,1.0,1.0,1.0,0.0,0.0,1.0,0.0,0.0,0.0,0.0,0.0,0.0,0.0,1.0,1.0,1.0,0.0,1.0,1.0,1.0,1.0,0.0,0.0,0.0,0.0,0.0,0.0,0.0,0.0,1.0,1.0,1.0,1.0,0.0,0.0,0.0,0.0,0.0,0.0,0.0,0.0,0.0,0.0
620,367,0.0439674311322738,0.40432949876951646,1,160.7101731768173,132.40553671677827,20.587993258992626,20.21963636342594,33.436397228129444,33.75687918055556,43.60094698266359,32.64339735763889,18.0,13.0,5.079602576133774,4.885869460731111,0.3683568955666843,-0.320481952426114,10.957549625024697,0.19373311540266416,0.0,0.0,0.0,1.0,1.0,1.0,1.0,1.0,1.0,1.0,0.0,0.0,1.0,0.0,0.0,0.0,0.0,0.0,0.0,0.0,0.0,1.0,0.0,0.0,1.0,1.0,1.0,1.0,1.0,0.0,0.0,0.0,0.0,0.0,1.0,0.0,1.0,1.0,1.0,1.0,0.0,0.0,0.0,0.0,0.0,0.0,0.0,0.0,0.0,0.0
621,366,0.09005079476758401,0.7033824579568518,2,165.3584996650989,157.39875355914995,26.445601515754316,27.162133182638755,52.93148408605991,46.03764034758365,43.97294564351959,32.36523894503452,17.0,14.0,5.108115842189505,5.058782417013892,-0.716531666884439,6.893843738476264,11.607706698485067,0.04933342517561344,1.0,0.0,0.0,0.0,0.0,1.0,0.0,1.0,0.0,1.0,1.0,0.0,0.0,0.0,0.0,0.0,0.0,0.0,0.0,0.0,1.0,1.0,0.0,0.0,0.0,1.0,1.0,1.0,1.0,1.0,1.0,0.0,0.0,0.0,1.0,1.0,1.0,1.0,1.0,1.0,1.0,0.0,1.0,1.0,0.0,0.0,0.0,0.0,0.0,0.0
622,362,0.07710213858566767,0.6279813892918529,2,225.52003675523508,174.8410654246178,22.735708956342098,24.791637110268653,26.315025413963507,30.55767905856574,44.15607835187532,32.18865054071713,21.0,15.0,5.41840900978578,5.163877363688615,-2.055928153926555,-4.242653644602232,11.967427811158196,0.25453164609716533,0.0,0.0,0.0,0.0,0.0,1.0,1.0,1.0,1.0,1.0,0.0,0.0,0.0,0.0,0.0,0.0,0.0,0.0,0.0,0.0,0.0,1.0,0.0,0.0,0.0,1.0,1.0,1.0,1.0,1.0,0.0,0.0,0.0,0.0,1.0,1.0,1.0,1.0,1.0,1.0,0.0,0.0,1.0,1.0,0.0,0.0,0.0,0.0,0.0,0.0
623,358,0.10536432216157998,0.7857851497776417,2,105.94945805154924,154.6588802895477,23.251825667954726,22.71236076385109,50.23307877443136,43.0274643450036,42.78802635246786,32.602869456701896,12.0,15.0,4.6629621695671934,5.041221919335386,0.5394649041036352,7.2056144294277615,10.185156895765964,-0.3782597497681928,0.0,0.0,0.0,0.0,0.0,1.0,1.0,1.0,1.0,1.0,1.0,0.0,0.0,0.0,0.0,0.0,0.0,0.0,1.0,0.0,0.0,1.0,0.0,0.0,0.0,1.0,1.0,1.0,1.0,1.0,1.0,0.0,0.0,0.0,1.0,1.0,1.0,1.0,1.0,1.0,0.0,0.0,1.0,1.0,0.0,0.0,0.0,0.0,0.0,0.0
624,377,0.10158166131511787,0.7660531723064891,2,128.9053327170382,166.47284231983264,15.593591439280507,16.515557477017346,41.36618501152738,38.19034523030574,42.94583286311239,33.527677461085695,13.0,9.0,4.859078280051669,5.114832186926553,-0.9219660377368388,3.17583978122164,9.418155402026699,-0.25575390687488414,0.0,0.0,0.0,1.0,1.0,1.0,1.0,1.0,1.0,1.0,0.0,0.0,1.0,0.0,1.0,1.0,0.0,0.0,0.0,0.0,0.0,1.0,0.0,0.0,1.0,1.0,1.0,1.0,1.0,0.0,0.0,0.0,0.0,0.0,1.0,0.0,1.0,1.0,1.0,1.0,0.0,0.0,0.0,0.0,0.0,0.0,0.0,0.0,0.0,0.0
625,378,0.05182239750082975,0.46204737768146276,2,108.36887388766301,192.5805838820425,21.130219473908525,24.16028800340303,55.28460033870967,49.237000944827585,42.465000919354836,34.61483634827586,12.0,12.0,4.6855409065148805,5.260514683701001,-3.0300685294945033,6.047599393882088,7.850164571078977,-0.5749737771861213,0.0,0.0,0.0,0.0,0.0,1.0,1.0,1.0,1.0,1.0,1.0,0.0,0.0,0.0,1.0,1.0,0.0,0.0,1.0,0.0,0.0,1.0,0.0,0.0,0.0,1.0,1.0,1.0,1.0,1.0,1.0,0.0,0.0,0.0,1.0,1.0,1.0,1.0,1.0,1.0,0.0,0.0,1.0,1.0,0.0,0.0,0.0,0.0,0.0,0.0
626,358,0.07884053432949467,0.6384407288851964,2,90.23278037600701,154.6588802895477,22.083672869833794,22.71236076385109,45.06371672701362,43.0274643450036,42.922530153436085,32.602869456701896,15.0,15.0,4.502392779850698,5.041221919335386,-0.6286878940172969,2.0362523820100193,10.31966069673419,-0.5388291394846876,0.0,0.0,0.0,0.0,0.0,1.0,1.0,1.0,1.0,1.0,1.0,0.0,0.0,0.0,0.0,0.0,0.0,0.0,1.0,0.0,0.0,1.0,0.0,0.0,0.0,1.0,1.0,1.0,1.0,1.0,1.0,0.0,0.0,0.0,1.0,1.0,1.0,1.0,1.0,1.0,0.0,0.0,1.0,1.0,0.0,0.0,0.0,0.0,0.0,0.0
627,378,0.062280364843476675,0.5340600819957233,2,103.10140555155705,192.5805838820425,25.09763386861252,24.16028800340303,59.35520371189025,49.237000944827585,42.140853882621954,34.61483634827586,11.0,12.0,4.6357130238257875,5.260514683701001,0.9373458652094904,10.118202767062662,7.526017534346096,-0.6248016598752137,0.0,0.0,0.0,0.0,0.0,1.0,1.0,1.0,1.0,1.0,1.0,0.0,0.0,0.0,1.0,1.0,0.0,0.0,1.0,0.0,0.0,1.0,0.0,0.0,0.0,1.0,1.0,1.0,1.0,1.0,1.0,0.0,0.0,0.0,1.0,1.0,1.0,1.0,1.0,1.0,0.0,0.0,1.0,1.0,0.0,0.0,0.0,0.0,0.0,0.0
628,361,0.08946894025066697,0.7001135205894639,1,51.531652257383925,162.07975738247038,34.13631133869913,29.261856683294617,62.56128564981516,51.72210958303249,42.31063813475046,32.50670162738525,8.0,9.0,3.942196225815691,5.088088543599391,4.874454655404513,10.83917606678267,9.803936507365215,-1.1458923177837,0.0,0.0,0.0,0.0,0.0,1.0,1.0,1.0,1.0,1.0,1.0,0.0,0.0,0.0,1.0,1.0,0.0,0.0,1.0,0.0,0.0,1.0,0.0,0.0,0.0,1.0,1.0,1.0,1.0,1.0,1.0,0.0,0.0,0.0,1.0,1.0,1.0,1.0,1.0,1.0,0.0,0.0,1.0,1.0,0.0,0.0,0.0,0.0,0.0,0.0
629,328,0.04744248990095406,0.43027579646605835,2,149.71802406313503,205.75983869412923,49.70388218591,40.049197673573566,34.38370611789031,35.006563416583916,44.393997767654916,29.397971015392255,15.0,14.0,5.008753685401284,5.326709657097398,9.65468451233643,-0.622857298693603,14.996026752262662,-0.31795597169611395,1.0,0.0,0.0,0.0,0.0,1.0,0.0,1.0,0.0,1.0,1.0,0.0,0.0,0.0,0.0,0.0,0.0,0.0,0.0,0.0,1.0,1.0,0.0,0.0,0.0,1.0,1.0,1.0,1.0,1.0,1.0,0.0,0.0,0.0,1.0,1.0,1.0,1.0,1.0,1.0,1.0,0.0,1.0,1.0,0.0,0.0,0.0,0.0,0.0,0.0
630,311,0.0684982951415375,0.5745404372768643,2,145.87934460662382,128.31894607737155,50.14280732978944,41.44569691910041,24.224972592164544,30.106631988057323,43.74870645661117,27.315545707404457,15.0,13.0,4.982779873242039,4.854518930847035,8.697110410689028,-5.881659395892779,16.43316074920671,0.12826094239500513,0.0,0.0,0.0,0.0,0.0,1.0,1.0,1.0,1.0,1.0,0.0,0.0,0.0,0.0,0.0,0.0,0.0,0.0,1.0,0.0,0.0,1.0,0.0,0.0,0.0,1.0,1.0,1.0,0.0,1.0,0.0,0.0,0.0,0.0,0.0,1.0,1.0,1.0,1.0,1.0,0.0,0.0,1.0,1.0,0.0,0.0,0.0,0.0,0.0,0.0
631,288,0.12392474247738236,0.8773338364512818,3,186.08546367842004,201.81256364470227,34.88704309722233,32.75542607604567,20.38419017989865,25.397470952920063,43.378109300675675,24.774285343780203,15.0,15.0,5.22620605032565,5.307339363883956,2.131617021176659,-5.013280773021414,18.60382395689547,-0.08113331355830587,0.0,0.0,0.0,0.0,0.0,1.0,1.0,1.0,1.0,1.0,0.0,0.0,0.0,0.0,0.0,0.0,0.0,0.0,0.0,0.0,0.0,1.0,0.0,0.0,0.0,1.0,1.0,1.0,1.0,1.0,0.0,0.0,0.0,0.0,1.0,1.0,1.0,1.0,1.0,1.0,0.0,0.0,1.0,1.0,0.0,0.0,0.0,0.0,0.0,0.0
632,336,0.05791131708202541,0.5046032611155994,1,209.79383382049556,262.95353223382625,36.94224463209111,34.08857179668038,7.862353149534619,22.926241064283698,45.52180375729853,31.455631618200762,13.0,19.0,5.3461253047795445,5.571977333045819,2.853672835410734,-15.063887914749078,14.066172139097766,-0.2258520282662751,0.0,0.0,0.0,0.0,1.0,1.0,1.0,1.0,1.0,1.0,0.0,0.0,1.0,0.0,0.0,0.0,0.0,0.0,0.0,0.0,1.0,1.0,1.0,0.0,1.0,1.0,1.0,1.0,0.0,0.0,0.0,0.0,0.0,0.0,0.0,0.0,1.0,1.0,1.0,1.0,0.0,0.0,0.0,1.0,0.0,0.0,0.0,0.0,0.0,0.0
633,334,0.07479480462272796,0.6139277955749958,2,92.00447858670451,170.9216534931868,42.938997786170006,35.78857837164139,59.25044317833109,52.192739488045426,43.283141037012115,27.861572014644352,10.0,12.0,4.52183725615446,5.141205284805714,7.1504194145286135,7.057703690285663,15.421569022367763,-0.6193680286512546,1.0,0.0,0.0,0.0,0.0,1.0,0.0,1.0,0.0,1.0,1.0,0.0,0.0,0.0,1.0,1.0,0.0,0.0,0.0,0.0,1.0,1.0,0.0,0.0,0.0,1.0,1.0,1.0,1.0,1.0,1.0,0.0,0.0,0.0,1.0,1.0,1.0,1.0,1.0,1.0,1.0,0.0,1.0,1.0,0.0,0.0,0.0,0.0,0.0,0.0
634,351,0.04025797123342936,0.3758694502085025,2,70.80125161351843,131.560355470901,52.63357145062132,41.930410054921,44.101949061818914,42.84109059223438,43.10334146932598,30.60915330116484,9.0,12.0,4.259876678700457,4.879465723285136,10.70316139570032,1.2608584695845337,12.494188168161141,-0.6195890445846796,1.0,0.0,0.0,0.0,0.0,1.0,0.0,1.0,0.0,1.0,1.0,0.0,0.0,0.0,1.0,1.0,0.0,0.0,0.0,0.0,1.0,1.0,0.0,0.0,0.0,1.0,1.0,1.0,1.0,1.0,1.0,0.0,0.0,0.0,1.0,1.0,1.0,1.0,1.0,1.0,1.0,0.0,1.0,1.0,0.0,0.0,0.0,0.0,0.0,0.0
635,238,0.045691925062833184,0.41728946891844704,1,183.38029006638732,200.43798315690182,38.57463316039455,32.26721413436512,38.825384918346145,33.337681620453175,44.04359975301267,19.887215458551502,15.0,15.0,5.211562084398164,5.300504887961983,6.307419026029429,5.4877032978929705,24.15638429446117,-0.0889428035638197,1.0,0.0,0.0,0.0,0.0,1.0,0.0,1.0,0.0,1.0,0.0,0.0,0.0,0.0,0.0,0.0,0.0,0.0,0.0,0.0,1.0,1.0,0.0,0.0,0.0,1.0,1.0,1.0,1.0,1.0,0.0,0.0,0.0,0.0,1.0,1.0,1.0,1.0,1.0,1.0,1.0,0.0,1.0,1.0,0.0,0.0,0.0,0.0,1.0,1.0
636,290,0.026252473564491983,0.260460941782813,1,142.65980699793698,146.82934413268433,45.461573973730424,37.6873097548587,22.539746762435733,26.343134896388133,43.640399118247984,24.264950038553987,11.0,14.0,4.96046282396756,4.989270988116708,7.774264218871721,-3.8033881339523994,19.375449079693997,-0.028808164149148094,0.0,0.0,0.0,0.0,0.0,1.0,1.0,1.0,1.0,1.0,0.0,0.0,0.0,0.0,0.0,0.0,0.0,0.0,0.0,0.0,0.0,1.0,0.0,0.0,0.0,1.0,1.0,1.0,0.0,0.0,0.0,0.0,0.0,0.0,0.0,0.0,1.0,1.0,1.0,1.0,0.0,0.0,1.0,1.0,0.0,0.0,0.0,0.0,0.0,0.0
637,299,0.02743830371021709,0.27076537003315804,1,65.61951061018814,142.59415019729917,55.12460784386022,45.63933556601949,33.53741588343736,37.563307369178666,42.25208819364204,24.793765334885688,7.0,12.0,4.183873069568359,4.960002484679419,9.485272277840728,-4.025891485741305,17.45832285875635,-0.7761294151110593,0.0,0.0,0.0,0.0,0.0,1.0,1.0,1.0,1.0,1.0,1.0,0.0,0.0,0.0,1.0,1.0,0.0,0.0,1.0,0.0,0.0,1.0,0.0,0.0,0.0,1.0,1.0,1.0,1.0,1.0,1.0,0.0,0.0,0.0,1.0,1.0,1.0,1.0,1.0,1.0,0.0,0.0,1.0,1.0,0.0,0.0,0.0,0.0,0.0,0.0
638,367,0.16677961903943217,1.0613149833832174,2,114.96987851139076,132.40553671677827,16.499829196798043,20.21963636342594,28.34017045724938,33.75687918055556,44.6015930995029,32.64339735763889,15.0,13.0,4.744670168066741,4.885869460731111,-3.7198071666278985,-5.416708723306179,11.95819574186401,-0.1411992926643692,0.0,0.0,0.0,1.0,1.0,1.0,1.0,1.0,1.0,1.0,0.0,0.0,1.0,0.0,0.0,0.0,0.0,0.0,0.0,0.0,1.0,1.0,1.0,0.0,1.0,1.0,1.0,1.0,0.0,0.0,0.0,0.0,0.0,0.0,0.0,0.0,1.0,1.0,1.0,1.0,0.0,0.0,0.0,0.0,0.0,0.0,0.0,0.0,0.0,0.0
639,401,-0.005977834471601457,-0.07015296271637848,2,90.90907377901519,82.5491309160161,17.420108913568153,19.167546412429324,47.02620657287301,42.24931888366336,43.09927890559514,37.40919547834158,9.0,8.0,4.509859817752916,4.413393642339986,-1.7474374988611707,4.776887689209644,5.690083427253562,0.09646617541292991,0.0,0.0,0.0,0.0,0.0,1.0,1.0,1.0,1.0,1.0,1.0,0.0,0.0,0.0,1.0,1.0,0.0,0.0,1.0,0.0,0.0,1.0,0.0,0.0,0.0,1.0,1.0,1.0,1.0,1.0,1.0,0.0,0.0,0.0,1.0,1.0,1.0,1.0,1.0,1.0,0.0,0.0,1.0,1.0,0.0,0.0,0.0,0.0,0.0,0.0
640,361,0.04793476947096793,0.4338975290819108,2,120.4183267722454,162.07975738247038,29.55868148171403,29.261856683294617,60.61843186544851,51.72210958303249,43.725590037494065,32.50670162738525,11.0,9.0,4.790971737007408,5.088088543599391,0.29682479841941145,8.896322282416016,11.218888410108818,-0.29711680659198314,0.0,0.0,0.0,0.0,0.0,1.0,1.0,1.0,1.0,1.0,1.0,0.0,0.0,0.0,1.0,1.0,0.0,0.0,1.0,0.0,0.0,1.0,0.0,0.0,0.0,1.0,1.0,1.0,1.0,1.0,1.0,0.0,0.0,0.0,1.0,1.0,1.0,1.0,1.0,1.0,0.0,0.0,1.0,1.0,0.0,0.0,0.0,0.0,0.0,0.0
641,297,0.07758875436181983,0.6309202342604651,2,159.1194548908685,223.3507538555755,30.524551808394413,27.611296664952036,22.83857036614786,28.50478410291916,44.96326090038911,26.167474416916168,15.0,16.0,5.0696552087660205,5.408743423013275,2.9132551434423775,-5.666213736771301,18.79578648347294,-0.33908821424725477,0.0,0.0,0.0,0.0,0.0,1.0,1.0,1.0,1.0,1.0,0.0,0.0,0.0,0.0,0.0,0.0,0.0,0.0,0.0,0.0,0.0,1.0,0.0,0.0,0.0,1.0,1.0,1.0,1.0,1.0,0.0,0.0,0.0,0.0,1.0,1.0,1.0,1.0,1.0,1.0,0.0,0.0,1.0,1.0,0.0,0.0,0.0,0.0,0.0,0.0
642,341,0.08306734225105912,0.6634247525377818,1,95.70027915525625,163.52863951826006,40.155745196404034,32.915772859875155,54.21520792654524,45.43145323607088,43.63893091549716,29.406618192196284,13.0,13.0,4.561221215437478,5.096988140246964,7.239972336528879,8.78375469047436,14.232312723300879,-0.535766924809486,1.0,0.0,0.0,0.0,0.0,1.0,0.0,1.0,0.0,1.0,1.0,0.0,0.0,0.0,0.0,0.0,0.0,0.0,0.0,0.0,1.0,1.0,0.0,0.0,0.0,1.0,1.0,1.0,1.0,1.0,1.0,0.0,0.0,0.0,1.0,1.0,1.0,1.0,1.0,1.0,1.0,0.0,1.0,1.0,0.0,0.0,0.0,0.0,0.0,0.0
643,332,0.06429754134474368,0.5473728443440198,1,114.2364335531988,145.37117429089602,46.294097207444885,37.08951025029389,47.67198913707997,43.134392750830564,43.48067478683399,27.93797970473422,15.0,15.0,4.738270279206885,4.979290294350823,9.204586957150994,4.537596386249405,15.542695082099765,-0.2410200151439379,1.0,0.0,0.0,0.0,0.0,1.0,0.0,1.0,0.0,1.0,0.0,0.0,0.0,0.0,0.0,0.0,0.0,0.0,0.0,0.0,1.0,1.0,0.0,0.0,0.0,1.0,1.0,1.0,1.0,1.0,0.0,0.0,0.0,0.0,1.0,1.0,1.0,1.0,1.0,1.0,1.0,0.0,1.0,1.0,0.0,0.0,0.0,0.0,0.0,0.0
644,373,0.07933446237504348,0.6413926782098042,2,95.82410752482113,97.02866456791405,36.562646350074196,33.11647745225014,61.547708332306165,51.083735447209726,44.185016365407556,32.7405785375706,9.0,7.0,4.562514297628894,4.575006445858028,3.4461688978240588,10.463972885096439,11.444437827836957,-0.012492148229133724,0.0,0.0,0.0,0.0,0.0,1.0,1.0,1.0,1.0,1.0,1.0,0.0,0.0,0.0,1.0,1.0,0.0,0.0,1.0,0.0,0.0,1.0,0.0,0.0,0.0,1.0,1.0,1.0,1.0,1.0,1.0,0.0,0.0,0.0,1.0,1.0,1.0,1.0,1.0,1.0,0.0,0.0,1.0,1.0,0.0,0.0,0.0,0.0,0.0,0.0
645,284,0.07050861273057445,0.5872852119436587,2,122.88536890434567,188.31752682866139,52.7532935710432,42.49999909154609,30.97117745027517,33.69048026706451,43.99011849562049,24.174190041551586,14.0,15.0,4.8112519607003,5.23812951061276,10.253294479497114,-2.7193028167893374,19.815928454068906,-0.42687754991245946,0.0,0.0,0.0,0.0,0.0,1.0,1.0,1.0,1.0,1.0,1.0,0.0,0.0,0.0,0.0,0.0,0.0,0.0,1.0,0.0,0.0,1.0,0.0,0.0,0.0,1.0,1.0,1.0,1.0,1.0,1.0,0.0,0.0,0.0,1.0,1.0,1.0,1.0,1.0,1.0,0.0,0.0,1.0,1.0,0.0,0.0,0.0,0.0,0.0,0.0
646,354,0.14447327422382392,0.9697798480035366,1,141.37389700630172,109.92928820004123,22.430143111672983,23.835433549659097,15.155135182589946,22.8140972732342,44.18314465082199,30.75639560548327,16.0,12.0,4.951408132505243,4.69983732454062,-1.405290437986114,-7.658962090644254,13.426749045338717,0.2515708079646228,0.0,0.0,0.0,0.0,0.0,1.0,1.0,1.0,1.0,1.0,0.0,0.0,0.0,0.0,0.0,0.0,0.0,0.0,1.0,0.0,0.0,1.0,0.0,0.0,0.0,1.0,0.0,1.0,0.0,0.0,0.0,0.0,0.0,0.0,0.0,0.0,1.0,1.0,1.0,1.0,0.0,0.0,1.0,1.0,0.0,0.0,0.0,0.0,0.0,0.0
647,290,0.18253371007340574,1.1212590313017639,2,139.31644101968527,146.82934413268433,43.5294430812146,37.6873097548587,14.511489877375906,26.343134896388133,39.85370396841242,24.264950038553987,12.0,14.0,4.93674789980606,4.989270988116708,5.842133326355899,-11.831645019012226,15.58875392985843,-0.05252308831064712,0.0,0.0,0.0,0.0,0.0,1.0,1.0,1.0,1.0,1.0,0.0,0.0,0.0,0.0,0.0,0.0,0.0,0.0,0.0,0.0,0.0,1.0,0.0,0.0,0.0,1.0,1.0,1.0,1.0,0.0,0.0,0.0,0.0,0.0,1.0,0.0,1.0,1.0,1.0,1.0,0.0,0.0,1.0,1.0,0.0,0.0,0.0,0.0,0.0,0.0
648,331,0.05924187567793293,0.5136663397190517,3,204.4977897067977,111.03452521388078,47.99773724148252,38.38465523626917,41.964118296124646,40.11616032873275,45.2106459040244,28.94173723739021,17.0,12.0,5.320557167144729,4.709841190912945,9.61308200521335,1.847957967391899,16.268908666634193,0.6107159762317838,1.0,0.0,0.0,0.0,0.0,1.0,0.0,1.0,0.0,1.0,1.0,0.0,0.0,0.0,0.0,0.0,0.0,0.0,0.0,0.0,1.0,1.0,0.0,0.0,0.0,1.0,1.0,1.0,1.0,1.0,1.0,0.0,0.0,0.0,1.0,1.0,1.0,1.0,1.0,1.0,1.0,0.0,1.0,1.0,0.0,0.0,0.0,0.0,0.0,0.0
649,302,0.06618153151639485,0.5596485629330645,1,81.44096613690066,116.3935315751028,55.9525440531353,45.417385846646496,14.160754878947369,24.839975081950207,43.51053315631579,24.78719046939834,9.0,11.0,4.399878415905969,4.756976963092602,10.535158206488802,-10.679220203002838,18.723342686917448,-0.3570985471866325,0.0,0.0,0.0,0.0,0.0,1.0,1.0,1.0,1.0,1.0,0.0,0.0,0.0,0.0,1.0,1.0,0.0,0.0,1.0,0.0,0.0,1.0,0.0,0.0,0.0,1.0,1.0,1.0,0.0,0.0,0.0,0.0,0.0,0.0,0.0,0.0,1.0,1.0,1.0,1.0,0.0,0.0,1.0,0.0,0.0,0.0,0.0,0.0,0.0,0.0
650,313,0.05527390829410846,0.4863921184143754,3,236.8646204592174,179.81927583989508,31.447662579486583,29.489067809501506,42.25074742001448,37.85495786175817,44.38658926112921,26.656191209880685,15.0,13.0,5.4674887562348,5.191952323409685,1.9585947699850763,4.395789558256304,17.730398051248525,0.2755364328251147,1.0,0.0,0.0,0.0,0.0,1.0,0.0,1.0,0.0,1.0,0.0,0.0,0.0,0.0,0.0,0.0,0.0,0.0,0.0,0.0,1.0,1.0,0.0,0.0,0.0,1.0,1.0,1.0,1.0,1.0,0.0,0.0,0.0,0.0,1.0,1.0,1.0,1.0,1.0,1.0,1.0,0.0,1.0,1.0,0.0,0.0,0.0,0.0,0.0,1.0
651,315,0.09986586272285292,0.756972843389554,1,68.98192710683446,201.6546726427252,32.25485837124735,26.667747662986013,49.81146936536868,43.63106506074981,43.854691073115156,26.777390878684596,10.0,16.0,4.233844544300751,5.30655669309517,5.5871107082613385,6.180404304618868,17.07730019443056,-1.0727121487944198,1.0,0.0,0.0,0.0,0.0,1.0,0.0,1.0,0.0,1.0,1.0,0.0,0.0,0.0,0.0,0.0,0.0,0.0,0.0,0.0,1.0,1.0,0.0,0.0,0.0,1.0,1.0,1.0,1.0,1.0,1.0,0.0,0.0,0.0,1.0,1.0,1.0,1.0,1.0,1.0,1.0,0.0,1.0,1.0,0.0,0.0,0.0,0.0,0.0,0.0
652,293,0.06597953527397431,0.5583395833259928,3,302.44603003261636,263.1299986478006,40.06944133782633,32.91531258376887,30.11864210473356,31.989498922099468,47.437907625141726,26.860016985492923,22.0,21.0,5.711902848438065,5.572648201492497,7.15412875405746,-1.8708568173659081,20.577890639648803,0.13925464694556772,1.0,0.0,0.0,0.0,0.0,1.0,0.0,1.0,0.0,1.0,1.0,0.0,0.0,0.0,0.0,0.0,0.0,0.0,0.0,0.0,1.0,1.0,0.0,0.0,0.0,1.0,1.0,1.0,1.0,1.0,1.0,0.0,0.0,0.0,1.0,1.0,1.0,1.0,1.0,1.0,1.0,0.0,1.0,1.0,0.0,0.0,0.0,0.0,0.0,1.0
653,322,0.06316723382954642,0.539934994971172,2,94.58582382917234,237.5145055035193,21.906189264523764,24.003968171379054,20.603509447885198,26.480880752082275,43.50801742296073,27.85666155808861,9.0,16.0,4.549507611014382,5.470228697413937,-2.0977789068552894,-5.8773713041970765,15.651355864872116,-0.9207210863995546,0.0,0.0,0.0,0.0,0.0,1.0,1.0,1.0,1.0,1.0,0.0,0.0,0.0,0.0,0.0,0.0,0.0,0.0,1.0,0.0,0.0,1.0,0.0,0.0,0.0,1.0,1.0,1.0,0.0,1.0,0.0,0.0,0.0,0.0,0.0,1.0,1.0,1.0,1.0,1.0,0.0,0.0,1.0,1.0,0.0,0.0,0.0,0.0,0.0,0.0
654,287,0.07859008126891515,0.6369405659347542,1,91.4615388124585,248.84550682187435,26.448474941345847,24.03140464245743,38.25240178244116,37.91291256331878,44.664973843834616,25.99747788864629,13.0,19.0,4.515918543066049,5.5168322493725155,2.417070298888415,0.3394892191223846,18.667495955188325,-1.0009137063064661,0.0,0.0,0.0,0.0,0.0,1.0,1.0,1.0,1.0,1.0,1.0,0.0,0.0,0.0,0.0,0.0,0.0,0.0,0.0,0.0,1.0,1.0,0.0,0.0,0.0,1.0,1.0,1.0,1.0,1.0,1.0,0.0,0.0,0.0,1.0,1.0,1.0,1.0,1.0,1.0,1.0,0.0,1.0,1.0,0.0,0.0,0.0,0.0,0.0,0.0
655,297,0.055608181479982664,0.4887186903396704,1,100.80581808500816,223.3507538555755,30.02321835681718,27.611296664952036,29.671035638382314,28.50478410291916,44.916309911225554,26.167474416916168,11.0,16.0,4.613196073068888,5.408743423013275,2.4119216918651425,1.1662515354631537,18.748835494309386,-0.7955473499443872,0.0,0.0,0.0,0.0,0.0,1.0,1.0,1.0,1.0,1.0,1.0,0.0,0.0,0.0,0.0,0.0,0.0,0.0,0.0,0.0,1.0,1.0,0.0,0.0,0.0,1.0,1.0,1.0,1.0,1.0,1.0,0.0,0.0,0.0,1.0,1.0,1.0,1.0,1.0,1.0,1.0,0.0,1.0,1.0,0.0,0.0,0.0,0.0,0.0,0.0
656,341,0.04792169912969035,0.4338015390511039,2,128.74340331068413,163.52863951826006,37.353878202475805,32.915772859875155,53.56913622369784,45.43145323607088,46.385513957050904,29.406618192196284,14.0,13.0,4.857821301809344,5.096988140246964,4.43810534260065,8.13768298762696,16.97889576485462,-0.23916683843761968,1.0,0.0,0.0,0.0,0.0,1.0,0.0,1.0,0.0,1.0,1.0,0.0,0.0,0.0,0.0,0.0,0.0,0.0,0.0,0.0,1.0,1.0,0.0,0.0,0.0,1.0,1.0,1.0,1.0,1.0,1.0,0.0,0.0,0.0,1.0,1.0,1.0,1.0,1.0,1.0,1.0,0.0,1.0,1.0,0.0,0.0,0.0,0.0,0.0,0.0
657,323,0.04490222395990423,0.4113755215162529,2,91.18530629573685,139.6499473957266,55.96758876176402,45.73621934381644,29.002569602632402,31.281100052573823,44.96904629614541,27.661968617717477,10.0,12.0,4.512893768921517,4.939138915704588,10.231369417947583,-2.278530449941421,17.30707767842793,-0.42624514678307146,0.0,0.0,0.0,0.0,0.0,1.0,1.0,1.0,1.0,1.0,1.0,0.0,0.0,0.0,1.0,1.0,0.0,0.0,1.0,0.0,0.0,1.0,0.0,0.0,0.0,1.0,1.0,1.0,1.0,1.0,1.0,0.0,0.0,0.0,1.0,1.0,1.0,1.0,1.0,1.0,0.0,0.0,1.0,1.0,0.0,0.0,0.0,0.0,0.0,0.0
658,365,0.20873737195463146,1.2136330581066077,1,127.91470576051918,137.17941760008526,11.131759194813954,15.727788060663121,23.02726098789932,30.93774137366283,44.91214281461762,32.36529741459039,8.0,10.0,4.851363680556339,4.921289686545945,-4.596028865849167,-7.91048038576351,12.54684540002723,-0.0699260059896062,0.0,0.0,0.0,1.0,1.0,1.0,1.0,1.0,1.0,1.0,0.0,0.0,1.0,0.0,1.0,1.0,0.0,0.0,0.0,0.0,1.0,1.0,1.0,0.0,1.0,1.0,1.0,1.0,0.0,0.0,0.0,0.0,0.0,0.0,0.0,0.0,1.0,1.0,1.0,1.0,0.0,0.0,0.0,0.0,0.0,0.0,0.0,0.0,0.0,0.0
659,377,0.15543611993903642,1.015813610990554,3,78.23095378741112,166.47284231983264,14.43511832271325,16.515557477017346,35.59711850499208,38.19034523030574,44.11433814458785,33.527677461085695,9.0,9.0,4.359665397715356,5.114832186926553,-2.0804391543040968,-2.593226725313656,10.586660683502153,-0.7551667892111974,0.0,0.0,1.0,1.0,1.0,1.0,1.0,1.0,1.0,1.0,0.0,0.0,1.0,0.0,1.0,1.0,0.0,0.0,0.0,0.0,1.0,1.0,1.0,0.0,1.0,1.0,1.0,1.0,0.0,0.0,0.0,0.0,0.0,0.0,0.0,0.0,1.0,1.0,1.0,1.0,0.0,0.0,0.0,0.0,0.0,0.0,0.0,0.0,0.0,0.0
660,402,0.1630667094805464,1.0466483744171977,2,151.0991866467433,147.42375731659806,37.2723953052332,33.96128459853206,3.3782704206013996,20.43580978378378,47.74706359906701,39.4223316081081,10.0,9.0,5.017936486383619,4.993311142592761,3.311110706701143,-17.057539363182382,8.32473199095891,0.0246253437908578,0.0,0.0,0.0,0.0,0.0,1.0,1.0,1.0,1.0,1.0,0.0,0.0,0.0,0.0,0.0,1.0,0.0,0.0,0.0,0.0,0.0,1.0,0.0,0.0,0.0,1.0,0.0,1.0,0.0,0.0,0.0,0.0,0.0,0.0,0.0,0.0,0.0,1.0,0.0,1.0,0.0,0.0,0.0,1.0,0.0,0.0,0.0,0.0,0.0,0.0
661,290,0.07914494308046331,0.6402610506930131,2,125.32383525885403,146.82934413268433,47.642781833933995,37.6873097548587,19.77350414399179,26.343134896388133,45.20540703557042,24.264950038553987,13.0,14.0,4.830901069341002,4.989270988116708,9.955472079075292,-6.569630752396343,20.94045699701643,-0.1583699187757055,0.0,0.0,0.0,0.0,0.0,1.0,1.0,1.0,1.0,1.0,0.0,0.0,0.0,0.0,0.0,0.0,0.0,0.0,0.0,0.0,0.0,1.0,0.0,0.0,0.0,1.0,1.0,1.0,0.0,0.0,0.0,0.0,0.0,0.0,0.0,0.0,1.0,1.0,1.0,1.0,0.0,0.0,1.0,1.0,0.0,0.0,0.0,0.0,0.0,0.0
662,346,0.0763163920673845,0.6232176795530289,1,36.672247909598546,38.265348714444904,51.147236749122094,42.06156706778351,48.81133764,45.48172876820388,43.005984839999996,27.780511635436895,8.0,7.0,3.6020202812569937,3.644544753364092,9.085669681338587,3.3296088717961183,15.225473204563102,-0.042524472107098116,1.0,0.0,0.0,0.0,0.0,1.0,0.0,1.0,0.0,1.0,1.0,0.0,0.0,0.0,1.0,1.0,0.0,0.0,0.0,0.0,1.0,1.0,0.0,0.0,0.0,1.0,1.0,1.0,1.0,1.0,1.0,0.0,0.0,0.0,1.0,1.0,1.0,1.0,1.0,1.0,1.0,0.0,1.0,1.0,0.0,0.0,0.0,0.0,0.0,0.0
663,351,0.05508523032669109,0.48507650865035584,2,82.58399724057647,131.560355470901,53.059307468956035,41.930410054921,41.067208757958475,42.84109059223438,45.08745311262976,30.60915330116484,10.0,12.0,4.413815923749752,4.879465723285136,11.128897414035038,-1.7738818342759046,14.478299811464918,-0.4656497995353853,1.0,0.0,0.0,0.0,0.0,1.0,0.0,1.0,0.0,1.0,1.0,0.0,0.0,0.0,1.0,1.0,0.0,0.0,0.0,0.0,1.0,1.0,0.0,0.0,0.0,1.0,1.0,1.0,1.0,1.0,1.0,0.0,0.0,0.0,1.0,1.0,1.0,1.0,1.0,1.0,1.0,0.0,1.0,1.0,0.0,0.0,0.0,0.0,0.0,0.0
664,365,0.14823221859728913,0.985803788506326,2,151.19443923871628,137.17941760008526,12.309650088648757,15.727788060663121,28.65345060810811,30.93774137366283,45.33595139189189,32.36529741459039,10.0,10.0,5.018566685547405,4.921289686545945,-3.418137972014364,-2.284290765554722,12.970653977301502,0.0972769990014599,0.0,0.0,0.0,1.0,1.0,1.0,1.0,1.0,1.0,1.0,0.0,0.0,1.0,0.0,1.0,1.0,0.0,0.0,0.0,0.0,1.0,1.0,1.0,0.0,1.0,1.0,1.0,1.0,0.0,0.0,0.0,0.0,0.0,0.0,0.0,0.0,1.0,1.0,1.0,1.0,0.0,0.0,0.0,0.0,0.0,0.0,0.0,0.0,0.0,0.0
665,322,0.07835443978820701,0.6355270635866315,2,215.66139348603133,237.5145055035193,25.73896945562536,24.003968171379054,20.32031706260766,26.480880752082275,45.81325313747184,27.85666155808861,16.0,16.0,5.3737095549281415,5.470228697413937,1.7350012842463052,-6.160563689474614,17.95659157938323,-0.09651914248579474,0.0,0.0,0.0,0.0,0.0,1.0,1.0,1.0,1.0,1.0,0.0,0.0,0.0,0.0,0.0,0.0,0.0,0.0,1.0,0.0,0.0,1.0,0.0,0.0,0.0,1.0,1.0,1.0,0.0,1.0,0.0,0.0,0.0,0.0,0.0,1.0,1.0,1.0,1.0,1.0,0.0,0.0,1.0,1.0,0.0,0.0,0.0,0.0,0.0,0.0
666,308,0.044107299365071226,0.4053869224767304,3,208.70795427200355,119.72781802861874,42.49833218725256,35.92542259856092,41.0778997693396,36.94381491691878,45.718950933366806,24.54073604095881,16.0,15.0,5.340935926782844,4.785220983463625,6.572909588691637,4.13408485242082,21.178214892407997,0.5557149433192196,1.0,0.0,0.0,0.0,0.0,1.0,0.0,1.0,0.0,1.0,0.0,0.0,0.0,0.0,0.0,0.0,0.0,0.0,0.0,0.0,1.0,1.0,0.0,0.0,0.0,1.0,1.0,1.0,1.0,1.0,0.0,0.0,0.0,0.0,1.0,1.0,1.0,1.0,1.0,1.0,1.0,0.0,1.0,1.0,0.0,0.0,0.0,0.0,1.0,0.0
667,328,0.05400729942470394,0.4775269621307397,1,125.38098681403783,205.75983869412923,48.855374113806754,40.049197673573566,30.09706008520094,35.006563416583916,46.52083613340424,29.397971015392255,14.0,14.0,4.831356996400571,5.326709657097398,8.806176440233187,-4.909503331382975,17.122865118011983,-0.4953526606968265,0.0,0.0,0.0,0.0,0.0,1.0,1.0,1.0,1.0,1.0,1.0,0.0,0.0,0.0,0.0,0.0,0.0,0.0,0.0,0.0,0.0,1.0,0.0,0.0,0.0,1.0,1.0,1.0,1.0,1.0,1.0,0.0,0.0,0.0,1.0,1.0,1.0,1.0,1.0,1.0,0.0,0.0,1.0,1.0,0.0,0.0,0.0,0.0,0.0,0.0
668,368,0.06696385780431675,0.5647021002797671,3,183.5231689543468,107.16155181244304,27.44944638522081,27.015341196116246,43.72507208462656,40.42584411700468,46.19401889772668,31.49291883424337,17.0,12.0,5.212340920855924,4.6743375258373545,0.43410518910456375,3.2992279676218814,14.70110006348331,0.5380033950185695,1.0,0.0,0.0,0.0,0.0,1.0,0.0,1.0,0.0,1.0,1.0,0.0,0.0,0.0,0.0,0.0,0.0,0.0,0.0,0.0,1.0,1.0,0.0,0.0,0.0,1.0,1.0,1.0,1.0,1.0,1.0,0.0,0.0,0.0,1.0,1.0,1.0,1.0,1.0,1.0,1.0,0.0,1.0,1.0,0.0,0.0,0.0,0.0,0.0,0.0
669,376,0.16791084601536022,1.0657410984615119,1,129.89595967355723,104.59814495681518,29.597531244929304,27.458202345210644,9.790444655862727,21.92632833364411,45.93978809485224,34.17303670205114,13.0,12.0,4.866733819832998,4.650125816835084,2.1393288997186595,-12.135883677781385,11.766751392801098,0.216608002997914,0.0,0.0,0.0,0.0,1.0,1.0,1.0,1.0,1.0,1.0,0.0,0.0,1.0,0.0,0.0,0.0,0.0,0.0,0.0,0.0,1.0,1.0,1.0,0.0,1.0,1.0,1.0,1.0,0.0,0.0,0.0,0.0,0.0,0.0,0.0,0.0,1.0,1.0,1.0,1.0,0.0,0.0,0.0,1.0,0.0,0.0,0.0,0.0,0.0,0.0
670,332,0.04530142950760818,0.4143694803129809,1,118.29419397124788,145.37117429089602,44.16619302358901,37.08951025029389,48.6695119105403,43.134392750830564,46.30695412400354,27.93797970473422,13.0,15.0,4.773174690923196,4.979290294350823,7.0766827732951185,5.535119159709737,18.368974419269318,-0.20611560342762647,1.0,0.0,0.0,0.0,0.0,1.0,0.0,1.0,0.0,1.0,0.0,0.0,0.0,0.0,0.0,0.0,0.0,0.0,0.0,0.0,1.0,1.0,0.0,0.0,0.0,1.0,1.0,1.0,1.0,1.0,0.0,0.0,0.0,0.0,1.0,1.0,1.0,1.0,1.0,1.0,1.0,0.0,1.0,1.0,0.0,0.0,0.0,0.0,0.0,0.0
671,309,0.10819107443864286,0.8002806033258649,2,107.9592877421792,121.07453539842324,52.60858629962907,42.47592573583065,18.18631260865537,26.973170751112303,45.50373578639492,25.015067039659403,15.0,13.0,4.681754190704728,4.796406350977972,10.132660563798417,-8.786858142456932,20.488668746735517,-0.11465216027324347,0.0,0.0,0.0,0.0,0.0,1.0,1.0,1.0,1.0,1.0,0.0,0.0,0.0,0.0,0.0,0.0,0.0,0.0,1.0,0.0,0.0,1.0,0.0,0.0,0.0,1.0,1.0,1.0,0.0,0.0,0.0,0.0,0.0,0.0,0.0,0.0,1.0,1.0,1.0,1.0,0.0,0.0,1.0,1.0,0.0,0.0,0.0,0.0,0.0,0.0
672,407,0.05024460006587624,0.45071810370535104,2,63.92401447306904,93.55506252441833,19.603786448288346,21.766954261817222,50.792927637907916,44.9748832229723,45.151231868126956,38.45992689461928,10.0,7.0,4.157695104133403,4.538550166963201,-2.163167813528876,5.818044414935613,6.691304973507677,-0.38085506282979786,0.0,0.0,0.0,0.0,0.0,1.0,1.0,1.0,1.0,1.0,1.0,0.0,0.0,0.0,1.0,1.0,0.0,0.0,1.0,0.0,0.0,1.0,0.0,0.0,0.0,1.0,1.0,1.0,1.0,1.0,1.0,0.0,0.0,0.0,1.0,1.0,1.0,1.0,1.0,1.0,0.0,0.0,1.0,1.0,0.0,0.0,0.0,0.0,0.0,0.0
673,343,0.05038672268568195,0.4517438825010411,2,95.4335718977319,219.34775257015662,21.970642397128458,20.6953800476374,38.81621313644076,39.721654928272,45.34334828336161,31.372509370284117,14.0,17.0,4.558430423234427,5.390658381697671,1.275262349491058,-0.9054417918312438,13.97083891307749,-0.8322279584632446,0.0,0.0,0.0,0.0,0.0,1.0,1.0,1.0,1.0,1.0,1.0,0.0,0.0,0.0,0.0,0.0,0.0,0.0,1.0,0.0,0.0,1.0,0.0,0.0,0.0,1.0,1.0,1.0,1.0,1.0,1.0,0.0,0.0,0.0,1.0,1.0,1.0,1.0,1.0,1.0,0.0,0.0,1.0,1.0,0.0,0.0,0.0,0.0,0.0,0.0
674,288,0.11880905013300216,0.8529259507218091,2,268.7361377333776,201.81256364470227,39.11679283040807,32.75542607604567,18.701737259206748,25.397470952920063,47.861260130329995,24.774285343780203,16.0,15.0,5.5937299975845844,5.307339363883956,6.3613667543624,-6.695733693713315,23.086974786549792,0.2863906337006286,0.0,0.0,0.0,0.0,1.0,1.0,1.0,1.0,1.0,1.0,0.0,0.0,1.0,0.0,0.0,0.0,0.0,0.0,0.0,0.0,0.0,1.0,0.0,0.0,1.0,1.0,1.0,1.0,1.0,1.0,0.0,0.0,0.0,0.0,1.0,1.0,1.0,1.0,1.0,1.0,0.0,0.0,0.0,1.0,0.0,0.0,0.0,0.0,0.0,0.0
675,268,0.11272468630471838,0.82309874282519,1,64.46695424731504,147.7209639085549,43.286767831599676,37.38581255859511,34.595377496010634,32.641705404746936,45.80764305518617,22.412671805752908,11.0,15.0,4.166152755261223,4.995325115203764,5.900955273004563,1.953672091263698,23.39497124943326,-0.8291723599425412,1.0,0.0,0.0,0.0,0.0,1.0,0.0,1.0,0.0,1.0,1.0,0.0,0.0,0.0,0.0,0.0,0.0,0.0,0.0,0.0,1.0,1.0,0.0,0.0,0.0,1.0,1.0,1.0,1.0,1.0,1.0,0.0,0.0,0.0,1.0,1.0,1.0,1.0,1.0,1.0,1.0,0.0,1.0,1.0,0.0,0.0,0.0,0.0,0.0,0.0
676,372,0.08056067492749074,0.6486836587782889,1,61.87608374564991,77.51519426474688,46.63498451974118,38.86415440767755,55.82763726608682,47.06272347196261,45.070736929110225,31.901590759345794,9.0,8.0,4.125133735816678,4.350473972172018,7.770830112063628,8.764913794124205,13.169146169764431,-0.22534023635534,1.0,0.0,0.0,0.0,0.0,1.0,0.0,1.0,0.0,1.0,1.0,0.0,0.0,0.0,1.0,1.0,0.0,0.0,0.0,0.0,1.0,1.0,0.0,0.0,0.0,1.0,1.0,1.0,1.0,1.0,1.0,0.0,0.0,0.0,1.0,1.0,1.0,1.0,1.0,1.0,1.0,0.0,1.0,1.0,0.0,0.0,0.0,0.0,0.0,0.0
677,380,0.05671042380823253,0.4963522701647516,2,188.0095660362743,103.98515636090416,21.991994326974254,22.351537903315602,11.16302617043267,20.624168160369774,48.34377530844057,34.87432059043408,11.0,10.0,5.236492844707116,4.644248161655864,-0.35954357634134837,-9.461141989937104,13.469454718006489,0.5922446830512523,0.0,0.0,0.0,0.0,0.0,1.0,1.0,1.0,1.0,1.0,0.0,0.0,0.0,0.0,1.0,1.0,0.0,0.0,1.0,0.0,0.0,1.0,0.0,0.0,0.0,1.0,0.0,1.0,0.0,0.0,0.0,0.0,0.0,0.0,0.0,0.0,1.0,1.0,1.0,1.0,0.0,0.0,1.0,1.0,0.0,0.0,0.0,0.0,0.0,0.0
678,341,0.07850750854330941,0.6364454783770881,1,93.27133805994518,163.52863951826006,34.541182242944835,32.915772859875155,52.939967568933824,45.43145323607088,46.82824640716912,29.406618192196284,13.0,13.0,4.535512858727271,5.096988140246964,1.6254093830696803,7.508514332862944,17.421628214972834,-0.5614752815196928,1.0,0.0,0.0,0.0,0.0,1.0,0.0,1.0,0.0,1.0,1.0,0.0,0.0,0.0,0.0,0.0,0.0,0.0,0.0,0.0,1.0,1.0,0.0,0.0,0.0,1.0,1.0,1.0,1.0,1.0,1.0,0.0,0.0,0.0,1.0,1.0,1.0,1.0,1.0,1.0,1.0,0.0,1.0,1.0,0.0,0.0,0.0,0.0,0.0,0.0
679,323,0.02869323822966662,0.28155587048984243,2,85.7082822572903,139.6499473957266,56.76475786541193,45.73621934381644,22.761370732885084,31.281100052573823,45.847303613691935,27.661968617717477,11.0,12.0,4.450949463376282,4.939138915704588,11.028538521595493,-8.51972931968874,18.185334995974458,-0.48818945232830707,0.0,0.0,0.0,0.0,0.0,1.0,1.0,1.0,1.0,1.0,0.0,0.0,0.0,0.0,1.0,1.0,0.0,0.0,1.0,0.0,0.0,1.0,0.0,0.0,0.0,1.0,1.0,1.0,0.0,1.0,0.0,0.0,0.0,0.0,0.0,1.0,1.0,1.0,1.0,1.0,0.0,0.0,1.0,1.0,0.0,0.0,0.0,0.0,0.0,0.0
680,358,0.08871453769253633,0.6958592132634821,2,92.31881214021534,154.6588802895477,23.440266031354124,22.71236076385109,44.78192575350805,43.0274643450036,46.219843965383824,32.602869456701896,14.0,15.0,4.5252479359115805,5.041221919335386,0.7279052675030329,1.7544614085044472,13.616974508681928,-0.5159739834238057,0.0,0.0,0.0,0.0,0.0,1.0,1.0,1.0,1.0,1.0,1.0,0.0,0.0,0.0,0.0,0.0,0.0,0.0,1.0,0.0,0.0,1.0,0.0,0.0,0.0,1.0,1.0,1.0,1.0,1.0,1.0,0.0,0.0,0.0,1.0,1.0,1.0,1.0,1.0,1.0,0.0,0.0,1.0,1.0,0.0,0.0,0.0,0.0,0.0,0.0
681,313,0.048855725291320574,0.44063803744244556,1,192.48643785900452,179.81927583989508,35.49600055534931,29.489067809501506,42.74674449472981,37.85495786175817,46.92123952464371,26.656191209880685,15.0,13.0,5.260025698565436,5.191952323409685,6.006932745847806,4.8917866329716375,20.265048314763025,0.06807337515575128,1.0,0.0,0.0,0.0,0.0,1.0,0.0,1.0,0.0,1.0,0.0,0.0,0.0,0.0,0.0,0.0,0.0,0.0,0.0,0.0,1.0,1.0,0.0,0.0,0.0,1.0,1.0,1.0,1.0,1.0,0.0,0.0,0.0,0.0,1.0,1.0,1.0,1.0,1.0,1.0,1.0,0.0,1.0,1.0,0.0,0.0,0.0,0.0,1.0,1.0
682,345,0.13982464687101095,0.9496014504415117,1,153.26142048453002,193.63009465989012,45.15155148216023,39.089935279074474,10.932361469328775,24.508829643922677,46.836440129925414,30.190439116821757,14.0,16.0,5.032145093961593,5.265949610385146,6.061616203085755,-13.576468174593902,16.646001013103657,-0.23380451642355332,0.0,0.0,0.0,0.0,1.0,1.0,1.0,1.0,1.0,1.0,0.0,0.0,1.0,0.0,0.0,0.0,0.0,0.0,0.0,0.0,1.0,1.0,1.0,0.0,1.0,1.0,1.0,1.0,0.0,0.0,0.0,0.0,0.0,0.0,0.0,0.0,1.0,1.0,1.0,1.0,0.0,0.0,0.0,1.0,0.0,0.0,0.0,0.0,0.0,0.0
683,360,0.02117110993086159,0.21506238316107282,1,103.29191073550301,129.57278638718952,54.05773608385279,43.600164930745876,35.97523185724825,37.763737859436596,46.750248058926594,31.299354665113608,9.0,10.0,4.63755906459372,4.864242780288627,10.457571153106912,-1.788506002188349,15.450893393812986,-0.22668371569490797,1.0,0.0,0.0,0.0,0.0,1.0,0.0,1.0,0.0,1.0,1.0,0.0,0.0,0.0,1.0,1.0,0.0,0.0,0.0,0.0,1.0,1.0,0.0,0.0,0.0,1.0,1.0,1.0,1.0,1.0,1.0,0.0,0.0,0.0,1.0,1.0,1.0,1.0,1.0,1.0,1.0,0.0,1.0,1.0,0.0,0.0,0.0,0.0,0.0,0.0
684,403,0.007497821027282065,0.081557226342492,2,106.8257818977007,184.64888295919397,17.342289426201578,18.247976577329208,37.960342597235844,34.98768574083296,46.19335504172982,38.161586471480305,11.0,10.0,4.671199300929473,5.218456091776856,-0.9056871511276299,2.9726568564028852,8.031768570249518,-0.5472567908473839,0.0,0.0,0.0,1.0,1.0,1.0,1.0,1.0,1.0,1.0,0.0,0.0,1.0,0.0,1.0,1.0,0.0,0.0,0.0,0.0,0.0,1.0,0.0,0.0,1.0,1.0,1.0,1.0,1.0,0.0,0.0,0.0,0.0,0.0,1.0,0.0,1.0,1.0,1.0,1.0,0.0,0.0,0.0,0.0,0.0,0.0,0.0,0.0,0.0,0.0
685,401,0.007881840828812176,0.08556056034103882,2,103.77769895456522,82.5491309160161,18.582663985978424,19.167546412429324,44.393355162322166,42.24931888366336,46.328408389949516,37.40919547834158,10.0,8.0,4.642251101353884,4.413393642339986,-0.5848824264508998,2.1440362786588025,8.919212911607936,0.22885745901389823,0.0,0.0,0.0,0.0,0.0,1.0,1.0,1.0,1.0,1.0,1.0,0.0,0.0,0.0,1.0,1.0,0.0,0.0,1.0,0.0,0.0,1.0,0.0,0.0,0.0,1.0,1.0,1.0,1.0,1.0,1.0,0.0,0.0,0.0,1.0,1.0,1.0,1.0,1.0,1.0,0.0,0.0,1.0,1.0,0.0,0.0,0.0,0.0,0.0,0.0
686,354,0.1012387198523573,0.7642448426394067,1,163.88208448951764,109.92928820004123,25.65627652029196,23.835433549659097,13.767779520575413,22.8140972732342,46.9148294510898,30.75639560548327,15.0,12.0,5.099147172206744,4.69983732454062,1.8208429706328637,-9.046317752658787,16.15843384560653,0.39930984766612454,0.0,0.0,0.0,0.0,0.0,1.0,1.0,1.0,1.0,1.0,0.0,0.0,0.0,0.0,0.0,0.0,0.0,0.0,0.0,0.0,0.0,1.0,0.0,0.0,0.0,1.0,0.0,1.0,0.0,0.0,0.0,0.0,0.0,0.0,0.0,0.0,1.0,1.0,1.0,1.0,0.0,0.0,1.0,1.0,0.0,0.0,0.0,0.0,0.0,0.0
687,293,0.06357148195445861,0.5426014590873555,3,228.53954392077867,263.1299986478006,36.70350265867697,32.91531258376887,33.71048669491102,31.989498922099468,47.6411310037511,26.860016985492923,17.0,21.0,5.431709254095585,5.572648201492497,3.788190074908094,1.7209877728115508,20.781114018258176,-0.1409389473969123,1.0,0.0,0.0,0.0,0.0,1.0,0.0,1.0,0.0,1.0,0.0,0.0,0.0,0.0,0.0,0.0,0.0,0.0,0.0,0.0,1.0,1.0,0.0,0.0,0.0,1.0,1.0,1.0,1.0,1.0,0.0,0.0,0.0,0.0,1.0,1.0,1.0,1.0,1.0,1.0,1.0,0.0,1.0,1.0,0.0,0.0,0.0,0.0,1.0,1.0
688,373,0.05790070821016219,0.5045306678693584,2,125.76199718192976,97.02866456791405,38.554622891474665,33.11647745225014,59.360286037150644,51.083735447209726,46.78031845194274,32.7405785375706,11.0,7.0,4.834391209454365,4.575006445858028,5.438145439224527,8.276550589940918,14.039739914372142,0.2593847635963371,1.0,0.0,0.0,0.0,0.0,1.0,0.0,1.0,0.0,1.0,1.0,0.0,0.0,0.0,1.0,1.0,0.0,0.0,0.0,0.0,1.0,1.0,0.0,0.0,0.0,1.0,1.0,1.0,1.0,1.0,1.0,0.0,0.0,0.0,1.0,1.0,1.0,1.0,1.0,1.0,1.0,0.0,1.0,1.0,0.0,0.0,0.0,0.0,0.0,0.0
689,341,0.06484150994946189,0.5509327397715671,1,98.89124098635119,163.52863951826006,40.97740561402786,32.915772859875155,51.65257917535157,45.43145323607088,46.43257485999807,29.406618192196284,12.0,13.0,4.5940206703623385,5.096988140246964,8.061632754152704,6.2211259392806895,17.025956667801786,-0.5029674698846258,1.0,0.0,0.0,0.0,0.0,1.0,0.0,1.0,0.0,1.0,0.0,0.0,0.0,0.0,0.0,0.0,0.0,0.0,0.0,0.0,1.0,1.0,0.0,0.0,0.0,1.0,1.0,1.0,1.0,1.0,0.0,0.0,0.0,0.0,1.0,1.0,1.0,1.0,1.0,1.0,1.0,0.0,1.0,1.0,0.0,0.0,0.0,0.0,0.0,0.0
690,290,0.12910798901105514,0.9014710104435627,2,145.55548579391566,146.82934413268433,44.093627422280534,37.6873097548587,16.85244897074799,26.343134896388133,46.88938659501996,24.264950038553987,14.0,14.0,4.980557359580421,4.989270988116708,6.406317667421831,-9.490685925640143,22.62443655646597,-0.008713628536286537,0.0,0.0,0.0,0.0,0.0,1.0,1.0,1.0,1.0,1.0,0.0,0.0,0.0,0.0,0.0,0.0,0.0,0.0,0.0,0.0,0.0,1.0,0.0,0.0,0.0,1.0,1.0,1.0,1.0,0.0,0.0,0.0,0.0,0.0,1.0,0.0,1.0,1.0,1.0,1.0,0.0,0.0,1.0,1.0,0.0,0.0,0.0,0.0,0.0,0.0
691,345,0.18032013735461339,1.1130502982934958,2,249.09505326854844,193.63009465989012,49.20721768503565,39.089935279074474,13.856049634622003,24.508829643922677,47.46771891051967,30.190439116821757,20.0,16.0,5.51783456365485,5.265949610385146,10.117282405961177,-10.652780009300674,17.277279793697915,0.25188495326970345,0.0,0.0,0.0,0.0,1.0,1.0,1.0,1.0,1.0,1.0,0.0,0.0,1.0,0.0,0.0,0.0,0.0,0.0,0.0,0.0,1.0,1.0,1.0,0.0,1.0,1.0,1.0,1.0,0.0,0.0,0.0,0.0,0.0,0.0,0.0,0.0,1.0,1.0,1.0,1.0,0.0,0.0,0.0,1.0,0.0,0.0,0.0,0.0,0.0,0.0
692,378,0.0689002372477028,0.5771016470262464,1,65.8195410533314,192.5805838820425,23.224272181684448,24.16028800340303,54.91976396874096,49.237000944827585,46.05997243480463,34.61483634827586,8.0,12.0,4.18691677073688,5.260514683701001,-0.9360158217185806,5.682763023913374,11.44513608652877,-1.0735979129641222,1.0,0.0,0.0,0.0,0.0,1.0,0.0,1.0,0.0,1.0,1.0,0.0,0.0,0.0,1.0,1.0,0.0,0.0,0.0,0.0,1.0,1.0,0.0,0.0,0.0,1.0,1.0,1.0,1.0,1.0,1.0,0.0,0.0,0.0,1.0,1.0,1.0,1.0,1.0,1.0,1.0,0.0,1.0,1.0,0.0,0.0,0.0,0.0,0.0,0.0
693,361,0.07390042237334195,0.608426697593725,2,93.7190252422182,162.07975738247038,31.993622607485204,29.261856683294617,59.66320807211098,51.72210958303249,46.43266742905783,32.50670162738525,12.0,9.0,4.540301212840929,5.088088543599391,2.7317659241905865,7.941098489078492,13.925965801672582,-0.5477873307584618,1.0,0.0,0.0,0.0,0.0,1.0,0.0,1.0,0.0,1.0,1.0,0.0,0.0,0.0,1.0,1.0,0.0,0.0,0.0,0.0,1.0,1.0,0.0,0.0,0.0,1.0,1.0,1.0,1.0,1.0,1.0,0.0,0.0,0.0,1.0,1.0,1.0,1.0,1.0,1.0,1.0,0.0,1.0,1.0,0.0,0.0,0.0,0.0,0.0,0.0
694,362,0.04787385066036024,0.43345005597524494,2,137.52569229059318,174.8410654246178,25.36396632209003,24.791637110268653,30.087795671561157,30.55767905856574,46.96709634817842,32.18865054071713,14.0,15.0,4.92381075267427,5.163877363688615,0.5723292118213763,-0.46988338700458243,14.778445807461296,-0.24006661101434396,0.0,0.0,0.0,0.0,0.0,1.0,1.0,1.0,1.0,1.0,0.0,0.0,0.0,0.0,0.0,0.0,0.0,0.0,0.0,0.0,0.0,1.0,0.0,0.0,0.0,1.0,1.0,1.0,1.0,1.0,0.0,0.0,0.0,0.0,1.0,1.0,1.0,1.0,1.0,1.0,0.0,0.0,1.0,1.0,0.0,0.0,0.0,0.0,0.0,0.0
695,378,0.06351665185694103,0.5422402103790714,2,68.75332088609929,192.5805838820425,26.094839088478253,24.16028800340303,57.81956755922693,49.237000944827585,46.14028746009975,34.61483634827586,7.0,12.0,4.2305250391778975,5.260514683701001,1.934551085075224,8.582566614399347,11.525451111823891,-1.0299896445231038,1.0,0.0,0.0,0.0,0.0,1.0,0.0,1.0,0.0,1.0,1.0,0.0,0.0,0.0,1.0,1.0,0.0,0.0,0.0,0.0,1.0,1.0,0.0,0.0,0.0,1.0,1.0,1.0,1.0,1.0,1.0,0.0,0.0,0.0,1.0,1.0,1.0,1.0,1.0,1.0,1.0,0.0,1.0,1.0,0.0,0.0,0.0,0.0,0.0,0.0
696,335,0.05867140748986113,0.5097906593060496,1,177.67465980720561,50.85947804861657,36.029276177977785,31.569517827909948,25.3703952374417,27.88030603022279,48.13704299437088,28.069116874086923,14.0,8.0,5.179954124019726,3.929066497428859,4.459758350067837,-2.509910792781092,20.067926120283957,1.250887626590867,0.0,0.0,0.0,0.0,0.0,1.0,1.0,1.0,1.0,1.0,0.0,0.0,0.0,0.0,0.0,0.0,0.0,0.0,0.0,0.0,1.0,1.0,0.0,0.0,0.0,1.0,1.0,1.0,1.0,1.0,0.0,0.0,0.0,0.0,1.0,1.0,1.0,1.0,1.0,1.0,1.0,0.0,1.0,1.0,0.0,0.0,0.0,0.0,0.0,0.0
697,372,0.04836259533245715,0.43703445339835445,2,128.69577701469765,77.51519426474688,47.806581299698536,38.86415440767755,52.06763880852638,47.06272347196261,47.054452558618905,31.901590759345794,11.0,8.0,4.857451301435123,4.350473972172018,8.942426892020983,5.004915336563769,15.152861799273111,0.5069773292631052,1.0,0.0,0.0,0.0,0.0,1.0,0.0,1.0,0.0,1.0,0.0,0.0,0.0,0.0,1.0,1.0,0.0,0.0,0.0,0.0,1.0,1.0,0.0,0.0,0.0,1.0,1.0,1.0,1.0,1.0,0.0,0.0,0.0,0.0,1.0,1.0,1.0,1.0,1.0,1.0,1.0,0.0,1.0,1.0,0.0,0.0,0.0,0.0,0.0,0.0
698,328,0.07043033759914992,0.5867919997146556,1,92.69982250810727,205.75983869412923,48.17195883620101,40.049197673573566,36.34579420376079,35.006563416583916,47.41194045221948,29.397971015392255,13.0,14.0,4.529366557878577,5.326709657097398,8.122761162627441,1.3392307871768736,18.013969436827228,-0.7973430992188211,1.0,0.0,0.0,0.0,0.0,1.0,0.0,1.0,0.0,1.0,1.0,0.0,0.0,0.0,0.0,0.0,0.0,0.0,0.0,0.0,1.0,1.0,0.0,0.0,0.0,1.0,1.0,1.0,1.0,1.0,1.0,0.0,0.0,0.0,1.0,1.0,1.0,1.0,1.0,1.0,1.0,0.0,1.0,1.0,0.0,0.0,0.0,0.0,0.0,0.0
699,302,0.06067882476666586,0.5233627134118897,1,70.54406961519138,116.3935315751028,56.69549629737188,45.417385846646496,17.90162624858223,24.839975081950207,45.997931223872534,24.78719046939834,8.0,11.0,4.256237615448722,4.756976963092602,11.278110450725386,-6.938348833367979,21.210740754474195,-0.5007393476438805,0.0,0.0,0.0,0.0,0.0,1.0,1.0,1.0,1.0,1.0,0.0,0.0,0.0,0.0,1.0,1.0,0.0,0.0,1.0,0.0,0.0,1.0,0.0,0.0,0.0,1.0,1.0,1.0,0.0,0.0,0.0,0.0,0.0,0.0,0.0,0.0,1.0,1.0,1.0,1.0,0.0,0.0,1.0,0.0,0.0,0.0,0.0,0.0,0.0,0.0
700,335,0.06783070654034316,0.5702719558828245,2,138.03053102805,50.85947804861657,39.5930961895421,31.569517827909948,24.955763961079292,27.88030603022279,47.12134482765165,28.069116874086923,14.0,8.0,4.927474900021088,3.929066497428859,8.023578361632154,-2.9245420691434987,19.052227953564724,0.9984084025922286,0.0,0.0,0.0,0.0,0.0,1.0,1.0,1.0,1.0,1.0,0.0,0.0,0.0,0.0,0.0,0.0,0.0,0.0,0.0,0.0,0.0,1.0,0.0,0.0,0.0,1.0,1.0,1.0,1.0,1.0,0.0,0.0,0.0,0.0,1.0,1.0,1.0,1.0,1.0,1.0,0.0,0.0,1.0,1.0,0.0,0.0,0.0,0.0,0.0,0.0
701,311,0.07019857927428225,0.5853302606554643,1,86.04166632919575,128.31894607737155,52.782399592481575,41.44569691910041,26.462607400531382,30.106631988057323,47.08170556808369,27.315545707404457,13.0,13.0,4.4548316711250076,4.854518930847035,11.336702673381161,-3.6440245875259407,19.766159860679235,-0.3996872597220271,0.0,0.0,0.0,0.0,0.0,1.0,1.0,1.0,1.0,1.0,1.0,0.0,0.0,0.0,0.0,0.0,0.0,0.0,1.0,0.0,0.0,1.0,0.0,0.0,0.0,1.0,1.0,1.0,1.0,1.0,1.0,0.0,0.0,0.0,1.0,1.0,1.0,1.0,1.0,1.0,0.0,0.0,1.0,1.0,0.0,0.0,0.0,0.0,0.0,0.0
702,366,0.06721614473340419,0.5663263494654817,2,149.61324621196476,157.39875355914995,30.87281027703207,27.162133182638755,52.88776700967721,46.03764034758365,47.87732671866047,32.36523894503452,18.0,14.0,5.008053605818196,5.058782417013892,3.710677094393315,6.850126662093565,15.51208777362595,-0.05072881119569552,1.0,0.0,0.0,0.0,0.0,1.0,0.0,1.0,0.0,1.0,1.0,0.0,0.0,0.0,0.0,0.0,0.0,0.0,0.0,0.0,1.0,1.0,0.0,0.0,0.0,1.0,1.0,1.0,1.0,1.0,1.0,0.0,0.0,0.0,1.0,1.0,1.0,1.0,1.0,1.0,1.0,0.0,1.0,1.0,0.0,0.0,0.0,0.0,0.0,0.0
703,338,0.05939119889750039,0.5146783449980741,1,131.6390821066628,140.62515652558503,45.94303809843591,36.73720502279574,26.685853690050653,30.154592667128988,47.101659525325616,28.61691080542897,13.0,16.0,4.880063951296824,4.946097886028892,9.205833075640172,-3.468738977078335,18.484748719896647,-0.06603393473206734,0.0,0.0,0.0,0.0,0.0,1.0,1.0,1.0,1.0,1.0,0.0,0.0,0.0,0.0,0.0,0.0,0.0,0.0,0.0,0.0,0.0,1.0,0.0,0.0,0.0,1.0,1.0,1.0,1.0,1.0,0.0,0.0,0.0,0.0,1.0,1.0,1.0,1.0,1.0,1.0,0.0,0.0,1.0,1.0,0.0,0.0,0.0,0.0,0.0,0.0
704,351,0.05780024666444733,0.5038429790643182,2,123.74264223210251,131.560355470901,50.37965568458727,41.930410054921,46.77684128154107,42.84109059223438,47.34846444665538,30.60915330116484,11.0,12.0,4.8182039429708965,4.879465723285136,8.449245629666272,3.935750689306687,16.739311145490536,-0.061261780314240157,1.0,0.0,0.0,0.0,0.0,1.0,0.0,1.0,0.0,1.0,0.0,0.0,0.0,0.0,1.0,1.0,0.0,0.0,0.0,0.0,1.0,1.0,0.0,0.0,0.0,1.0,1.0,1.0,1.0,1.0,0.0,0.0,0.0,0.0,1.0,1.0,1.0,1.0,1.0,1.0,1.0,0.0,1.0,1.0,0.0,0.0,0.0,0.0,0.0,0.0
705,386,0.04674354713216671,0.42511099163782107,1,86.69890921380933,114.6845936713509,22.75328268364582,23.358774447834328,35.27291427043507,36.36267724635568,47.65320638711272,36.341390310131196,13.0,15.0,4.462441302551751,4.7421856966425695,-0.6054917641885069,-1.089762975920607,11.311816076981522,-0.2797443940908188,0.0,0.0,0.0,0.0,0.0,1.0,1.0,1.0,1.0,1.0,1.0,0.0,0.0,0.0,0.0,0.0,0.0,0.0,1.0,0.0,0.0,1.0,0.0,0.0,0.0,1.0,1.0,1.0,1.0,1.0,1.0,0.0,0.0,0.0,1.0,1.0,1.0,1.0,1.0,1.0,0.0,0.0,1.0,1.0,0.0,0.0,0.0,0.0,0.0,0.0
706,390,0.06255683205265442,0.5358951974517954,2,105.76847812680057,167.4201883316951,26.180023356976054,26.701364346032985,49.034462512337896,41.8724139153445,47.892178383555475,36.54382955916454,15.0,15.0,4.66125253672175,5.120506750136875,-0.5213409890569309,7.162048596993394,11.348348824390932,-0.4592542134151254,1.0,0.0,0.0,0.0,0.0,1.0,0.0,1.0,0.0,1.0,1.0,0.0,0.0,0.0,0.0,0.0,0.0,0.0,0.0,0.0,1.0,1.0,0.0,0.0,0.0,1.0,1.0,1.0,1.0,1.0,1.0,0.0,0.0,0.0,1.0,1.0,1.0,1.0,1.0,1.0,1.0,0.0,1.0,1.0,0.0,0.0,0.0,0.0,0.0,0.0
707,368,0.07013393611166227,0.5849221638737205,2,136.64936844444173,107.16155181244304,31.05012098924505,27.015341196116246,46.708057075909664,40.42584411700468,48.17217491122961,31.49291883424337,18.0,12.0,4.917418290661543,4.6743375258373545,4.034779793128802,6.282212958904985,16.679256076986242,0.24308076482418897,1.0,0.0,0.0,0.0,0.0,1.0,0.0,1.0,0.0,1.0,0.0,0.0,0.0,0.0,0.0,0.0,0.0,0.0,0.0,0.0,1.0,1.0,0.0,0.0,0.0,1.0,1.0,1.0,1.0,1.0,0.0,0.0,0.0,0.0,1.0,1.0,1.0,1.0,1.0,1.0,1.0,0.0,1.0,1.0,0.0,0.0,0.0,0.0,0.0,0.0
708,297,0.07825271923428687,0.6349162719145971,1,100.94869697296762,223.3507538555755,32.42388237177215,27.611296664952036,28.35384569244197,28.50478410291916,47.38282590639743,26.167474416916168,14.0,16.0,4.614612437027871,5.408743423013275,4.812585706820116,-0.1509384104771918,21.21535148948126,-0.7941309859854044,0.0,0.0,0.0,0.0,0.0,1.0,1.0,1.0,1.0,1.0,1.0,0.0,0.0,0.0,0.0,0.0,0.0,0.0,0.0,0.0,1.0,1.0,0.0,0.0,0.0,1.0,1.0,1.0,1.0,1.0,1.0,0.0,0.0,0.0,1.0,1.0,1.0,1.0,1.0,1.0,1.0,0.0,1.0,1.0,0.0,0.0,0.0,0.0,0.0,0.0
709,323,0.08078284717395165,0.6499990110486371,1,34.69099399656049,139.6499473957266,56.074599315126044,45.73621934381644,25.755936961285006,31.281100052573823,46.831640822075784,27.661968617717477,9.0,12.0,3.5464801142627174,4.939138915704588,10.338379971309607,-5.525163091288817,19.169672204358307,-1.3926588014418713,0.0,0.0,0.0,0.0,0.0,1.0,1.0,1.0,1.0,1.0,1.0,0.0,0.0,0.0,1.0,1.0,0.0,0.0,1.0,0.0,0.0,1.0,0.0,0.0,0.0,1.0,1.0,1.0,1.0,1.0,1.0,0.0,0.0,0.0,1.0,1.0,1.0,1.0,1.0,1.0,0.0,0.0,1.0,1.0,0.0,0.0,0.0,0.0,0.0,0.0
710,403,0.1378003107075603,0.9406854873039,2,111.912270309058,184.64888295919397,15.181837625334941,18.247976577329208,32.167699405140866,34.98768574083296,47.688887035705164,38.161586471480305,10.0,10.0,4.717715263542736,5.218456091776856,-3.066138951994267,-2.819986335692093,9.52730056422486,-0.5007408282341199,0.0,0.0,0.0,1.0,1.0,1.0,1.0,1.0,1.0,1.0,0.0,0.0,1.0,0.0,1.0,1.0,0.0,0.0,0.0,0.0,0.0,1.0,0.0,0.0,1.0,1.0,1.0,1.0,1.0,0.0,0.0,0.0,0.0,0.0,1.0,0.0,1.0,1.0,1.0,1.0,0.0,0.0,0.0,0.0,0.0,0.0,0.0,0.0,0.0,0.0
711,382,0.07449034150689254,0.6120585225438817,2,88.19437490778517,120.99094604443538,42.40161600179141,35.57423234358748,57.21993680856464,47.59288453032164,47.51306317831299,34.40333197390036,8.0,11.0,4.4795431844232105,4.7957157167180835,6.827383658203928,9.627052278243,13.109731204412633,-0.31617253229487297,1.0,0.0,0.0,0.0,0.0,1.0,0.0,1.0,0.0,1.0,1.0,0.0,0.0,0.0,1.0,1.0,0.0,0.0,0.0,0.0,1.0,1.0,0.0,0.0,0.0,1.0,1.0,1.0,1.0,1.0,1.0,0.0,0.0,0.0,1.0,1.0,1.0,1.0,1.0,1.0,1.0,0.0,1.0,1.0,0.0,0.0,0.0,0.0,0.0,0.0
712,331,0.04575520096054579,0.4177618221487229,2,122.1138229093645,111.03452521388078,45.995396377012085,38.38465523626917,44.156627117901714,40.11616032873275,48.69721200783931,28.94173723739021,12.0,12.0,4.804953584449825,4.709841190912945,7.610741140742917,4.040466789168967,19.7554747704491,0.09511239353687986,1.0,0.0,0.0,0.0,0.0,1.0,0.0,1.0,0.0,1.0,0.0,0.0,0.0,0.0,0.0,0.0,0.0,0.0,0.0,0.0,1.0,1.0,0.0,0.0,0.0,1.0,1.0,1.0,1.0,1.0,0.0,0.0,0.0,0.0,1.0,1.0,1.0,1.0,1.0,1.0,1.0,0.0,1.0,1.0,0.0,0.0,0.0,0.0,0.0,0.0
713,322,0.07703675069583192,0.6275858296050618,2,152.03266204807852,237.5145055035193,28.368348928829292,24.003968171379054,18.37806955616816,26.480880752082275,49.12791259372847,27.85666155808861,13.0,16.0,5.024095379657722,5.470228697413937,4.364380757450238,-8.102811195914114,21.271251035639857,-0.4461333177562145,0.0,0.0,0.0,0.0,0.0,1.0,1.0,1.0,1.0,1.0,0.0,0.0,0.0,0.0,0.0,0.0,0.0,0.0,1.0,0.0,0.0,1.0,0.0,0.0,0.0,1.0,1.0,1.0,0.0,1.0,0.0,0.0,0.0,0.0,0.0,1.0,1.0,1.0,1.0,1.0,0.0,0.0,1.0,1.0,0.0,0.0,0.0,0.0,0.0,0.0
714,297,0.05287213312650447,0.4695144525977531,1,96.01461270876709,223.3507538555755,32.0857170306983,27.611296664952036,23.328296509375,28.50478410291916,48.98660884464286,26.167474416916168,10.0,16.0,4.564500395600524,5.408743423013275,4.474420365746262,-5.176487593544159,22.81913442772669,-0.8442430274127523,0.0,0.0,0.0,0.0,0.0,1.0,1.0,1.0,1.0,1.0,0.0,0.0,0.0,0.0,0.0,0.0,0.0,0.0,0.0,0.0,0.0,1.0,0.0,0.0,0.0,1.0,1.0,1.0,1.0,1.0,0.0,0.0,0.0,0.0,1.0,1.0,1.0,1.0,1.0,1.0,0.0,0.0,1.0,1.0,0.0,0.0,0.0,0.0,0.0,0.0
715,293,0.07486666580930475,0.6143684832401912,2,180.84657111990597,263.1299986478006,39.91131036108727,32.91531258376887,35.31833504895713,31.989498922099468,50.215804662514486,26.860016985492923,19.0,21.0,5.197648998416907,5.572648201492497,6.995997777318394,3.328836126857663,23.355787677021564,-0.3749992030755898,1.0,0.0,0.0,0.0,0.0,1.0,0.0,1.0,0.0,1.0,0.0,0.0,0.0,0.0,0.0,0.0,0.0,0.0,0.0,0.0,1.0,1.0,0.0,0.0,0.0,1.0,1.0,1.0,1.0,1.0,0.0,0.0,0.0,0.0,1.0,1.0,1.0,1.0,1.0,1.0,1.0,0.0,1.0,1.0,0.0,0.0,0.0,0.0,0.0,1.0
716,383,0.08249452041577572,0.660075231933366,1,84.6795542639821,100.08431984147046,20.79155868860434,21.820497434856613,21.177951918053992,26.790162500278395,47.55354179021372,34.83093255066815,11.0,12.0,4.438874182483114,4.60601302911072,-1.0289387462522726,-5.612210582224403,12.72260923954557,-0.16713884662760556,0.0,0.0,0.0,0.0,0.0,1.0,1.0,1.0,1.0,1.0,0.0,0.0,0.0,0.0,0.0,0.0,0.0,0.0,1.0,0.0,0.0,1.0,0.0,0.0,0.0,1.0,0.0,1.0,0.0,0.0,0.0,0.0,0.0,0.0,0.0,0.0,1.0,1.0,1.0,1.0,0.0,0.0,1.0,1.0,0.0,0.0,0.0,0.0,0.0,0.0
717,355,0.06608146941475002,0.5590003528991733,2,136.78272207320393,221.9111594257845,30.31953910999014,28.933497152783428,37.97347543245125,34.60596217469552,48.86422766354457,31.217402406227762,14.0,16.0,4.918393696577379,5.402277119011051,1.3860419572067109,3.367513257755732,17.646825257316806,-0.48388342243367144,1.0,0.0,0.0,0.0,0.0,1.0,0.0,1.0,0.0,1.0,1.0,0.0,0.0,0.0,0.0,0.0,0.0,0.0,0.0,0.0,1.0,1.0,0.0,0.0,0.0,1.0,1.0,1.0,1.0,1.0,1.0,0.0,0.0,0.0,1.0,1.0,1.0,1.0,1.0,1.0,1.0,0.0,1.0,1.0,0.0,0.0,0.0,0.0,0.0,0.0
718,344,0.16635996116566468,1.0596680069505724,3,272.85104970661047,185.29902237909957,33.744200198537506,29.708901738250304,10.857944232012567,22.14543789960403,50.12324183684761,29.65806371958799,16.0,20.0,5.608926040817842,5.221970857395581,4.035298460287201,-11.287493667591463,20.465178117259622,0.38695518342226104,0.0,0.0,0.0,0.0,1.0,1.0,1.0,1.0,1.0,1.0,0.0,0.0,1.0,0.0,0.0,0.0,0.0,0.0,0.0,0.0,1.0,1.0,1.0,0.0,1.0,1.0,1.0,1.0,0.0,0.0,0.0,0.0,0.0,0.0,0.0,0.0,1.0,1.0,1.0,1.0,0.0,0.0,0.0,1.0,0.0,0.0,0.0,0.0,0.0,0.0
719,344,0.10581960746105555,0.788134073821275,3,217.5092937703072,185.29902237909957,33.47417273719933,29.708901738250304,18.25039128202321,22.14543789960403,49.623647995533176,29.65806371958799,16.0,20.0,5.382241579594263,5.221970857395581,3.7652709989490276,-3.895046617580821,19.965584275945186,0.16027072219868213,0.0,0.0,0.0,0.0,1.0,1.0,1.0,1.0,1.0,1.0,0.0,0.0,1.0,0.0,0.0,0.0,0.0,0.0,0.0,0.0,0.0,1.0,0.0,0.0,1.0,1.0,1.0,1.0,1.0,0.0,0.0,0.0,0.0,0.0,1.0,0.0,1.0,1.0,1.0,1.0,0.0,0.0,0.0,1.0,0.0,0.0,0.0,0.0,0.0,0.0
720,364,0.13336752887425787,0.9208796508910467,3,257.1248467718709,78.67615751457835,48.24852260343719,40.11801711274455,7.7041997182151585,19.93305326525794,50.67143202322739,31.402825068468896,14.0,6.0,5.549561752044391,4.3653401554520705,8.130505490692634,-12.228853547042782,19.268606954758493,1.1842215965923204,0.0,0.0,0.0,0.0,1.0,1.0,1.0,1.0,1.0,1.0,0.0,0.0,1.0,0.0,1.0,1.0,0.0,0.0,0.0,0.0,1.0,1.0,1.0,0.0,1.0,1.0,1.0,1.0,0.0,0.0,0.0,0.0,0.0,0.0,0.0,0.0,1.0,1.0,1.0,1.0,0.0,0.0,0.0,1.0,0.0,0.0,0.0,0.0,0.0,0.0
721,347,0.13890829168596525,0.9455753110601651,1,76.40210402152985,163.5193518122614,51.94448679951643,43.336175657223656,9.835849524311183,24.482891755566282,48.16051034440843,30.893283746847665,6.0,11.0,4.336010235342089,5.096931343041371,8.608311142292777,-14.6470422312551,17.267226597560764,-0.7609211076992829,0.0,0.0,0.0,0.0,0.0,1.0,1.0,1.0,1.0,1.0,0.0,0.0,0.0,0.0,1.0,1.0,0.0,0.0,1.0,0.0,0.0,1.0,0.0,0.0,0.0,1.0,1.0,1.0,0.0,0.0,0.0,0.0,0.0,0.0,0.0,0.0,1.0,1.0,1.0,1.0,0.0,0.0,1.0,1.0,0.0,0.0,0.0,0.0,0.0,0.0
722,355,0.057785282782250875,0.5037405064140048,2,203.05947556800564,221.9111594257845,30.35030202281459,28.933497152783428,33.374492844427245,34.60596217469552,50.08608355263158,31.217402406227762,17.0,16.0,5.313498919224246,5.402277119011051,1.4168048700311608,-1.2314693302682755,18.868681146403816,-0.08877819978680464,1.0,0.0,0.0,0.0,0.0,1.0,0.0,1.0,0.0,1.0,1.0,0.0,0.0,0.0,0.0,0.0,0.0,0.0,0.0,0.0,1.0,1.0,0.0,0.0,0.0,1.0,1.0,1.0,1.0,1.0,1.0,0.0,0.0,0.0,1.0,1.0,1.0,1.0,1.0,1.0,1.0,0.0,1.0,1.0,0.0,0.0,0.0,0.0,0.0,0.0
723,311,0.067737463234521,0.5696743166075494,3,85.45110025896325,128.31894607737155,52.58402393169952,41.44569691910041,22.634831242224948,30.106631988057323,48.368127035280345,27.315545707404457,12.0,13.0,4.447944285534447,4.854518930847035,11.138327012599106,-7.471800745832375,21.052581327875888,-0.4065746453125871,0.0,0.0,0.0,0.0,0.0,1.0,1.0,1.0,1.0,1.0,0.0,0.0,0.0,0.0,0.0,0.0,0.0,0.0,1.0,0.0,0.0,1.0,0.0,0.0,0.0,1.0,1.0,1.0,0.0,1.0,0.0,0.0,0.0,0.0,0.0,1.0,1.0,1.0,1.0,1.0,0.0,0.0,1.0,1.0,0.0,0.0,0.0,0.0,0.0,0.0
724,393,0.04763250737739749,0.43167532212654125,1,94.00478301813715,117.91671535888167,21.28051193916462,22.177338948566113,30.46428723264769,30.92287292544896,48.952983520113484,37.0912381733223,12.0,11.0,4.543345664147171,4.769978573226765,-0.8968270094014947,-0.4585856928012717,11.861745346791182,-0.22663290907959385,0.0,0.0,0.0,0.0,1.0,1.0,1.0,1.0,1.0,1.0,0.0,0.0,1.0,0.0,0.0,0.0,0.0,0.0,0.0,0.0,0.0,1.0,0.0,0.0,1.0,1.0,1.0,1.0,1.0,0.0,0.0,0.0,0.0,0.0,1.0,0.0,1.0,1.0,1.0,1.0,0.0,0.0,0.0,1.0,0.0,0.0,0.0,0.0,0.0,0.0
725,369,0.016287681675793905,0.16939986825628864,1,185.47584708979295,219.89572722407706,42.12434297171863,37.07378094104497,5.020193603122433,19.661163442853525,48.300649285461176,34.91186806702991,10.0,10.0,5.222924669202472,5.393153466831135,5.05056203067366,-14.640969839731092,13.38878121843127,-0.17022879762866314,0.0,0.0,0.0,0.0,1.0,1.0,1.0,1.0,1.0,1.0,0.0,0.0,1.0,0.0,1.0,1.0,0.0,0.0,0.0,0.0,1.0,1.0,1.0,0.0,1.0,1.0,1.0,1.0,0.0,0.0,0.0,0.0,0.0,0.0,0.0,0.0,1.0,1.0,1.0,1.0,0.0,0.0,0.0,1.0,0.0,0.0,0.0,0.0,0.0,0.0
726,407,0.04962976091702704,0.44626830163651837,2,111.8836945314661,93.55506252441833,21.769585310815327,21.766954261817222,50.04296802430615,44.9748832229723,48.59487711816789,38.45992689461928,13.0,7.0,4.717459890057628,4.538550166963201,0.0026310489981042906,5.068084801333846,10.134950223548607,0.17890972309442774,0.0,0.0,0.0,0.0,0.0,1.0,1.0,1.0,1.0,1.0,1.0,0.0,0.0,0.0,1.0,1.0,0.0,0.0,1.0,0.0,0.0,1.0,0.0,0.0,0.0,1.0,1.0,1.0,1.0,1.0,1.0,0.0,0.0,0.0,1.0,1.0,1.0,1.0,1.0,1.0,0.0,0.0,1.0,1.0,0.0,0.0,0.0,0.0,0.0,0.0
727,357,0.05821636013950862,0.5066883258887714,1,122.76154053478079,256.48928885876467,42.30199447983274,34.72393677763903,46.832310914455306,39.54502546956475,49.72173446263967,32.059288116363696,14.0,19.0,4.810243778831974,5.547086904903674,7.5780577021937106,7.287285444890557,17.66244634627597,-0.7368431260717001,1.0,0.0,0.0,0.0,0.0,1.0,0.0,1.0,0.0,1.0,0.0,0.0,0.0,0.0,0.0,0.0,0.0,0.0,0.0,0.0,1.0,1.0,0.0,0.0,0.0,1.0,1.0,1.0,1.0,1.0,0.0,0.0,0.0,0.0,1.0,1.0,1.0,1.0,1.0,1.0,1.0,0.0,1.0,1.0,0.0,0.0,0.0,0.0,0.0,0.0
728,347,0.06925139659431474,0.5793339082448724,2,133.78226542605495,163.5193518122614,53.912015567869304,43.336175657223656,14.095682903239588,24.482891755566282,49.519113604699186,30.893283746847665,10.0,11.0,4.896213593513508,5.096931343041371,10.575839910645648,-10.387208852326694,18.62582985785152,-0.20071774952786336,0.0,0.0,0.0,0.0,0.0,1.0,1.0,1.0,1.0,1.0,0.0,0.0,0.0,0.0,1.0,1.0,0.0,0.0,1.0,0.0,0.0,1.0,0.0,0.0,0.0,1.0,1.0,1.0,0.0,0.0,0.0,0.0,0.0,0.0,0.0,0.0,1.0,1.0,1.0,1.0,0.0,0.0,1.0,1.0,0.0,0.0,0.0,0.0,0.0,0.0
729,393,0.099658832250315,0.7558716035458305,2,104.92073005824103,117.91671535888167,19.89831522112254,22.177338948566113,26.378191753018612,30.92287292544896,49.64685924239673,37.0912381733223,17.0,11.0,4.653205113211607,4.769978573226765,-2.2790237274435725,-4.544681172430348,12.555621069074427,-0.11677346001515743,0.0,0.0,0.0,0.0,1.0,1.0,1.0,1.0,1.0,1.0,0.0,0.0,1.0,0.0,0.0,0.0,0.0,0.0,0.0,0.0,0.0,1.0,0.0,0.0,1.0,1.0,1.0,1.0,1.0,0.0,0.0,0.0,0.0,0.0,1.0,0.0,1.0,1.0,1.0,1.0,0.0,0.0,0.0,1.0,0.0,0.0,0.0,0.0,0.0,0.0
730,386,0.08999432561171411,0.7030656744043875,2,107.9116614461927,114.6845936713509,24.20240141558754,23.358774447834328,40.08855385823992,36.36267724635568,49.74978527111837,36.341390310131196,14.0,15.0,4.681312942848653,4.7421856966425695,0.8436269677532131,3.725876611884239,13.408394960987174,-0.060872753793917385,0.0,0.0,0.0,0.0,0.0,1.0,1.0,1.0,1.0,1.0,1.0,0.0,0.0,0.0,0.0,0.0,0.0,0.0,1.0,0.0,0.0,1.0,0.0,0.0,0.0,1.0,1.0,1.0,1.0,1.0,1.0,0.0,0.0,0.0,1.0,1.0,1.0,1.0,1.0,1.0,0.0,0.0,1.0,1.0,0.0,0.0,0.0,0.0,0.0,0.0
731,336,0.16529554937361238,1.055478443172849,2,154.15679484907605,262.95353223382625,41.752135116086095,34.08857179668038,10.947867686882105,22.926241064283698,50.3649981185739,31.455631618200762,14.0,19.0,5.037970232822746,5.571977333045819,7.663563319405718,-11.978373377401592,18.90936650037314,-0.5340071002230741,0.0,0.0,1.0,0.0,1.0,1.0,1.0,1.0,1.0,1.0,0.0,0.0,1.0,0.0,0.0,0.0,0.0,0.0,0.0,0.0,1.0,1.0,1.0,0.0,1.0,1.0,1.0,1.0,0.0,0.0,0.0,0.0,0.0,0.0,0.0,0.0,1.0,1.0,1.0,1.0,0.0,0.0,0.0,1.0,0.0,0.0,0.0,0.0,0.0,0.0
732,338,0.03307555942801357,0.31834924579406343,2,186.47599930550928,140.62515652558503,44.356579920664295,36.73720502279574,23.057325087577258,30.154592667128988,50.51163821057874,28.61691080542897,17.0,16.0,5.228302540751707,4.946097886028892,7.619374897868553,-7.09726757955173,21.89472740514977,0.28220465472281453,0.0,0.0,0.0,0.0,0.0,1.0,1.0,1.0,1.0,1.0,1.0,0.0,0.0,0.0,0.0,0.0,0.0,0.0,1.0,0.0,0.0,1.0,0.0,0.0,0.0,1.0,1.0,1.0,1.0,1.0,1.0,0.0,0.0,0.0,1.0,1.0,1.0,1.0,1.0,1.0,0.0,0.0,1.0,1.0,0.0,0.0,0.0,0.0,0.0,0.0
733,345,0.1768895520020102,1.1001937894438314,3,190.38135557640157,193.63009465989012,50.04506326040209,39.089935279074474,18.70109245872317,24.508829643922677,51.13910832993946,30.190439116821757,17.0,16.0,5.2490291951697055,5.265949610385146,10.955127981327614,-5.807737185199507,20.948669213117704,-0.01692041521544056,0.0,0.0,0.0,0.0,1.0,1.0,1.0,1.0,1.0,1.0,0.0,0.0,1.0,0.0,0.0,0.0,0.0,0.0,0.0,0.0,0.0,1.0,0.0,0.0,1.0,1.0,1.0,1.0,1.0,0.0,0.0,0.0,0.0,0.0,1.0,0.0,1.0,1.0,1.0,1.0,0.0,0.0,0.0,1.0,0.0,0.0,0.0,0.0,0.0,0.0
734,379,0.21947051931436057,1.2491371322971327,2,136.2778833357471,143.0306723792358,18.128403053841083,19.237618136530664,14.362159107464876,23.414989413214286,50.16472701992031,33.835701969642855,10.0,10.0,4.914696060941498,4.9630590994222405,-1.1092150826895804,-9.05283030574941,16.32902505027746,-0.04836303848074243,0.0,0.0,0.0,0.0,0.0,1.0,1.0,1.0,1.0,1.0,0.0,0.0,0.0,0.0,1.0,1.0,0.0,0.0,1.0,0.0,0.0,1.0,0.0,0.0,0.0,1.0,1.0,1.0,0.0,0.0,0.0,0.0,0.0,0.0,0.0,0.0,1.0,1.0,1.0,1.0,0.0,0.0,1.0,1.0,0.0,0.0,0.0,0.0,0.0,0.0
735,383,0.18862333632953765,1.1434999734791245,1,73.70645566869442,100.08431984147046,18.494016899053033,21.820497434856613,19.793502821142415,26.790162500278395,48.75527289021711,34.83093255066815,11.0,12.0,4.300090389235622,4.60601302911072,-3.3264805358035794,-6.9966596791359805,13.924340339548955,-0.3059226398750978,0.0,0.0,0.0,0.0,1.0,1.0,1.0,1.0,1.0,1.0,0.0,0.0,1.0,0.0,0.0,0.0,0.0,0.0,0.0,0.0,1.0,1.0,1.0,0.0,1.0,1.0,1.0,1.0,0.0,0.0,0.0,0.0,0.0,0.0,0.0,0.0,1.0,1.0,1.0,1.0,0.0,0.0,0.0,1.0,0.0,0.0,0.0,0.0,0.0,0.0
736,288,0.12500134858868703,0.8823955045943868,4,289.06304086041223,201.81256364470227,37.68460088594053,32.75542607604567,14.42189449443108,25.397470952920063,44.91171432828615,24.774285343780203,18.0,15.0,5.6666447987896635,5.307339363883956,4.92917480989486,-10.975576458488984,20.13742898450595,0.3593054349057076,0.0,0.0,0.0,0.0,1.0,1.0,1.0,1.0,1.0,1.0,0.0,0.0,1.0,0.0,0.0,0.0,0.0,0.0,0.0,0.0,0.0,1.0,0.0,0.0,1.0,1.0,1.0,1.0,1.0,1.0,0.0,0.0,0.0,0.0,1.0,1.0,1.0,1.0,1.0,1.0,0.0,0.0,0.0,1.0,0.0,0.0,0.0,0.0,0.0,0.0
737,338,0.06881002954039066,0.576527406372504,2,175.68388063497028,140.62515652558503,44.010717073587074,36.73720502279574,30.249863162898503,30.154592667128988,50.32017079782043,28.61691080542897,15.0,16.0,5.1686862473017605,4.946097886028892,7.273512050791332,0.0952704957695154,21.703259992391462,0.2225883612728681,1.0,0.0,0.0,0.0,0.0,1.0,0.0,1.0,0.0,1.0,1.0,0.0,0.0,0.0,0.0,0.0,0.0,0.0,0.0,0.0,1.0,1.0,0.0,0.0,0.0,1.0,1.0,1.0,1.0,1.0,1.0,0.0,0.0,0.0,1.0,1.0,1.0,1.0,1.0,1.0,1.0,0.0,1.0,1.0,0.0,0.0,0.0,0.0,0.0,0.0
738,328,0.030685554580897022,0.2984510917886778,2,108.89276314351443,205.75983869412923,50.61498822899492,40.049197673573566,32.02257994379811,35.006563416583916,50.01103489542513,29.397971015392255,15.0,14.0,4.690363573584867,5.326709657097398,10.565790555421351,-2.983983472785809,20.613063880032872,-0.6363460835125307,1.0,0.0,0.0,0.0,0.0,1.0,0.0,1.0,0.0,1.0,1.0,0.0,0.0,0.0,0.0,0.0,0.0,0.0,0.0,0.0,1.0,1.0,0.0,0.0,0.0,1.0,1.0,1.0,1.0,1.0,1.0,0.0,0.0,0.0,1.0,1.0,1.0,1.0,1.0,1.0,1.0,0.0,1.0,1.0,0.0,0.0,0.0,0.0,0.0,0.0
739,414,0.01314056135768999,0.1388279080868432,2,94.96683419706429,188.67045965661015,20.05451336526698,21.65014936502411,39.40687748274824,40.07689708681205,50.657806375275825,41.22322613050113,11.0,11.0,4.553527716931048,5.240001893519967,-1.5956359997571283,-0.6700196040638104,9.434580244774693,-0.6864741765889184,0.0,0.0,0.0,0.0,0.0,1.0,1.0,1.0,1.0,1.0,1.0,0.0,0.0,0.0,1.0,1.0,0.0,0.0,1.0,0.0,0.0,1.0,0.0,0.0,0.0,1.0,1.0,1.0,1.0,1.0,1.0,0.0,0.0,0.0,1.0,1.0,1.0,1.0,1.0,1.0,0.0,0.0,1.0,1.0,0.0,0.0,0.0,0.0,0.0,0.0
740,414,0.046134025042606316,0.4205850789374671,2,97.56722995792673,188.67045965661015,21.06130588514792,21.65014936502411,42.783748036219855,40.07689708681205,51.03461124089622,41.22322613050113,11.0,11.0,4.580541678411699,5.240001893519967,-0.5888434798761892,2.7068509494078015,9.811385110395086,-0.6594602151082679,0.0,0.0,0.0,0.0,0.0,1.0,1.0,1.0,1.0,1.0,1.0,0.0,0.0,0.0,1.0,1.0,0.0,0.0,1.0,0.0,0.0,1.0,0.0,0.0,0.0,1.0,1.0,1.0,1.0,1.0,1.0,0.0,0.0,0.0,1.0,1.0,1.0,1.0,1.0,1.0,0.0,0.0,1.0,1.0,0.0,0.0,0.0,0.0,0.0,0.0
741,362,0.06428930863608222,0.5473188695338227,1,114.28405984918528,174.8410654246178,27.39444438397207,24.791637110268653,27.57995089348225,30.55767905856574,50.36319175154192,32.18865054071713,14.0,15.0,4.738687102188202,5.163877363688615,2.602807273703416,-2.977728165083491,18.174541210824792,-0.4251902615004119,0.0,0.0,0.0,0.0,0.0,1.0,1.0,1.0,1.0,1.0,1.0,0.0,0.0,0.0,0.0,0.0,0.0,0.0,1.0,0.0,0.0,1.0,0.0,0.0,0.0,1.0,1.0,1.0,1.0,1.0,1.0,0.0,0.0,0.0,1.0,1.0,1.0,1.0,1.0,1.0,0.0,0.0,1.0,1.0,0.0,0.0,0.0,0.0,0.0,0.0
742,410,0.059198066649830614,0.5133692392503713,1,76.74501335263258,141.00595247152972,28.608412410886668,28.504871574478663,56.55645872576641,46.80008212040574,49.70783478434902,39.24848034395995,10.0,9.0,4.34048841175236,4.948802105597233,0.10354083640800482,9.756376605360671,10.45935444038907,-0.6083136938448735,1.0,0.0,0.0,0.0,0.0,1.0,0.0,1.0,0.0,1.0,1.0,0.0,0.0,0.0,1.0,1.0,0.0,0.0,0.0,0.0,1.0,1.0,0.0,0.0,0.0,1.0,1.0,1.0,1.0,1.0,1.0,0.0,0.0,0.0,1.0,1.0,1.0,1.0,1.0,1.0,1.0,0.0,1.0,1.0,0.0,0.0,0.0,0.0,0.0,0.0
743,394,0.08783911022354354,0.6908996146082257,1,68.1722800750641,171.36746338112206,34.6709489795694,31.866358484497116,58.21944940764287,47.21965246558452,49.322874980648315,37.46572966714541,10.0,11.0,4.222038031713761,5.143810159562403,2.8045904950722864,10.999796942058353,11.857145313502905,-0.9217721278486409,1.0,0.0,0.0,0.0,0.0,1.0,0.0,1.0,0.0,1.0,1.0,0.0,0.0,0.0,1.0,1.0,0.0,0.0,0.0,0.0,1.0,1.0,0.0,0.0,0.0,1.0,1.0,1.0,1.0,1.0,1.0,0.0,0.0,0.0,1.0,1.0,1.0,1.0,1.0,1.0,1.0,0.0,1.0,1.0,0.0,0.0,0.0,0.0,0.0,0.0
744,357,0.047447990018274676,0.4303163337277869,1,96.76710818535366,256.48928885876467,39.89169162191899,34.72393677763903,48.686198541391875,39.54502546956475,50.63019107490895,32.059288116363696,12.0,19.0,4.572307145066709,5.547086904903674,5.167754844279955,9.141173071827126,18.570902958545254,-0.9747797598369654,1.0,0.0,0.0,0.0,0.0,1.0,0.0,1.0,0.0,1.0,0.0,0.0,0.0,0.0,0.0,0.0,0.0,0.0,0.0,0.0,1.0,1.0,0.0,0.0,0.0,1.0,1.0,1.0,1.0,1.0,0.0,0.0,0.0,0.0,1.0,1.0,1.0,1.0,1.0,1.0,1.0,0.0,1.0,1.0,0.0,0.0,0.0,0.0,0.0,0.0
745,403,-0.023606190148949366,-0.3113422078705868,2,50.04571182260539,184.64888295919397,18.46640228012578,18.247976577329208,36.14665334012181,34.98768574083296,49.516602624095924,38.161586471480305,8.0,10.0,3.9129368242206493,5.218456091776856,0.2184257027965728,1.1589675992888502,11.355016152615619,-1.3055192675562075,0.0,0.0,0.0,1.0,1.0,1.0,1.0,1.0,1.0,1.0,0.0,0.0,1.0,0.0,1.0,1.0,0.0,0.0,0.0,0.0,0.0,1.0,0.0,0.0,1.0,1.0,1.0,1.0,1.0,0.0,0.0,0.0,0.0,0.0,1.0,0.0,1.0,1.0,1.0,1.0,0.0,0.0,0.0,0.0,0.0,0.0,0.0,0.0,0.0,0.0
746,355,0.05693987070229625,0.49793400354243555,1,114.1983325164096,221.9111594257845,34.38846978748934,28.933497152783428,35.94686073112853,34.60596217469552,51.44001229059971,31.217402406227762,14.0,16.0,4.7379366956828175,5.402277119011051,5.454972634705914,1.340898556433011,20.22260988437195,-0.664340423328233,1.0,0.0,0.0,0.0,0.0,1.0,0.0,1.0,0.0,1.0,0.0,0.0,0.0,0.0,0.0,0.0,0.0,0.0,0.0,0.0,1.0,1.0,0.0,0.0,0.0,1.0,1.0,1.0,1.0,1.0,0.0,0.0,0.0,0.0,1.0,1.0,1.0,1.0,1.0,1.0,1.0,0.0,1.0,1.0,0.0,0.0,0.0,0.0,1.0,0.0
747,382,0.07430764940268407,0.6109351916405407,1,70.34403917204811,120.99094604443538,44.04702542771445,35.57423234358748,54.22807010473933,47.59288453032164,49.73445287914692,34.40333197390036,9.0,11.0,4.253398048940644,4.7957157167180835,8.47279308412697,6.63518557441769,15.331120905246564,-0.5423176677774398,1.0,0.0,0.0,0.0,0.0,1.0,0.0,1.0,0.0,1.0,0.0,0.0,0.0,0.0,1.0,1.0,0.0,0.0,0.0,0.0,1.0,1.0,0.0,0.0,0.0,1.0,1.0,1.0,1.0,1.0,0.0,0.0,0.0,0.0,1.0,1.0,1.0,1.0,1.0,1.0,1.0,0.0,1.0,1.0,0.0,0.0,0.0,0.0,0.0,0.0
748,359,0.05772629934873757,0.5033364856188881,2,152.50892500794345,99.72209930752304,45.739443765954,37.72919255322242,38.72611045362564,35.72181072045264,50.86109531675098,31.91410081517183,15.0,10.0,5.0272231189772185,4.602387310454655,8.010251212731582,3.0042997331729993,18.94699450157915,0.424835808522563,1.0,0.0,0.0,0.0,0.0,1.0,0.0,1.0,0.0,1.0,0.0,0.0,0.0,0.0,0.0,0.0,0.0,0.0,0.0,0.0,1.0,1.0,0.0,0.0,0.0,1.0,1.0,1.0,1.0,1.0,0.0,0.0,0.0,0.0,1.0,1.0,1.0,1.0,1.0,1.0,1.0,0.0,1.0,1.0,0.0,0.0,0.0,0.0,0.0,0.0
749,399,0.10111206027552493,0.7635761391705426,1,99.64373646293775,129.59136179918684,14.08654994456962,18.26349775018145,25.31204383438486,28.39293752193077,50.057685686119875,37.056246213502476,9.0,10.0,4.601601189318925,4.864386128912726,-4.17694780561183,-3.0808936875459096,13.001439472617399,-0.262784939593802,0.0,0.0,0.0,0.0,1.0,1.0,1.0,1.0,1.0,1.0,0.0,0.0,1.0,0.0,1.0,1.0,0.0,0.0,0.0,0.0,1.0,1.0,1.0,0.0,1.0,1.0,1.0,1.0,0.0,0.0,0.0,0.0,0.0,0.0,0.0,0.0,1.0,1.0,1.0,1.0,0.0,0.0,0.0,0.0,0.0,0.0,0.0,0.0,0.0,0.0
750,371,0.041685061555808665,0.3869145710098929,1,113.24580659667976,210.68232287341462,34.616147985573775,31.578781480135053,49.46173350643452,41.03472709167254,50.94204731491294,34.56570002922765,15.0,17.0,4.729560735833709,5.350351420154438,3.0373665054387224,8.427006414761976,16.37634728568529,-0.6207906843207299,1.0,0.0,0.0,0.0,0.0,1.0,0.0,1.0,0.0,1.0,0.0,0.0,0.0,0.0,0.0,0.0,0.0,0.0,0.0,0.0,1.0,1.0,0.0,0.0,0.0,1.0,1.0,1.0,1.0,1.0,0.0,0.0,0.0,0.0,1.0,1.0,1.0,1.0,1.0,1.0,1.0,0.0,1.0,1.0,0.0,0.0,0.0,0.0,0.0,0.0
751,381,0.012821531916474536,0.13567594958921203,1,84.09851345294689,91.40031473273113,54.377894977596426,43.757844581119514,30.849198458715595,32.87404560435932,49.853285424566764,33.46571675033025,9.0,10.0,4.431988890876746,4.515248921919505,10.620050396476913,-2.0248471456437223,16.387568674236512,-0.083260031042759,1.0,0.0,0.0,0.0,0.0,1.0,0.0,1.0,0.0,1.0,1.0,0.0,0.0,0.0,1.0,1.0,0.0,0.0,0.0,0.0,1.0,1.0,0.0,0.0,0.0,1.0,1.0,1.0,1.0,1.0,1.0,0.0,0.0,0.0,1.0,1.0,1.0,1.0,1.0,1.0,1.0,0.0,1.0,1.0,0.0,0.0,0.0,0.0,0.0,0.0
752,399,0.13410526745718718,0.924203224516302,1,61.28551767541741,129.59136179918684,13.999416485954809,18.26349775018145,20.83569927090457,28.39293752193077,49.66002797606466,37.056246213502476,7.0,10.0,4.115543561774135,4.864386128912726,-4.2640812642266415,-7.557238251026199,12.603781762562186,-0.7488425671385912,0.0,0.0,0.0,0.0,1.0,1.0,1.0,1.0,1.0,1.0,0.0,0.0,1.0,0.0,1.0,1.0,0.0,0.0,0.0,0.0,1.0,1.0,1.0,0.0,1.0,1.0,1.0,1.0,0.0,0.0,0.0,0.0,0.0,0.0,0.0,0.0,1.0,1.0,1.0,1.0,0.0,0.0,0.0,0.0,0.0,0.0,0.0,0.0,0.0,0.0
753,403,-0.030024116486849318,-0.41592965122500386,1,72.08716160515371,184.64888295919397,17.85944594193991,18.247976577329208,32.24004290188953,34.98768574083296,50.39256756322675,38.161586471480305,11.0,10.0,4.277875964706878,5.218456091776856,-0.3885306353892979,-2.7476428389434275,12.230981091746443,-0.9405801270699784,0.0,0.0,0.0,1.0,1.0,1.0,1.0,1.0,1.0,1.0,0.0,0.0,1.0,0.0,1.0,1.0,0.0,0.0,0.0,0.0,0.0,1.0,0.0,0.0,1.0,1.0,1.0,1.0,1.0,0.0,0.0,0.0,0.0,0.0,1.0,0.0,1.0,1.0,1.0,1.0,0.0,0.0,0.0,0.0,0.0,0.0,0.0,0.0,0.0,0.0
754,359,0.06978948653523433,0.5827448172700401,2,133.4488813541495,99.72209930752304,46.594293331226034,37.72919255322242,34.463598425910064,35.72181072045264,52.43118238265525,31.91410081517183,13.0,10.0,4.893718493306216,4.602387310454655,8.865100778003615,-1.2582122945425738,20.51708156748342,0.2913311828515613,1.0,0.0,0.0,0.0,0.0,1.0,0.0,1.0,0.0,1.0,0.0,0.0,0.0,0.0,0.0,0.0,0.0,0.0,0.0,0.0,1.0,1.0,0.0,0.0,0.0,1.0,1.0,1.0,1.0,1.0,0.0,0.0,0.0,0.0,1.0,1.0,1.0,1.0,1.0,1.0,1.0,0.0,1.0,1.0,0.0,0.0,0.0,0.0,0.0,0.0
755,391,0.052430029892993404,0.46637643734021017,1,78.82151985764362,190.28652050037553,51.83512666648725,39.739503825383665,38.00193604803626,38.39520897810914,50.619941292507555,37.071348344543146,11.0,11.0,4.3671860542204275,5.248530938899881,12.095622841103584,-0.39327293007288233,13.548592947964408,-0.8813448846794535,1.0,0.0,0.0,0.0,0.0,1.0,0.0,1.0,0.0,1.0,1.0,0.0,0.0,0.0,1.0,1.0,0.0,0.0,0.0,0.0,1.0,1.0,0.0,0.0,0.0,1.0,1.0,1.0,1.0,1.0,1.0,0.0,0.0,0.0,1.0,1.0,1.0,1.0,1.0,1.0,1.0,0.0,1.0,1.0,0.0,0.0,0.0,0.0,0.0,0.0
756,385,0.03439785100860024,0.3291902956934173,2,106.35904419703307,59.25556427139769,54.548758396970875,42.88703096456536,21.237186781434712,29.037387700862066,51.79663196775927,35.146126745689656,12.0,6.0,4.66682057984547,4.081859687359356,11.661727432405513,-7.800200919427354,16.65050522206961,0.5849608924861142,0.0,0.0,0.0,0.0,0.0,1.0,1.0,1.0,1.0,1.0,0.0,0.0,0.0,0.0,1.0,1.0,0.0,0.0,1.0,0.0,0.0,1.0,0.0,0.0,0.0,1.0,1.0,1.0,0.0,0.0,0.0,0.0,0.0,0.0,0.0,0.0,1.0,1.0,1.0,1.0,0.0,0.0,1.0,1.0,0.0,0.0,0.0,0.0,0.0,0.0
757,413,0.057451143108824425,0.5014495788504885,2,124.18080415517824,133.97515903055043,25.57969864014201,25.781762987509836,53.33977304678991,44.97626429656846,50.64401605492061,40.90023693140382,12.0,8.0,4.821738601637943,4.89765440239682,-0.20206434736782697,8.363508750221449,9.743779123516795,-0.07591580075887765,1.0,0.0,0.0,0.0,0.0,1.0,0.0,1.0,0.0,1.0,1.0,0.0,0.0,0.0,1.0,1.0,0.0,0.0,0.0,0.0,1.0,1.0,0.0,0.0,0.0,1.0,1.0,1.0,1.0,1.0,1.0,0.0,0.0,0.0,1.0,1.0,1.0,1.0,1.0,1.0,1.0,0.0,1.0,1.0,0.0,0.0,0.0,0.0,0.0,0.0
758,390,0.08631989352856131,0.6822339101911004,2,87.46092994959321,167.4201883316951,25.939401046965944,26.701364346032985,45.48512323366369,41.8724139153445,50.86513161511653,36.54382955916454,12.0,15.0,4.471192178784332,5.120506750136875,-0.7619632990670411,3.6127093183191903,14.321302055951989,-0.6493145713525436,1.0,0.0,0.0,0.0,0.0,1.0,0.0,1.0,0.0,1.0,1.0,0.0,0.0,0.0,0.0,0.0,0.0,0.0,0.0,0.0,1.0,1.0,0.0,0.0,0.0,1.0,1.0,1.0,1.0,1.0,1.0,0.0,0.0,0.0,1.0,1.0,1.0,1.0,1.0,1.0,1.0,0.0,1.0,1.0,0.0,0.0,0.0,0.0,0.0,0.0
759,355,0.05097238995302396,0.45595990499979816,1,122.81869208996457,221.9111594257845,34.33319109214454,28.933497152783428,40.14750710388552,34.60596217469552,51.51243371754305,31.217402406227762,15.0,16.0,4.810709219845729,5.402277119011051,5.399693939361111,5.541544929190003,20.295031311315284,-0.5915678991653212,1.0,0.0,0.0,0.0,0.0,1.0,0.0,1.0,0.0,1.0,0.0,0.0,0.0,0.0,0.0,0.0,0.0,0.0,0.0,0.0,1.0,1.0,0.0,0.0,0.0,1.0,1.0,1.0,1.0,1.0,0.0,0.0,0.0,0.0,1.0,1.0,1.0,1.0,1.0,1.0,1.0,0.0,1.0,1.0,0.0,0.0,0.0,0.0,1.0,0.0
760,382,0.045044502604720336,0.4124436101909629,2,124.9999764461459,120.99094604443538,40.487361856203336,35.57423234358748,54.99454716135792,47.59288453032164,51.51440059891031,34.40333197390036,11.0,11.0,4.82831354887145,4.7957157167180835,4.913129512615853,7.401662631036281,17.111068625009956,0.03259783215336673,1.0,0.0,0.0,0.0,0.0,1.0,0.0,1.0,0.0,1.0,0.0,0.0,0.0,0.0,1.0,1.0,0.0,0.0,0.0,0.0,1.0,1.0,0.0,0.0,0.0,1.0,1.0,1.0,1.0,1.0,0.0,0.0,0.0,0.0,1.0,1.0,1.0,1.0,1.0,1.0,1.0,0.0,1.0,1.0,0.0,0.0,0.0,0.0,0.0,0.0
761,374,0.048777718664229607,0.4400688620926822,2,186.7903328590201,164.37382076413735,49.74586190762709,39.06744392408569,25.102347416573178,29.211605743954117,51.72185604584396,33.89049980704034,17.0,15.0,5.229986773165556,5.102143228847815,10.6784179835414,-4.109258327380939,17.831356238803615,0.12784354431774045,0.0,0.0,0.0,0.0,0.0,1.0,1.0,1.0,1.0,1.0,1.0,0.0,0.0,0.0,0.0,0.0,0.0,0.0,1.0,0.0,0.0,1.0,0.0,0.0,0.0,1.0,1.0,1.0,1.0,1.0,1.0,0.0,0.0,0.0,1.0,1.0,1.0,1.0,1.0,1.0,0.0,0.0,1.0,1.0,0.0,0.0,0.0,0.0,0.0,0.0
762,388,0.06321608220217441,0.5402575820163668,2,104.30158821041664,176.0670426164398,26.61821540060127,25.529938074074458,38.0643902190411,35.327827248615286,52.62208761986302,38.37618933114417,14.0,17.0,4.647286589219811,5.170864846462084,1.0882773265268106,2.7365629704258154,14.245898288718848,-0.5235782572422739,1.0,0.0,0.0,0.0,0.0,1.0,0.0,1.0,0.0,1.0,1.0,0.0,0.0,0.0,0.0,0.0,0.0,0.0,0.0,0.0,1.0,1.0,0.0,0.0,0.0,1.0,1.0,1.0,1.0,1.0,1.0,0.0,0.0,0.0,1.0,1.0,1.0,1.0,1.0,1.0,1.0,0.0,1.0,1.0,0.0,0.0,0.0,0.0,0.0,0.0
763,362,0.06478210293855027,0.5505445781439405,2,162.30089146276612,174.8410654246178,27.28781766795848,24.791637110268653,24.024259618140736,30.55767905856574,51.95061818657198,32.18865054071713,18.0,15.0,5.089451967190403,5.163877363688615,2.4961805576898257,-6.533419440425003,19.761967645854853,-0.07442539649821127,0.0,0.0,0.0,0.0,0.0,1.0,1.0,1.0,1.0,1.0,0.0,0.0,0.0,0.0,0.0,0.0,0.0,0.0,1.0,0.0,0.0,1.0,0.0,0.0,0.0,1.0,1.0,1.0,0.0,1.0,0.0,0.0,0.0,0.0,0.0,1.0,1.0,1.0,1.0,1.0,0.0,0.0,1.0,1.0,0.0,0.0,0.0,0.0,0.0,0.0
764,376,0.13603249701371817,0.9328337909066607,2,198.45877537571056,104.59814495681518,29.591094428458007,27.458202345210644,13.411015142980562,21.92632833364411,51.91607547321814,34.17303670205114,16.0,12.0,5.290581397831717,4.650125816835084,2.132892083247363,-8.51531319066355,17.743038771167,0.6404555809966339,0.0,0.0,0.0,0.0,1.0,1.0,1.0,1.0,1.0,1.0,0.0,0.0,1.0,0.0,0.0,0.0,0.0,0.0,0.0,0.0,1.0,1.0,1.0,0.0,1.0,1.0,1.0,1.0,0.0,0.0,0.0,0.0,0.0,0.0,0.0,0.0,1.0,1.0,1.0,1.0,0.0,0.0,0.0,1.0,0.0,0.0,0.0,0.0,0.0,0.0
765,371,0.03464413201426891,0.3311965562039483,1,97.129068034851,210.68232287341462,37.31602768398111,31.578781480135053,48.66848463592233,41.03472709167254,51.50861924757282,34.56570002922765,12.0,17.0,4.576040692339389,5.350351420154438,5.737246203846059,7.633757544249789,16.942919218345168,-0.774310727815049,1.0,0.0,0.0,0.0,0.0,1.0,0.0,1.0,0.0,1.0,0.0,0.0,0.0,0.0,0.0,0.0,0.0,0.0,0.0,0.0,1.0,1.0,0.0,0.0,0.0,1.0,1.0,1.0,1.0,1.0,0.0,0.0,0.0,0.0,1.0,1.0,1.0,1.0,1.0,1.0,1.0,0.0,1.0,1.0,0.0,0.0,0.0,0.0,0.0,0.0
766,403,0.1699674888752666,1.0737382137592304,1,37.65334960692027,184.64888295919397,16.75728238034222,18.247976577329208,29.25237569491525,34.98768574083296,50.83301959777385,38.161586471480305,9.0,10.0,3.6284219172718495,5.218456091776856,-1.4906941969869862,-5.735310045917707,12.671433126293543,-1.590034174505007,0.0,0.0,0.0,1.0,1.0,1.0,1.0,1.0,1.0,1.0,0.0,0.0,1.0,0.0,1.0,1.0,0.0,0.0,0.0,0.0,0.0,1.0,0.0,0.0,1.0,1.0,1.0,1.0,1.0,0.0,0.0,0.0,0.0,0.0,1.0,0.0,1.0,1.0,1.0,1.0,0.0,0.0,0.0,0.0,0.0,0.0,0.0,0.0,0.0,0.0
767,383,0.054348659238513286,0.4799239295550568,1,63.895438695477154,100.08431984147046,22.88721518432475,21.820497434856613,21.021316186046512,26.790162500278395,50.68851332267442,34.83093255066815,11.0,12.0,4.1572479769182635,4.60601302911072,1.0667177494681361,-5.768846314231883,15.857580772006266,-0.4487650521924565,0.0,0.0,0.0,0.0,0.0,1.0,1.0,1.0,1.0,1.0,0.0,0.0,0.0,0.0,0.0,0.0,0.0,0.0,1.0,0.0,0.0,1.0,0.0,0.0,0.0,1.0,1.0,1.0,0.0,0.0,0.0,0.0,0.0,0.0,0.0,0.0,1.0,1.0,1.0,1.0,0.0,0.0,1.0,1.0,0.0,0.0,0.0,0.0,0.0,0.0
768,390,0.04335307378330556,0.3996715821401318,2,119.33244722375339,167.4201883316951,29.091447404557933,26.701364346032985,47.62418883512931,41.8724139153445,52.255505128591956,36.54382955916454,15.0,15.0,4.781913272205748,5.120506750136875,2.3900830585249473,5.751774919784808,15.711675569427413,-0.33859347793112676,1.0,0.0,0.0,0.0,0.0,1.0,0.0,1.0,0.0,1.0,1.0,0.0,0.0,0.0,0.0,0.0,0.0,0.0,0.0,0.0,1.0,1.0,0.0,0.0,0.0,1.0,1.0,1.0,1.0,1.0,1.0,0.0,0.0,0.0,1.0,1.0,1.0,1.0,1.0,1.0,1.0,0.0,1.0,1.0,0.0,0.0,0.0,0.0,0.0,0.0
769,394,0.08239135392374695,0.6594707817091536,1,48.2835388711052,171.36746338112206,33.095266851266324,31.866358484497116,56.46409462152299,47.21965246558452,51.190390850956796,37.46572966714541,9.0,11.0,3.877090692447513,5.143810159562403,1.2289083667692076,9.244442155938472,13.724661183811385,-1.266719467114889,1.0,0.0,0.0,0.0,0.0,1.0,0.0,1.0,0.0,1.0,1.0,0.0,0.0,0.0,1.0,1.0,0.0,0.0,0.0,0.0,1.0,1.0,0.0,0.0,0.0,1.0,1.0,1.0,1.0,1.0,1.0,0.0,0.0,0.0,1.0,1.0,1.0,1.0,1.0,1.0,1.0,0.0,1.0,1.0,0.0,0.0,0.0,0.0,0.0,0.0
770,357,0.03295852287246781,0.3173840143667773,1,145.35545535077242,256.48928885876467,39.802478041938826,34.72393677763903,43.24727585140891,39.54502546956475,52.30797605828965,32.059288116363696,17.0,19.0,4.979182158813612,5.547086904903674,5.078541264299794,3.702250381844159,20.24868794192595,-0.5679047460900625,1.0,0.0,0.0,0.0,0.0,1.0,0.0,1.0,0.0,1.0,0.0,0.0,0.0,0.0,0.0,0.0,1.0,0.0,0.0,0.0,1.0,1.0,0.0,0.0,0.0,1.0,1.0,1.0,1.0,1.0,0.0,0.0,0.0,0.0,1.0,1.0,1.0,1.0,1.0,1.0,1.0,0.0,1.0,1.0,0.0,0.0,0.0,0.0,0.0,0.0
771,383,0.08645814470976973,0.6830256166028085,2,190.64806283392593,100.08431984147046,20.97795982926172,21.820497434856613,18.697337564726453,26.790162500278395,52.56482538541094,34.83093255066815,19.0,12.0,5.250429125401838,4.60601302911072,-0.8425376055948917,-8.092824935551942,17.73389283474279,0.6444160962911181,0.0,0.0,0.0,0.0,0.0,1.0,1.0,1.0,1.0,1.0,0.0,0.0,0.0,0.0,0.0,0.0,0.0,0.0,1.0,0.0,0.0,1.0,0.0,0.0,0.0,1.0,1.0,1.0,0.0,0.0,0.0,0.0,0.0,0.0,0.0,0.0,1.0,1.0,1.0,1.0,0.0,0.0,1.0,1.0,0.0,0.0,0.0,0.0,0.0,0.0
772,388,0.07516260691945847,0.6161812937591629,1,83.78417989943605,176.0670426164398,27.312048017432023,25.529938074074458,41.502152003922234,35.327827248615286,52.87638848891541,38.37618933114417,13.0,17.0,4.428244205649816,5.170864846462084,1.7821099433575647,6.174324755306948,14.500199157771242,-0.742620640812269,1.0,0.0,0.0,0.0,0.0,1.0,0.0,1.0,0.0,1.0,1.0,0.0,0.0,0.0,0.0,0.0,0.0,0.0,0.0,0.0,1.0,1.0,0.0,0.0,0.0,1.0,1.0,1.0,1.0,1.0,1.0,0.0,0.0,0.0,1.0,1.0,1.0,1.0,1.0,1.0,1.0,0.0,1.0,1.0,0.0,0.0,0.0,0.0,0.0,0.0
773,410,0.07699468975454249,0.6273313020205639,1,44.74014244971022,141.00595247152972,30.725294548036178,28.504871574478663,56.6474517295082,46.80008212040574,51.33327282084309,39.24848034395995,5.0,9.0,3.800871140002159,4.948802105597233,2.2204229735575147,9.847369609102458,12.084792476883145,-1.1479309655950745,1.0,0.0,0.0,0.0,0.0,1.0,0.0,1.0,0.0,1.0,1.0,0.0,0.0,0.0,1.0,1.0,0.0,0.0,0.0,0.0,1.0,1.0,0.0,0.0,0.0,1.0,1.0,1.0,1.0,1.0,1.0,0.0,0.0,0.0,1.0,1.0,1.0,1.0,1.0,1.0,1.0,0.0,1.0,1.0,0.0,0.0,0.0,0.0,0.0,0.0
774,388,0.03790168880387231,0.3573614394241632,2,118.90381055987497,176.0670426164398,26.49239414654933,25.529938074074458,34.85555696034607,35.327827248615286,54.28079181398702,38.37618933114417,15.0,17.0,4.778314851626215,5.170864846462084,0.9624560724748719,-0.4722702882692147,15.904602482842854,-0.3925499948358699,1.0,0.0,0.0,0.0,0.0,1.0,0.0,1.0,0.0,1.0,1.0,0.0,0.0,0.0,0.0,0.0,0.0,0.0,0.0,0.0,1.0,1.0,0.0,0.0,0.0,1.0,1.0,1.0,1.0,1.0,1.0,0.0,0.0,0.0,1.0,1.0,1.0,1.0,1.0,1.0,1.0,0.0,1.0,1.0,0.0,0.0,0.0,0.0,0.0,0.0
775,363,0.06488105499216634,0.5511910410595874,3,187.52377781721208,105.22970896472349,34.784369416598864,29.992151869035027,30.815574560395184,30.256820440776696,53.29617492119165,32.33708992572815,15.0,11.0,5.233905652395251,4.656145665042572,4.792217547563837,0.558754119618488,20.9590849954635,0.5777599873526792,1.0,0.0,0.0,0.0,0.0,1.0,0.0,1.0,0.0,1.0,1.0,0.0,0.0,0.0,0.0,0.0,0.0,0.0,0.0,0.0,1.0,1.0,0.0,0.0,0.0,1.0,1.0,1.0,1.0,1.0,1.0,0.0,0.0,0.0,1.0,1.0,1.0,1.0,1.0,1.0,1.0,0.0,1.0,1.0,0.0,0.0,0.0,0.0,0.0,0.0
776,398,0.03361922262606491,0.3228208044150585,2,122.7329647571889,136.21349617622548,47.061710772628906,37.53642649814974,47.41369368474971,42.738109540092736,52.51950235878929,36.89496245649802,11.0,9.0,4.810010977061629,4.9142234796742645,9.52528427447917,4.675584144656973,15.624539902291268,-0.10421250261263539,1.0,0.0,0.0,0.0,0.0,1.0,0.0,1.0,0.0,1.0,0.0,0.0,0.0,0.0,1.0,1.0,0.0,0.0,0.0,0.0,1.0,1.0,0.0,0.0,0.0,1.0,1.0,1.0,1.0,1.0,0.0,0.0,0.0,0.0,1.0,1.0,1.0,1.0,1.0,1.0,1.0,0.0,1.0,1.0,0.0,0.0,0.0,0.0,0.0,0.0
777,391,0.057075588580392064,0.49886842286570765,2,113.0838771903257,190.28652050037553,49.59087314220872,39.739503825383665,42.405512221319064,38.39520897810914,52.316643229447436,37.071348344543146,11.0,11.0,4.728129819382326,5.248530938899881,9.851369316825057,4.0103032432099255,15.24529488490429,-0.5204011195175554,1.0,0.0,0.0,0.0,0.0,1.0,0.0,1.0,0.0,1.0,0.0,0.0,0.0,0.0,1.0,1.0,0.0,0.0,0.0,0.0,1.0,1.0,0.0,0.0,0.0,1.0,1.0,1.0,1.0,1.0,0.0,0.0,0.0,0.0,1.0,1.0,1.0,1.0,1.0,1.0,1.0,0.0,1.0,1.0,0.0,0.0,0.0,0.0,0.0,0.0
778,385,0.09171383893424516,0.7126671737627184,2,65.78144001654222,59.25556427139769,54.3070856561466,42.88703096456536,18.147391767158993,29.037387700862066,52.417575959165944,35.146126745689656,8.0,6.0,4.186337731925102,4.081859687359356,11.420054691581235,-10.889995933703073,17.271449213476288,0.1044780445657461,0.0,0.0,0.0,0.0,0.0,1.0,1.0,1.0,1.0,1.0,0.0,0.0,0.0,0.0,1.0,1.0,0.0,0.0,1.0,0.0,0.0,1.0,0.0,0.0,0.0,1.0,1.0,1.0,0.0,0.0,0.0,0.0,0.0,0.0,0.0,0.0,1.0,1.0,1.0,1.0,0.0,0.0,1.0,1.0,0.0,0.0,0.0,0.0,0.0,0.0
779,414,0.07495543428007388,0.6149125865936247,1,74.82091099477833,188.67045965661015,22.317433956375748,21.65014936502411,45.587505398917884,40.07689708681205,52.33245972851687,41.22322613050113,8.0,11.0,4.315097404664885,5.240001893519967,0.6672845913516383,5.5106083121058305,11.109233598015734,-0.9249044888550809,1.0,0.0,0.0,0.0,0.0,1.0,0.0,1.0,0.0,1.0,1.0,0.0,0.0,0.0,1.0,1.0,0.0,0.0,0.0,0.0,1.0,1.0,0.0,0.0,0.0,1.0,1.0,1.0,1.0,1.0,1.0,0.0,0.0,0.0,1.0,1.0,1.0,1.0,1.0,1.0,1.0,0.0,1.0,1.0,0.0,0.0,0.0,0.0,0.0,0.0
780,345,0.18552253110999883,1.1322368229945425,2,144.39340417184528,193.63009465989012,45.9438664893839,39.089935279074474,12.202066187413418,24.508829643922677,52.68929857421334,30.190439116821757,14.0,16.0,4.972541547935182,5.265949610385146,6.853931210309426,-12.306763456509259,22.498859457391582,-0.293408062449964,0.0,0.0,0.0,0.0,1.0,1.0,1.0,1.0,1.0,1.0,0.0,0.0,1.0,0.0,0.0,0.0,0.0,0.0,0.0,0.0,1.0,1.0,1.0,0.0,1.0,1.0,1.0,1.0,0.0,0.0,0.0,0.0,0.0,0.0,0.0,0.0,1.0,1.0,1.0,1.0,0.0,0.0,0.0,1.0,0.0,0.0,0.0,0.0,0.0,0.0
781,399,0.09211225693786068,0.714878785379398,1,92.23308480743967,129.59136179918684,16.843554064486618,18.26349775018145,25.257821323040382,28.39293752193077,52.653122829443355,37.056246213502476,10.0,10.0,4.524318903586695,4.864386128912726,-1.4199436856948324,-3.135116198890387,15.596876615940879,-0.3400672253260317,0.0,0.0,0.0,0.0,1.0,1.0,1.0,1.0,1.0,1.0,0.0,0.0,1.0,0.0,1.0,1.0,0.0,0.0,0.0,0.0,0.0,1.0,0.0,0.0,1.0,1.0,1.0,1.0,1.0,0.0,0.0,0.0,0.0,0.0,1.0,0.0,1.0,1.0,1.0,1.0,0.0,0.0,0.0,0.0,0.0,0.0,0.0,0.0,0.0,0.0
782,393,0.05486319883459717,0.4835261120420063,1,82.39349205663049,117.91671535888167,23.16297100967517,22.177338948566113,28.86276928630058,30.92287292544896,52.61362828439306,37.0912381733223,14.0,11.0,4.411506453901088,4.769978573226765,0.9856320611090581,-2.0601036391483802,15.522390111070756,-0.358472119325676,0.0,0.0,0.0,0.0,0.0,1.0,1.0,1.0,1.0,1.0,1.0,0.0,0.0,0.0,0.0,0.0,0.0,0.0,1.0,0.0,0.0,1.0,0.0,0.0,0.0,1.0,1.0,1.0,1.0,0.0,1.0,0.0,0.0,0.0,1.0,0.0,1.0,1.0,1.0,1.0,0.0,0.0,1.0,1.0,0.0,0.0,0.0,0.0,0.0,0.0
783,414,0.10159185044073771,0.766106849556432,1,46.29275969886985,188.67045965661015,23.532966982641184,21.65014936502411,48.249913749074075,40.07689708681205,52.52400526388889,41.22322613050113,8.0,11.0,3.834985570869703,5.240001893519967,1.882817617617075,8.173016662262022,11.300779133387756,-1.405016322650263,1.0,0.0,0.0,0.0,0.0,1.0,0.0,1.0,0.0,1.0,1.0,0.0,0.0,0.0,1.0,1.0,0.0,0.0,0.0,0.0,1.0,1.0,0.0,0.0,0.0,1.0,1.0,1.0,1.0,1.0,1.0,0.0,0.0,0.0,1.0,1.0,1.0,1.0,1.0,1.0,1.0,0.0,1.0,1.0,0.0,0.0,0.0,0.0,0.0,0.0
784,357,0.04205546165495704,0.3897614928593344,2,150.37526694774863,256.48928885876467,42.597161620306125,34.72393677763903,41.404168060936215,39.54502546956475,52.84098036656743,32.059288116363696,14.0,19.0,5.013133949506891,5.547086904903674,7.873224842667092,1.8591425913714659,20.781692250203733,-0.5339529553967836,1.0,0.0,0.0,0.0,0.0,1.0,0.0,1.0,0.0,1.0,0.0,0.0,0.0,0.0,0.0,0.0,0.0,0.0,0.0,0.0,1.0,1.0,0.0,0.0,0.0,1.0,1.0,1.0,1.0,1.0,0.0,0.0,0.0,0.0,1.0,1.0,1.0,1.0,1.0,1.0,1.0,0.0,1.0,1.0,0.0,0.0,0.0,0.0,0.0,0.0
785,394,0.036103605802136694,0.3430038584121998,2,123.36163186421058,171.36746338112206,37.16748986392848,31.866358484497116,54.52072020013898,47.21965246558452,53.381364619527446,37.46572966714541,12.0,11.0,4.815120138198751,5.143810159562403,5.301131379431364,7.301067734554465,15.915634952382035,-0.3286900213636511,1.0,0.0,0.0,0.0,0.0,1.0,0.0,1.0,0.0,1.0,0.0,0.0,0.0,0.0,1.0,1.0,0.0,0.0,0.0,0.0,1.0,1.0,0.0,0.0,0.0,1.0,1.0,1.0,1.0,1.0,0.0,0.0,0.0,0.0,1.0,1.0,1.0,1.0,1.0,1.0,1.0,0.0,1.0,1.0,0.0,0.0,0.0,0.0,0.0,0.0
786,398,0.04321642922819251,0.39863261833231783,2,106.68290300974122,136.21349617622548,44.291238600856246,37.53642649814974,50.63331033602679,42.738109540092736,53.052963241339285,36.89496245649802,9.0,9.0,4.66986091125835,4.9142234796742645,6.754812102706509,7.895200795934052,16.158000784841263,-0.2443625684159149,1.0,0.0,0.0,0.0,0.0,1.0,0.0,1.0,0.0,1.0,0.0,0.0,0.0,0.0,1.0,1.0,1.0,0.0,0.0,0.0,1.0,1.0,0.0,0.0,0.0,1.0,1.0,1.0,1.0,1.0,0.0,0.0,0.0,0.0,1.0,1.0,1.0,1.0,1.0,1.0,1.0,0.0,1.0,1.0,0.0,0.0,0.0,0.0,0.0,0.0
787,385,0.022732606226343228,0.2292339303657109,2,73.35402107839438,59.25556427139769,54.34313618816133,42.88703096456536,26.366611822555512,29.037387700862066,52.09679696435528,35.146126745689656,11.0,6.0,4.295297323514414,4.081859687359356,11.45610522359597,-2.6707758783065536,16.95067021866562,0.21343763615505856,0.0,0.0,0.0,0.0,0.0,1.0,1.0,1.0,1.0,1.0,1.0,0.0,0.0,0.0,1.0,1.0,0.0,0.0,1.0,0.0,0.0,1.0,0.0,0.0,0.0,1.0,1.0,1.0,1.0,0.0,1.0,0.0,0.0,0.0,1.0,0.0,1.0,1.0,1.0,1.0,0.0,0.0,1.0,1.0,0.0,0.0,0.0,0.0,0.0,0.0
788,418,0.011301414220598799,0.12051946111582378,2,81.57431976566284,150.28437076418277,20.31505823172506,20.718453771401048,34.777070245446055,32.78633470360299,53.353928655651565,42.53974903297077,11.0,8.0,4.401514503684737,5.012529304420328,-0.4033955396759872,1.9907355418430654,10.814179622680797,-0.6110148007355907,0.0,0.0,0.0,0.0,0.0,1.0,1.0,1.0,1.0,1.0,1.0,0.0,0.0,0.0,1.0,1.0,0.0,0.0,1.0,0.0,0.0,1.0,0.0,0.0,0.0,1.0,1.0,1.0,1.0,1.0,1.0,0.0,0.0,0.0,1.0,1.0,1.0,1.0,1.0,1.0,0.0,0.0,1.0,1.0,0.0,0.0,0.0,0.0,0.0,0.0
789,393,0.048846394796977353,0.4405699745458585,1,78.85962089443282,117.91671535888167,22.33643840117678,22.177338948566113,25.35238316191569,30.92287292544896,53.789909356625195,37.0912381733223,13.0,11.0,4.367669321113969,4.769978573226765,0.15909945261066483,-5.570489763533271,16.698671183302892,-0.4023092521127951,0.0,0.0,0.0,0.0,0.0,1.0,1.0,1.0,1.0,1.0,0.0,0.0,0.0,0.0,0.0,0.0,0.0,0.0,1.0,0.0,0.0,1.0,0.0,0.0,0.0,1.0,1.0,1.0,0.0,0.0,0.0,0.0,0.0,0.0,0.0,0.0,1.0,1.0,1.0,1.0,0.0,0.0,1.0,1.0,0.0,0.0,0.0,0.0,0.0,0.0
790,363,0.04175932905290477,0.38748604633961514,3,204.3358603004436,105.22970896472349,32.73470948545375,29.992151869035027,26.63468118984244,30.256820440776696,53.50280766322487,32.33708992572815,18.0,11.0,5.31976501407798,4.656145665042572,2.742557616418722,-3.622139250934257,21.16571773749672,0.6636193490354078,0.0,0.0,0.0,0.0,0.0,1.0,1.0,1.0,1.0,1.0,1.0,0.0,0.0,0.0,0.0,0.0,0.0,0.0,1.0,0.0,0.0,1.0,0.0,0.0,0.0,1.0,1.0,1.0,1.0,1.0,1.0,0.0,0.0,0.0,1.0,1.0,1.0,1.0,1.0,1.0,0.0,0.0,1.0,1.0,0.0,0.0,0.0,0.0,0.0,0.0
791,336,0.23555844794018024,1.3000996714563748,4,231.39712167996817,262.95353223382625,38.243221017142254,34.08857179668038,8.475440622730828,22.926241064283698,53.515412327028365,31.455631618200762,15.0,19.0,5.444135375961247,5.571977333045819,4.154649220461877,-14.45080044155287,22.059780708827603,-0.12784195708457188,0.0,0.0,1.0,0.0,1.0,1.0,1.0,1.0,1.0,1.0,0.0,0.0,1.0,0.0,0.0,0.0,0.0,0.0,0.0,0.0,1.0,1.0,1.0,0.0,1.0,1.0,1.0,1.0,0.0,0.0,0.0,0.0,0.0,0.0,0.0,0.0,1.0,1.0,1.0,1.0,0.0,0.0,0.0,1.0,0.0,0.0,0.0,0.0,0.0,0.0
792,336,0.14651257293232609,0.9785049889639064,3,219.52864872013444,262.95353223382625,41.73417981891418,34.08857179668038,16.28826976630364,22.926241064283698,53.4456546113377,31.455631618200762,16.0,19.0,5.391482742085654,5.571977333045819,7.645608022233802,-6.637971297980059,21.99002299313694,-0.18049459096016482,0.0,0.0,0.0,0.0,1.0,1.0,1.0,1.0,1.0,1.0,0.0,0.0,1.0,0.0,0.0,0.0,0.0,0.0,0.0,0.0,0.0,1.0,0.0,0.0,1.0,1.0,1.0,1.0,1.0,0.0,0.0,0.0,0.0,0.0,1.0,0.0,1.0,1.0,1.0,1.0,0.0,0.0,0.0,1.0,0.0,0.0,0.0,0.0,0.0,0.0
793,345,0.22471529319979783,1.266038267048221,2,85.67970647969841,193.63009465989012,46.0316550885916,39.089935279074474,18.103407008337964,24.508829643922677,53.01986230555864,30.190439116821757,10.0,16.0,4.450616000359798,5.265949610385146,6.941719809517124,-6.4054226355847135,22.829423188736882,-0.8153336100253489,0.0,0.0,0.0,0.0,1.0,1.0,1.0,1.0,1.0,1.0,0.0,0.0,1.0,0.0,0.0,0.0,0.0,0.0,0.0,0.0,0.0,1.0,0.0,0.0,1.0,1.0,1.0,1.0,1.0,0.0,0.0,0.0,0.0,0.0,1.0,0.0,1.0,1.0,1.0,1.0,0.0,0.0,0.0,1.0,0.0,0.0,0.0,0.0,0.0,0.0
794,386,0.09339520338358423,0.7219673468152479,1,86.77511128738772,114.6845936713509,23.884641906827525,23.358774447834328,34.6080020863337,36.36267724635568,50.78223726866081,36.341390310131196,15.0,15.0,4.463319844229168,4.7421856966425695,0.5258674589931971,-1.754675160021982,14.440846958529612,-0.27886585241340206,0.0,0.0,0.0,0.0,0.0,1.0,1.0,1.0,1.0,1.0,1.0,0.0,0.0,0.0,0.0,0.0,0.0,0.0,1.0,0.0,0.0,1.0,0.0,0.0,0.0,1.0,1.0,1.0,1.0,1.0,1.0,0.0,0.0,0.0,1.0,1.0,1.0,1.0,1.0,1.0,0.0,0.0,1.0,1.0,0.0,0.0,0.0,0.0,0.0,0.0
795,356,0.15978372609484462,1.0334983945952403,1,101.6345156351731,79.66994205643407,29.328088820303744,28.925153061738865,6.685491632474227,17.002522491956167,52.383410916494846,29.927724634588483,11.0,10.0,4.621383198270963,4.377892376097345,0.4029357585648796,-10.31703085948194,22.455686281906363,0.2434908221736174,0.0,0.0,0.0,0.0,1.0,0.0,1.0,0.0,1.0,0.0,0.0,0.0,1.0,0.0,1.0,1.0,0.0,0.0,0.0,1.0,1.0,0.0,1.0,0.0,1.0,0.0,1.0,1.0,0.0,0.0,0.0,0.0,0.0,0.0,0.0,0.0,1.0,0.0,1.0,0.0,0.0,0.0,0.0,1.0,0.0,0.0,0.0,0.0,0.0,0.0
796,370,0.03760604610660646,0.35501486588374337,2,135.66826674712001,94.02873553034956,41.29745008440289,33.53521367040855,24.725376883065366,28.403749817068352,53.45190402703082,32.72578877355788,12.0,12.0,4.91021269090975,4.543600432685534,7.762236413994337,-3.6783729340029865,20.72611525347294,0.36661225822421556,0.0,0.0,0.0,0.0,0.0,1.0,1.0,1.0,1.0,1.0,1.0,0.0,0.0,0.0,0.0,0.0,0.0,0.0,1.0,0.0,0.0,1.0,0.0,0.0,0.0,1.0,1.0,1.0,1.0,1.0,1.0,0.0,0.0,0.0,1.0,1.0,1.0,1.0,1.0,1.0,0.0,0.0,1.0,1.0,0.0,0.0,0.0,0.0,0.0,0.0
797,379,0.12413529471265272,0.8783257660786125,2,102.72039518366512,143.0306723792358,15.27903705245767,19.237618136530664,17.025655928968842,23.414989413214286,49.14845163343843,33.835701969642855,8.0,10.0,4.632010687127252,4.9630590994222405,-3.9585810840729927,-6.389333484245444,15.312749663795572,-0.3310484122949882,0.0,0.0,0.0,0.0,1.0,1.0,1.0,1.0,1.0,1.0,0.0,0.0,1.0,0.0,1.0,1.0,0.0,0.0,0.0,0.0,1.0,1.0,1.0,0.0,1.0,1.0,1.0,1.0,0.0,0.0,0.0,0.0,0.0,0.0,0.0,0.0,1.0,1.0,1.0,1.0,0.0,0.0,0.0,1.0,0.0,0.0,0.0,0.0,0.0,0.0
798,399,0.10253995460144714,0.7710889838707802,2,88.96592090276634,129.59136179918684,16.3912925494204,18.26349775018145,20.91158263137045,28.39293752193077,53.06666885556746,37.056246213502476,9.0,10.0,4.488253385198052,4.864386128912726,-1.8722052007610515,-7.481354890560318,16.01042264206498,-0.3761327437146744,0.0,0.0,0.0,0.0,1.0,1.0,1.0,1.0,1.0,1.0,0.0,0.0,1.0,0.0,1.0,1.0,0.0,0.0,0.0,0.0,1.0,1.0,1.0,0.0,1.0,1.0,1.0,1.0,0.0,0.0,0.0,0.0,0.0,0.0,0.0,0.0,1.0,1.0,1.0,1.0,0.0,0.0,0.0,0.0,0.0,0.0,0.0,0.0,0.0,0.0
800,400,0.09461740970714243,0.7286738885714164,1,64.7241362456421,189.0048170725616,25.256249279494067,25.124346757689615,18.842451537086095,26.827149896756758,52.686927102649,38.16624891405406,10.0,14.0,4.1701341805604075,5.241772501891261,0.13190252180445228,-7.984698359670663,14.520678188594943,-1.0716383213308531,0.0,0.0,0.0,0.0,0.0,1.0,1.0,1.0,1.0,1.0,0.0,0.0,0.0,0.0,0.0,0.0,0.0,0.0,1.0,0.0,0.0,1.0,0.0,0.0,0.0,1.0,1.0,1.0,0.0,0.0,0.0,0.0,0.0,0.0,0.0,0.0,1.0,1.0,1.0,1.0,0.0,0.0,1.0,1.0,0.0,0.0,0.0,0.0,0.0,0.0
801,400,0.08185289057830349,0.656309993026053,3,125.37146155484052,189.0048170725616,24.75677330923031,25.124346757689615,15.326649008889227,26.827149896756758,54.03349380325938,38.16624891405406,13.0,14.0,4.831281022991228,5.241772501891261,-0.3675734484593036,-11.500500887867531,15.867244889205324,-0.4104914789000327,0.0,0.0,0.0,0.0,0.0,1.0,1.0,1.0,1.0,1.0,0.0,0.0,0.0,0.0,0.0,0.0,0.0,0.0,1.0,0.0,0.0,1.0,0.0,0.0,0.0,1.0,1.0,1.0,0.0,0.0,0.0,0.0,0.0,0.0,0.0,0.0,1.0,1.0,1.0,1.0,0.0,0.0,1.0,1.0,0.0,0.0,0.0,0.0,0.0,0.0
802,390,0.052062907927308784,0.46376312891706206,1,58.151707399506265,167.4201883316951,31.62156021510328,26.701364346032985,48.18645527027027,41.8724139153445,53.30954217567567,36.54382955916454,9.0,15.0,4.063055240519969,5.120506750136875,4.9201958690702945,6.31404135492577,16.76571261651113,-1.057451509616906,1.0,0.0,0.0,0.0,0.0,1.0,0.0,1.0,0.0,1.0,0.0,0.0,0.0,0.0,0.0,0.0,0.0,0.0,0.0,0.0,1.0,1.0,0.0,0.0,0.0,1.0,1.0,1.0,1.0,1.0,0.0,0.0,0.0,0.0,1.0,1.0,1.0,1.0,1.0,1.0,1.0,0.0,1.0,1.0,0.0,0.0,0.0,0.0,0.0,0.0
803,371,0.036117910517859966,0.3431188979770033,1,103.82532525055171,210.68232287341462,37.30599647185168,31.578781480135053,44.62191728752293,41.03472709167254,54.38233607490825,34.56570002922765,11.0,17.0,4.642709922192399,5.350351420154438,5.727214991716625,3.58719019585039,19.816636045680603,-0.7076414979620397,1.0,0.0,0.0,0.0,0.0,1.0,0.0,1.0,0.0,1.0,0.0,0.0,0.0,0.0,0.0,0.0,1.0,0.0,0.0,0.0,1.0,1.0,0.0,0.0,0.0,1.0,1.0,1.0,1.0,1.0,0.0,0.0,0.0,0.0,1.0,1.0,1.0,1.0,1.0,1.0,1.0,0.0,1.0,1.0,0.0,0.0,0.0,0.0,0.0,0.0
804,374,0.04764746424817496,0.4317854000656646,2,94.96683419706429,164.37382076413735,47.29611039452335,39.06744392408569,29.313059890170514,29.211605743954117,53.65555583696088,33.89049980704034,16.0,15.0,4.553527716931048,5.102143228847815,8.228666470437666,0.10145414621639759,19.765056029920537,-0.5486155119167675,1.0,0.0,0.0,0.0,0.0,1.0,0.0,1.0,0.0,1.0,1.0,0.0,0.0,0.0,0.0,0.0,0.0,0.0,0.0,0.0,1.0,1.0,0.0,0.0,0.0,1.0,1.0,1.0,1.0,1.0,1.0,0.0,0.0,0.0,1.0,1.0,1.0,1.0,1.0,1.0,1.0,0.0,1.0,1.0,0.0,0.0,0.0,0.0,0.0,0.0
805,371,0.04410267471938522,0.4053519773667008,1,105.0731342053978,210.68232287341462,34.496835296371344,31.578781480135053,44.975881589747075,41.03472709167254,54.19342634171879,34.56570002922765,13.0,17.0,4.654656623944546,5.350351420154438,2.9180538162362915,3.941154498074532,19.62772631249114,-0.6956947962098929,1.0,0.0,0.0,0.0,0.0,1.0,0.0,1.0,0.0,1.0,0.0,0.0,0.0,0.0,0.0,0.0,0.0,0.0,0.0,0.0,1.0,1.0,0.0,0.0,0.0,1.0,1.0,1.0,1.0,1.0,0.0,0.0,0.0,0.0,1.0,1.0,1.0,1.0,1.0,1.0,1.0,0.0,1.0,1.0,0.0,0.0,0.0,0.0,0.0,0.0
806,388,0.04134867219004378,0.38432201646889463,1,92.37596369539914,176.0670426164398,25.274540230812452,25.529938074074458,31.537993723190347,35.327827248615286,54.82562033243968,38.37618933114417,12.0,17.0,4.525866811640461,5.170864846462084,-0.2553978432620063,-3.789833525424939,16.44943100129551,-0.6449980348216233,1.0,0.0,0.0,0.0,0.0,1.0,0.0,1.0,0.0,1.0,1.0,0.0,0.0,0.0,0.0,0.0,0.0,0.0,0.0,0.0,1.0,1.0,0.0,0.0,0.0,1.0,1.0,1.0,1.0,1.0,1.0,0.0,0.0,0.0,1.0,1.0,1.0,1.0,1.0,1.0,1.0,0.0,1.0,1.0,0.0,0.0,0.0,0.0,0.0,0.0
807,404,0.0430333060153214,0.39723856369579097,2,142.61218070195048,118.1024694788547,31.216975179129093,28.74849201719696,42.39260036461395,36.80553900908304,54.938547612843976,38.11311699134948,16.0,12.0,4.960128922999483,4.771552633051213,2.4684831619321344,5.587061355530906,16.825430621494498,0.18857628994827025,1.0,0.0,0.0,0.0,0.0,1.0,0.0,1.0,0.0,1.0,0.0,0.0,0.0,0.0,0.0,0.0,0.0,0.0,0.0,0.0,1.0,1.0,0.0,0.0,0.0,1.0,1.0,1.0,1.0,1.0,0.0,0.0,0.0,0.0,1.0,1.0,1.0,1.0,1.0,1.0,1.0,0.0,1.0,1.0,0.0,0.0,0.0,0.0,0.0,0.0
808,394,0.055804597447625164,0.49008324293647704,1,74.13509233257285,171.36746338112206,34.34951418797886,31.866358484497116,53.88917048869331,47.21965246558452,54.332855098612356,37.46572966714541,9.0,11.0,4.3058890009345525,5.143810159562403,2.4831557034817457,6.669518023108793,16.867125431466945,-0.8379211586278501,1.0,0.0,0.0,0.0,0.0,1.0,0.0,1.0,0.0,1.0,0.0,0.0,0.0,0.0,1.0,1.0,0.0,0.0,0.0,0.0,1.0,1.0,0.0,0.0,0.0,1.0,1.0,1.0,1.0,1.0,0.0,0.0,0.0,0.0,1.0,1.0,1.0,1.0,1.0,1.0,1.0,0.0,1.0,1.0,0.0,0.0,0.0,0.0,0.0,0.0
809,336,0.16662314707100773,1.0607012153876834,3,199.50655388741336,262.95353223382625,37.31162863363924,34.08857179668038,15.660170037908808,22.926241064283698,54.89125977020769,31.455631618200762,14.0,19.0,5.295847087356299,5.571977333045819,3.223056836958861,-7.26607102637489,23.435628152006927,-0.27613024568952016,0.0,0.0,0.0,0.0,1.0,1.0,1.0,1.0,1.0,1.0,0.0,0.0,1.0,0.0,0.0,0.0,0.0,0.0,0.0,0.0,0.0,1.0,0.0,0.0,1.0,1.0,1.0,1.0,1.0,0.0,0.0,0.0,0.0,0.0,1.0,0.0,1.0,1.0,1.0,1.0,0.0,0.0,0.0,1.0,0.0,0.0,0.0,0.0,0.0,0.0
810,370,0.04668547950329413,0.4246807010662964,3,220.70978086059944,94.02873553034956,37.855611104543165,33.53521367040855,23.913237970976652,28.403749817068352,54.936871169004355,32.72578877355788,18.0,12.0,5.396848629727913,4.543600432685534,4.3203974341346125,-4.4905118460916995,22.211082395446475,0.8532481970423781,0.0,0.0,0.0,0.0,0.0,1.0,1.0,1.0,1.0,1.0,1.0,0.0,0.0,0.0,0.0,0.0,0.0,0.0,1.0,0.0,0.0,1.0,0.0,0.0,0.0,1.0,1.0,1.0,1.0,1.0,1.0,0.0,0.0,0.0,1.0,1.0,1.0,1.0,1.0,1.0,0.0,0.0,1.0,1.0,0.0,0.0,0.0,0.0,0.0,0.0
811,391,0.0542378677599314,0.4791466012356444,1,69.829675175394,190.28652050037553,50.10377481271036,39.739503825383665,37.4817641163552,38.39520897810914,54.00435569983631,37.071348344543146,10.0,11.0,4.24605906519875,5.248530938899881,10.364270987326698,-0.9134448617539377,16.933007355293164,-1.0024718737011307,1.0,0.0,0.0,0.0,0.0,1.0,0.0,1.0,0.0,1.0,0.0,0.0,0.0,0.0,1.0,1.0,0.0,0.0,0.0,0.0,1.0,1.0,0.0,0.0,0.0,1.0,1.0,1.0,1.0,1.0,0.0,0.0,0.0,0.0,1.0,1.0,1.0,1.0,1.0,1.0,1.0,0.0,1.0,1.0,0.0,0.0,0.0,0.0,0.0,0.0
812,389,0.05887552428871714,0.5111791264398341,3,142.24069559325585,219.02268286020382,30.56433633126666,29.30376026430555,20.53481403857229,26.258684303748623,55.150254370354254,37.37827477260198,13.0,17.0,4.957520662032432,5.389175299157139,1.2605760669611108,-5.723870265176334,17.77197959775227,-0.4316546371247061,0.0,0.0,0.0,0.0,0.0,1.0,1.0,1.0,1.0,1.0,1.0,0.0,0.0,0.0,0.0,0.0,0.0,0.0,1.0,0.0,0.0,1.0,0.0,0.0,0.0,1.0,1.0,1.0,1.0,0.0,1.0,0.0,0.0,0.0,1.0,0.0,1.0,1.0,1.0,1.0,0.0,0.0,1.0,1.0,0.0,0.0,0.0,0.0,0.0,0.0
813,384,0.05505960333377127,0.4848976837091254,2,143.35515091933976,185.68910603104294,43.319837414446546,35.61500146574581,35.18513672142857,32.59943033354174,55.44461427488372,36.00991834279498,15.0,15.0,4.965325124152185,5.224073802292352,7.704835948700733,2.5857063878868303,19.434695932088736,-0.25874867814016683,1.0,0.0,0.0,0.0,0.0,1.0,0.0,1.0,0.0,1.0,0.0,0.0,0.0,0.0,0.0,0.0,0.0,0.0,0.0,0.0,1.0,1.0,0.0,0.0,0.0,1.0,1.0,1.0,1.0,1.0,0.0,0.0,0.0,0.0,1.0,1.0,1.0,1.0,1.0,1.0,1.0,0.0,1.0,1.0,0.0,0.0,0.0,0.0,0.0,0.0
814,392,0.15113626185313989,0.9980099292079215,2,116.57964731573418,110.83019568191044,51.79540522313137,41.14325133886086,14.081841366206389,24.375548764937566,54.87350369078356,36.54048447875639,11.0,8.0,4.758574707357503,4.707999261390175,10.652153884270511,-10.293707398731177,18.333019212027168,0.050575445967326896,0.0,0.0,0.0,0.0,1.0,1.0,1.0,1.0,1.0,1.0,0.0,0.0,1.0,0.0,1.0,1.0,0.0,0.0,0.0,0.0,1.0,1.0,1.0,0.0,1.0,1.0,1.0,1.0,0.0,0.0,0.0,0.0,0.0,0.0,0.0,0.0,1.0,1.0,1.0,1.0,0.0,0.0,0.0,1.0,0.0,0.0,0.0,0.0,0.0,0.0
815,409,0.053568183507095406,0.47443509562035274,1,71.38229242455363,203.6701048444326,51.88549747211892,39.740929812275375,31.383690523018416,32.24115513942724,54.10543191353082,39.241495668749145,10.0,13.0,4.268049833328797,5.316501551757556,12.144567659843545,-0.8574646164088264,14.863936244781677,-1.0484517184287594,1.0,0.0,0.0,0.0,0.0,1.0,0.0,1.0,0.0,1.0,1.0,0.0,0.0,0.0,1.0,1.0,0.0,0.0,0.0,0.0,1.0,1.0,0.0,0.0,0.0,1.0,1.0,1.0,1.0,1.0,1.0,0.0,0.0,0.0,1.0,1.0,1.0,1.0,1.0,1.0,1.0,0.0,1.0,1.0,0.0,0.0,0.0,0.0,0.0,0.0
816,410,0.02256862603645977,0.22775511110545246,2,124.18080415517824,141.00595247152972,30.73738793456393,28.504871574478663,53.01897553735522,46.80008212040574,55.078735027460304,39.24848034395995,12.0,9.0,4.821738601637943,4.948802105597233,2.232516360085267,6.218893416949477,15.830254683500357,-0.12706350395929059,1.0,0.0,0.0,0.0,0.0,1.0,0.0,1.0,0.0,1.0,0.0,0.0,0.0,0.0,1.0,1.0,0.0,0.0,0.0,0.0,1.0,1.0,0.0,0.0,0.0,1.0,1.0,1.0,1.0,1.0,0.0,0.0,0.0,0.0,1.0,1.0,1.0,1.0,1.0,1.0,1.0,0.0,1.0,1.0,0.0,0.0,0.0,0.0,0.0,0.0
817,413,0.06136881257354966,0.5279854732738792,1,66.84826904663963,133.97515903055043,25.888181328573335,25.781762987509836,49.26580590047022,44.97626429656846,55.086429639498434,40.90023693140382,8.0,8.0,4.202425410118324,4.89765440239682,0.1064183410634989,4.28954160390176,14.186192708094616,-0.695228992278496,1.0,0.0,0.0,0.0,0.0,1.0,0.0,1.0,0.0,1.0,1.0,0.0,0.0,0.0,1.0,1.0,0.0,0.0,0.0,0.0,1.0,1.0,0.0,0.0,0.0,1.0,1.0,1.0,1.0,1.0,1.0,0.0,0.0,0.0,1.0,1.0,1.0,1.0,1.0,1.0,1.0,0.0,1.0,1.0,0.0,0.0,0.0,0.0,0.0,0.0
818,413,0.04749585134579205,0.43066901451991824,1,66.73396593627206,133.97515903055043,27.75554517275514,25.781762987509836,51.33810374935769,44.97626429656846,55.45847650028547,40.90023693140382,8.0,8.0,4.200714057732596,4.89765440239682,1.9737821852453052,6.3618394527892335,14.558239568881653,-0.6969403446642242,1.0,0.0,0.0,0.0,0.0,1.0,0.0,1.0,0.0,1.0,0.0,0.0,0.0,0.0,1.0,1.0,0.0,0.0,0.0,0.0,1.0,1.0,0.0,0.0,0.0,1.0,1.0,1.0,1.0,1.0,0.0,0.0,0.0,0.0,1.0,1.0,1.0,1.0,1.0,1.0,1.0,0.0,1.0,1.0,0.0,0.0,0.0,0.0,0.0,0.0
819,418,0.005944695718277955,0.06520069385951889,1,77.44988253323267,150.28437076418277,18.831814724348728,20.718453771401048,27.096848438814412,32.78633470360299,55.8475164115115,42.53974903297077,9.0,8.0,4.349631050183001,5.012529304420328,-1.88663904705232,-5.689486264788577,13.307767378540731,-0.6628982542373265,0.0,0.0,0.0,0.0,0.0,1.0,1.0,1.0,1.0,1.0,0.0,0.0,0.0,0.0,1.0,1.0,0.0,0.0,1.0,0.0,0.0,1.0,0.0,0.0,0.0,1.0,1.0,1.0,0.0,1.0,0.0,0.0,0.0,0.0,0.0,1.0,1.0,1.0,1.0,1.0,0.0,0.0,1.0,1.0,0.0,0.0,0.0,0.0,0.0,0.0
820,418,0.0046537395151821735,0.05139855096134442,1,70.04875613693187,150.28437076418277,19.836042965959688,20.718453771401048,30.025647522572747,32.78633470360299,55.73636345988577,42.53974903297077,11.0,8.0,4.249191515836381,5.012529304420328,-0.88241080544136,-2.7606871810302422,13.196614426915005,-0.7633377885839467,0.0,0.0,0.0,0.0,0.0,1.0,1.0,1.0,1.0,1.0,0.0,0.0,0.0,0.0,1.0,1.0,0.0,0.0,1.0,0.0,0.0,1.0,0.0,0.0,0.0,1.0,1.0,1.0,0.0,1.0,0.0,0.0,0.0,0.0,0.0,1.0,1.0,1.0,1.0,1.0,0.0,0.0,1.0,1.0,0.0,0.0,0.0,0.0,0.0,0.0
821,395,0.03545501625237656,0.33777390160688947,2,141.94541255813962,140.6065811135877,37.4005033354762,32.54535321644499,40.14105534210174,35.321857097925886,56.752807952053416,37.6660459861946,18.0,14.0,4.955442565088837,4.945965785632398,4.855150119031215,4.819198244175851,19.08676196585882,0.009476779456438256,1.0,0.0,0.0,0.0,0.0,1.0,0.0,1.0,0.0,1.0,0.0,0.0,0.0,0.0,0.0,0.0,1.0,0.0,0.0,0.0,1.0,1.0,0.0,0.0,0.0,1.0,1.0,1.0,1.0,1.0,0.0,0.0,0.0,0.0,1.0,1.0,1.0,1.0,1.0,1.0,1.0,0.0,1.0,1.0,0.0,0.0,0.0,0.0,0.0,0.0
822,374,0.1398469863154796,0.9496993999118188,3,174.59800108647826,164.37382076413735,46.98764009450691,39.06744392408569,22.606920845744682,29.211605743954117,56.64036404680851,33.89049980704034,16.0,15.0,5.162486194808914,5.102143228847815,7.920196170421221,-6.604684898209435,22.749864239768165,0.060342965961099296,0.0,0.0,0.0,0.0,0.0,1.0,1.0,1.0,1.0,1.0,1.0,0.0,0.0,0.0,0.0,0.0,0.0,0.0,1.0,0.0,0.0,1.0,0.0,0.0,0.0,1.0,1.0,1.0,1.0,1.0,1.0,0.0,0.0,0.0,1.0,1.0,1.0,1.0,1.0,1.0,0.0,0.0,1.0,1.0,0.0,0.0,0.0,0.0,0.0,0.0
823,385,0.03516394693639148,0.3354179181268674,1,59.99008242458484,59.25556427139769,53.0609660597673,42.88703096456536,25.009888046999045,29.037387700862066,54.9008590784376,35.146126745689656,7.0,6.0,4.094179255636134,4.081859687359356,10.17393509520194,-4.027499653863021,19.754732332747942,0.0123195682767785,0.0,0.0,0.0,0.0,0.0,1.0,1.0,1.0,1.0,1.0,1.0,0.0,0.0,0.0,1.0,1.0,0.0,0.0,1.0,0.0,0.0,1.0,0.0,0.0,0.0,1.0,1.0,1.0,1.0,0.0,1.0,0.0,0.0,0.0,1.0,0.0,1.0,1.0,1.0,1.0,0.0,0.0,1.0,1.0,0.0,0.0,0.0,0.0,0.0,0.0
824,408,0.04032605427381616,0.3763991667616314,2,151.40399494105685,141.98116160138815,28.96434775533327,28.103288512676837,29.76256610968858,31.927255951756397,57.102050276470585,38.98404339376595,15.0,13.0,5.019951727320067,4.9556943840215535,0.8610592426564345,-2.1646898420678156,18.118006882704634,0.06425734329851311,1.0,0.0,0.0,0.0,0.0,1.0,0.0,1.0,0.0,1.0,1.0,0.0,0.0,0.0,0.0,0.0,0.0,0.0,0.0,0.0,1.0,1.0,0.0,0.0,0.0,1.0,1.0,1.0,1.0,1.0,1.0,0.0,0.0,0.0,1.0,1.0,1.0,1.0,1.0,1.0,1.0,0.0,1.0,1.0,0.0,0.0,0.0,0.0,0.0,0.0
825,426,0.025878337622000182,0.257187678561442,2,80.078854071687,130.75232504901828,22.581008856890513,23.84297813930018,38.756822098965145,35.80769161201876,56.030231287736406,45.145717806115925,11.0,8.0,4.383011825110461,4.873304885188596,-1.261969282409666,2.9491304869463875,10.88451348162048,-0.49029306007813594,0.0,0.0,0.0,0.0,0.0,1.0,1.0,1.0,1.0,1.0,1.0,0.0,0.0,0.0,1.0,1.0,0.0,0.0,1.0,0.0,0.0,1.0,0.0,0.0,0.0,1.0,1.0,1.0,1.0,1.0,1.0,0.0,0.0,0.0,1.0,1.0,1.0,1.0,1.0,1.0,0.0,0.0,1.0,1.0,0.0,0.0,0.0,0.0,0.0,0.0
826,404,0.05139192460168135,0.4589691047882269,2,163.16769004972028,118.1024694788547,30.774088127087207,28.74849201719696,38.26911303126094,36.80553900908304,56.87567713949212,38.11311699134948,18.0,12.0,5.094778445293329,4.771552633051213,2.025596109890248,1.4635740221779017,18.76256014814264,0.3232258122421164,1.0,0.0,0.0,0.0,0.0,1.0,0.0,1.0,0.0,1.0,0.0,0.0,0.0,0.0,0.0,0.0,0.0,0.0,0.0,0.0,1.0,1.0,0.0,0.0,0.0,1.0,1.0,1.0,1.0,1.0,0.0,0.0,0.0,0.0,1.0,1.0,1.0,1.0,1.0,1.0,1.0,0.0,1.0,1.0,0.0,0.0,0.0,0.0,0.0,0.0
827,421,0.06382888324797609,0.5442956082132941,1,71.90618168040504,68.06959726411813,24.1718284903528,24.809531657137274,42.50213307385084,39.96490448362669,56.63555696939992,43.74479319197708,10.0,7.0,4.275362237114789,4.22053067094637,-0.6377031667844726,2.537228590224153,12.89076377742284,0.05483156616841879,1.0,0.0,0.0,0.0,0.0,1.0,0.0,1.0,0.0,1.0,1.0,0.0,0.0,0.0,1.0,1.0,0.0,0.0,0.0,0.0,1.0,1.0,0.0,0.0,0.0,1.0,1.0,1.0,1.0,1.0,1.0,0.0,0.0,0.0,1.0,1.0,1.0,1.0,1.0,1.0,1.0,0.0,1.0,1.0,0.0,0.0,0.0,0.0,0.0,0.0
828,406,0.4293339595006361,1.769136296568857,2,145.10779861164266,149.6249436382785,33.62320027916307,29.61719573949661,5.372378067152422,19.499256912011173,55.653279051988974,38.589015429050285,11.0,10.0,4.977476904907897,5.00813178719154,4.006004539666463,-14.126878844858751,17.06426362293869,-0.030654882283642503,0.0,0.0,0.0,0.0,1.0,1.0,1.0,1.0,1.0,1.0,0.0,0.0,1.0,0.0,1.0,1.0,0.0,0.0,0.0,0.0,1.0,1.0,1.0,0.0,1.0,1.0,1.0,1.0,0.0,0.0,0.0,0.0,0.0,0.0,0.0,0.0,1.0,1.0,1.0,1.0,0.0,0.0,0.0,1.0,0.0,0.0,0.0,0.0,0.0,0.0
829,384,0.06622653561238404,0.5599399660166127,2,125.76199718192976,185.68910603104294,40.614730187715146,35.61500146574581,36.32588502828902,32.59943033354174,56.85087500408998,36.00991834279498,13.0,15.0,4.834391209454365,5.224073802292352,4.999728721969333,3.7264546947472823,20.840956661294996,-0.3896825928379875,1.0,0.0,0.0,0.0,0.0,1.0,0.0,1.0,0.0,1.0,0.0,0.0,0.0,0.0,0.0,0.0,0.0,0.0,0.0,0.0,1.0,1.0,0.0,0.0,0.0,1.0,1.0,1.0,1.0,1.0,0.0,0.0,0.0,0.0,1.0,1.0,1.0,1.0,1.0,1.0,1.0,0.0,1.0,1.0,0.0,0.0,0.0,0.0,0.0,0.0
830,391,0.0500289967646116,0.44915996187965285,1,70.03923087773457,190.28652050037553,46.218377333795814,39.739503825383665,42.628414907588734,38.39520897810914,56.3282041756426,37.071348344543146,9.0,11.0,4.249055526171386,5.248530938899881,6.47887350841215,4.233205929479595,19.25685583109945,-0.9994754127284949,1.0,0.0,0.0,0.0,0.0,1.0,0.0,1.0,0.0,1.0,0.0,0.0,0.0,0.0,1.0,1.0,0.0,0.0,0.0,0.0,1.0,1.0,0.0,0.0,0.0,1.0,1.0,1.0,1.0,1.0,0.0,0.0,0.0,0.0,1.0,1.0,1.0,1.0,1.0,1.0,1.0,0.0,1.0,1.0,0.0,0.0,0.0,0.0,0.0,0.0
831,418,0.01511957651709658,0.15816136955693963,1,65.9052683861071,150.28437076418277,21.50902872603566,20.718453771401048,33.044222854531,32.78633470360299,56.58261125437202,42.53974903297077,9.0,8.0,4.188218383473975,5.012529304420328,0.7905749546346108,0.2578881509280109,14.04286222140125,-0.824310920946353,0.0,0.0,0.0,0.0,0.0,1.0,1.0,1.0,1.0,1.0,1.0,0.0,0.0,0.0,1.0,1.0,0.0,0.0,1.0,0.0,0.0,1.0,0.0,0.0,0.0,1.0,1.0,1.0,1.0,1.0,1.0,0.0,0.0,0.0,1.0,1.0,1.0,1.0,1.0,1.0,0.0,0.0,1.0,1.0,0.0,0.0,0.0,0.0,0.0,0.0
832,400,0.10703361882924269,0.7943706062795384,2,152.6422786367056,189.0048170725616,26.79617755196643,25.124346757689615,17.77762353650546,26.827149896756758,57.49676391117004,38.16624891405406,15.0,14.0,5.0280971357640345,5.241772501891261,1.671830794276815,-9.0495263602513,19.330514997115984,-0.21367536612722632,0.0,0.0,0.0,0.0,1.0,1.0,1.0,1.0,1.0,1.0,0.0,0.0,1.0,0.0,0.0,0.0,0.0,0.0,0.0,0.0,0.0,1.0,0.0,0.0,1.0,1.0,1.0,1.0,1.0,0.0,0.0,0.0,0.0,0.0,1.0,0.0,1.0,1.0,1.0,1.0,0.0,0.0,0.0,1.0,0.0,0.0,0.0,0.0,0.0,0.0
833,389,0.15244055276580612,1.003443951408228,2,161.11975932230112,219.02268286020382,33.7442125421672,29.30376026430555,17.96607995480343,26.258684303748623,56.45187410706473,37.37827477260198,14.0,17.0,5.0821479351899725,5.389175299157139,4.440452277861649,-8.292604348945193,19.07359933446275,-0.30702736396716584,0.0,0.0,0.0,0.0,1.0,1.0,1.0,1.0,1.0,1.0,0.0,0.0,1.0,0.0,0.0,0.0,0.0,0.0,0.0,0.0,0.0,1.0,0.0,0.0,1.0,1.0,1.0,1.0,1.0,0.0,0.0,0.0,0.0,0.0,1.0,0.0,1.0,1.0,1.0,1.0,0.0,0.0,0.0,1.0,0.0,0.0,0.0,0.0,0.0,0.0
834,412,0.033869925465034374,0.3248760855937953,2,112.13135127059586,108.38752900426505,39.93755221625894,34.83759789002455,50.583458766819575,42.11644771156812,56.32868383562691,40.03461818213368,11.0,9.0,4.719670963328527,4.685713036301122,5.099954326234396,8.467011055251454,16.294065653493234,0.03395792702740568,1.0,0.0,0.0,0.0,0.0,1.0,0.0,1.0,0.0,1.0,0.0,0.0,0.0,0.0,1.0,1.0,1.0,0.0,0.0,0.0,1.0,1.0,0.0,0.0,0.0,1.0,1.0,1.0,1.0,1.0,0.0,0.0,0.0,0.0,1.0,1.0,1.0,1.0,1.0,1.0,1.0,0.0,1.0,1.0,0.0,0.0,0.0,0.0,0.0,0.0
835,374,0.05994583694962526,0.5184283409882738,1,93.29991383753708,164.37382076413735,45.39889156694336,39.06744392408569,26.577656268147013,29.211605743954117,56.83371627427258,33.89049980704034,12.0,15.0,4.535819184353805,5.102143228847815,6.331447642857675,-2.6339494758071034,22.94321646723224,-0.5663240444940103,1.0,0.0,0.0,0.0,0.0,1.0,0.0,1.0,0.0,1.0,1.0,0.0,0.0,0.0,0.0,0.0,0.0,0.0,0.0,0.0,1.0,1.0,0.0,0.0,0.0,1.0,1.0,1.0,1.0,1.0,1.0,0.0,0.0,0.0,1.0,1.0,1.0,1.0,1.0,1.0,1.0,0.0,1.0,1.0,0.0,0.0,0.0,0.0,0.0,0.0
836,345,0.17263477671244,1.0840154274270797,2,176.18871937242707,193.63009465989012,46.516831749911525,39.089935279074474,16.067868048980916,24.508829643922677,57.50435125950154,30.190439116821757,16.0,16.0,5.171555689729713,5.265949610385146,7.42689647083705,-8.440961594941761,27.313912142679783,-0.09439392065543331,0.0,0.0,0.0,0.0,1.0,1.0,1.0,1.0,1.0,1.0,0.0,0.0,1.0,0.0,0.0,0.0,0.0,0.0,0.0,0.0,0.0,1.0,0.0,0.0,1.0,1.0,1.0,1.0,1.0,0.0,0.0,0.0,0.0,0.0,1.0,0.0,1.0,1.0,1.0,1.0,0.0,0.0,0.0,1.0,0.0,0.0,0.0,0.0,0.0,0.0
837,409,0.04083325078653749,0.38033657605444865,1,74.17319336936204,203.6701048444326,49.73806095525688,39.740929812275375,33.004345229549244,32.24115513942724,56.151074441569286,39.241495668749145,8.0,13.0,4.30640280955215,5.316501551757556,9.997131142981502,0.7631900901220021,16.90957877282014,-1.010098742205406,1.0,0.0,0.0,0.0,0.0,1.0,0.0,1.0,0.0,1.0,1.0,0.0,0.0,0.0,1.0,1.0,0.0,0.0,0.0,0.0,1.0,1.0,0.0,0.0,0.0,1.0,1.0,1.0,1.0,1.0,1.0,0.0,0.0,0.0,1.0,1.0,1.0,1.0,1.0,1.0,1.0,0.0,1.0,1.0,0.0,0.0,0.0,0.0,0.0,0.0
838,416,0.07003675420515668,0.5843083341797439,2,91.61394295961527,256.2570962087984,18.463066780925192,22.27123964916965,18.265745225202746,27.555555054474283,56.38701219385527,43.07913184902686,6.0,12.0,4.5175834758127715,5.546181222591327,-3.8081728682444584,-9.289809829271537,13.307880344828412,-1.0285977467785552,0.0,0.0,0.0,0.0,0.0,1.0,1.0,1.0,1.0,1.0,0.0,0.0,0.0,0.0,1.0,1.0,0.0,0.0,1.0,0.0,0.0,1.0,0.0,0.0,0.0,1.0,1.0,1.0,0.0,0.0,0.0,0.0,0.0,0.0,0.0,0.0,1.0,1.0,1.0,1.0,0.0,0.0,1.0,1.0,0.0,0.0,0.0,0.0,0.0,0.0
839,400,0.06547759591557062,0.5550794688815601,2,132.56303224880077,189.0048170725616,25.57642718611462,25.124346757689615,22.895755431127398,26.827149896756758,57.48738081774089,38.16624891405406,17.0,14.0,4.887058247395017,5.241772501891261,0.4520804284250062,-3.93139446562936,19.321131903686833,-0.35471425449624366,0.0,0.0,0.0,0.0,0.0,1.0,1.0,1.0,1.0,1.0,0.0,0.0,0.0,0.0,0.0,0.0,0.0,0.0,1.0,0.0,0.0,1.0,0.0,0.0,0.0,1.0,1.0,1.0,0.0,0.0,0.0,0.0,0.0,0.0,0.0,0.0,1.0,1.0,1.0,1.0,0.0,0.0,1.0,1.0,0.0,0.0,0.0,0.0,0.0,0.0
840,400,0.05700092040433178,0.4983544395671751,2,111.95037134584719,189.0048170725616,26.151350744168766,25.124346757689615,27.039157403003486,26.827149896756758,57.30938595984004,38.16624891405406,13.0,14.0,4.718055660108018,5.241772501891261,1.0270039864791514,0.21200750624672793,19.143137045785984,-0.5237168417832428,0.0,0.0,0.0,0.0,0.0,1.0,1.0,1.0,1.0,1.0,1.0,0.0,0.0,0.0,0.0,0.0,0.0,0.0,1.0,0.0,0.0,1.0,0.0,0.0,0.0,1.0,1.0,1.0,1.0,0.0,1.0,0.0,0.0,0.0,1.0,0.0,1.0,1.0,1.0,1.0,0.0,0.0,1.0,1.0,0.0,0.0,0.0,0.0,0.0,0.0
841,408,0.08368125771343604,0.6670021522765718,1,62.609528703841875,141.98116160138815,29.147344069010447,28.103288512676837,34.09434991602008,31.927255951756397,57.0001147174806,38.98404339376595,10.0,13.0,4.13691748223874,4.9556943840215535,1.0440555563336105,2.1670939642636817,18.016071323714648,-0.8187769017828138,1.0,0.0,0.0,0.0,0.0,1.0,0.0,1.0,0.0,1.0,1.0,0.0,0.0,0.0,0.0,0.0,0.0,0.0,0.0,0.0,1.0,1.0,0.0,0.0,0.0,1.0,1.0,1.0,1.0,1.0,1.0,0.0,0.0,0.0,1.0,1.0,1.0,1.0,1.0,1.0,1.0,0.0,1.0,1.0,0.0,0.0,0.0,0.0,0.0,0.0
842,376,0.14502665973084405,0.9721550444626705,3,163.5868014544014,104.59814495681518,29.98062412840155,27.458202345210644,12.161660424420635,21.92632833364411,56.95201663826133,34.17303670205114,16.0,12.0,5.097343745207594,4.650125816835084,2.5224217831909073,-9.764667909223476,22.778979936210185,0.44721792837251023,0.0,0.0,0.0,0.0,1.0,1.0,1.0,1.0,1.0,1.0,0.0,0.0,1.0,0.0,0.0,0.0,0.0,0.0,0.0,0.0,1.0,1.0,1.0,0.0,1.0,1.0,1.0,1.0,0.0,0.0,0.0,0.0,0.0,0.0,0.0,0.0,1.0,1.0,1.0,1.0,0.0,0.0,0.0,1.0,0.0,0.0,0.0,0.0,0.0,0.0
843,395,0.06998857452046188,0.5840038772658628,2,161.99608316845257,140.6065811135877,36.264785345026986,32.54535321644499,36.530150373699065,35.321857097925886,57.91552836091021,37.6660459861946,16.0,14.0,5.087572156967577,4.945965785632398,3.7194321285819996,1.2082932757731797,20.249482374715612,0.14160637133517853,1.0,0.0,0.0,0.0,0.0,1.0,0.0,1.0,0.0,1.0,0.0,0.0,0.0,0.0,0.0,0.0,0.0,0.0,0.0,0.0,1.0,1.0,0.0,0.0,0.0,1.0,1.0,1.0,1.0,1.0,0.0,0.0,0.0,0.0,1.0,1.0,1.0,1.0,1.0,1.0,1.0,0.0,1.0,1.0,0.0,0.0,0.0,0.0,0.0,0.0
844,336,0.16026918241572508,1.0354538165591458,2,136.3921864461147,262.95353223382625,42.62769607820324,34.08857179668038,12.241448892834695,22.926241064283698,57.5596830194846,31.455631618200762,11.0,19.0,4.91553445964917,5.571977333045819,8.539124281522867,-10.684792171449002,26.10405140128384,-0.656442873396649,0.0,0.0,1.0,0.0,1.0,1.0,1.0,1.0,1.0,1.0,0.0,0.0,1.0,0.0,0.0,0.0,0.0,0.0,0.0,0.0,1.0,1.0,1.0,0.0,1.0,1.0,1.0,1.0,0.0,0.0,0.0,0.0,0.0,0.0,0.0,0.0,1.0,1.0,1.0,1.0,0.0,0.0,0.0,1.0,0.0,0.0,0.0,0.0,0.0,0.0
845,398,0.047910351515569695,0.4337181934458327,2,97.63390677230781,136.21349617622548,43.85300519856488,37.53642649814974,46.28315006297561,42.738109540092736,56.69321210165854,36.89496245649802,10.0,9.0,4.5812248385417185,4.9142234796742645,6.316578700415143,3.5450405228828714,19.798249645160517,-0.3329986411325466,1.0,0.0,0.0,0.0,0.0,1.0,0.0,1.0,0.0,1.0,0.0,0.0,0.0,0.0,1.0,1.0,1.0,0.0,0.0,0.0,1.0,1.0,0.0,0.0,0.0,1.0,1.0,1.0,1.0,1.0,0.0,0.0,0.0,0.0,1.0,1.0,1.0,1.0,1.0,1.0,1.0,0.0,1.0,1.0,0.0,0.0,0.0,0.0,0.0,0.0
846,384,0.030465735547989634,0.29660093306486324,2,104.5016186535599,185.68910603104294,43.3773380875581,35.61500146574581,29.61303927440525,32.59943033354174,57.566426121000816,36.00991834279498,13.0,15.0,4.649202560792655,5.224073802292352,7.762336621812288,-2.9863910591364906,21.556507778205834,-0.5748712414996977,1.0,0.0,0.0,0.0,0.0,1.0,0.0,1.0,0.0,1.0,1.0,0.0,0.0,0.0,0.0,0.0,0.0,0.0,0.0,0.0,1.0,1.0,0.0,0.0,0.0,1.0,1.0,1.0,1.0,1.0,1.0,0.0,0.0,0.0,1.0,1.0,1.0,1.0,1.0,1.0,1.0,0.0,1.0,1.0,0.0,0.0,0.0,0.0,0.0,0.0
847,391,0.056869430914110654,0.49744868029386885,2,89.02307245795012,190.28652050037553,47.10731666522141,39.739503825383665,39.32290539273486,38.39520897810914,56.99759201481917,37.071348344543146,8.0,11.0,4.488895577235535,5.248530938899881,7.367812839837747,0.9276964146257214,19.926243670276023,-0.7596353616643458,1.0,0.0,0.0,0.0,0.0,1.0,0.0,1.0,0.0,1.0,0.0,0.0,0.0,0.0,1.0,1.0,0.0,0.0,0.0,0.0,1.0,1.0,0.0,0.0,0.0,1.0,1.0,1.0,1.0,1.0,0.0,0.0,0.0,0.0,1.0,1.0,1.0,1.0,1.0,1.0,1.0,0.0,1.0,1.0,0.0,0.0,0.0,0.0,0.0,0.0
848,392,0.14622829568123824,0.977293265414869,2,129.88643441435994,110.83019568191044,49.80221719695411,41.14325133886086,12.662147753923438,24.375548764937566,57.984429147953946,36.54048447875639,9.0,8.0,4.8666604872329575,4.707999261390175,8.658965858093254,-11.713401011014128,21.443944669197556,0.15866122584278203,0.0,0.0,0.0,0.0,1.0,1.0,1.0,1.0,1.0,1.0,0.0,0.0,1.0,0.0,1.0,1.0,0.0,0.0,0.0,0.0,1.0,1.0,1.0,0.0,1.0,1.0,1.0,1.0,0.0,0.0,0.0,0.0,0.0,0.0,0.0,0.0,1.0,1.0,1.0,1.0,0.0,0.0,0.0,1.0,0.0,0.0,0.0,0.0,0.0,0.0
849,416,0.0806331473683993,0.649112915992026,2,82.9364318308765,256.2570962087984,21.129846202077562,22.27123964916965,14.840336323130813,27.555555054474283,56.64717588612611,43.07913184902686,8.0,12.0,4.418074432803779,5.546181222591327,-1.1413934470920886,-12.71521873134347,13.568044037099249,-1.1281067897875476,0.0,0.0,0.0,0.0,0.0,1.0,1.0,1.0,1.0,1.0,0.0,0.0,0.0,0.0,1.0,1.0,0.0,0.0,1.0,0.0,0.0,1.0,0.0,0.0,0.0,1.0,1.0,1.0,0.0,0.0,0.0,0.0,0.0,0.0,0.0,0.0,1.0,1.0,1.0,1.0,0.0,0.0,1.0,1.0,0.0,0.0,0.0,0.0,0.0,0.0
850,421,0.055266448122951686,0.4863401331413575,1,66.10529882925036,68.06959726411813,25.25006795882637,24.809531657137274,45.44356257363113,39.96490448362669,56.71269275965418,43.74479319197708,9.0,7.0,4.191248907476014,4.22053067094637,0.44053630168909663,5.478658090004437,12.967899567677101,-0.02928176347035602,1.0,0.0,0.0,0.0,0.0,1.0,0.0,1.0,0.0,1.0,1.0,0.0,0.0,0.0,1.0,1.0,0.0,0.0,0.0,0.0,1.0,1.0,0.0,0.0,0.0,1.0,1.0,1.0,1.0,1.0,1.0,0.0,0.0,0.0,1.0,1.0,1.0,1.0,1.0,1.0,1.0,0.0,1.0,1.0,0.0,0.0,0.0,0.0,0.0,0.0
851,369,0.14429058751303225,0.9689944946394752,1,96.5004009278293,219.89572722407706,45.31895997049822,37.07378094104497,6.980035162866449,19.661163442853525,56.9536881742671,34.91186806702991,7.0,10.0,4.569547163028841,5.393153466831135,8.245179029453247,-12.681128279987075,22.041820107237193,-0.8236063038022943,0.0,0.0,0.0,0.0,1.0,1.0,1.0,1.0,1.0,1.0,0.0,0.0,1.0,0.0,1.0,1.0,0.0,0.0,0.0,0.0,1.0,1.0,1.0,0.0,1.0,1.0,1.0,1.0,0.0,0.0,0.0,0.0,0.0,0.0,0.0,0.0,1.0,1.0,1.0,1.0,0.0,0.0,0.0,1.0,0.0,0.0,0.0,0.0,0.0,0.0
852,384,0.0654772689002022,0.55507734143658,2,108.89276314351443,185.68910603104294,40.856866923372756,35.61500146574581,30.48490776106543,32.59943033354174,58.294372520468855,36.00991834279498,14.0,15.0,4.690363573584867,5.224073802292352,5.241865457626943,-2.114522572476311,22.284454177673872,-0.5337102287074852,1.0,0.0,0.0,0.0,0.0,1.0,0.0,1.0,0.0,1.0,1.0,0.0,0.0,0.0,0.0,0.0,0.0,0.0,0.0,0.0,1.0,1.0,0.0,0.0,0.0,1.0,1.0,1.0,1.0,1.0,1.0,0.0,0.0,0.0,1.0,1.0,1.0,1.0,1.0,1.0,1.0,0.0,1.0,1.0,0.0,0.0,0.0,0.0,0.0,0.0
853,416,0.020764475688159142,0.2113387273194909,2,119.17051781739931,256.2570962087984,19.775756595227115,22.27123964916965,22.485310576013106,27.555555054474283,57.86402118008153,43.07913184902686,9.0,12.0,4.780555390292564,5.546181222591327,-2.495483053942536,-5.070244478461177,14.784889331054671,-0.7656258322987632,0.0,0.0,0.0,0.0,0.0,1.0,1.0,1.0,1.0,1.0,0.0,0.0,0.0,0.0,1.0,1.0,0.0,0.0,1.0,0.0,0.0,1.0,0.0,0.0,0.0,1.0,1.0,1.0,0.0,0.0,0.0,0.0,0.0,0.0,0.0,0.0,1.0,1.0,1.0,1.0,0.0,0.0,1.0,1.0,0.0,0.0,0.0,0.0,0.0,0.0
854,336,0.15688570092749837,1.0217449029303716,5,262.1827594056363,262.95353223382625,37.491616983659554,34.08857179668038,11.17830714,22.926241064283698,59.61750366,31.455631618200762,18.0,19.0,5.569041815566044,5.571977333045819,3.4030451869791776,-11.747933924283698,28.161872041799235,-0.0029355174797747255,0.0,0.0,1.0,0.0,1.0,1.0,1.0,1.0,1.0,1.0,0.0,0.0,1.0,0.0,0.0,0.0,0.0,0.0,0.0,0.0,1.0,1.0,1.0,0.0,1.0,1.0,1.0,1.0,0.0,0.0,0.0,0.0,0.0,0.0,0.0,0.0,1.0,1.0,1.0,1.0,0.0,0.0,0.0,1.0,0.0,0.0,0.0,0.0,0.0,0.0
855,405,0.06702263258866492,0.5650807341657139,2,123.12350038427812,138.9162186218331,37.94934610195195,32.317502076944024,31.802529843764507,30.88610710239353,59.04466947725514,39.140480327171225,13.0,13.0,4.813187919798005,4.933871007679846,5.631844025007929,0.916422741370976,19.904189150083916,-0.12068308788184184,1.0,0.0,0.0,0.0,0.0,1.0,0.0,1.0,0.0,1.0,1.0,0.0,0.0,0.0,0.0,0.0,0.0,0.0,0.0,0.0,1.0,1.0,0.0,0.0,0.0,1.0,1.0,1.0,1.0,1.0,1.0,0.0,0.0,0.0,1.0,1.0,1.0,1.0,1.0,1.0,1.0,0.0,1.0,1.0,0.0,0.0,0.0,0.0,0.0,0.0
856,417,0.03752345266581238,0.35435832045291143,2,102.2917585197867,91.05666961078103,33.16506123810966,31.285333924874653,49.42985220360369,42.658405197521425,58.14018569131204,41.81735220716034,9.0,8.0,4.627829107833381,4.511482055668523,1.879727313235005,6.771447006082262,16.3228334841517,0.11634705216485738,1.0,0.0,0.0,0.0,0.0,1.0,0.0,1.0,0.0,1.0,0.0,0.0,0.0,0.0,1.0,1.0,0.0,0.0,0.0,0.0,1.0,1.0,0.0,0.0,0.0,1.0,1.0,1.0,1.0,1.0,0.0,0.0,0.0,0.0,1.0,1.0,1.0,1.0,1.0,1.0,1.0,0.0,1.0,1.0,0.0,0.0,0.0,0.0,0.0,0.0
857,392,0.09405814213235271,0.7256106327911376,2,126.6192705096866,110.83019568191044,51.24516444321608,41.14325133886086,22.50406243974272,24.375548764937566,57.84244758970887,36.54048447875639,10.0,8.0,4.841184713842763,4.707999261390175,10.101913104355226,-1.8714863251948444,21.301963110952478,0.13318545245258745,0.0,0.0,0.0,0.0,0.0,1.0,1.0,1.0,1.0,1.0,1.0,0.0,0.0,0.0,1.0,1.0,0.0,0.0,1.0,0.0,0.0,1.0,0.0,0.0,0.0,1.0,1.0,1.0,1.0,0.0,1.0,0.0,0.0,0.0,1.0,0.0,1.0,1.0,1.0,1.0,0.0,0.0,1.0,1.0,0.0,0.0,0.0,0.0,0.0,0.0
858,397,0.11616871724864945,0.8400914401826236,1,136.68746948123095,140.63444423158367,25.460906242976034,24.821890623675756,11.13542772303136,20.3546442472923,57.86101017062718,37.77582345340774,11.0,9.0,4.917697075162931,4.946163929683772,0.6390156193002774,-9.21921652426094,20.085186717219443,-0.028466854520840693,0.0,0.0,0.0,0.0,1.0,1.0,1.0,1.0,1.0,1.0,0.0,0.0,1.0,0.0,1.0,1.0,0.0,0.0,0.0,0.0,1.0,1.0,1.0,0.0,1.0,1.0,1.0,1.0,0.0,0.0,0.0,0.0,0.0,0.0,0.0,0.0,1.0,1.0,1.0,1.0,0.0,0.0,0.0,1.0,0.0,0.0,0.0,0.0,0.0,0.0
859,408,0.07145042454438877,0.5932005821520416,2,135.220579564847,141.98116160138815,31.85742826715806,28.103288512676837,32.635801166208786,31.927255951756397,58.804161972527474,38.98404339376595,15.0,13.0,4.9069073677415505,4.9556943840215535,3.7541397544812227,0.7085452144523892,19.820118578761523,-0.04878701628000302,1.0,0.0,0.0,0.0,0.0,1.0,0.0,1.0,0.0,1.0,1.0,0.0,0.0,0.0,0.0,0.0,0.0,0.0,0.0,0.0,1.0,1.0,0.0,0.0,0.0,1.0,1.0,1.0,1.0,1.0,1.0,0.0,0.0,0.0,1.0,1.0,1.0,1.0,1.0,1.0,1.0,0.0,1.0,1.0,0.0,0.0,0.0,0.0,0.0,0.0
860,417,0.05051035566287784,0.4526353561677915,1,85.794009590066,91.05666961078103,36.001534668794925,31.285333924874653,49.341311210613966,42.658405197521425,58.476632325358054,41.81735220716034,11.0,8.0,4.451949185758907,4.511482055668523,4.716200743920272,6.682906013092541,16.659280118197714,-0.05953286990961636,1.0,0.0,0.0,0.0,0.0,1.0,0.0,1.0,0.0,1.0,0.0,0.0,0.0,0.0,1.0,1.0,1.0,0.0,0.0,0.0,1.0,1.0,0.0,0.0,0.0,1.0,1.0,1.0,1.0,1.0,0.0,0.0,0.0,0.0,1.0,1.0,1.0,1.0,1.0,1.0,1.0,0.0,1.0,1.0,0.0,0.0,0.0,0.0,0.0,0.0
861,396,0.2054683689386807,1.2025642671946126,2,137.4113891802256,161.70824914252432,42.42575048111143,34.20915909653111,20.119034815541383,25.954751188357935,58.768535571918754,37.20771629679513,17.0,15.0,4.922979267038782,5.085793780387118,8.216591384580319,-5.835716372816552,21.560819275123627,-0.1628145133483366,0.0,0.0,0.0,0.0,1.0,1.0,1.0,1.0,1.0,1.0,0.0,0.0,1.0,0.0,0.0,0.0,0.0,0.0,0.0,0.0,0.0,1.0,0.0,0.0,1.0,1.0,1.0,1.0,1.0,0.0,0.0,0.0,0.0,0.0,1.0,0.0,1.0,1.0,1.0,1.0,0.0,0.0,0.0,1.0,0.0,0.0,0.0,0.0,0.0,0.0
862,426,0.053541293650766354,0.47424545001622787,1,60.41871908846326,130.75232504901828,23.76934160646201,23.84297813930018,35.205078874980295,35.80769161201876,58.744271845577806,45.145717806115925,8.0,8.0,4.101298975609061,4.873304885188596,-0.07363653283816873,-0.6026127370384629,13.598554039461881,-0.7720059095795357,1.0,0.0,0.0,0.0,0.0,1.0,0.0,1.0,0.0,1.0,1.0,0.0,0.0,0.0,1.0,1.0,0.0,0.0,0.0,0.0,1.0,1.0,0.0,0.0,0.0,1.0,1.0,1.0,1.0,1.0,1.0,0.0,0.0,0.0,1.0,1.0,1.0,1.0,1.0,1.0,1.0,0.0,1.0,1.0,0.0,0.0,0.0,0.0,0.0,0.0
863,423,0.065594316139462,0.5558385199355466,1,67.25785519212346,182.67060158148115,28.047759862062094,28.1642167968317,45.79791887721286,39.279626989932886,58.141987448165985,44.34968303607382,9.0,11.0,4.208533817491511,5.20768453955235,-0.11645693476960517,6.518291887279972,13.792304412092165,-0.9991507220608391,1.0,0.0,0.0,0.0,0.0,1.0,0.0,1.0,0.0,1.0,0.0,0.0,0.0,0.0,1.0,1.0,0.0,0.0,0.0,0.0,1.0,1.0,0.0,0.0,0.0,1.0,1.0,1.0,1.0,1.0,0.0,0.0,0.0,0.0,1.0,1.0,1.0,1.0,1.0,1.0,1.0,0.0,1.0,1.0,0.0,0.0,0.0,0.0,0.0,0.0
864,389,0.04039084959228234,0.3769030428973461,2,157.21440305140882,219.02268286020382,30.851689101562652,29.30376026430555,25.037142943986673,26.258684303748623,59.59235197352317,37.37827477260198,17.0,17.0,5.0576104982624575,5.389175299157139,1.5479288372571034,-1.2215413597619502,22.21407720092119,-0.33156480089468127,0.0,0.0,0.0,0.0,0.0,1.0,1.0,1.0,1.0,1.0,1.0,0.0,0.0,0.0,0.0,0.0,0.0,0.0,1.0,0.0,0.0,1.0,0.0,0.0,0.0,1.0,1.0,1.0,1.0,0.0,1.0,0.0,0.0,0.0,1.0,0.0,1.0,1.0,1.0,1.0,0.0,0.0,1.0,1.0,0.0,0.0,0.0,0.0,0.0,0.0
865,409,0.024663507731137166,0.24648481556552124,2,102.96805192279487,203.6701048444326,49.662752129488375,39.740929812275375,28.464594774976874,32.24115513942724,58.294749053839034,39.241495668749145,10.0,13.0,4.634418764608418,5.316501551757556,9.921822317213,-3.7765603644503685,19.05325338508989,-0.682082787149138,1.0,0.0,0.0,0.0,0.0,1.0,0.0,1.0,0.0,1.0,1.0,0.0,0.0,0.0,1.0,1.0,0.0,0.0,0.0,0.0,1.0,1.0,0.0,0.0,0.0,1.0,1.0,1.0,1.0,1.0,1.0,0.0,0.0,0.0,1.0,1.0,1.0,1.0,1.0,1.0,1.0,0.0,1.0,1.0,0.0,0.0,0.0,0.0,0.0,0.0
866,426,0.050685890737698136,0.45389971385339484,1,73.67787989110253,130.75232504901828,24.994630688591283,23.84297813930018,38.549923638655464,35.80769161201876,59.34238358067227,45.145717806115925,8.0,8.0,4.29970261698233,4.873304885188596,1.1516525492911036,2.7422320266367066,14.196665774556344,-0.5736022682062663,1.0,0.0,0.0,0.0,0.0,1.0,0.0,1.0,0.0,1.0,1.0,0.0,0.0,0.0,1.0,1.0,0.0,0.0,0.0,0.0,1.0,1.0,0.0,0.0,0.0,1.0,1.0,1.0,1.0,1.0,1.0,0.0,0.0,0.0,1.0,1.0,1.0,1.0,1.0,1.0,1.0,0.0,1.0,1.0,0.0,0.0,0.0,0.0,0.0,0.0
867,423,0.03898561317703321,0.36591795988961984,2,97.7386846234781,182.67060158148115,30.48226674124446,28.1642167968317,47.246410238914336,39.279626989932886,58.903260722151835,44.34968303607382,9.0,11.0,4.582297433837373,5.20768453955235,2.31804994441276,7.96678324898145,14.553577686078015,-0.6253871057149767,1.0,0.0,0.0,0.0,0.0,1.0,0.0,1.0,0.0,1.0,0.0,0.0,0.0,0.0,1.0,1.0,0.0,0.0,0.0,0.0,1.0,1.0,0.0,0.0,0.0,1.0,1.0,1.0,1.0,1.0,0.0,0.0,0.0,0.0,1.0,1.0,1.0,1.0,1.0,1.0,1.0,0.0,1.0,1.0,0.0,0.0,0.0,0.0,0.0,0.0
868,412,0.047651839983941034,0.4318176018355276,2,113.09340244952298,108.38752900426505,40.15878681803493,34.83759789002455,46.16048283352986,42.11644771156812,59.097416209887975,40.03461818213368,10.0,9.0,4.728214047640956,4.685713036301122,5.321188928010386,4.044035121961741,19.062798027754297,0.042501011339834534,1.0,0.0,0.0,0.0,0.0,1.0,0.0,1.0,0.0,1.0,0.0,0.0,0.0,0.0,1.0,1.0,1.0,0.0,0.0,0.0,1.0,1.0,0.0,0.0,0.0,1.0,1.0,1.0,1.0,1.0,0.0,0.0,0.0,0.0,1.0,1.0,1.0,1.0,1.0,1.0,1.0,0.0,1.0,1.0,0.0,0.0,0.0,0.0,0.0,0.0
869,409,0.08423143170076056,0.6701972810245939,2,116.75110198128554,203.6701048444326,46.82747660871963,39.740929812275375,35.04196018695439,32.24115513942724,59.038254109039734,39.241495668749145,10.0,13.0,4.760044335316329,5.316501551757556,7.086546796444253,2.800805047527149,19.79675844029059,-0.5564572164412267,1.0,0.0,0.0,0.0,0.0,1.0,0.0,1.0,0.0,1.0,0.0,0.0,0.0,0.0,1.0,1.0,0.0,0.0,0.0,0.0,1.0,1.0,0.0,0.0,0.0,1.0,1.0,1.0,1.0,1.0,0.0,0.0,0.0,0.0,1.0,1.0,1.0,1.0,1.0,1.0,1.0,0.0,1.0,1.0,0.0,0.0,0.0,0.0,0.0,0.0
870,389,0.19781285561869763,1.1761531093370188,2,129.32444412171932,219.02268286020382,33.197007899811894,29.30376026430555,13.883626867349193,26.258684303748623,60.236715391323564,37.37827477260198,16.0,17.0,4.862324317575445,5.389175299157139,3.893247635506345,-12.37505743639943,22.85844061872158,-0.5268509815816934,0.0,0.0,0.0,0.0,1.0,1.0,1.0,1.0,1.0,1.0,0.0,0.0,1.0,0.0,0.0,0.0,0.0,0.0,0.0,0.0,0.0,1.0,0.0,0.0,1.0,1.0,1.0,1.0,1.0,0.0,0.0,0.0,0.0,0.0,1.0,0.0,1.0,1.0,1.0,1.0,0.0,0.0,0.0,1.0,0.0,0.0,0.0,0.0,0.0,0.0
871,369,0.15086422689317533,0.9968728281275702,3,227.7298968890083,219.89572722407706,41.76266167718666,37.07378094104497,6.312323055567174,19.661163442853525,60.55012606715326,34.91186806702991,11.0,10.0,5.428160263919309,5.393153466831135,4.688880736141684,-13.348840387286351,25.63825800012335,0.03500679708817317,0.0,0.0,1.0,0.0,1.0,1.0,1.0,1.0,1.0,1.0,0.0,0.0,1.0,0.0,1.0,1.0,0.0,0.0,0.0,0.0,1.0,1.0,1.0,0.0,1.0,1.0,1.0,1.0,0.0,0.0,0.0,0.0,0.0,0.0,0.0,0.0,1.0,1.0,1.0,1.0,0.0,0.0,0.0,1.0,0.0,0.0,0.0,0.0,0.0,0.0
872,392,0.15086931607774312,0.9968941126972168,2,71.59184812689419,110.83019568191044,50.39827643823347,41.14325133886086,18.863812256120276,24.375548764937566,59.55021723376796,36.54048447875639,8.0,8.0,4.270981214508519,4.707999261390175,9.25502509937261,-5.51173650881729,23.00973275501157,-0.4370180468816558,0.0,0.0,0.0,0.0,1.0,1.0,1.0,1.0,1.0,1.0,0.0,0.0,1.0,0.0,1.0,1.0,0.0,0.0,0.0,0.0,0.0,1.0,0.0,0.0,1.0,1.0,1.0,1.0,1.0,0.0,0.0,0.0,0.0,0.0,1.0,0.0,1.0,1.0,1.0,1.0,0.0,0.0,0.0,1.0,0.0,0.0,0.0,0.0,0.0,0.0
873,389,0.08144125660564208,0.6538869388880068,2,137.01132829393907,219.02268286020382,33.511379624522846,29.30376026430555,22.818803744507786,26.258684303748623,60.34781214523081,37.37827477260198,15.0,17.0,4.920063610686565,5.389175299157139,4.207619360217297,-3.4398805592408372,22.969537372628828,-0.4691116884705731,0.0,0.0,0.0,0.0,0.0,1.0,1.0,1.0,1.0,1.0,1.0,0.0,0.0,0.0,0.0,0.0,0.0,0.0,1.0,0.0,0.0,1.0,0.0,0.0,0.0,1.0,1.0,1.0,1.0,0.0,1.0,0.0,0.0,0.0,1.0,0.0,1.0,1.0,1.0,1.0,0.0,0.0,1.0,1.0,0.0,0.0,0.0,0.0,0.0,0.0
874,396,0.13068823327141887,0.9087154357971248,4,161.70080013333634,161.70824914252432,37.346860570364086,34.20915909653111,21.332404292000472,25.954751188357935,60.64587780210297,37.20771629679513,15.0,15.0,5.085747714828928,5.085793780387118,3.1377014738329763,-4.622346896357463,23.438161505307846,-4.606555819000313e-05,0.0,0.0,0.0,0.0,1.0,1.0,1.0,1.0,1.0,1.0,0.0,0.0,1.0,0.0,0.0,0.0,0.0,0.0,0.0,0.0,0.0,1.0,0.0,0.0,1.0,1.0,1.0,1.0,1.0,0.0,0.0,0.0,0.0,0.0,1.0,0.0,1.0,1.0,1.0,1.0,0.0,0.0,0.0,1.0,0.0,0.0,0.0,0.0,0.0,0.0
875,415,0.05944297315174611,0.5150289946437236,2,153.3661983357003,120.600862392492,43.234017464017086,35.9915941552943,40.33885033650083,36.819582392529846,60.1046646391839,41.90560360454371,12.0,10.0,5.032828514820102,4.792486435117369,7.242423308722785,3.5192679439709877,18.199061034640195,0.24034207970273375,1.0,0.0,0.0,0.0,0.0,1.0,0.0,1.0,0.0,1.0,0.0,0.0,0.0,0.0,1.0,1.0,0.0,0.0,0.0,0.0,1.0,1.0,0.0,0.0,0.0,1.0,1.0,1.0,1.0,1.0,0.0,0.0,0.0,0.0,1.0,1.0,1.0,1.0,1.0,1.0,1.0,0.0,1.0,1.0,0.0,0.0,0.0,0.0,0.0,0.0
876,369,0.1466922668174817,0.9792701722509868,2,140.9452603424233,219.89572722407706,46.92387239292935,37.07378094104497,9.701386125734947,19.661163442853525,60.61757131739542,34.91186806702991,9.0,10.0,4.948371590477699,5.393153466831135,9.850091451884374,-9.959777317118577,25.70570325036551,-0.44478187635343736,0.0,0.0,1.0,0.0,1.0,1.0,1.0,1.0,1.0,1.0,0.0,0.0,1.0,0.0,1.0,1.0,0.0,0.0,0.0,0.0,1.0,1.0,1.0,0.0,1.0,1.0,1.0,1.0,0.0,0.0,0.0,0.0,0.0,0.0,0.0,0.0,1.0,1.0,1.0,1.0,0.0,0.0,0.0,1.0,0.0,0.0,0.0,0.0,0.0,0.0
877,405,0.11036023017360916,0.8112631720252376,2,99.396079723808,138.9162186218331,34.76014801311513,32.317502076944024,31.003295343076186,30.88610710239353,59.776980539338766,39.140480327171225,13.0,13.0,4.599112673486465,4.933871007679846,2.442645936171104,0.11718824068265477,20.63650021216754,-0.33475833419338147,1.0,0.0,0.0,0.0,0.0,1.0,0.0,1.0,0.0,1.0,1.0,0.0,0.0,0.0,0.0,0.0,0.0,0.0,0.0,0.0,1.0,1.0,0.0,0.0,0.0,1.0,1.0,1.0,1.0,1.0,1.0,0.0,0.0,0.0,1.0,1.0,1.0,1.0,1.0,1.0,1.0,0.0,1.0,1.0,0.0,0.0,0.0,0.0,0.0,0.0
878,405,0.02496385260638663,0.24914158493303432,2,119.50390188930476,138.9162186218331,37.19021644174878,32.317502076944024,27.156639809540888,30.88610710239353,60.637673068507894,39.140480327171225,14.0,13.0,4.783349022631852,4.933871007679846,4.872714364804757,-3.729467292852643,21.49719274133667,-0.15052198504799402,0.0,0.0,0.0,0.0,0.0,1.0,1.0,1.0,1.0,1.0,1.0,0.0,0.0,0.0,0.0,0.0,0.0,0.0,1.0,0.0,0.0,1.0,0.0,0.0,0.0,1.0,1.0,1.0,1.0,1.0,1.0,0.0,0.0,0.0,1.0,1.0,1.0,1.0,1.0,1.0,0.0,0.0,1.0,1.0,0.0,0.0,0.0,0.0,0.0,0.0
879,396,0.07690178974764447,0.6267688972386167,2,140.8119067136611,161.70824914252432,41.5791194742561,34.20915909653111,24.214138049685452,25.954751188357935,60.17403724257593,37.20771629679513,15.0,15.0,4.947425004876254,5.085793780387118,7.369960377724993,-1.740613138672483,22.9663209457808,-0.13836877551086466,0.0,0.0,0.0,0.0,0.0,1.0,1.0,1.0,1.0,1.0,1.0,0.0,0.0,0.0,0.0,0.0,0.0,0.0,1.0,0.0,0.0,1.0,0.0,0.0,0.0,1.0,1.0,1.0,1.0,0.0,1.0,0.0,0.0,0.0,1.0,0.0,1.0,1.0,1.0,1.0,0.0,0.0,1.0,1.0,0.0,0.0,0.0,0.0,0.0,0.0
880,416,0.01715488774765397,0.1776624375512336,2,128.8386559026571,256.2570962087984,22.59325611728265,22.27123964916965,24.98252352358421,27.555555054474283,60.67587361792104,43.07913184902686,10.0,12.0,4.858560892110049,5.546181222591327,0.32201646811299867,-2.5730315308900735,17.596741768894184,-0.687620330481278,0.0,0.0,0.0,0.0,0.0,1.0,1.0,1.0,1.0,1.0,0.0,0.0,0.0,0.0,1.0,1.0,0.0,0.0,1.0,0.0,0.0,1.0,0.0,0.0,0.0,1.0,1.0,1.0,0.0,0.0,0.0,0.0,0.0,0.0,0.0,0.0,1.0,1.0,1.0,1.0,0.0,0.0,1.0,1.0,0.0,0.0,0.0,0.0,0.0,0.0
881,389,0.1857944761734754,1.1332297081494531,2,91.09957896296116,219.02268286020382,30.31911576527182,29.30376026430555,17.775897456398997,26.258684303748623,59.999759276348804,37.37827477260198,12.0,17.0,4.51195318255338,5.389175299157139,1.0153555009662725,-8.482786847349626,22.62148450374682,-0.8772221166037594,0.0,0.0,0.0,0.0,1.0,1.0,1.0,1.0,1.0,1.0,0.0,0.0,1.0,0.0,0.0,0.0,0.0,0.0,0.0,0.0,0.0,1.0,0.0,0.0,1.0,1.0,1.0,1.0,1.0,0.0,0.0,0.0,0.0,0.0,1.0,0.0,1.0,1.0,1.0,1.0,0.0,0.0,0.0,1.0,0.0,0.0,0.0,0.0,0.0,0.0
882,416,0.0952675847126144,0.732223312785769,2,89.98512363687726,256.2570962087984,22.631440311400542,22.27123964916965,18.304111189425214,27.555555054474283,59.45563157081614,43.07913184902686,11.0,12.0,4.499644363744299,5.546181222591327,0.3602006622308913,-9.251443865049069,16.37649972178928,-1.0465368588470287,0.0,0.0,0.0,0.0,0.0,1.0,1.0,1.0,1.0,1.0,0.0,0.0,0.0,0.0,1.0,1.0,0.0,0.0,1.0,0.0,0.0,1.0,0.0,0.0,0.0,1.0,1.0,1.0,0.0,0.0,0.0,0.0,0.0,0.0,0.0,0.0,1.0,1.0,1.0,1.0,0.0,0.0,1.0,1.0,0.0,0.0,0.0,0.0,0.0,0.0
883,423,0.054855271304193244,0.4834707113886691,2,86.39410091949578,182.67060158148115,27.654567688328665,28.1642167968317,41.64991393643881,39.279626989932886,60.179297284895256,44.34968303607382,12.0,11.0,4.458919397084346,5.20768453955235,-0.5096491085030337,2.370286946505921,15.829614248821436,-0.7487651424680037,1.0,0.0,0.0,0.0,0.0,1.0,0.0,1.0,0.0,1.0,1.0,0.0,0.0,0.0,1.0,1.0,0.0,0.0,0.0,0.0,1.0,1.0,0.0,0.0,0.0,1.0,1.0,1.0,1.0,1.0,1.0,0.0,0.0,0.0,1.0,1.0,1.0,1.0,1.0,1.0,1.0,0.0,1.0,1.0,0.0,0.0,0.0,0.0,0.0,0.0
884,409,0.013263634965278616,0.14004120448495944,2,112.89337200637972,203.6701048444326,46.31364501989469,39.740929812275375,30.68143894325852,32.24115513942724,61.2858036133142,39.241495668749145,10.0,13.0,4.7264437626686195,5.316501551757556,6.572715207619318,-1.559716196168722,22.044307944565055,-0.5900577890889362,1.0,0.0,0.0,0.0,0.0,1.0,0.0,1.0,0.0,1.0,1.0,0.0,0.0,0.0,1.0,1.0,0.0,0.0,0.0,0.0,1.0,1.0,0.0,0.0,0.0,1.0,1.0,1.0,1.0,1.0,1.0,0.0,0.0,0.0,1.0,1.0,1.0,1.0,1.0,1.0,1.0,0.0,1.0,1.0,0.0,0.0,0.0,0.0,0.0,0.0
885,420,0.03991001876877692,0.373157833893871,2,125.36193629564323,111.52677363180932,33.99371566936575,32.10494468388888,43.706205510827445,38.90532829084777,61.287962578755405,42.960777024483676,12.0,8.0,4.831205043809487,4.714264684333818,1.8887709854768673,4.800877219979675,18.32718555427173,0.11694035947566986,1.0,0.0,0.0,0.0,0.0,1.0,0.0,1.0,0.0,1.0,0.0,0.0,0.0,0.0,1.0,1.0,0.0,0.0,0.0,0.0,1.0,1.0,0.0,0.0,0.0,1.0,1.0,1.0,1.0,1.0,0.0,0.0,0.0,0.0,1.0,1.0,1.0,1.0,1.0,1.0,1.0,0.0,1.0,1.0,0.0,0.0,0.0,0.0,0.0,0.0
886,396,0.18923690902076776,1.1457137162645907,2,110.20724891274159,161.70824914252432,41.89471085047058,34.20915909653111,16.24854624775281,25.954751188357935,61.24247615224719,37.20771629679513,12.0,15.0,4.702362674162886,5.085793780387118,7.685551753939471,-9.706204940605126,24.034759855452066,-0.38343110622423227,0.0,0.0,0.0,0.0,1.0,1.0,1.0,1.0,1.0,1.0,0.0,0.0,1.0,0.0,0.0,0.0,0.0,0.0,0.0,0.0,0.0,1.0,0.0,0.0,1.0,1.0,1.0,1.0,1.0,0.0,0.0,0.0,0.0,0.0,1.0,0.0,1.0,1.0,1.0,1.0,0.0,0.0,0.0,1.0,0.0,0.0,0.0,0.0,0.0,0.0
887,420,0.03788836807682623,0.35725582860205224,2,110.10247106157132,111.52677363180932,37.165728631275016,32.10494468388888,43.961227922008824,38.90532829084777,61.35028218959253,42.960777024483676,8.0,8.0,4.701411487269431,4.714264684333818,5.060783947386135,5.055899631161054,18.38950516510885,-0.012853197064386484,1.0,0.0,0.0,0.0,0.0,1.0,0.0,1.0,0.0,1.0,0.0,0.0,0.0,0.0,1.0,1.0,1.0,0.0,0.0,0.0,1.0,1.0,0.0,0.0,0.0,1.0,1.0,1.0,1.0,1.0,0.0,0.0,0.0,0.0,1.0,1.0,1.0,1.0,1.0,1.0,1.0,0.0,1.0,1.0,0.0,0.0,0.0,0.0,0.0,0.0
888,416,0.05170775393668096,0.4612284971978676,2,110.86449179735519,256.2570962087984,23.31500831843115,22.27123964916965,30.309245200446778,27.555555054474283,59.96246888276484,43.07913184902686,10.0,12.0,4.70830866091714,5.546181222591327,1.0437686692614996,2.753690145972495,16.88333703373798,-0.8378725616741869,0.0,0.0,0.0,0.0,0.0,1.0,1.0,1.0,1.0,1.0,1.0,0.0,0.0,0.0,1.0,1.0,0.0,0.0,1.0,0.0,0.0,1.0,0.0,0.0,0.0,1.0,1.0,1.0,1.0,0.0,1.0,0.0,0.0,0.0,1.0,0.0,1.0,1.0,1.0,1.0,0.0,0.0,1.0,1.0,0.0,0.0,0.0,0.0,0.0,0.0
889,396,0.18575223051715548,1.1330755317875216,5,154.93786610325452,161.70824914252432,37.28497565521583,34.20915909653111,16.460488519365548,25.954751188357935,62.24768312633715,37.20771629679513,13.0,15.0,5.043024172701885,5.085793780387118,3.0758165586847213,-9.494262668992388,25.039966829542024,-0.042769607685233954,0.0,0.0,0.0,0.0,1.0,1.0,1.0,1.0,1.0,1.0,0.0,0.0,1.0,0.0,0.0,0.0,0.0,0.0,0.0,0.0,0.0,1.0,0.0,0.0,1.0,1.0,1.0,1.0,1.0,0.0,0.0,0.0,0.0,0.0,1.0,0.0,1.0,1.0,1.0,1.0,0.0,0.0,0.0,1.0,0.0,0.0,0.0,0.0,0.0,0.0
890,429,0.037467768232644645,0.35391543463840336,2,135.80162037588218,183.27430247139353,26.490829925304045,27.200600191265526,32.11987939773445,32.68097560718086,62.38743201679877,46.51948765291643,12.0,10.0,4.911195147129125,5.210983951189946,-0.7097702659614811,-0.5610962094464114,15.867944363882337,-0.2997888040608211,1.0,0.0,0.0,0.0,0.0,1.0,0.0,1.0,0.0,1.0,1.0,0.0,0.0,0.0,1.0,1.0,0.0,0.0,0.0,0.0,1.0,1.0,0.0,0.0,0.0,1.0,1.0,1.0,1.0,1.0,1.0,0.0,0.0,0.0,1.0,1.0,1.0,1.0,1.0,1.0,1.0,0.0,1.0,1.0,0.0,0.0,0.0,0.0,0.0,0.0
891,423,0.0431476339760467,0.39810913139222026,1,89.96607311848265,182.67060158148115,30.604520299765408,28.1642167968317,42.42764629105347,39.279626989932886,61.89210184383271,44.34968303607382,8.0,11.0,4.499432633910773,5.20768453955235,2.440303502933709,3.148019301120584,17.542418807758892,-0.7082519056415761,1.0,0.0,0.0,0.0,0.0,1.0,0.0,1.0,0.0,1.0,0.0,0.0,0.0,0.0,1.0,1.0,0.0,0.0,0.0,0.0,1.0,1.0,0.0,0.0,0.0,1.0,1.0,1.0,1.0,1.0,0.0,0.0,0.0,0.0,1.0,1.0,1.0,1.0,1.0,1.0,1.0,0.0,1.0,1.0,0.0,0.0,0.0,0.0,0.0,0.0
892,415,0.05281000165915558,0.46907404239941863,2,106.92103448967367,120.600862392492,40.15373556673912,35.9915941552943,40.408724270645884,36.819582392529846,61.99485386271715,41.90560360454371,8.0,10.0,4.672090566585619,4.792486435117369,4.162141411444821,3.5891418781160382,20.089250258173443,-0.1203958685317498,1.0,0.0,0.0,0.0,0.0,1.0,0.0,1.0,0.0,1.0,0.0,0.0,0.0,0.0,1.0,1.0,0.0,0.0,0.0,0.0,1.0,1.0,0.0,0.0,0.0,1.0,1.0,1.0,1.0,1.0,0.0,0.0,0.0,0.0,1.0,1.0,1.0,1.0,1.0,1.0,1.0,0.0,1.0,1.0,0.0,0.0,0.0,0.0,0.0,0.0
893,429,0.04406349503576246,0.40505587576534713,1,67.83889600315865,183.27430247139353,27.53238626919931,27.200600191265526,37.125178775484414,32.68097560718086,62.14866781844987,46.51948765291643,8.0,10.0,4.217135717812887,5.210983951189946,0.3317860779337849,4.444203168303552,15.629180165533441,-0.993848233377059,1.0,0.0,0.0,0.0,0.0,1.0,0.0,1.0,0.0,1.0,1.0,0.0,0.0,0.0,1.0,1.0,0.0,0.0,0.0,0.0,1.0,1.0,0.0,0.0,0.0,1.0,1.0,1.0,1.0,1.0,1.0,0.0,0.0,0.0,1.0,1.0,1.0,1.0,1.0,1.0,1.0,0.0,1.0,1.0,0.0,0.0,0.0,0.0,0.0,0.0
894,411,0.08160630306119576,0.6548591783372046,2,109.5785818057199,159.98073582677512,47.90195622739726,38.09422090143585,23.981905531032684,24.90927411396226,62.47238743250174,39.96976877320755,8.0,9.0,4.696641933935992,5.075053406902379,9.80773532596141,-0.9273685829295779,22.502618659294193,-0.3784114729663874,0.0,0.0,0.0,0.0,0.0,1.0,1.0,1.0,1.0,1.0,1.0,0.0,0.0,0.0,1.0,1.0,0.0,0.0,1.0,0.0,0.0,1.0,0.0,0.0,0.0,1.0,1.0,1.0,1.0,0.0,1.0,0.0,0.0,0.0,1.0,0.0,1.0,1.0,1.0,1.0,0.0,0.0,1.0,1.0,0.0,0.0,0.0,0.0,0.0,0.0
895,411,0.12412429181301333,0.8782739548332822,3,196.82043079377524,159.98073582677512,47.63333939186631,38.09422090143585,16.532589358176452,24.90927411396226,63.085683507356144,39.96976877320755,11.0,9.0,5.282291794238769,5.075053406902379,9.539118490430461,-8.37668475578581,23.115914734148596,0.20723838733638933,0.0,0.0,0.0,0.0,1.0,1.0,1.0,1.0,1.0,1.0,0.0,0.0,1.0,0.0,1.0,1.0,0.0,0.0,0.0,0.0,0.0,1.0,0.0,0.0,1.0,1.0,1.0,1.0,1.0,0.0,0.0,0.0,0.0,0.0,1.0,0.0,1.0,1.0,1.0,1.0,0.0,0.0,0.0,1.0,0.0,0.0,0.0,0.0,0.0,0.0
896,422,0.03685520782313338,0.3490304478216591,1,81.44096613690066,242.37197574081412,25.10724805912557,26.74197086316084,15.984856331052631,25.787179676118946,62.656955413684216,44.50858285340665,6.0,10.0,4.399878415905969,5.490473635881315,-1.6347228040352704,-9.802323345066315,18.148372560277565,-1.0905952199753453,0.0,0.0,0.0,0.0,1.0,1.0,1.0,1.0,1.0,1.0,0.0,0.0,1.0,0.0,1.0,1.0,0.0,0.0,0.0,0.0,1.0,1.0,1.0,0.0,1.0,1.0,1.0,1.0,0.0,0.0,0.0,0.0,0.0,0.0,0.0,0.0,1.0,1.0,1.0,1.0,0.0,0.0,0.0,1.0,0.0,0.0,0.0,0.0,0.0,0.0
897,422,0.07338604802047244,0.6052491620191238,2,139.55457249961773,242.37197574081412,27.964503395539918,26.74197086316084,13.714772578083407,25.787179676118946,63.64746916370896,44.50858285340665,9.0,10.0,4.9384557254764765,5.490473635881315,1.222532532379077,-12.072407098035539,19.13888631030231,-0.552017910404838,0.0,0.0,0.0,0.0,1.0,1.0,1.0,1.0,1.0,1.0,0.0,0.0,1.0,0.0,1.0,1.0,0.0,0.0,0.0,0.0,1.0,1.0,1.0,0.0,1.0,1.0,1.0,1.0,0.0,0.0,0.0,0.0,0.0,0.0,0.0,0.0,1.0,1.0,1.0,1.0,0.0,0.0,0.0,1.0,0.0,0.0,0.0,0.0,0.0,0.0
898,402,0.2608810078055052,1.3753980669879302,3,103.69197162178955,147.42375731659806,37.961461099890116,33.96128459853206,7.105110728917876,20.43580978378378,64.1436970093239,39.4223316081081,7.0,9.0,4.641424692969309,4.993311142592761,4.000176501358055,-13.330699054865907,24.7213654012158,-0.3518864496234521,0.0,0.0,1.0,0.0,1.0,1.0,1.0,1.0,1.0,1.0,0.0,0.0,1.0,0.0,1.0,1.0,0.0,0.0,0.0,0.0,1.0,1.0,1.0,0.0,1.0,1.0,1.0,1.0,0.0,0.0,0.0,0.0,0.0,0.0,0.0,0.0,1.0,1.0,1.0,1.0,0.0,0.0,0.0,1.0,0.0,0.0,0.0,0.0,0.0,0.0
899,425,0.057073461950456705,0.49885378772305566,2,99.9771205348432,76.01987359896397,43.1673219222474,35.82387388825561,33.70694726953125,32.66909549560171,63.2403575143388,43.67162012932193,10.0,8.0,4.604941365159034,4.3309948008257555,7.343448033991791,1.037851773929539,19.568737385016867,0.2739465643332789,1.0,0.0,0.0,0.0,0.0,1.0,0.0,1.0,0.0,1.0,1.0,0.0,0.0,0.0,1.0,1.0,0.0,0.0,0.0,0.0,1.0,1.0,0.0,0.0,0.0,1.0,1.0,1.0,1.0,1.0,1.0,0.0,0.0,0.0,1.0,1.0,1.0,1.0,1.0,1.0,1.0,0.0,1.0,1.0,0.0,0.0,0.0,0.0,0.0,0.0
900,422,0.02084110150157223,0.21204147093585263,1,85.55587811013353,242.37197574081412,25.573586490229765,26.74197086316084,20.00072996192385,25.787179676118946,63.448372104208424,44.50858285340665,7.0,10.0,4.449169707622847,5.490473635881315,-1.1683843729310759,-5.786449714195097,18.939789250801773,-1.0413039282584677,0.0,0.0,0.0,0.0,1.0,1.0,1.0,1.0,1.0,1.0,0.0,0.0,1.0,0.0,1.0,1.0,0.0,0.0,0.0,0.0,1.0,1.0,1.0,0.0,1.0,1.0,1.0,1.0,0.0,0.0,0.0,0.0,0.0,0.0,0.0,0.0,1.0,1.0,1.0,1.0,0.0,0.0,0.0,1.0,0.0,0.0,0.0,0.0,0.0,0.0
901,427,0.050251809669045355,0.450770164804497,2,171.5118171065536,154.79819587952747,32.96653931359947,31.511785888852295,37.12465018460513,34.440299648737025,63.959749771659446,45.455991330563386,11.0,10.0,5.144652168643586,5.042122306562696,1.4547534247471745,2.6843505358681057,18.50375844109606,0.10252986208089009,1.0,0.0,0.0,0.0,0.0,1.0,0.0,1.0,0.0,1.0,0.0,0.0,0.0,0.0,1.0,1.0,0.0,0.0,0.0,0.0,1.0,1.0,0.0,0.0,0.0,1.0,1.0,1.0,1.0,1.0,0.0,0.0,0.0,0.0,1.0,1.0,1.0,1.0,1.0,1.0,1.0,0.0,1.0,1.0,0.0,0.0,0.0,0.0,0.0,0.0
902,411,0.05178874668846787,0.46180708487669836,2,114.7603228090502,159.98073582677512,45.23516269397313,38.09422090143585,24.491717036354583,24.90927411396226,63.894297634213146,39.96976877320755,11.0,9.0,4.742845804014839,5.075053406902379,7.140941792537284,-0.4175570776076789,23.924528861005598,-0.33220760288754053,0.0,0.0,0.0,0.0,0.0,1.0,1.0,1.0,1.0,1.0,1.0,0.0,0.0,0.0,1.0,1.0,0.0,0.0,1.0,0.0,0.0,1.0,0.0,0.0,0.0,1.0,1.0,1.0,1.0,0.0,1.0,0.0,0.0,0.0,1.0,0.0,1.0,1.0,1.0,1.0,0.0,0.0,1.0,1.0,0.0,0.0,0.0,0.0,0.0,0.0
903,422,0.01708475619121121,0.17699676927011782,2,143.04081736582893,242.37197574081412,26.326985127574964,26.74197086316084,25.162975988246654,25.787179676118946,63.80261461180661,44.50858285340665,11.0,10.0,4.9631300256554445,5.490473635881315,-0.41498573558587637,-0.6242036878722921,19.29403175839996,-0.5273436102258703,0.0,0.0,0.0,0.0,0.0,1.0,1.0,1.0,1.0,1.0,1.0,0.0,0.0,0.0,1.0,1.0,0.0,0.0,1.0,0.0,0.0,1.0,0.0,0.0,0.0,1.0,1.0,1.0,1.0,0.0,1.0,0.0,0.0,0.0,1.0,0.0,1.0,1.0,1.0,1.0,0.0,0.0,1.0,1.0,0.0,0.0,0.0,0.0,0.0,0.0
904,429,0.0770153860846709,0.6274565518908607,1,71.5156460533158,183.27430247139353,29.8486935100134,27.200600191265526,37.54663253462973,32.68097560718086,63.491007723228556,46.51948765291643,8.0,10.0,4.269916251681563,5.210983951189946,2.6480933187478755,4.8656569274488675,16.971520070312124,-0.9410676995083824,1.0,0.0,0.0,0.0,0.0,1.0,0.0,1.0,0.0,1.0,0.0,0.0,0.0,0.0,1.0,1.0,0.0,0.0,0.0,0.0,1.0,1.0,0.0,0.0,0.0,1.0,1.0,1.0,1.0,1.0,0.0,0.0,0.0,0.0,1.0,1.0,1.0,1.0,1.0,1.0,1.0,0.0,1.0,1.0,0.0,0.0,0.0,0.0,0.0,0.0
905,369,0.1300838302244702,0.9059508224662235,2,118.80855796790198,219.89572722407706,44.056437592309514,37.07378094104497,10.872200930249338,19.661163442853525,64.06860956882866,34.91186806702991,9.0,10.0,4.777513441100873,5.393153466831135,6.982656651264541,-8.788962512604186,29.156741501798756,-0.6156400257302627,0.0,0.0,1.0,0.0,1.0,1.0,1.0,1.0,1.0,1.0,0.0,0.0,1.0,0.0,1.0,1.0,0.0,0.0,0.0,0.0,1.0,1.0,1.0,0.0,1.0,1.0,1.0,1.0,0.0,0.0,0.0,0.0,0.0,0.0,0.0,0.0,1.0,1.0,1.0,1.0,0.0,0.0,0.0,1.0,0.0,0.0,0.0,0.0,0.0,0.0
906,429,0.037396332592188,0.3533469843170618,2,101.30113156326766,183.27430247139353,29.53851243188737,27.200600191265526,32.6048020303244,32.68097560718086,64.49735768801129,46.51948765291643,9.0,10.0,4.618097581609502,5.210983951189946,2.3379122406218436,-0.07617357685646198,17.97787003509486,-0.5928863695804445,1.0,0.0,0.0,0.0,0.0,1.0,0.0,1.0,0.0,1.0,1.0,0.0,0.0,0.0,1.0,1.0,0.0,0.0,0.0,0.0,1.0,1.0,0.0,0.0,0.0,1.0,1.0,1.0,1.0,1.0,1.0,0.0,0.0,0.0,1.0,1.0,1.0,1.0,1.0,1.0,1.0,0.0,1.0,1.0,0.0,0.0,0.0,0.0,0.0,0.0
907,427,0.05524678784660434,0.4862031200087701,2,152.61370285911374,154.79819587952747,36.434318708934974,31.511785888852295,37.45664485288978,34.440299648737025,64.18058454768443,45.455991330563386,10.0,10.0,5.027909910750226,5.042122306562696,4.9225328200826795,3.0163452041527563,18.724593217121047,-0.014212395812469813,1.0,0.0,0.0,0.0,0.0,1.0,0.0,1.0,0.0,1.0,0.0,0.0,0.0,0.0,1.0,1.0,0.0,0.0,0.0,0.0,1.0,1.0,0.0,0.0,0.0,1.0,1.0,1.0,1.0,1.0,0.0,0.0,0.0,0.0,1.0,1.0,1.0,1.0,1.0,1.0,1.0,0.0,1.0,1.0,0.0,0.0,0.0,0.0,0.0,0.0
908,425,0.06724007297664875,0.5664802650677022,2,125.19048163009185,76.01987359896397,40.138174354315304,35.82387388825561,34.74223632195845,32.66909549560171,64.24847765430268,43.67162012932193,10.0,8.0,4.829836430457172,4.3309948008257555,4.3143004660596915,2.0731408263567417,20.576857524980745,0.4988416296314168,1.0,0.0,0.0,0.0,0.0,1.0,0.0,1.0,0.0,1.0,1.0,0.0,0.0,0.0,1.0,1.0,0.0,0.0,0.0,0.0,1.0,1.0,0.0,0.0,0.0,1.0,1.0,1.0,1.0,1.0,1.0,0.0,0.0,0.0,1.0,1.0,1.0,1.0,1.0,1.0,1.0,0.0,1.0,1.0,0.0,0.0,0.0,0.0,0.0,0.0
909,422,0.033994439239928474,0.32589529127169187,2,150.0133070982513,242.37197574081412,29.15058531962237,26.74197086316084,19.366838597117276,25.787179676118946,65.13100204543146,44.50858285340665,13.0,10.0,5.010724004149744,5.490473635881315,2.408614456461528,-6.42034107900167,20.622419192024807,-0.47974963173157037,0.0,0.0,0.0,0.0,1.0,1.0,1.0,1.0,1.0,1.0,0.0,0.0,1.0,0.0,1.0,1.0,0.0,0.0,0.0,0.0,0.0,1.0,0.0,0.0,1.0,1.0,1.0,1.0,1.0,0.0,0.0,0.0,0.0,0.0,1.0,0.0,1.0,1.0,1.0,1.0,0.0,0.0,0.0,1.0,0.0,0.0,0.0,0.0,0.0,0.0
910,424,0.0035838823716716336,0.03981412699615798,2,126.78119991604068,200.3822569209099,42.865308428672016,34.82851486029049,27.54162464504132,26.700796681738122,64.53417642024793,43.46993202778679,8.0,10.0,4.8424627653643215,5.300226826972149,8.036793568381526,0.8408279633031981,21.06424439246114,-0.4577640616078273,0.0,0.0,0.0,0.0,0.0,1.0,1.0,1.0,1.0,1.0,1.0,0.0,0.0,0.0,1.0,1.0,0.0,0.0,1.0,0.0,0.0,1.0,0.0,0.0,0.0,1.0,1.0,1.0,1.0,0.0,1.0,0.0,0.0,0.0,1.0,0.0,1.0,1.0,1.0,1.0,0.0,0.0,1.0,1.0,0.0,0.0,0.0,0.0,0.0,0.0
911,422,0.018270063335640258,0.18818824557585673,1,86.52745454825796,242.37197574081412,29.52467713977357,26.74197086316084,28.02469801287979,25.787179676118946,64.94313167387715,44.50858285340665,10.0,10.0,4.460461757200613,5.490473635881315,2.7827062766127284,2.237518336760843,20.434548820470496,-1.030011878680702,0.0,0.0,0.0,0.0,0.0,1.0,1.0,1.0,1.0,1.0,1.0,0.0,0.0,0.0,1.0,1.0,0.0,0.0,1.0,0.0,0.0,1.0,0.0,0.0,0.0,1.0,1.0,1.0,1.0,0.0,1.0,0.0,0.0,0.0,1.0,0.0,1.0,1.0,1.0,1.0,0.0,0.0,1.0,1.0,0.0,0.0,0.0,0.0,0.0,0.0
912,428,0.025508848917613344,0.25394452367142073,2,125.03807748293508,199.2305813770771,32.7959306532915,31.17059853206577,30.1047399571113,28.501436331709478,65.24496329949721,45.67724851454478,11.0,10.0,4.828618310778571,5.294462854336622,1.6253321212257283,1.6033036254018214,19.567714784952436,-0.46584454355805116,1.0,0.0,0.0,0.0,0.0,1.0,0.0,1.0,0.0,1.0,1.0,0.0,0.0,0.0,1.0,1.0,0.0,0.0,0.0,0.0,1.0,1.0,0.0,0.0,0.0,1.0,1.0,1.0,1.0,0.0,1.0,0.0,0.0,0.0,1.0,0.0,1.0,1.0,1.0,1.0,1.0,0.0,1.0,1.0,0.0,0.0,0.0,0.0,0.0,0.0
913,411,0.12448359954734493,0.8799645029892232,2,161.10070880390654,159.98073582677512,44.57555265939462,38.09422090143585,17.546116119523443,24.90927411396226,65.67890717179093,39.96976877320755,10.0,9.0,5.082029689949206,5.075053406902379,6.48133175795877,-7.363157994438819,25.709138398583377,0.006976283046826609,0.0,0.0,0.0,0.0,1.0,1.0,1.0,1.0,1.0,1.0,0.0,0.0,1.0,0.0,1.0,1.0,0.0,0.0,0.0,0.0,0.0,1.0,0.0,0.0,1.0,1.0,1.0,1.0,1.0,0.0,0.0,0.0,0.0,0.0,1.0,0.0,1.0,1.0,1.0,1.0,0.0,0.0,0.0,1.0,0.0,0.0,0.0,0.0,0.0,0.0
914,419,0.09779124037109634,0.7458822790459855,2,160.98640569353896,89.85855553695497,34.374117932210034,30.53560966512212,10.454803014525767,22.21755063767442,65.78012043864268,42.414387497209304,9.0,7.0,5.081319924733392,4.498236828918502,3.8385082670879136,-11.762747623148654,23.36573294143338,0.5830830958148894,0.0,0.0,1.0,0.0,1.0,1.0,1.0,1.0,1.0,1.0,0.0,0.0,1.0,0.0,1.0,1.0,0.0,0.0,0.0,0.0,1.0,1.0,1.0,0.0,1.0,1.0,1.0,1.0,0.0,0.0,0.0,0.0,0.0,0.0,0.0,0.0,1.0,1.0,1.0,1.0,0.0,0.0,0.0,1.0,0.0,0.0,0.0,0.0,0.0,0.0
915,424,0.008500637124673518,0.09197786478616923,2,134.67763979060098,200.3822569209099,39.64459577551594,34.82851486029049,28.262104198599616,26.700796681738122,65.6442269614895,43.46993202778679,12.0,10.0,4.902884069567004,5.300226826972149,4.816080915225449,1.5613075168614934,22.174294933702704,-0.39734275740514424,0.0,0.0,0.0,0.0,0.0,1.0,1.0,1.0,1.0,1.0,1.0,0.0,0.0,0.0,1.0,1.0,0.0,0.0,1.0,0.0,0.0,1.0,0.0,0.0,0.0,1.0,1.0,1.0,1.0,0.0,1.0,0.0,0.0,0.0,1.0,0.0,1.0,1.0,1.0,1.0,0.0,0.0,1.0,1.0,0.0,0.0,0.0,0.0,0.0,0.0
916,422,0.0305516519382549,0.29732447617269786,1,47.24528561859968,242.37197574081412,29.116046878423067,26.74197086316084,24.654240613306452,25.787179676118946,65.40352042590726,44.50858285340665,5.0,10.0,3.855352873694137,5.490473635881315,2.374076015262226,-1.1329390628124933,20.89493757250061,-1.635120762187178,0.0,0.0,0.0,0.0,0.0,1.0,1.0,1.0,1.0,1.0,1.0,0.0,0.0,0.0,1.0,1.0,0.0,0.0,1.0,0.0,0.0,1.0,0.0,0.0,0.0,1.0,1.0,1.0,1.0,0.0,1.0,0.0,0.0,0.0,1.0,0.0,1.0,1.0,1.0,1.0,0.0,0.0,1.0,1.0,0.0,0.0,0.0,0.0,0.0,0.0
917,419,0.12047523131653236,0.8609412030987684,2,86.8989396569526,89.85855553695497,31.439747100638627,30.53560966512212,13.787911521703387,22.21755063767442,65.64337631404143,42.414387497209304,8.0,7.0,4.464745830320639,4.498236828918502,0.9041374355165068,-8.429639115971034,23.22898881683213,-0.03349099859786422,0.0,0.0,1.0,0.0,1.0,1.0,1.0,1.0,1.0,1.0,0.0,0.0,1.0,0.0,1.0,1.0,0.0,0.0,0.0,0.0,1.0,1.0,1.0,0.0,1.0,1.0,1.0,1.0,0.0,0.0,0.0,0.0,0.0,0.0,0.0,0.0,1.0,1.0,1.0,1.0,0.0,0.0,0.0,1.0,0.0,0.0,0.0,0.0,0.0,0.0
918,428,0.04111596834799882,0.3825246256248957,2,119.8087101836183,199.2305813770771,36.37251678882975,31.17059853206577,31.095568297265064,28.501436331709478,65.64439932910638,45.67724851454478,9.0,10.0,4.785896389078612,5.294462854336622,5.201918256763978,2.5941319655555866,19.9671508145616,-0.5085664652580097,1.0,0.0,0.0,0.0,0.0,1.0,0.0,1.0,0.0,1.0,1.0,0.0,0.0,0.0,1.0,1.0,0.0,0.0,0.0,0.0,1.0,1.0,0.0,0.0,0.0,1.0,1.0,1.0,1.0,0.0,1.0,0.0,0.0,0.0,1.0,0.0,1.0,1.0,1.0,1.0,1.0,0.0,1.0,1.0,0.0,0.0,0.0,0.0,0.0,0.0
919,419,0.11130547099060711,0.8160115088042245,2,167.95889542596132,89.85855553695497,33.72588473106145,30.53560966512212,17.099927713661884,22.21755063767442,66.78069894011229,42.414387497209304,12.0,7.0,5.123719279383088,4.498236828918502,3.1902750659393284,-5.117622924012537,24.366311442902983,0.6254824504645848,0.0,0.0,0.0,0.0,1.0,1.0,1.0,1.0,1.0,1.0,0.0,0.0,1.0,0.0,1.0,1.0,0.0,0.0,0.0,0.0,0.0,1.0,0.0,0.0,1.0,1.0,1.0,1.0,1.0,0.0,0.0,0.0,0.0,0.0,1.0,0.0,1.0,1.0,1.0,1.0,0.0,0.0,0.0,1.0,0.0,0.0,0.0,0.0,0.0,0.0
920,428,0.0025609407166074577,0.02861077513029966,2,112.19802808497694,199.2305813770771,34.93664688234791,31.17059853206577,25.25618830274217,28.501436331709478,66.45998645789116,45.67724851454478,12.0,10.0,4.720265417933948,5.294462854336622,3.766048350282137,-3.245248028967307,20.782737943346383,-0.5741974364026742,0.0,0.0,0.0,0.0,0.0,1.0,1.0,1.0,1.0,1.0,1.0,0.0,0.0,0.0,1.0,1.0,0.0,0.0,1.0,0.0,0.0,1.0,0.0,0.0,0.0,1.0,1.0,1.0,1.0,0.0,1.0,0.0,0.0,0.0,1.0,0.0,1.0,1.0,1.0,1.0,0.0,0.0,1.0,1.0,0.0,0.0,0.0,0.0,0.0,0.0
921,424,0.09558819093367525,0.7339689337593651,2,142.93603951465863,200.3822569209099,41.278413804132796,34.82851486029049,21.381212654538185,26.700796681738122,66.40640107946822,43.46993202778679,12.0,10.0,4.962397254080838,5.300226826972149,6.449898943842307,-5.319584027199937,22.936469051681435,-0.3378295728913107,0.0,0.0,0.0,0.0,1.0,1.0,1.0,1.0,1.0,1.0,0.0,0.0,1.0,0.0,1.0,1.0,0.0,0.0,0.0,0.0,0.0,1.0,0.0,0.0,1.0,1.0,1.0,1.0,1.0,0.0,0.0,0.0,0.0,0.0,1.0,0.0,1.0,1.0,1.0,1.0,0.0,0.0,0.0,1.0,0.0,0.0,0.0,0.0,0.0,0.0
922,428,0.008169719449072637,0.08855116518357176,2,137.21135873708235,199.2305813770771,32.145324143404544,31.17059853206577,23.333970698715724,28.501436331709478,66.51913740728914,45.67724851454478,9.0,10.0,4.921522501493793,5.294462854336622,0.9747256113387728,-5.167465632993753,20.841888892744358,-0.3729403528428295,0.0,0.0,0.0,0.0,0.0,1.0,1.0,1.0,1.0,1.0,1.0,0.0,0.0,0.0,1.0,1.0,0.0,0.0,1.0,0.0,0.0,1.0,0.0,0.0,0.0,1.0,1.0,1.0,1.0,0.0,1.0,0.0,0.0,0.0,1.0,0.0,1.0,1.0,1.0,1.0,0.0,0.0,1.0,1.0,0.0,0.0,0.0,0.0,0.0,0.0
923,402,0.10774191183239035,0.7979913132602295,2,215.68996926362323,147.42375731659806,40.92922485972446,33.96128459853206,13.585789427066773,20.43580978378378,66.84874798350556,39.4223316081081,10.0,9.0,5.3738420491317145,4.993311142592761,6.967940261192396,-6.850020356717009,27.42641637539746,0.3805309065389531,0.0,0.0,1.0,0.0,1.0,1.0,1.0,1.0,1.0,1.0,0.0,0.0,1.0,0.0,1.0,1.0,0.0,0.0,0.0,0.0,1.0,1.0,1.0,0.0,1.0,1.0,1.0,1.0,0.0,0.0,0.0,0.0,0.0,0.0,0.0,0.0,1.0,1.0,1.0,1.0,0.0,0.0,0.0,1.0,0.0,0.0,0.0,0.0,0.0,0.0
924,424,0.017937423606664227,0.18506013751920966,1,84.91768574391455,200.3822569209099,37.89954194748968,34.82851486029049,23.88639012955693,26.700796681738122,66.8170431540101,43.46993202778679,7.0,10.0,4.441682384272404,5.300226826972149,3.071027087199191,-2.814406552181193,23.347111126223304,-0.858544442699744,0.0,0.0,0.0,0.0,1.0,1.0,1.0,1.0,1.0,1.0,0.0,0.0,1.0,0.0,1.0,1.0,0.0,0.0,0.0,0.0,0.0,1.0,0.0,0.0,1.0,1.0,1.0,1.0,1.0,0.0,0.0,0.0,0.0,0.0,1.0,0.0,1.0,1.0,1.0,1.0,0.0,0.0,0.0,1.0,0.0,0.0,0.0,0.0,0.0,0.0
925,402,0.11232608650166405,0.8211132946141141,2,144.37435365345067,147.42375731659806,37.81669555077833,33.96128459853206,12.988268439170021,20.43580978378378,67.83329390281719,39.4223316081081,7.0,9.0,4.9724096044068204,4.993311142592761,3.8554109522462667,-7.447541344613761,28.410962294709087,-0.02090153818594069,0.0,0.0,1.0,0.0,1.0,1.0,1.0,1.0,1.0,1.0,0.0,0.0,1.0,0.0,1.0,1.0,0.0,0.0,0.0,0.0,1.0,1.0,1.0,0.0,1.0,1.0,1.0,1.0,0.0,0.0,0.0,0.0,0.0,0.0,0.0,0.0,1.0,1.0,1.0,1.0,0.0,0.0,0.0,1.0,0.0,0.0,0.0,0.0,0.0,0.0
926,424,0.09557726169155907,0.7339094769003812,2,134.33473045949825,200.3822569209099,37.362348619890476,34.82851486029049,19.887803891831524,26.700796681738122,67.86769573867262,43.46993202778679,9.0,10.0,4.900334673667404,5.300226826972149,2.533833759599986,-6.812992789906598,24.397763710885833,-0.39989215330474454,0.0,0.0,0.0,0.0,1.0,1.0,1.0,1.0,1.0,1.0,0.0,0.0,1.0,0.0,1.0,1.0,0.0,0.0,0.0,0.0,0.0,1.0,0.0,0.0,1.0,1.0,1.0,1.0,1.0,0.0,0.0,0.0,0.0,0.0,1.0,0.0,1.0,1.0,1.0,1.0,0.0,0.0,0.0,1.0,0.0,0.0,0.0,0.0,0.0,0.0
929,406,-0.031655541075129905,-0.444355841918915,1,184.1613613205658,149.6249436382785,33.157256675916194,29.61719573949661,4.849385279481742,19.499256912011173,48.57968748714699,38.589015429050285,11.0,10.0,5.215812336999715,5.00813178719154,3.540060936419586,-14.649871632529432,9.990672058096706,0.20768054980817466,0.0,0.0,0.0,0.0,1.0,1.0,1.0,1.0,1.0,1.0,0.0,0.0,1.0,0.0,1.0,1.0,0.0,0.0,0.0,0.0,1.0,1.0,1.0,0.0,1.0,1.0,1.0,1.0,0.0,0.0,0.0,0.0,0.0,0.0,0.0,0.0,1.0,1.0,1.0,1.0,0.0,0.0,0.0,1.0,0.0,0.0,0.0,0.0,0.0,0.0
930,356,0.22226415313768122,1.2581750781617878,1,81.2409356937574,79.66994205643407,29.35112600630722,28.925153061738865,5.431368156173057,17.002522491956167,47.48639818237777,29.927724634588483,5.0,10.0,4.397419254294273,4.377892376097345,0.425972944568354,-11.57115433578311,17.558673547789287,0.019526878196927656,0.0,0.0,0.0,0.0,1.0,0.0,1.0,0.0,1.0,0.0,0.0,0.0,1.0,0.0,1.0,1.0,0.0,0.0,0.0,1.0,1.0,0.0,1.0,0.0,1.0,0.0,1.0,1.0,0.0,0.0,0.0,0.0,0.0,0.0,0.0,0.0,1.0,0.0,1.0,0.0,0.0,0.0,0.0,1.0,0.0,0.0,0.0,0.0,0.0,0.0
931,406,0.05134176396076385,0.45860979337629243,2,257.286776178225,149.6249436382785,29.86487588776434,29.61719573949661,8.291244135722485,19.499256912011173,61.27597508018956,38.589015429050285,10.0,10.0,5.550191323401173,5.00813178719154,0.2476801482677331,-11.208012776288689,22.686959651139276,0.5420595362096334,0.0,0.0,1.0,0.0,1.0,1.0,1.0,1.0,1.0,1.0,0.0,0.0,1.0,0.0,1.0,1.0,0.0,0.0,0.0,0.0,1.0,1.0,1.0,0.0,1.0,1.0,1.0,1.0,0.0,0.0,0.0,0.0,0.0,0.0,0.0,0.0,1.0,1.0,1.0,1.0,0.0,0.0,0.0,1.0,0.0,0.0,0.0,0.0,0.0,0.0
932,369,0.2326018896654691,1.2909267357896492,3,139.32596627888256,219.89572722407706,42.55199214180606,37.07378094104497,5.200721070280988,19.661163442853525,53.918226647296095,34.91186806702991,10.0,10.0,4.936816268862252,5.393153466831135,5.478211200761088,-14.460442372572537,19.006358580266188,-0.45633719796888333,0.0,0.0,0.0,0.0,1.0,1.0,1.0,1.0,1.0,1.0,0.0,0.0,1.0,0.0,1.0,1.0,0.0,0.0,0.0,0.0,1.0,1.0,1.0,0.0,1.0,1.0,1.0,1.0,0.0,0.0,0.0,0.0,0.0,0.0,0.0,0.0,1.0,1.0,1.0,1.0,0.0,0.0,0.0,1.0,0.0,0.0,0.0,0.0,0.0,0.0
933,406,0.0769423845566651,0.6270146919400882,1,130.72465722372218,149.6249436382785,33.98689274360939,29.61719573949661,6.064888142924803,19.499256912011173,60.96630276173128,38.589015429050285,8.0,10.0,4.873093257953504,5.00813178719154,4.36969700411278,-13.434368769086369,22.377287332680993,-0.13503852923803586,0.0,0.0,1.0,0.0,1.0,1.0,1.0,1.0,1.0,1.0,0.0,0.0,1.0,0.0,1.0,1.0,0.0,0.0,0.0,0.0,1.0,1.0,1.0,0.0,1.0,1.0,1.0,1.0,0.0,0.0,0.0,0.0,0.0,0.0,0.0,0.0,1.0,1.0,1.0,1.0,0.0,0.0,0.0,1.0,0.0,0.0,0.0,0.0,0.0,0.0
934,397,0.18117772298211157,1.1162385386306832,1,146.26988023371305,140.63444423158367,25.980444810798016,24.821890623675756,7.851485349928367,20.3546442472923,46.80907730587393,37.77582345340774,10.0,9.0,4.985453410095852,4.946163929683772,1.1585541871222595,-12.503158897363932,9.033253852466189,0.03928948041208032,0.0,0.0,0.0,0.0,1.0,1.0,1.0,1.0,1.0,1.0,0.0,0.0,1.0,0.0,1.0,1.0,0.0,0.0,0.0,0.0,1.0,1.0,1.0,0.0,1.0,1.0,1.0,1.0,0.0,0.0,0.0,0.0,0.0,0.0,0.0,0.0,1.0,1.0,1.0,1.0,0.0,0.0,0.0,1.0,0.0,0.0,0.0,0.0,0.0,0.0
935,402,0.13819712377874055,0.9424394816327201,2,119.14194203980742,147.42375731659806,37.66597534789091,33.96128459853206,3.862917123760793,20.43580978378378,56.67761077346498,39.4223316081081,9.0,9.0,4.780315572552896,4.993311142592761,3.7046907493588463,-16.572892660022987,17.255279165356875,-0.2129955700398656,0.0,0.0,0.0,0.0,1.0,1.0,1.0,1.0,1.0,1.0,0.0,0.0,1.0,0.0,1.0,1.0,0.0,0.0,0.0,0.0,1.0,1.0,1.0,0.0,1.0,1.0,1.0,1.0,0.0,0.0,0.0,0.0,0.0,0.0,0.0,0.0,1.0,1.0,1.0,1.0,0.0,0.0,0.0,1.0,0.0,0.0,0.0,0.0,0.0,0.0
936,364,0.10463778748844017,0.7820253212930337,2,147.03190096949692,78.67615751457835,46.38201534860732,40.11801711274455,5.967957696845037,19.93305326525794,44.21731984458409,31.402825068468896,10.0,6.0,4.9906495766326735,4.3653401554520705,6.263998235862765,-13.965095568412902,12.814494776115193,0.6253094211806024,0.0,0.0,0.0,0.0,0.0,1.0,1.0,1.0,1.0,1.0,0.0,0.0,0.0,0.0,1.0,1.0,0.0,0.0,0.0,0.0,0.0,1.0,0.0,0.0,0.0,1.0,0.0,1.0,0.0,0.0,0.0,0.0,0.0,0.0,0.0,0.0,1.0,1.0,1.0,1.0,0.0,0.0,0.0,1.0,0.0,0.0,0.0,0.0,0.0,0.0
937,320,0.36440883406668506,1.63509918471515,3,145.22210172201022,257.23230533865683,40.977218968939106,34.86610660090218,4.8120801688311685,16.17274039942591,41.97874330844156,27.664143764623052,11.0,16.0,4.978264306523383,5.549979588436511,6.1111123680369275,-11.360660230594739,14.314599543818506,-0.5717152819131276,0.0,0.0,0.0,0.0,0.0,0.0,1.0,0.0,1.0,0.0,0.0,0.0,0.0,0.0,1.0,1.0,0.0,0.0,0.0,1.0,0.0,0.0,0.0,0.0,0.0,0.0,0.0,1.0,0.0,0.0,0.0,0.0,0.0,0.0,0.0,0.0,1.0,0.0,1.0,0.0,0.0,0.0,0.0,1.0,0.0,0.0,0.0,0.0,0.0,0.0
938,274,-0.05805603847641266,-1.0728522539735483,1,209.94623796765234,178.834779004038,10.142057361434661,13.765275764711628,30.256282259902,32.63610640010387,23.33579772703144,23.79997269091145,10.0,12.0,5.346851488263551,5.186462357269529,-3.623218403276967,-2.379824140201869,-0.46417496388000856,0.16038913099402194,0.0,0.0,0.0,0.0,0.0,1.0,1.0,1.0,1.0,1.0,0.0,0.0,0.0,0.0,1.0,1.0,0.0,0.0,0.0,0.0,0.0,1.0,0.0,0.0,0.0,1.0,0.0,1.0,0.0,0.0,0.0,0.0,0.0,0.0,0.0,0.0,1.0,1.0,1.0,1.0,0.0,0.0,0.0,0.0,0.0,0.0,0.0,0.0,0.0,0.0
941,229,0.02194756473890954,0.2221342958199576,1,144.41245469023988,138.04317425795986,57.59725708467314,47.93608495230819,12.167635560550096,27.504464790688285,27.170335518501417,17.429076749041243,11.0,10.0,4.972673474056745,4.927566493169415,9.661172132364946,-15.33682923013819,9.741258769460174,0.045106980887330624,0.0,0.0,0.0,0.0,0.0,1.0,1.0,1.0,1.0,1.0,0.0,0.0,0.0,0.0,1.0,1.0,0.0,0.0,0.0,0.0,0.0,1.0,0.0,0.0,0.0,1.0,0.0,1.0,0.0,0.0,0.0,0.0,0.0,0.0,0.0,0.0,1.0,1.0,1.0,1.0,0.0,0.0,0.0,0.0,0.0,0.0,0.0,0.0,0.0,0.0
942,376,-0.06283102413392998,-1.2450897735432707,1,129.40064619529772,104.59814495681518,29.066658341103185,27.458202345210644,7.7723588368421055,21.92632833364411,37.64543835789474,34.17303670205114,10.0,12.0,4.862913375835612,4.650125816835084,1.608455995892541,-14.153969496802006,3.4724016558435977,0.21278755900052823,0.0,0.0,0.0,0.0,1.0,1.0,1.0,1.0,1.0,1.0,0.0,0.0,1.0,0.0,0.0,0.0,0.0,0.0,0.0,0.0,1.0,1.0,1.0,0.0,1.0,1.0,0.0,1.0,0.0,0.0,0.0,0.0,0.0,0.0,0.0,0.0,1.0,1.0,1.0,1.0,0.0,0.0,0.0,1.0,0.0,0.0,0.0,0.0,0.0,0.0
943,356,0.02362766514606379,0.2372675010756788,2,216.05192911312056,79.66994205643407,31.786257492400328,28.925153061738865,4.422821119786615,17.002522491956167,39.76295085305529,29.927724634588483,11.0,10.0,5.37551879135044,4.377892376097345,2.861104430661463,-12.579701372169552,9.835226218466804,0.997626415253094,0.0,0.0,0.0,0.0,0.0,0.0,1.0,0.0,1.0,0.0,0.0,0.0,0.0,0.0,1.0,1.0,0.0,0.0,0.0,1.0,0.0,0.0,0.0,0.0,0.0,0.0,0.0,1.0,0.0,0.0,0.0,0.0,0.0,0.0,0.0,0.0,1.0,0.0,1.0,0.0,0.0,0.0,0.0,1.0,0.0,0.0,0.0,0.0,0.0,0.0
945,350,0.16834104296853433,1.0674191877719694,4,193.84854992421816,57.26799518768623,19.238615438149868,20.08802022647629,11.37258963417031,19.13660170645475,42.76674394874945,28.309214033976644,11.0,10.0,5.267077183687713,4.047741919466615,-0.8494047883264209,-7.764012072284441,14.457529914772806,1.2193352642210966,0.0,0.0,0.0,0.0,0.0,0.0,1.0,0.0,1.0,0.0,0.0,0.0,0.0,0.0,1.0,1.0,0.0,0.0,1.0,1.0,0.0,0.0,0.0,0.0,0.0,0.0,0.0,1.0,0.0,0.0,0.0,0.0,0.0,0.0,0.0,0.0,1.0,0.0,1.0,0.0,0.0,0.0,1.0,1.0,0.0,0.0,0.0,0.0,0.0,0.0
946,200,0.07776999809541818,0.6320126256158742,2,102.57751629570564,99.27628941958775,52.3128085665764,43.47923700652623,40.52998613381001,42.5218943541959,26.670820807967313,14.542686893348302,13.0,12.0,4.630618769304045,4.597906765294465,8.833571560050167,-1.9919082203858878,12.128133914619012,0.0327120040095793,0.0,0.0,0.0,0.0,1.0,1.0,1.0,1.0,1.0,1.0,0.0,0.0,1.0,0.0,0.0,0.0,0.0,0.0,0.0,0.0,0.0,1.0,0.0,0.0,1.0,1.0,1.0,1.0,1.0,0.0,0.0,0.0,0.0,0.0,1.0,0.0,1.0,1.0,1.0,1.0,0.0,0.0,0.0,0.0,0.0,0.0,0.0,0.0,0.0,0.0
