label,radius_norm,radius_rank,log_volume,volume_rank,recent_speed_relcentroid,recent_radial_relcentroid,recent_tangential_relcentroid,recent_speed_abs,accel_mag_relcentroid,accel_radial_relcentroid,accel_tangential_relcentroid,recent_log_volume_change,old_speed_relcentroid,old_radial_relcentroid,old_tangential_relcentroid,old_log_volume_change_rate,future_radial_velocity,future_speed,knn3_mean_distance,knn3_max_distance,knn3_distance_sd,knn3_log_density,knn3_neighbor_logvol_mean,knn3_neighbor_logvol_sd,knn3_focal_minus_neighbor_logvol,knn3_shape_eigfrac1,knn3_shape_eigfrac2,knn3_shape_eigfrac3,knn5_mean_distance,knn5_max_distance,knn5_distance_sd,knn5_log_density,knn5_neighbor_logvol_mean,knn5_neighbor_logvol_sd,knn5_focal_minus_neighbor_logvol,knn5_shape_eigfrac1,knn5_shape_eigfrac2,knn5_shape_eigfrac3,knn10_mean_distance,knn10_max_distance,knn10_distance_sd,knn10_log_density,knn10_neighbor_logvol_mean,knn10_neighbor_logvol_sd,knn10_focal_minus_neighbor_logvol,knn10_shape_eigfrac1,knn10_shape_eigfrac2,knn10_shape_eigfrac3,neighbor_velocity_mean_speed,neighbor_velocity_speed_sd,neighbor_velocity_consensus_mag,focal_minus_neighbor_consensus_speed,focal_neighbor_velocity_alignment,neighbor_radial_velocity_mean,neighbor_radial_velocity_sd,sequence,organism
1,0.7820862149577597,0.15343915343915343,4.330733340286331,0.5052910052910053,0.003332399780238128,-0.0013852677031460346,0.003030828547765715,0.004148053158133207,0.02062366962687169,-0.008078092142647727,0.01897577867211891,0.0,0.004400526040190604,-0.0010829008495771182,0.004265202829922717,0.0,-0.008971329550802773,0.020143580900273336,0.09622977837862523,0.12319089370720547,0.01907647918362575,7.380672724119911,4.330733340286331,0.0,0.0,0.6151411266069221,0.37968251207664616,0.0051763612125255674,0.12092922817920264,0.18596976489586595,0.03803745528426704,6.655951430695691,4.330733340286331,0.0,0.0,0.7939019809774179,0.17619392877145829,0.029904090188898873,0.18526075259079458,0.2854933559258115,0.07342137165512663,6.063194658562094,4.330733340286331,0.0,0.0,0.8698810645792749,0.10895693743815624,0.021161997957387806,0.008435826881504504,0.005209654690969093,0.0030572656917414107,0.005130858393497964,-0.28827679016193436,-0.0026186143220558004,0.005870789962279597,01,Drosophila
2,0.7968736383827365,0.19047619047619047,4.330733340286331,0.5052910052910053,0.003332399780238128,-0.0011352917312604318,0.003133049788985616,0.004148053158133207,0.02104072423825116,-0.010035563087150198,0.01849322984213299,0.0,0.004569746510859185,-0.0008192568994041171,0.004495709210601643,0.0,-0.006601204946972569,0.018355883838024858,0.11632104195857101,0.1426110086675969,0.024526717946393498,6.941516011371153,4.330733340286331,0.0,0.0,0.824045334933877,0.13871460435328178,0.037240060642080526,0.13437018664607042,0.16330901614479965,0.02917164427428006,7.045771117331314,4.330733340286331,0.0,0.0,0.5075655414600674,0.4734114514240514,0.01902300706298908,0.19393114457445573,0.29042297292608843,0.06912699963248051,6.011835766817783,4.330733340286331,0.0,0.0,0.5786232291541773,0.4134872290923437,0.007889541729887248,0.006987135010646782,0.004340656540869568,0.003165454012264238,0.003592319411191578,0.38963754327793776,-0.0029132203867739503,0.005342583920957045,01,Drosophila
7,0.840979139129745,0.2328042328042328,4.330733340286331,0.5052910052910053,0.004835727909414553,-0.0007648648537333482,0.0047748556176511045,0.0,0.005970338447958545,0.0023243712870381667,0.005499294436849566,0.0,0.002142706097657483,-0.0009666322806917057,0.0019122791257719964,0.0,-0.00647325413826894,0.016418467398296988,0.14205079738463855,0.14961769563962213,0.005769826013385818,6.797628090597659,4.330733340286331,0.0,0.0,0.7577886673104913,0.24144009612169867,0.0007712365183337981,0.18306363162990608,0.25091436061906325,0.05058743359893751,5.757368684838736,4.330733340286331,0.0,0.0,0.6007447592903118,0.38080791148749826,0.01844732919446708,0.2389000824252674,0.3391524971794232,0.06953545812683759,5.546501378660994,4.330733340286331,0.0,0.0,0.6272333918085806,0.3358887131112991,0.03687789506396738,0.012488710407224941,0.0060734433308846465,0.007453050946254371,0.011892693383846301,-0.8671242559616683,-0.0005082876154685647,0.004427879900225298,01,Drosophila
10,0.7004919494474537,0.026455026455026454,4.330733340286331,0.5052910052910053,0.006382795328513196,-0.005991615891184772,0.002200139817873397,0.004148053158133207,0.004313766193194864,-0.0010011953281386962,0.004195972674418192,0.0,0.0043177758837304086,-0.0012877123348812305,0.004121284450837947,0.0,-0.0034954321655216026,0.02085058713165759,0.1372876093814356,0.17407002484561154,0.04097904218682435,6.343505145731087,4.330733340286331,0.0,0.0,0.6564700682616592,0.3429811702182784,0.000548761471346562,0.16670428381595834,0.21272679040754777,0.04803145257150159,6.252677744569252,4.330733340286331,0.0,0.0,0.7039573005442837,0.2953640384626085,0.000678660959882302,0.20814988857282546,0.3182127281251959,0.06003274008389229,5.737690583418095,4.330733340286331,0.0,0.0,0.7165743296084385,0.27693004896995094,0.006495621400302417,0.006966594200774464,0.004508432583345394,0.0024257321383366216,0.0044289088162974164,0.8722180281525886,-0.002323638517625134,0.0047532083986396466,01,Drosophila
13,0.7515211801209041,0.10582010582010581,4.330733340286331,0.5052910052910053,0.003332399780238128,-0.0015852429994700184,0.0029311930895050946,0.004148053158133207,0.021807077051289193,-0.0024515993506137404,0.02166883176696275,0.0,0.004003950489777554,-0.0006665249644019347,0.003948083585287793,0.0,-0.007520918768484052,0.020549499816016104,0.13084991345989583,0.15575925800351217,0.03460234279752317,6.676943333342043,4.330733340286331,0.0,0.0,0.5368683725294834,0.45128682731622954,0.011844800099699068,0.1499954015999994,0.19411825147550998,0.03692070893952285,6.527301198078323,4.330733340286331,0.0,0.0,0.6127722787035422,0.37793896351148865,0.00928875774306121,0.20757554484660687,0.3194539594542599,0.06971078945295013,5.726011445201931,4.330733340286331,0.0,0.0,0.7765300183517646,0.21697674489464408,0.006493236732735051,0.008435826881504504,0.005209654690969093,0.0030572656917414107,0.005130858393497964,-0.28827679016193436,-0.002598616792423402,0.005874615190735034,01,Drosophila
18,0.7697645153641449,0.13756613756613756,4.330733340286331,0.5052910052910053,0.003332399780238128,-0.000847677212532216,0.0032227832131070705,0.004148053158133207,0.013069939466261452,0.012544078918964254,0.0036700683544772413,0.0,0.003011394576172493,0.0002693626155014332,0.0029993234361721205,0.0,-0.0072284519003701425,0.019121080334181594,0.12865472542104356,0.17407002484561154,0.0347943259448264,6.343505145731087,4.330733340286331,0.0,0.0,0.8440113635504963,0.14460186903974964,0.011386767353456277,0.1527467494495948,0.19179980608897723,0.04000530516684834,6.563347294911629,4.330733340286331,0.0,0.0,0.6798116232316533,0.2902558744798676,0.029932502248370053,0.19186198074981495,0.2778266792122473,0.05503227745610269,6.144858540323831,4.330733340286331,0.0,0.0,0.6354660167075363,0.3141003869710921,0.05043359629627084,0.008533435248645657,0.0053280289138120515,0.0019978888817948452,0.0046376644179341895,-0.48150418975638304,-0.0021581571212518354,0.005119225919871725,01,Drosophila
23,1.154365758090096,0.7936507936507936,4.330733340286331,0.5052910052910053,0.02003207090787511,0.0005822334898308024,0.020023607792339918,0.024540213428053802,0.0228170783896938,0.0054790326667716145,0.02214947555311144,0.0,0.003011394576172465,0.0005079458614625094,0.002968246670211903,0.0,-0.004611623920265725,0.017881054959715457,0.1768173738952371,0.2107357977467626,0.03949160804026747,5.77006250898022,4.330733340286331,0.0,0.0,0.8706154449258476,0.1257120279115415,0.003672527132145438,0.19876145121500516,0.23251308780040353,0.040722785947926714,5.9858642041279495,4.330733340286331,0.0,0.0,0.8664420975038615,0.1311564409794454,0.002401461492400408,0.26871828220464566,0.4277123566939458,0.08605790940390115,4.850498212388291,4.330733340286331,0.0,0.0,0.7948239189446797,0.20183076800745697,0.0033453130353027767,0.0095126875781739,0.005612941505813603,0.003802194240272746,0.01630454017418716,0.9840536509779397,-0.0006310674345482734,0.00532387020276213,01,Drosophila
28,0.7645072469063837,0.12169312169312169,4.330733340286331,0.5052910052910053,0.005334857082165385,-0.003874654897919661,0.003667117329614277,0.00586623303367653,0.004313766193194864,-0.0022084591251998087,0.003705575132401528,0.0,0.003011394576172437,0.000688192715841418,0.0029317039549148867,0.0,-0.0033675264936567535,0.020638619857499072,0.10010893336986715,0.12430324940412098,0.02203503591696536,7.353705705691038,4.330733340286331,0.0,0.0,0.7093640443787168,0.29046528202578226,0.00017067350032923823,0.1315578960912947,0.19815367595923533,0.04388362359751434,6.465575136669292,4.330733340286331,0.0,0.0,0.7509012023657242,0.24486227480275333,0.0042365227795291656,0.19151981956709296,0.3068998738102883,0.07316788175203665,5.846286278555163,4.330733340286331,0.0,0.0,0.6036091530789901,0.39159877384118935,0.004792073056030094,0.01261533417518925,0.005596355432759605,0.007523329473077952,0.010510220498035416,-0.31646925032457973,-0.000909853298049796,0.0050172423127035695,01,Drosophila
33,0.9048820553715768,0.37037037037037035,4.330733340286331,0.5052910052910053,0.003332399780238128,-0.00024112822266226088,0.0033236644649493217,0.004148053158133207,0.004168019552861712,0.004089346122731057,0.0008059995543063423,0.0,0.0037308793792241845,-0.00023330953683826914,0.00372357725881182,0.0,-0.005680260161726185,0.01646962263948336,0.1264306612478182,0.18536739457193827,0.04263941282309126,6.154858808384269,4.330733340286331,0.0,0.0,0.9489963619608356,0.049072469815146715,0.001931168167846985,0.17942922097111685,0.2801087881739957,0.07405139396802037,5.427169578622704,4.330733340286331,0.0,0.0,0.6933712796553892,0.2922669793598545,0.014361740958216077,0.23499972865062774,0.3114632773301105,0.07672615642800758,5.802006605446513,4.330733340286331,0.0,0.0,0.5916959044746454,0.3490467794806044,0.05925731602838674,0.007748233423504514,0.004396685348388113,0.0019570663443011223,0.0029623024746598696,0.472249190251347,-2.8934682781031618e-05,0.004134598874324725,01,Drosophila
36,1.0853389573093153,0.7142857142857143,4.330733340286331,0.5052910052910053,0.006382795328513196,-0.0021801410895315215,0.005998921656050043,0.004148053158133207,0.004313766193194575,0.0026731876357128283,0.00338565305869052,0.0,0.006315944570041629,-0.00428899887754472,0.004636339551872626,0.0,-0.002408007165797702,0.016529874731613967,0.11423045015868179,0.15860541098570705,0.041405896546991276,6.622619847949767,4.330733340286331,0.0,0.0,0.7923874234882459,0.19281173020877715,0.014800846235240236,0.1445940654719594,0.1982838831856126,0.04937737467658513,6.463604477310121,4.330733340286331,0.0,0.0,0.5772097318384596,0.412901375619609,0.009888892499096863,0.2206504428095731,0.3284566686290886,0.08602851209474244,5.642636162522022,4.330733340286331,0.0,0.0,0.7065679197002517,0.28907736551035274,0.004354714771566338,0.010788725813769554,0.006377202969276482,0.005745221921439657,0.010888145713049264,-0.6108994084849482,0.00043116386073325586,0.005147026381741131,01,Drosophila
37,0.7892293652241364,0.1746031746031746,4.330733340286331,0.5052910052910053,0.008957075520744867,-0.008811011959621673,0.0016109842121295906,0.009275328835868535,0.00936877387700744,-0.006065071238031933,0.007140646667921247,0.0,0.0021427060976574423,-0.0020673524779946098,0.0005632434222145263,0.0,-0.006611000620057758,0.019121080334181587,0.14389882637069099,0.15575925800351217,0.010620980293867642,6.676943333342043,4.330733340286331,0.0,0.0,0.6601192152032167,0.336943648509802,0.002937136238949761,0.15111643279944698,0.1643068936753225,0.012167965835532047,7.027495803105859,4.330733340286331,0.0,0.0,0.6685786086995563,0.32677863156349135,0.004642759693444267,0.19886173610325322,0.3028362905339821,0.06004833508322527,5.886273837214851,4.330733340286331,0.0,0.0,0.6801693442625566,0.31509507265166253,0.0047355830626067226,0.00799624955614211,0.005379988493946743,0.002838485916082548,0.007148625368419841,0.7312496150673936,-0.0018606068529418013,0.00588683758217981,01,Drosophila
40,0.7231868194228852,0.0582010582010582,4.330733340286331,0.5052910052910053,0.017819318488815333,0.004680356718234047,0.0171936724522691,0.020740265790665742,0.023279180943598907,0.008262065442940735,0.021763697756157684,0.0,0.004021575023232576,0.0002715537159617054,0.004012396322253758,0.0,-0.004948277119494686,0.018626765363284503,0.1034371952021305,0.12234999040599723,0.017523470036185755,7.40122099064605,4.330733340286331,0.0,0.0,0.660698818660722,0.3356871597643095,0.003614021484111576,0.12540054544479903,0.17456356148915733,0.03182822050903712,6.845836975568607,4.330733340286331,0.0,0.0,0.7251081239725867,0.2620488352229131,0.012843040744757015,0.1834967442443792,0.30018265902468666,0.06798283353331282,5.9126774715344945,4.330733340286331,0.0,0.0,0.8997902829618164,0.09423914705099214,0.005970569961077032,0.007285821465878662,0.004387182130084882,0.003169162754644631,0.019179980608897713,-0.35681154814006627,-0.003253719713333723,0.004322226388054773,01,Drosophila
45,0.8255985086959773,0.2275132275132275,4.330733340286331,0.5052910052910053,0.005334857082165385,-0.005027187210368141,0.0017855220074368024,0.00586623303367653,0.0005796762712186752,0.0002060403305677645,0.0005418228138363256,0.0,0.005064875377767903,0.0007614796762760536,0.0050073057920340825,0.0,-0.005313566568278845,0.018832953166961233,0.12013585904523928,0.1459501802442893,0.034173013337655114,6.8720821284765305,4.330733340286331,0.0,0.0,0.6578908289932661,0.33092494238642056,0.011184228556212424,0.14103909294820466,0.17446496585209706,0.036848478105346076,6.847531891002861,4.330733340286331,0.0,0.0,0.5667297685850997,0.42259566874758925,0.010674562620252034,0.18466938167922545,0.25924502614426354,0.056008141904125106,6.352529945778363,4.330733340286331,0.0,0.0,0.7059509295634391,0.288454801144406,0.005594269265302081,0.008358471400000057,0.005310093143646632,0.00321072792759832,0.004350514854930194,0.5792152341724361,-0.0022389893278671547,0.006191911935769624,01,Drosophila
46,0.7980489405695239,0.20105820105820105,4.330733340286331,0.5052910052910053,0.017961195591582296,-0.004540243904772096,0.017377880548681855,0.021553916467149478,0.021305541640745104,-0.0015024487437655643,0.02125249990890203,0.0,0.005061273562440836,-0.0037848772568316877,0.003360237227426181,0.0,-0.0019872337094130207,0.01604390604685678,0.14394566771174,0.17178149399637796,0.021596085147018114,6.3832082690676595,4.330733340286331,0.0,0.0,0.7636101891411267,0.20559889203490475,0.030790918776769243,0.16179742689561455,0.19897688270552671,0.028304445131273778,6.453137797250863,4.330733340286331,0.0,0.0,0.5270493251000916,0.44996884821709604,0.022981826645747376,0.21049596793028363,0.290393348508923,0.0542065515228785,6.012141795585536,4.330733340286331,0.0,0.0,0.6981876365953971,0.29056696052656095,0.011245402856876602,0.009811535001908947,0.005883933598117023,0.003749108042243343,0.014671447644447258,0.9014831723656368,-0.0012786678484362033,0.004129899544301652,01,Drosophila
49,0.8618413085138334,0.291005291005291,4.330733340286331,0.5052910052910053,0.006382795328513196,-0.0037662156255843615,0.005153221911318595,0.004148053158133207,0.02104072423825128,-0.003468333748267281,0.020752897086449524,0.0,0.0028400080052074397,-0.0008869133739778546,0.002697967779033241,0.0,-0.005228215657566995,0.016320362147996936,0.15907989821186794,0.19256083059857965,0.036690794405156345,6.040641804718169,4.330733340286331,0.0,0.0,0.9580888971556359,0.04119855709186133,0.0007125457149830278,0.19658595082440083,0.2557031697305565,0.05404675934766977,5.700651913799321,4.330733340286331,0.0,0.0,0.7316237742639377,0.24168371125882354,0.026692514453181226,0.2400216276486343,0.29477456176479505,0.05817551599226039,5.96721832954754,4.330733340286331,0.0,0.0,0.5648779747383778,0.40505731927745736,0.030064705967770083,0.007300130427514746,0.004856777779308501,0.0014256906728222483,0.0057924410014486595,0.5066157698187499,0.000738237211100836,0.004238528365451403,01,Drosophila
52,0.7414854311337055,0.08994708994708994,4.330733340286331,0.5052910052910053,0.008957075520744867,-0.00887715796943028,0.0011938459993263077,0.009275328835868535,0.013069939466261175,0.012202773220716593,0.004681414676728973,0.0,0.009914461803365946,0.006824804957628189,0.007191563817469469,0.0,-0.006769294187071544,0.017158661986218002,0.11183540557770615,0.12319089370720547,0.015763221580746473,7.380672724119911,4.330733340286331,0.0,0.0,0.8141757030174657,0.1415826756800196,0.04424162122411809,0.13582084709498363,0.18872502260056961,0.03356539243731134,6.6118306028929625,4.330733340286331,0.0,0.0,0.631599216902956,0.3419869616983779,0.026413821347577762,0.19371930087078512,0.2745873336514712,0.064112921803362,6.180042832709273,4.330733340286331,0.0,0.0,0.6729862156311237,0.3140940192943631,0.01291976505049655,0.008157484981419503,0.005544711788462658,0.0025033627333902668,0.007659871830468392,0.6204037666979583,-0.002813116425706933,0.004653156537102947,01,Drosophila
57,1.0321086948827447,0.6402116402116402,4.330733340286331,0.5052910052910053,0.005334857082165612,-0.0046434550266882604,0.0026265996082875127,0.005866233033676735,0.0005796762712186416,0.00027829352557522504,0.0005085049587141307,0.0,0.004277312650521182,-0.0038507540107772455,0.0018620142477412728,0.0,-0.0027963891132560333,0.01679605862694567,0.09113762671620083,0.13619265733845154,0.03281960498457138,7.079666681065717,4.330733340286331,0.0,0.0,0.7079716713627017,0.24024908829577862,0.05177924023494609,0.14138994443530928,0.2228010442811813,0.06669914582971016,6.113866163927129,4.330733340286331,0.0,0.0,0.8853354242585149,0.07807680923654343,0.036587766464025125,0.20751475953457654,0.29640444933195226,0.08266985211449172,5.95067621625015,4.330733340286331,0.0,0.0,0.7592684782034438,0.22648425608783973,0.014247265688675088,0.011258550579830374,0.006061768915658438,0.005884256917847025,0.008710911632079708,-0.20379294929667188,-0.0004587879352012537,0.005578125112820751,01,Drosophila
58,0.9288705691001071,0.42857142857142855,4.330733340286331,0.5052910052910053,0.0070919024524994595,0.004848290904013416,0.0051758241571588015,0.009275328835868533,0.004168019552861694,0.0036755007591738934,0.0019654722491934426,0.0,0.002761719918305721,0.000515823517132747,0.002713120529268717,0.0,-0.0064187826140134335,0.017046877982037096,0.08699460867290702,0.10244935554529382,0.013002225375981207,7.933772371983976,4.330733340286331,0.0,0.0,0.7545556310229472,0.15332487495067407,0.09211949389713163,0.11015982381596792,0.1730787296281604,0.03498313131967909,6.871464022585694,4.330733340286331,0.0,0.0,0.7809926918745725,0.18020974319578478,0.03879756485478681,0.17090563924829558,0.29966633873206844,0.07349711182120824,5.917841975488414,4.330733340286331,0.0,0.0,0.7647557577599863,0.22117009570681448,0.01407414650430637,0.010774387484925449,0.008977896721433535,0.005048457431651276,0.003592319411191593,0.8780961047028836,0.005246075989170925,0.008943284912412763,01,Drosophila
63,0.7581172379355713,0.1164021164021164,4.330733340286331,0.5052910052910053,0.017952872012602254,0.0029240977444658827,0.017713138227928072,0.021553916467149534,0.027288969018775235,0.015281822919495282,0.022608708905306012,0.0,0.004856430347663141,-0.0037070914017062,0.0031372582075913824,0.0,-0.004500288543291644,0.015024887568145155,0.18387284697987305,0.23825140537655137,0.04177104699938948,5.40189880174818,4.330733340286331,0.0,0.0,0.8318687238258576,0.16705100301302095,0.001080273132995291,0.21889075452562395,0.2745873336514712,0.05376143448765318,5.486895652149427,4.330733340286331,0.0,0.0,0.5398594231093715,0.390068516234503,0.07007206063644193,0.25218338727276224,0.3062263546213911,0.051072427497804676,5.852877281469938,4.330733340286331,0.0,0.0,0.6443248128128234,0.30917693026120324,0.046498256910868646,0.007770994530022404,0.0045769416432657585,0.0012928160847561745,0.01922030767724432,-0.9789682646195059,-0.0013749182667190908,0.005440980471541557,01,Drosophila
68,0.8956971044725244,0.3439153439153439,4.330733340286331,0.5052910052910053,0.01855906590827554,-0.002117073096940375,0.018437920948141815,0.0227198228444008,0.021305541640745104,-0.00770974691013731,0.01986166929508071,0.0,0.0016661732377656932,-0.00010285956998880623,0.0016629952396529375,0.0,-0.004634766107502631,0.01592910023530703,0.12328533977176657,0.13460416519499468,0.014751614141436786,7.114863040053987,4.330733340286331,0.0,0.0,0.6824166763083183,0.27065157316621985,0.046931750460597936,0.13943356262779444,0.17855911427311733,0.02470943299765597,6.7779445928271524,4.330733340286331,0.0,0.0,0.722153398093675,0.25372013894838,0.024126462908075515,0.18390772580782208,0.2472879902858,0.04910264447946891,6.4941900998526725,4.330733340286331,0.0,0.0,0.5970972528982968,0.38967629117940844,0.013226455894695467,0.008708542708977685,0.00872934115232756,0.0066060683882931985,0.020781704924469728,-0.17862689347648802,0.005733284165973729,0.008652864173232737,01,Drosophila
71,1.0135943204854558,0.6031746031746031,4.330733340286331,0.5052910052910053,0.007112946926131996,-0.0069392301850935275,0.0015624014888169628,0.009275328835868664,0.004059083689045455,-0.001817575319473439,0.003629404958490563,0.0,0.0016661732377657701,-0.0014692476932772886,0.0007857763511624896,0.0,-0.004351539694465888,0.018624712487831832,0.11147935244520853,0.13104171974105425,0.02360951094580428,7.195330893753396,4.330733340286331,0.0,0.0,0.6195728646869142,0.3657628130067047,0.01466432222936953,0.14572636374919565,0.20460458790448754,0.04600302540159071,6.369465918138815,4.330733340286331,0.0,0.0,0.5540615921505275,0.4270838089626332,0.018854598844017294,0.202920145649995,0.3069279050359771,0.06919858762715689,5.846012280929053,4.330733340286331,0.0,0.0,0.7051458777334646,0.2887310953681715,0.0061230268766082905,0.011020122205866399,0.006134349789166261,0.005619103513735855,0.009172732802343986,-0.024653095038884215,3.1822826595439246e-05,0.005756725985292573,01,Drosophila
76,0.7460338887480982,0.09523809523809523,4.330733340286331,0.5052910052910053,0.0070919024524994595,0.004702468155107774,0.0053086602496265605,0.009275328835868533,0.024032280119883516,0.007206160915405635,0.02292644177847554,0.0,0.0037516819186866213,-0.000980325652653848,0.003621336608732877,0.0,-0.004488650848760254,0.018727080591411472,0.09071080564049215,0.10784938211146206,0.01630180122108076,7.779671193803376,4.330733340286331,0.0,0.0,0.6335070445971639,0.3570062499724945,0.009486705312614035,0.11082325130707209,0.15768059020976308,0.029624645614644445,7.150989531355971,4.330733340286331,0.0,0.0,0.6768382109138307,0.30727444134607296,0.015887347664105118,0.17193258271977624,0.26987859936723774,0.06784088002204056,6.231934252158439,4.330733340286331,0.0,0.0,0.7359872314222443,0.2525799520710611,0.011432816477423504,0.01219634379557694,0.006108868887283527,0.00786379489447983,0.013869640843589616,-0.7193261801497587,-0.0021744069931619613,0.004426852521278822,01,Drosophila
77,0.8533676524664243,0.25925925925925924,4.330733340286331,0.5052910052910053,0.003332399780238128,0.0004574411806021268,0.0033008538079746055,0.004148053158133207,0.020571906341014794,0.0029709505500790396,0.020356246788945886,0.0,0.0025588457801376317,-0.0010293062044481331,0.002342695128268453,0.0,-0.007986013135867675,0.01726307896774895,0.1732026700386912,0.2472879902858,0.052388067645249246,5.29021729552697,4.330733340286331,0.0,0.0,0.6353259904091971,0.28066645906446863,0.08400755049579396,0.20709013421463776,0.2601394912265587,0.05806215821184748,5.649049773726327,4.330733340286331,0.0,0.0,0.6520137991155864,0.27200237562367585,0.07598382523911956,0.25023026434040163,0.33054544432972405,0.061290864095242086,5.623618475132899,4.330733340286331,0.0,0.0,0.6076815655934859,0.345761426047039,0.046557008344408436,0.011609583974330635,0.005791341283534534,0.005067689201898237,0.008306469975917607,-0.9536922191290863,-0.0008404921932630745,0.005107511520339103,01,Drosophila
82,0.9148353772409162,0.3968253968253968,4.330733340286331,0.5052910052910053,0.010087846579660551,0.00851152624126236,0.005414662469542431,0.011732466067353264,0.016581845924574075,0.015689136593313637,0.005367365016715449,0.0,0.002761719918305721,0.0003470322896685537,0.00273982946496565,0.0,-0.008270582409422739,0.01604152263957231,0.07847968122039327,0.08631539483874487,0.006399944128748162,8.447854215106233,4.330733340286331,0.0,0.0,0.6237056888772795,0.3386293872329656,0.037664923728465076,0.11649512127946962,0.1982838831856131,0.04937276687195336,6.463604477310114,4.330733340286331,0.0,0.0,0.6650850558931435,0.32465656083535455,0.010258383209036223,0.18264181443956148,0.26824789803702936,0.07515817812681456,6.250116292956021,4.330733340286331,0.0,0.0,0.6009835384872932,0.33755593410113377,0.06146052738593651,0.008511096254391374,0.0055149388848337024,0.0011558005187075966,0.01041153079604557,-0.22725814361416355,0.0009079463078941044,0.0027596545207388477,01,Drosophila
87,0.9473478058660283,0.48677248677248675,4.330733340286331,0.5052910052910053,0.03388478893963479,0.02965465094659227,0.016394529536384095,0.03568290249124501,0.03336605662767994,0.027809479159666448,0.018437098571890912,0.0,0.002747091676128963,0.00243064268269578,0.0012800346972307029,0.0,-0.0077169721465177215,0.01728078923551779,0.12068814582986147,0.13104171974105375,0.00877331484938081,7.195330893753407,4.330733340286331,0.0,0.0,0.7504141994827004,0.24069245585859794,0.008893344590407746,0.13278447358971687,0.16905543188398886,0.019927164056360632,6.942023767803934,4.330733340286331,0.0,0.0,0.7567576694849668,0.2225237593782566,0.0207185710813099,0.18115636515971062,0.27203766257010403,0.05406839374095218,6.208029363765416,4.330733340286331,0.0,0.0,0.6238983144705127,0.335895139973428,0.04020654552808011,0.008100246070474371,0.0038920427343167576,0.003577278335176539,0.030692790503597817,0.9030560262779261,0.0031094557462340933,0.003923253590788712,01,Drosophila
90,1.1389730635112718,0.7777777777777778,4.330733340286331,0.5052910052910053,0.01179833226040208,-0.0018551603366316874,0.011651567459025977,0.009275328835868664,0.015055260733597848,-0.005714795346872199,0.013928459710247256,0.0,0.002072217894276774,-0.0004337383253741251,0.002026316378669066,0.0,0.00030587934451723056,0.017140825534426026,0.10340616578667695,0.1379500546320457,0.034427872102329886,7.041203035160651,4.330733340286331,0.0,0.0,0.5567871452721594,0.44124937187663754,0.0019634827670144857,0.12581446260717938,0.17456356148915725,0.0394463178204644,6.845836975568608,4.330733340286331,0.0,0.0,0.7443582190418196,0.23629258506732576,0.01934919583333477,0.209515862303004,0.3545311696377508,0.09385019350642829,5.413462126691053,4.330733340286331,0.0,0.0,0.6264503690033381,0.3583404574122092,0.015209173565479095,0.00909307288136792,0.0049571607608787874,0.002972730028043359,0.011192059310942287,0.32468579396837766,0.0014890390079760109,0.003707955374472125,01,Drosophila
95,0.7513936790742607,0.10052910052910052,4.330733340286331,0.5052910052910053,0.005334857082165612,-0.003961593523648555,0.003573020688509711,0.005866233033676735,0.000579676271218706,5.084798721882805e-05,0.0005774418253034817,0.0,0.0032536826883571646,0.0015715782109698576,0.0028489634892921827,0.0,-0.0042188949575166146,0.019192934333932824,0.0891018673542412,0.12751468945792052,0.02717702271554762,7.27718341694208,4.330733340286331,0.0,0.0,0.9040486776121031,0.09582459104300697,0.0001267312296523809,0.1139441496834318,0.17456356148915733,0.039837968085792756,6.845836975568607,4.330733340286331,0.0,0.0,0.8360134937004998,0.1561950583302225,0.007791447900645099,0.1677278797379071,0.2750569013438216,0.06505761530137583,6.174916959171424,4.330733340286331,0.0,0.0,0.7003482657433828,0.29010029074352,0.009551443482199707,0.012372048332610323,0.005931689400866031,0.007524890685063157,0.010534748467211058,-0.32254017768695564,-0.0013080008252863281,0.004822458004838761,01,Drosophila
100,0.7402569034625792,0.07936507936507936,4.330733340286331,0.5052910052910053,0.011798332260401482,-0.010952324012185969,0.0043871679770582026,0.009275328835868015,0.018683354264190634,-0.013673430286376013,0.01273204739092914,0.0,0.003514373990765592,-0.002828223103404804,0.002086139646413195,0.0,-0.0034441265448397437,0.016617542511821497,0.12171254157216649,0.14212758012844637,0.01947459528273455,6.951702807734615,4.330733340286331,0.0,0.0,0.660274383518845,0.3380457993587158,0.0016798170566202004,0.15101822135294238,0.19815367595923533,0.038984963565568055,6.465575136669292,4.330733340286331,0.0,0.0,0.5926987593789753,0.4016692110902933,0.005632029489623639,0.18605802173283692,0.25091436061906325,0.04648628821632173,6.4505158653985815,4.330733340286331,0.0,0.0,0.575008673890611,0.41576436405976386,0.009226962022435383,0.010462136704145274,0.00628774786272957,0.005438753835462378,0.013025151121065589,-0.006809244912720211,-0.0010511274511971187,0.003486720680251679,01,Drosophila
105,0.769417146954351,0.13227513227513227,4.330733340286331,0.5052910052910053,0.01796119559158223,0.00023586892107250532,0.017959646793050944,0.021553916467149423,0.022070401057398353,0.009347625692938705,0.019993111232099986,0.0,0.0021754621494837942,0.0002564486192558242,0.0021602938849884365,0.0,-0.00019182103318892945,0.01693435610561086,0.10616225172024855,0.1278515848652781,0.017261969755335036,7.269267831294616,4.330733340286331,0.0,0.0,0.833116196983458,0.15538473223970062,0.01149907069039908,0.13149147294988967,0.19654069433849491,0.03786736290534048,6.490095232034606,4.330733340286331,0.0,0.0,0.7213671027139732,0.24978581620924004,0.02884708102337936,0.19751312617023523,0.3268813278037721,0.07737311187691433,5.657059350570774,4.330733340286331,0.0,0.0,0.7198628412647203,0.27135223254204377,0.0087849261710128,0.011247906499612787,0.005771319393898939,0.005639886643395463,0.012554286926174515,0.9713942886910595,-0.000911670086765986,0.004841065531969865,01,Drosophila
110,0.8222340493671506,0.21693121693121692,4.330733340286331,0.5052910052910053,0.018567117734476543,-0.00014931802259486487,0.018566517311925837,0.022719822844400744,0.021681011056239614,0.0030095020989343193,0.021471123341299456,0.0,0.002937677438202695,0.0006559479979260223,0.0028635085044298354,0.0,-0.0029980123001233615,0.015254712618759434,0.12867175537817696,0.14242991525020776,0.009966008755293847,6.94532795751284,4.330733340286331,0.0,0.0,0.61452834050106,0.32080130889670916,0.06467035054219157,0.15094146196597066,0.1901329294222051,0.02858142517924036,6.589533381017862,4.330733340286331,0.0,0.0,0.6625463212184376,0.30938268830402044,0.028070990435169474,0.19078022239604833,0.25804758313234144,0.04718039179650148,6.366418933896757,4.330733340286331,0.0,0.0,0.6333770643163695,0.3565887020417679,0.010034233615971286,0.011164839711178627,0.0057822401554185,0.005468151124570675,0.013280249857501146,0.9764492594106311,-0.001397791365322942,0.004484744030772179,01,Drosophila
111,0.8246880253662033,0.2222222222222222,4.330733340286331,0.5052910052910053,0.01747136901582919,0.0036571318939119715,0.017084323855447368,0.021151003996741115,0.022118657762379795,0.003950050257182175,0.02176309086906129,0.0,0.004423453117880026,0.003449950825448739,0.0027685333279677325,0.0,-0.0006741923262380372,0.01756607868540171,0.14501892877491673,0.1901329294222051,0.04384945302481235,6.078707757252005,4.330733340286331,0.0,0.0,0.6911170011069528,0.2973017992072755,0.011581199642204902,0.17221227588609195,0.22372585369788983,0.04805080415711647,6.101439444598745,4.330733340286331,0.0,0.0,0.5853331203989652,0.408728077501686,0.005938802068065662,0.2381586581008846,0.3729789529542065,0.07935345934153348,5.261284954954612,4.330733340286331,0.0,0.0,0.7648808655308712,0.23102550683533019,0.004093627617929552,0.01129688915718809,0.005825753575273452,0.005836102541903393,0.012778427684015265,0.8631448538133938,-0.0012537963840499326,0.00462202926268537,01,Drosophila
114,1.2414668889790337,0.8994708994708994,4.330733340286331,0.5052910052910053,0.018559065908275465,0.0072647473449492204,0.017078125582210883,0.022719822844400706,0.023206715736041418,0.011943392241656421,0.0198974128221579,0.0,0.003143358336609769,-0.003105718171145911,0.00048499100378072036,0.0,-0.003527067101259007,0.018675966678215337,0.13261184342996013,0.15370202239627437,0.014921999192484882,6.716830699737639,4.330733340286331,0.0,0.0,0.9303811478319329,0.06866587857607671,0.0009529735358376956,0.1853209996268595,0.26560499715002217,0.0655864160734681,5.586673053338882,4.330733340286331,0.0,0.0,0.763696281089753,0.23549806484740138,0.0008056540369693994,0.29923286719919073,0.5189710187739175,0.13736807675640267,4.270306806651204,4.330733340286331,0.0,0.0,0.9071903774951156,0.0905393430253599,0.0022702794703003417,0.009659988078133865,0.005862206187518746,0.004311914161664583,0.0157735141531309,0.7136997245015736,-0.0012993188200601153,0.004670102229257597,01,Drosophila
117,0.8651026558312186,0.30158730158730157,4.330733340286331,0.5052910052910053,0.0057652582060271716,0.003220736685561998,0.004781742086775358,0.008296106316265832,0.023286081060512817,0.012808380737948192,0.019447029439699306,0.0,0.0036155587943277967,-0.00016096414189343663,0.0036119739672740695,0.0,-0.001436780629216709,0.015060473546930485,0.17238460697246008,0.21453897753606024,0.03700915090206915,5.71640381956856,4.330733340286331,0.0,0.0,0.6913580460725907,0.2991606571514848,0.009481296743755863,0.1961931217457072,0.2400859341132658,0.04121698238562497,5.889712995129924,4.330733340286331,0.0,0.0,0.6562502096187056,0.33759226015267835,0.006157530203734555,0.2497521430609853,0.32766994493977863,0.061779254299689744,5.649830420917064,4.330733340286331,0.0,0.0,0.5818631069840745,0.4151707284025817,0.002966164598236406,0.012269321126990158,0.006043031848463948,0.007838887441407682,0.011805566251639596,-0.4943777602275975,-0.0023949696475848562,0.003666767429415242,01,Drosophila
120,0.9087818192454489,0.38095238095238093,4.330733340286331,0.5052910052910053,0.018093701920118898,-0.0017004381166240382,0.01801362149556958,0.02233794988530181,0.021681011056239756,-0.0028665457697652323,0.021490676019395753,0.0,0.003854532394475465,0.0013186953258248436,0.003621941829696947,0.0,-0.005364300745319701,0.015706710381759338,0.17691411820376438,0.20934316497529304,0.024651447493433027,5.789953596086806,4.330733340286331,0.0,0.0,0.6633557257253319,0.2738693106583274,0.06277496358499891,0.2057751743713801,0.25804758313234144,0.04057485978197262,5.673271753336912,4.330733340286331,0.0,0.0,0.7659209804535547,0.16199773857648292,0.07208128094722976,0.25322892823793697,0.3498901894797835,0.060037036382447576,5.452992847181421,4.330733340286331,0.0,0.0,0.5890986838941784,0.35999259889057356,0.05090871720048327,0.011336075449105597,0.009057261863166882,0.0032029272883381736,0.016674967323614346,0.5140928927520972,0.0021511140882236406,0.009535450502410095,01,Drosophila
123,0.9092416550074413,0.3862433862433862,4.330733340286331,0.5052910052910053,0.018093701920118898,0.007530691074355844,0.016452074067324508,0.02233794988530185,0.021305541640745027,0.011419099261446694,0.01798694739700842,0.0,0.003789196419400332,8.642975538024804e-05,0.0037882105804959163,0.0,-0.005890667333773003,0.021393662077161448,0.1518193509927506,0.19063000982452616,0.05415224481233048,6.070874841281411,4.330733340286331,0.0,0.0,0.5411851024899277,0.4574522300726416,0.001362667398941988,0.18284224048480785,0.23391489287469672,0.056668751638289466,5.967831718691383,4.330733340286331,0.0,0.0,0.5628468873917062,0.43552200567692595,0.0016311069040772423,0.22706919703435774,0.3141859342498975,0.06231841830764857,5.775896056055639,4.330733340286331,0.0,0.0,0.6040454377084803,0.3911239875648443,0.00483057470863924,0.00881735626532278,0.0046446951244265185,0.003896143894327159,0.017505570670448292,0.2561645547628835,-0.003017694519712846,0.005760017138667509,01,Drosophila
128,1.017029843670181,0.6084656084656085,4.330733340286331,0.5052910052910053,0.017471369015829182,0.005550692264273613,0.01656618696847917,0.021151003996741056,0.021701669682748947,0.010546827015792284,0.018966467961064836,0.0,0.003253682688357139,0.0003063107708333303,0.003239232123233287,0.0,-0.0036458165687595504,0.016502093409909328,0.12786729015543055,0.13619265733845154,0.008399088594332428,7.079666681065717,4.330733340286331,0.0,0.0,0.7532881636056514,0.195849834489148,0.050862001844301584,0.14083878712435272,0.1619866541697649,0.017200572504959714,7.070161898633313,4.330733340286331,0.0,0.0,0.8337235884468949,0.12313079425059126,0.04314561725284023,0.19440173992875848,0.2877146603980793,0.05695064274972479,6.0399432503995225,4.330733340286331,0.0,0.0,0.6276969309077486,0.3528588879909914,0.01944418107689072,0.008514558614325691,0.004881377240375372,0.0028384859160826103,0.016782963614754516,0.3189800778444107,-0.0016489497300358122,0.005935562013169441,01,Drosophila
133,0.8688436908593814,0.30687830687830686,4.330733340286331,0.5052910052910053,0.008957075520744887,-0.0084663947694354,0.00292392911890904,0.009275328835868665,0.008336748153108623,-0.006343344928161222,0.005409560508094102,0.0,0.004500211752339866,-0.004397165317742301,0.0009575191822319279,0.0,-0.005707599326703772,0.02002745665764909,0.12032606802550642,0.1643068936753225,0.03637028339637369,6.516670179340002,4.330733340286331,0.0,0.0,0.733512570918804,0.26251372423984076,0.003973704778068923,0.14600966447102212,0.19460515242649437,0.04270494010871384,6.51978581000547,4.330733340286331,0.0,0.0,0.6140009620729479,0.3830234880096994,0.002975549874142326,0.19991909588967607,0.2854933559258115,0.06444272615721397,6.063194658562094,4.330733340286331,0.0,0.0,0.6123077302363255,0.3825543943910537,0.005137875349955732,0.009225733620239925,0.005849870787943589,0.0038813268801929663,0.008838371247704603,0.2470433903103754,-0.0009876822671523902,0.006123824342245443,01,Drosophila
138,0.9193583155259347,0.4126984126984127,4.330733340286331,0.5052910052910053,0.005334857082165417,-0.004782770909000169,0.002363430244190042,0.005866233033676735,0.02182266115479892,-0.013103957189005994,0.017450353746152766,0.0,0.0041868664834674284,0.0023998238212838557,0.003430844878041189,0.0,-0.0015756715650167613,0.017981277506390256,0.10732205581254424,0.13351319568789988,0.025880572760543882,7.139277174015682,4.330733340286331,0.0,0.0,0.7109964760549576,0.19761886090008352,0.09138466296290976,0.14041557931629906,0.19460515242649437,0.04530930128221037,6.51978581000547,4.330733340286331,0.0,0.0,0.7257735107422434,0.24060210956629183,0.033624379645528966,0.18718390043332728,0.26000717204646884,0.058319483490463155,6.34372328359611,4.330733340286331,0.0,0.0,0.5216881297150896,0.458254056031673,0.020057814227222085,0.00972820980769207,0.005419067227593779,0.0037491080422433496,0.006571752122286157,-0.016784566971680674,-0.0006156034127084342,0.0061939077138019934,01,Drosophila
141,1.108868036497316,0.7354497354497355,4.330733340286331,0.5052910052910053,0.0057652582060286044,0.0045006967782479845,0.003603044642028235,0.008296106316267574,0.02403228011988356,0.010831188371874766,0.02145310807816703,0.0,0.002175462149483812,0.0012319546950507385,0.0017930206895569191,0.0,0.009141243405894013,0.017555191743738964,0.14229131060835182,0.1676757815977284,0.019876153558004254,6.455781395322947,4.330733340286331,0.0,0.0,0.6693320854476102,0.3258485125083647,0.004819401995579921,0.16972608551889085,0.23961964292187038,0.04118815746325415,5.8955452142311,4.330733340286331,0.0,0.0,0.8326264461733957,0.1648922149447054,0.0024813388491157153,0.29424937808211593,0.4739139387275092,0.13570402576288632,4.542773705898117,4.330733340286331,0.0,0.0,0.7951203288775508,0.20315419591258893,0.0017254752003363044,0.01026528344829505,0.005712144411904614,0.004311914161664655,0.006765269965580282,0.12192476411855922,0.00042278872772858204,0.005675085993769783,01,Drosophila
142,1.3298801462912082,0.9629629629629629,4.330733340286331,0.5052910052910053,0.005765258206027409,-0.00488810740164863,0.003056895191548814,0.008296106316266122,0.020593677600221197,-0.0072852018921536225,0.019262019377324215,0.0,0.004021575023232541,-0.0011577448564512485,0.0038513234757481087,0.0,-0.003764530611183145,0.02141688402755428,0.14667376737025176,0.23251308780040353,0.06263800226491612,5.475038580362092,4.330733340286331,0.0,0.0,0.9008498179927547,0.09891572186864836,0.00023446009928368203,0.23657616331048983,0.38723803622386593,0.12073828499838689,4.455584995482448,4.330733340286331,0.0,0.0,0.8855847514617202,0.1139862302509752,0.0004290182731292512,0.3849384682434405,0.6412466240647866,0.18144111291075768,3.6356085343723525,4.330733340286331,0.0,0.0,0.9428969775826274,0.05577550238141079,0.0013275200304399863,0.01093936884835867,0.0062554866137484455,0.005820896739819001,0.008641500871475425,-0.11255553533200362,-8.403334540033015e-05,0.005136080083714571,01,Drosophila
147,0.8646464198446226,0.2962962962962963,4.330733340286331,0.5052910052910053,0.017952872012602105,0.009875079804510882,0.014992945419610293,0.021553916467149336,0.021701669682748916,0.011526459720972281,0.01838758258499325,0.0,0.007487009653746443,-0.006582360951617766,0.0035676095439257476,0.0,-0.004380578993117109,0.01864523107121399,0.10893067488835595,0.13351319568789988,0.026682321213488975,7.139277174015682,4.330733340286331,0.0,0.0,0.5332915244865017,0.4523701183811537,0.014338357052839555,0.12653412347738607,0.16643982532538437,0.031062768316295272,6.988802245246197,4.330733340286331,0.0,0.0,0.7745272025762497,0.21447540878196647,0.010997388582876532,0.17709340260998166,0.2708967726579786,0.05854430555549165,6.2206374230517225,4.330733340286331,0.0,0.0,0.7565765656122402,0.23772123596700767,0.005702198392007817,0.008326153971054203,0.005079632659543885,0.0037300884028223704,0.018213685284752968,0.033456192282877176,-0.0028218297245470184,0.005284910762334069,01,Drosophila
152,1.045374629838616,0.6666666666666666,4.330733340286331,0.5052910052910053,0.005765258206028127,0.004376175285008179,0.0037533041519517505,0.008296106316266995,0.004168019552861677,0.002027204065591948,0.0036418169461801247,0.0,0.0027897586246565377,-0.00044138538009288233,0.002754620142612371,0.0,0.004438729435644906,0.01620751472952781,0.16775621966699136,0.19193432379534714,0.021325950331108394,6.0504183756390395,4.330733340286331,0.0,0.0,0.7000044553588225,0.29957659443371526,0.00041895017249346745,0.20138240748059885,0.272764066166472,0.04630757730668224,5.5068821642429295,4.330733340286331,0.0,0.0,0.8626791131260135,0.13570958603393068,0.001611300816636115,0.30664644423518234,0.4526702581760087,0.11323021389707058,4.680359069327923,4.330733340286331,0.0,0.0,0.8074884873860634,0.1890891391338532,0.003422373470724651,0.009853792731275346,0.0056003286174931225,0.004536202006957556,0.007454964410291908,-0.03367119567012175,3.023168848887859e-05,0.0038278105812653597,01,Drosophila
157,1.209849592784314,0.8624338624338624,4.330733340286331,0.5052910052910053,0.005306766106484426,0.0016048195438128667,0.005058292275138729,0.00586623303367653,0.008295868815987179,0.006082520902641799,0.005641310032341256,0.0,0.002789758624656601,-0.002517571708950709,0.0012019092620230932,0.0,0.0007105226476731871,0.01493299136927933,0.22722378535757384,0.26316447069439486,0.033781821902484375,5.103540523831127,4.330733340286331,0.0,0.0,0.6658952330865837,0.33272522425743806,0.0013795426370288091,0.25101903334016773,0.29386841539801967,0.03942757777359832,5.283307447909046,4.330733340286331,0.0,0.0,0.7588599660337053,0.23882641293845575,0.0023136210123506375,0.2887467987210664,0.35562147821782786,0.04941590765425782,5.404250224658136,4.330733340286331,0.0,0.0,0.6142540073998689,0.3824609472282838,0.003285045360194401,0.010131739508518254,0.005751467159212247,0.003706552830169163,0.007659871830468519,-0.42637262329917025,0.00013410224742497616,0.005352512897330229,01,Drosophila
158,0.9827382837695444,0.582010582010582,4.330733340286331,0.5052910052910053,0.006382795328513196,-0.001910808097361277,0.006090064746843702,0.004148053158133207,0.01185154707850568,-0.004787037912556157,0.010841745070687952,0.0,0.0055490076233545935,0.003065062865400296,0.004625675651749863,0.0,-0.0038074571793063074,0.015274751658753399,0.11266190043299361,0.17549745740275052,0.049486157591804095,6.319004460227776,4.330733340286331,0.0,0.0,0.970974177685874,0.028350148679450623,0.000675673568632038,0.15326174786400287,0.2198859464758544,0.06288844823156897,6.1533767888451045,4.330733340286331,0.0,0.0,0.7270999673090742,0.2724898017023841,0.0004102309521040166,0.20967090592440085,0.27782667921224746,0.07198022763959443,6.144858540323829,4.330733340286331,0.0,0.0,0.6123551370148719,0.377605143405343,0.010039719559436262,0.007988498071074466,0.004575954814375827,0.002979174790587108,0.004711282739709147,0.7209757048013591,0.0015014256576236134,0.0036171819243201813,01,Drosophila
161,0.941275595123666,0.4656084656084656,4.330733340286331,0.5052910052910053,0.005334857082165385,-0.001899259959354505,0.0049853296474679475,0.00586623303367653,0.004059083689045454,0.0033609268601443635,0.0022760340584962705,0.0,0.003253682688357108,0.0015021960156415457,0.0028861493667350973,0.0,0.004094922147994288,0.017380073233531735,0.23057550907464117,0.2601725605067059,0.028582762930990487,5.137842810184699,4.330733340286331,0.0,0.0,0.9211506679051269,0.0772267990191895,0.0016225330571588905,0.26096470458777665,0.3268813278037721,0.04517531402674273,4.9639121700109285,4.330733340286331,0.0,0.0,0.827839580817713,0.1702370876228144,0.0019233315452159734,0.3232704761546491,0.4194459174346444,0.07377684717774857,4.9090471416106425,4.330733340286331,0.0,0.0,0.8796574780534837,0.11928345111964773,0.0010590708177732084,0.011058082795227521,0.005902873368587821,0.006210748106556613,0.008710911632079713,-0.1334887914091489,0.0010250499319867147,0.0035532161826707575,01,Drosophila
166,0.9335302495049262,0.4497354497354497,4.330733340286331,0.5052910052910053,0.006359335077466003,0.0047727365453118535,0.0042026335191798735,0.004148053158133207,0.009398413982088358,0.006333206249986308,0.006944111460356056,0.0,0.0027617199183056704,-0.0006011310730640815,0.0026955033556208207,0.0,-0.005971206547866494,0.016672674128619842,0.1291982856677225,0.19256083059857965,0.045794450793389334,6.040641804718169,4.330733340286331,0.0,0.0,0.9223155515626958,0.07660167336296053,0.001082775021122081,0.1686104785146701,0.23058101842592743,0.05992924649180591,6.010896877511595,4.330733340286331,0.0,0.0,0.6470755372550417,0.32057557905987377,0.03234888365385507,0.22562051471677572,0.30473372635722984,0.07177697906173122,5.867535829027394,4.330733340286331,0.0,0.0,0.6852612393689954,0.26864052257100735,0.04609823804215806,0.0071676775766568125,0.004408177506670299,0.002540846406835893,0.0065059671615094045,0.14139769437124133,-0.0007614797827675097,0.00434665615872766,01,Drosophila
171,1.1774398157936397,0.8148148148148148,4.330733340286331,0.5052910052910053,0.018567117734476838,-0.0006852440099504194,0.01855446850795655,0.02271982284440117,0.02170166968274908,-0.0018310119524316399,0.02162428871082707,0.0,0.0027897586246565377,-0.00017060519519895568,0.0027845371341062527,0.0,0.007490873879185723,0.01586174644425002,0.09686590666779145,0.11914375614032885,0.022849844608807755,7.4808857285717005,4.330733340286331,0.0,0.0,0.6858221506771629,0.30339172076415977,0.010786128457719443,0.13966333822711824,0.23643903001358818,0.0590361766026816,5.9356326288515575,4.330733340286331,0.0,0.0,0.8970938777503931,0.0875343832215442,0.015371738984567637,0.252183974116842,0.4869150108511554,0.12902229944168514,4.461582153491177,4.330733340286331,0.0,0.0,0.7613423072894409,0.22472614820758416,0.01393154449051282,0.008741811652871318,0.00531244480582706,0.0027249755088784217,0.017027240331171516,0.6150460682939373,0.0008349529044361443,0.0057527892422975626,01,Drosophila
172,1.1349917064642174,0.7671957671957672,4.330733340286331,0.5052910052910053,0.019663479473247775,-0.01670444268526611,0.010373717731338949,0.022337949885301918,0.024373125531620805,-0.021938139899900004,0.01061919327974406,0.0,0.0013257412984429566,0.0007987711211526378,0.0010580901126131812,0.0,0.0011752387145696611,0.009916845303370322,0.1056934691799648,0.13912993253802616,0.03346574895269271,7.015653336335896,4.330733340286331,0.0,0.0,0.7689182801636222,0.23068709330676185,0.00039462644825616436,0.13543341939255787,0.19287332085032882,0.04543692424493288,6.546602934992744,4.330733340286331,0.0,0.0,0.8793928487614001,0.09561004578610625,0.02499710540349011,0.20920924985226003,0.3499393624389858,0.08512685871541922,5.4525712620184565,4.330733340286331,0.0,0.0,0.8964637558419879,0.0923507286533416,0.011185515485068565,0.0076847509602357535,0.004055119722282033,0.002616500854599465,0.020198080107128574,-0.14056439078962082,-0.00025389090761289564,0.004197289388407308,01,Drosophila
175,1.3531988846689817,0.9788359788359788,4.330733340286331,0.5052910052910053,0.005765258206027409,-0.004827919960912169,0.0031510936249486816,0.008296106316266122,0.020175807163239513,-0.008399741130186612,0.0183441419432493,0.0,0.004003950489777564,-0.0012400047238352195,0.003807099658461325,0.0,-0.0032301689653724017,0.020777104657689616,0.17113654582224744,0.27490046790038597,0.07857836683586081,4.972650833832807,4.330733340286331,0.0,0.0,0.9587407056898598,0.04106344895772141,0.0001958453242199509,0.24560772325443064,0.3928405634977141,0.11193083140582784,4.412492233237351,4.330733340286331,0.0,0.0,0.862071342006965,0.13733158879616317,0.0005970691831451669,0.3935914723732533,0.6460850793552372,0.17652776062771514,3.6130573392399223,4.330733340286331,0.0,0.0,0.8593213882793835,0.13962826138242507,0.0010503503328172556,0.011364583879927417,0.005999344788162748,0.005499832709274505,0.008661389277232872,-0.1818676411001426,0.0012408015926264205,0.005466868262647542,01,Drosophila
180,1.1270208258862746,0.7513227513227513,4.330733340286331,0.5052910052910053,0.0057652582060276495,0.004677704749192056,0.0033700564478292097,0.008296106316266413,0.009187236461913082,0.002303215859762843,0.008893846777994442,0.0,0.0021926485378205803,-0.0006973139464542317,0.002078812370197742,0.0,-0.001657352989893453,0.01213615726756612,0.09696347998857509,0.136697076314493,0.031384398700640095,7.068576057532688,4.330733340286331,0.0,0.0,0.9175452631923074,0.08089206623397023,0.0015626704774471696,0.12744920985142788,0.2023637840781351,0.048226408068181285,6.402502782311899,4.330733340286331,0.0,0.0,0.9483488526136091,0.04730513929896691,0.0043460080335709795,0.2012623312410385,0.3213335904651002,0.08623939783498712,5.708411511476289,4.330733340286331,0.0,0.0,0.9333827359694237,0.05905146747869326,0.007565796531025299,0.007812771593914103,0.004518509073146449,0.003944112430248829,0.006249672243896206,0.21407925042593012,-0.0017355788473904696,0.005863231402425689,01,Drosophila
185,1.2089483960775742,0.8571428571428571,4.330733340286331,0.5052910052910053,0.0057652582060286044,0.004847107560880037,0.003121498113957422,0.008296106316267574,0.0092174603458509,0.006910264086847925,0.006099985694848277,0.0,0.0020027967234755788,-0.0004273205083083252,0.001956678792940637,0.0,0.009236900932806703,0.016390497246132042,0.0969688837866896,0.1676757815977284,0.05009552642067896,6.455781395322947,4.330733340286331,0.0,0.0,0.8748133221521628,0.112021333568415,0.013165344195476887,0.1376380391297712,0.22395645934615355,0.06513862686722605,6.098348784164948,4.330733340286331,0.0,0.0,0.8761423297865482,0.11952683516422084,0.004330835006103955,0.238798177298135,0.45925524171540677,0.12436833459509258,4.637032516911854,4.330733340286331,0.0,0.0,0.7269344336723044,0.26741124739678446,0.005654318917116552,0.010021997605716143,0.005945659816927808,0.004068333294963388,0.006903736354864675,0.045362674424319294,0.0002817177473530986,0.005604451471320853,01,Drosophila
188,1.3403341736756913,0.9682539682539683,4.330733340286331,0.5052910052910053,0.003332399780238024,0.0013230740205777876,0.003058490384389423,0.0041480531581326256,0.021807077051289307,0.00758267901241071,0.020446309899725547,0.0,0.0015289161833700147,0.0010625688039174646,0.0010993326306046505,0.0,0.013766928786650354,0.018796372452916058,0.12763941326009345,0.17332708494263382,0.04496072412477631,6.356336703873644,4.330733340286331,0.0,0.0,0.9269426175841484,0.07305238092637925,5.001434867211902e-06,0.1628101637683935,0.23643903001358818,0.05694401709902612,5.9356326288515575,4.330733340286331,0.0,0.0,0.770633787381969,0.228030045484498,0.0013361670999193897,0.277385844005989,0.5012111701063696,0.1357132963973678,4.374768401438111,4.330733340286331,0.0,0.0,0.598945738034622,0.3959298623707043,0.005124399584187112,0.011527084941338866,0.005874984438517924,0.005745221921439773,0.008591578438306866,-0.7757161944276856,3.824481618752984e-05,0.006283017158409657,01,Drosophila
189,1.207719472127367,0.8518518518518519,4.330733340286331,0.5052910052910053,0.009587007397852886,0.0085257659120038,0.004384293153998711,0.008296106316266413,0.009332416278874177,0.009188423515590516,0.0016330544694954157,0.0,0.0025588457801376317,-0.0022405541644242057,0.0012359647093705848,0.0,0.0013742013969074843,0.015687223140531115,0.25957415778348825,0.29386841539801967,0.029837864088530338,4.772481824143188,4.330733340286331,0.0,0.0,0.7287813676262243,0.2538084462171452,0.01741018614198262,0.28608140381617747,0.33158489797824414,0.040016510538166336,4.921052111346049,4.330733340286331,0.0,0.0,0.6035206257983764,0.3701608410812259,0.026318533108413554,0.3292015505567073,0.3870380337815547,0.052260406260223685,5.1502820298050835,4.330733340286331,0.0,0.0,0.6607544291725611,0.30474217002823206,0.034503400790206216,0.009085681633193407,0.005018521366380921,0.0027557647811204795,0.008275340060126936,0.5871355137947508,0.0015958155683729446,0.004345946181265888,01,Drosophila
194,0.9547107182635477,0.4973544973544973,4.330733340286331,0.5052910052910053,0.012982176183483091,0.0003586016618356316,0.012977222480451057,0.009275328835868275,0.017241772210654642,0.0011351982864328198,0.017204360895266717,0.0,0.008481217915714856,0.005072535227567202,0.0067970908261499935,0.0,-0.005317561802642345,0.01549100249513567,0.1331015335498492,0.18527454838801607,0.056528102686107674,6.156361814521807,4.330733340286331,0.0,0.0,0.8641785380028169,0.1356643010280533,0.00015716092130921522,0.16405847343484098,0.2217948159058607,0.05835956183852507,6.1274456438557285,4.330733340286331,0.0,0.0,0.7675102319021208,0.2309037583668532,0.0015860096980456406,0.20179948850531218,0.25074286558117637,0.056137559275185274,6.452567007520333,4.330733340286331,0.0,0.0,0.6483303516043908,0.34859541012115236,0.003074238251664615,0.006532050655741873,0.004181377057135464,0.0014718074616003232,0.012805329666811183,0.17602331413418087,0.0013362105348678805,0.0034308261928239605,01,Drosophila
201,1.2412387008390364,0.8941798941798942,4.330733340286331,0.5052910052910053,0.009618137969632514,-0.005878000874350583,0.00761299439931624,0.008296106316266413,0.009416482918630094,-0.009339182830987919,0.0012040824748466429,0.0,0.002937677438202695,0.0002490817621719256,0.0029270987353826106,0.0,0.011213661462839674,0.01736906970394919,0.10228909601689312,0.14309280398821944,0.03492920114859319,6.931397929165326,4.330733340286331,0.0,0.0,0.8543231670143238,0.14258215104911806,0.0030946818509643846,0.1340862180715316,0.1821368528475284,0.047420093931220104,6.71842871950962,4.330733340286331,0.0,0.0,0.9259645582133311,0.06935440734416451,0.004681034393067633,0.25020594594426754,0.4980082899600106,0.13407467656597505,4.39400075975602,4.330733340286331,0.0,0.0,0.6580006576849429,0.33730661981321636,0.004692722489430544,0.009636709629355752,0.006082606070182549,0.00434549695870705,0.011769072914708599,-0.3244260448033998,0.0013542285908761606,0.005343188359959357,01,Drosophila
206,1.4050815402759758,1.0,4.330733340286331,0.5052910052910053,0.01258215611518926,0.01183598054833815,0.00426851460889563,0.014956018354999288,0.01306993946626137,0.007782149838701317,0.010500545773422333,0.0,0.0016661732377657227,0.0008841222516058561,0.001412253908637573,0.0,0.008952566435784987,0.014840526137389455,0.18011390018134224,0.23280890609789798,0.05005067094401306,5.471224210856223,4.330733340286331,0.0,0.0,0.9148364708036065,0.08501063975685841,0.00015288941091971112,0.22887162827673477,0.30337557485637084,0.07120227337638822,5.187789072598161,4.330733340286331,0.0,0.0,0.8689202979318126,0.13020170202859185,0.0008780000221897535,0.30101242900054903,0.4342201383394936,0.09446343678798869,4.8051960198309365,4.330733340286331,0.0,0.0,0.6657563289996139,0.32178360555647045,0.012460065433868439,0.010874907284523287,0.00621019384356031,0.005270913440887902,0.014898384158519068,-0.27042343082474907,-0.001181483926136056,0.0049462027288184095,01,Drosophila
211,1.3771588948224296,0.9841269841269841,4.330733340286331,0.5052910052910053,0.011772968061217129,0.011597319405494032,0.002026069983339704,0.009275328835868275,0.00829586881598631,0.005804898680111634,0.005926600267074902,0.0,0.002974301080992557,0.0004145359903656218,0.002945271945523042,0.0,-0.017136920358194137,0.021456125457028623,0.26057606474407446,0.33158489797824414,0.07619948179428483,4.410226487580192,4.330733340286331,0.0,0.0,0.6752448743342492,0.323231656427002,0.0015234692251814208,0.29968899566783797,0.37733606360554645,0.07695849186812566,4.533295132044341,4.330733340286331,0.0,0.0,0.8166249347512545,0.18227984359933455,0.0010952216389654111,0.40340781664590397,0.5424441961078987,0.11979798358593767,4.13759528251485,4.330733340286331,0.0,0.0,0.7252075249542209,0.2666605972309095,0.008131877809222662,0.008867085566856954,0.004943759134728489,0.002418700388003339,0.010032802114353881,0.7690137999208619,0.0014636382213792786,0.003592254094195017,01,Drosophila
218,0.9821739462334853,0.5767195767195767,4.330733340286331,0.5052910052910053,0.008957075520744867,-0.004198109072333346,0.007912337334891592,0.009275328835868535,0.02060193006201119,0.0053098984525451485,0.019905891105490833,0.0,0.0066786753320617,-0.004565251496191288,0.0048747495287053124,0.0,-1.2816285005274178e-06,0.01577472614853415,0.13135110180588386,0.16059984794215956,0.031576647287338916,6.585130561269684,4.330733340286331,0.0,0.0,0.6864785281150079,0.30964111890460494,0.0038803529255933256,0.1633465189528598,0.24742711152903357,0.05152410091970252,5.79935563002616,4.330733340286331,0.0,0.0,0.59022654450778,0.40240472576222946,0.007368729695903838,0.23587435905668305,0.36476933246349835,0.08714863160150664,5.328055366056541,4.330733340286331,0.0,0.0,0.8002520864704776,0.18971273440461162,0.010035179109095713,0.009055800301202887,0.0052280896763714415,0.002917406218481686,0.007580843772893192,0.59834596161389,-0.0007342369347197292,0.006244429573673386,01,Drosophila
221,1.3503828498410446,0.9735449735449735,4.330733340286331,0.5052910052910053,0.017961195591582296,-0.008326865841122685,0.015914391359490302,0.021553916467149478,0.023267230260273816,-0.015561322992996725,0.017297665469427743,0.0,0.0033203914827909806,-0.0001266866629323012,0.0033179737926068618,0.0,0.0066925955787940595,0.011541895279507398,0.18988857049736163,0.2459274337776996,0.05632759004804638,5.30676860223061,4.330733340286331,0.0,0.0,0.8876157618444177,0.11001191821424755,0.0023723199158442957,0.23055797153952176,0.31445963927109555,0.06778198969223194,5.080136544637077,4.330733340286331,0.0,0.0,0.8466329496673519,0.12963714571041318,0.02372990460491932,0.28271923039489366,0.36061829616700525,0.07170388920595742,5.362390787105224,4.330733340286331,0.0,0.0,0.7927319684454484,0.1846746601317182,0.02259337141107861,0.010337003336883982,0.005791984856473067,0.0034700710142924083,0.015150334726863182,0.8432455546013166,0.0008348007128100275,0.00567796685025888,01,Drosophila
224,1.3805721430256797,0.9894179894179894,4.330733340286331,0.5052910052910053,0.017961195591582258,-0.004585816138302138,0.01736591021008578,0.021553916467149253,0.021701669682749006,-0.0034823560818858855,0.021420449648364055,0.0,0.003253682688357108,0.0008994458440104505,0.0031268911414065992,0.0,0.015366369878438002,0.020909187175915136,0.15729391988501032,0.22395645934615355,0.06650847725502022,5.5875231603990905,4.330733340286331,0.0,0.0,0.972143344756253,0.027853558540855482,3.096668603590794e-06,0.19770435807443754,0.2838311246192587,0.07323836752922167,5.387565460310842,4.330733340286331,0.0,0.0,0.746073590915447,0.2531073819959122,0.0008190270661441135,0.31883866958803536,0.5482496154600912,0.1457451996674505,4.1056588722267815,4.330733340286331,0.0,0.0,0.6245998552559909,0.37104287330453506,0.004357271431337327,0.010064205360204444,0.005911931493761309,0.00399584934030685,0.01513328952957425,0.763233618373435,0.0006291338320755225,0.006095411341421914,01,Drosophila
227,0.9782199522251385,0.5661375661375662,4.330733340286331,0.5052910052910053,0.009587007397852634,0.009508299823592211,0.0012259466999659746,0.008296106316266122,0.025146931230886703,0.02226378782127805,0.011691531216228965,0.0,0.002789758624656601,-0.0015816998487162683,0.0022980380267560467,0.0,-0.0018438567404023155,0.015196953189979911,0.16617413363827827,0.24413680404508267,0.05577592702997128,5.328691904072782,4.330733340286331,0.0,0.0,0.9510822192898242,0.03955029889860993,0.009367481779018845,0.20467298809140438,0.265896355025953,0.06398941787473543,5.58338397905254,4.330733340286331,0.0,0.0,0.7641080588871147,0.23117813169988705,0.004713809391252298,0.24627085554697628,0.32197550938116026,0.06304170262052652,5.702424475422452,4.330733340286331,0.0,0.0,0.5675170930537564,0.4299721129378987,0.0025107939928705907,0.0058286128756106035,0.0027130667711382722,0.0035976367387406455,0.008551430655829738,0.45993346387420175,0.0015839748814529136,0.0023346912892814246,01,Drosophila
232,0.9887260654586191,0.5925925925925926,4.330733340286331,0.5052910052910053,0.006382795328513385,-0.0013692605548741264,0.006234196158171323,0.004148053158133497,0.009368773877007954,-0.007071516036361757,0.006145533736461395,0.0,0.0018098463287005992,0.0016947852878188157,0.0006350169774926741,0.0,-0.004458503471367614,0.015616378042669748,0.13697292566824984,0.14242991525020793,0.004034288060901475,6.945327957512837,4.330733340286331,0.0,0.0,0.8957936986084021,0.10365939895417506,0.0005469023841688459,0.16564059692490715,0.2283313937201277,0.03738429624698544,6.040309584591725,4.330733340286331,0.0,0.0,0.642356106212441,0.35639409630374874,0.0012497974491296102,0.23624060053895338,0.353948298434456,0.08154392078376976,5.418398371376077,4.330733340286331,0.0,0.0,0.6664111908980734,0.3285746888842495,0.005014120201666554,0.010149529027528505,0.008858411349907976,0.00524286213347922,0.010776958233575109,-0.7159183482826517,0.004976976139574431,0.008896369334317178,01,Drosophila
235,0.9469141775627817,0.48148148148148145,4.330733340286331,0.5052910052910053,0.010087846579660314,0.009221292647808509,0.004090526924277243,0.01173246606735306,0.009217460345850387,0.006973452313387779,0.006027647804926144,0.0,0.0020027967234756226,-0.0005063063346669524,0.0019377431746856457,0.0,-0.005912406614786349,0.016034370292048926,0.09142027836563911,0.10919705621888282,0.024750230267396242,7.742415809112141,4.330733340286331,0.0,0.0,0.8748246663707617,0.12504893429279218,0.00012639922496621676,0.10569915488505292,0.13280249857501145,0.026197359264729488,7.666114594645125,4.330733340286331,0.0,0.0,0.6920465731118242,0.28683945243512987,0.021113974368718955,0.1665690985915136,0.27508817735749236,0.06744867923076861,6.174575856270602,4.330733340286331,0.0,0.0,0.5494896037174595,0.437506008265593,0.013004387985982569,0.009954728439447221,0.008858259062120472,0.004674179033836476,0.005641962269901562,0.9732363367943928,0.004532025387170511,0.008788865645339905,01,Drosophila
240,1.2800050625655703,0.9312169312169312,4.330733340286331,0.5052910052910053,0.003332399780238128,0.0021564376644392152,0.002540603254095189,0.004148053158133207,0.020175807163239436,0.010544879247586745,0.017200834757128452,0.0,0.005856482971335658,-0.004847710111485134,0.003286046175656898,0.0,0.0030241435673846405,0.008559251917619129,0.14265958103947493,0.15257845453618588,0.007016670329119461,6.7388413661272795,4.330733340286331,0.0,0.0,0.6654227678510501,0.32221933934994995,0.012357892749982698,0.16043735831591602,0.2108990323163554,0.027020274031947504,6.278565251910456,4.330733340286331,0.0,0.0,0.6858720526939523,0.3058027143297898,0.008325232938479614,0.23985902026112962,0.40990237734288587,0.09258891545556563,4.978093848010006,4.330733340286331,0.0,0.0,0.8152495075898963,0.18167263102053344,0.0030778613744425402,0.010580778996064927,0.005757338132419265,0.0033773548619609774,0.0063317283466907395,-0.7809792801380537,-0.0009744391111135243,0.007860819184891487,01,Drosophila
243,0.928528075601651,0.42328042328042326,4.330733340286331,0.5052910052910053,0.004835727909414553,0.0019274995512128365,0.004434975748971482,0.0,0.00844356695745853,0.00019816851495198972,0.00844124115309871,0.0,0.002789758624656618,-0.0013368071443496498,0.0024486118195136035,0.0,-0.004926747715580618,0.016041522639572297,0.14686215034164915,0.17505570670448262,0.02435736357864577,6.326565383544086,4.330733340286331,0.0,0.0,0.6461856991555133,0.35211711980077526,0.0016971809985887544,0.1616022207509639,0.18387622992192948,0.026112907834232788,6.689915145814957,4.330733340286331,0.0,0.0,0.7026161402931954,0.2911137174374469,0.006270142232040381,0.1904639034314325,0.24434814744409936,0.03718909513644884,6.530068803510793,4.330733340286331,0.0,0.0,0.5225576573895463,0.47064857146066125,0.006793771123238843,0.010428645954406039,0.008850002731980186,0.00675596394870668,0.009440808604880235,-0.30764541962791897,0.00591674674243974,0.00869792918957403,01,Drosophila
248,0.9409274744137252,0.4603174603174603,4.330733340286331,0.5052910052910053,0.003332399780238128,0.0008758269008210444,0.003215247352091177,0.004148053158133207,0.004313766193194863,0.00044573130488780483,0.004290676214000995,0.0,0.002926611683313337,0.0009580909028873276,0.0027653422512793364,0.0,-0.005756909223697111,0.01697945433754476,0.08723992106952311,0.11673656343295817,0.021423631299312497,7.54211872031475,4.330733340286331,0.0,0.0,0.8238911031478666,0.1461463741984886,0.02996252252972551,0.11786067397506102,0.18527454838801607,0.043202225447487606,6.667187438287664,4.330733340286331,0.0,0.0,0.6692128042477942,0.3060104889904183,0.024776706698326025,0.18003329213755506,0.2732997322660846,0.0710731221805324,6.1941435899923185,4.330733340286331,0.0,0.0,0.6708513043254904,0.3157638366877226,0.013384858960094169,0.008350054472858654,0.004376800934673981,0.0021374530657414016,0.002933116516838265,0.4963198201487993,0.0025154772026731768,0.0040512661194374655,01,Drosophila
253,0.908423656198131,0.37566137566137564,4.330733340286331,0.5052910052910053,0.003332399780238128,0.0010740664217886945,0.0031545633005088283,0.004148053158133207,0.0005796762712186854,-0.00020357453332244002,0.0005427540776415684,0.0,0.0022873666166797315,0.001174278052458427,0.001962935835582846,0.0,-0.005618605815617913,0.01705808934660454,0.08023647208844943,0.0878956705771767,0.009735717718310388,8.393426475578968,4.330733340286331,0.0,0.0,0.6609536160894449,0.3053504230560737,0.033695960701404674,0.10737722742757168,0.17855911427311733,0.039155946623931535,6.7779445928271524,4.330733340286331,0.0,0.0,0.7779891124461287,0.1775246596352068,0.044486227842112855,0.16818713013622577,0.26628433629509596,0.06965995787923862,6.272156915929511,4.330733340286331,0.0,0.0,0.707976495672599,0.2827026500917916,0.009320854205433916,0.008350054472858654,0.004376800934673981,0.0021374530657414016,0.0029331165168382644,0.4963198201487994,0.002495653250576412,0.0040587489437924765,01,Drosophila
258,1.276056110649905,0.9259259259259259,4.330733340286331,0.5052910052910053,0.005306766106484265,0.0031875471539567646,0.004242795028071978,0.005866233033676735,0.009168715756798574,-0.002215358758734844,0.008897051994849938,0.0,0.0015289161833701018,-0.00019437749733984072,0.0015165098365321932,0.0,0.0024080792451732736,0.01721428178195924,0.17229118057423035,0.19623404423299967,0.017504526158716803,5.983953975224853,4.330733340286331,0.0,0.0,0.9101565589945724,0.0878403635726199,0.002003077399464071,0.20141416050205202,0.26371963616861516,0.039934493158993334,5.608044085430979,4.330733340286331,0.0,0.0,0.6416202944516304,0.3511986932241772,0.007181012300474671,0.29367562408862447,0.4815137577591742,0.10632967981215445,4.495046519315939,4.330733340286331,0.0,0.0,0.7560860911779111,0.238773292800104,0.005140616011733712,0.009621308684533116,0.004774757799609163,0.0033570084274060336,0.006492730185108102,-0.07646070159989206,0.0019530526824155909,0.004875799603671304,01,Drosophila
261,0.9034656512088836,0.35978835978835977,4.330733340286331,0.5052910052910053,0.005334857082165158,-0.0019542335250654496,0.004964037813780029,0.005866233033676324,0.004208604539652753,-0.003900846454213161,0.0015797940093057621,0.0,0.0016661732377657701,0.0001061146070852472,0.0016627907109465138,0.0,-0.005378055876374557,0.015919495712133365,0.11147105080674725,0.1156258192061642,0.002942247551824515,7.57080028246663,4.330733340286331,0.0,0.0,0.7058069847617716,0.24864738189707056,0.045545633260736,0.12412683861461975,0.15161687545786234,0.016564744821439298,7.26863340099905,4.330733340286331,0.0,0.0,0.5907823884670668,0.3840981789061157,0.025119432563049715,0.166098577398135,0.2283313937201277,0.04558994011805959,6.73345676515157,4.330733340286331,0.0,0.0,0.6985650577220597,0.283641903951779,0.017793038292454145,0.010186741546617783,0.008883283854592834,0.005622341705656508,0.009293860979891115,-0.43848909810931,0.005449806923367386,0.008681942133735195,01,Drosophila
266,0.941941075478424,0.47619047619047616,4.330733340286331,0.5052910052910053,0.0057652582060276495,0.0027164803907014866,0.005085168283262949,0.008296106316266413,0.004059083689045452,0.00041545905948402276,0.004037765986850587,0.0,0.002364320276837942,0.0023403169420969806,0.0003360461010053248,0.0,-0.004414575094518185,0.016640536216623494,0.08067348781694324,0.13104171974105375,0.035623816537102795,7.195330893753407,4.330733340286331,0.0,0.0,0.8181665472145471,0.17483394270546268,0.006999509951410358,0.10586474041764445,0.15161687545786234,0.04169785026035524,7.26863340099905,4.330733340286331,0.0,0.0,0.6840369618312048,0.29286411866511186,0.023098919426439716,0.172503934499856,0.25452286525017626,0.07394066588551552,6.407678902579055,4.330733340286331,0.0,0.0,0.649554583991028,0.3413144313290367,0.009130984651546515,0.010211282739777078,0.008829738576849556,0.004411638561990964,0.004428908816297372,0.6504131760278922,0.00456840204501687,0.00908267264944437,01,Drosophila
271,0.962094567679205,0.5185185185185185,4.330733340286331,0.5052910052910053,0.005306766106484233,0.004908602142393726,0.0020167775079610413,0.00586623303367653,0.008295868815986596,0.0070961222797001205,0.0042972651772496435,0.0,0.0034308642995017208,-0.0022291323426132164,0.002608025851235211,0.0,-0.0059892550030820274,0.016821081549318342,0.13250067474595872,0.14230905827871965,0.010699883627258976,6.947874647427595,4.330733340286331,0.0,0.0,0.8673780578445919,0.10715700872948361,0.02546493336933457,0.1518440246116701,0.18666239211599167,0.02536556319988339,6.644798962966133,4.330733340286331,0.0,0.0,0.7069608901770389,0.27306945387329434,0.019969655907472662,0.19730175962185906,0.2608990242041445,0.051472591877993586,6.33345057382048,4.330733340286331,0.0,0.0,0.5881429630053882,0.3967507760673214,0.015106260903239098,0.0068273878600549065,0.002988840447499035,0.0036593506193886714,0.0033442673714513603,0.7819144180300194,0.002769138051784004,0.0037780463343579057,01,Drosophila
274,1.0297312734459565,0.6349206349206349,4.330733340286331,0.5052910052910053,0.008957075520744597,-0.00394817453515023,0.008039970132053561,0.009275328835868275,0.021822661154798813,0.003686439255428381,0.021509037763070706,0.0,0.0020722178942766843,0.0015798865507172537,0.0013409121851274356,0.0,-0.002018871627254107,0.014814738930874698,0.09109240140426784,0.1167365634329582,0.019637799887771427,7.5421187203147495,4.330733340286331,0.0,0.0,0.8050760718103542,0.19461477229736632,0.00030915577711800854,0.12201065457926048,0.2023637840781351,0.04611978000607235,6.402502782311899,4.330733340286331,0.0,0.0,0.8257290315011246,0.13696205562530459,0.03730891281479457,0.21074103842034778,0.33075359639338203,0.09823721659326339,5.621729900756935,4.330733340286331,0.0,0.0,0.8037204384092819,0.18226702697809508,0.014012534594125997,0.00918846472585014,0.005159287214588515,0.0026358568463562297,0.00792484443127094,0.5161844358451807,-0.0004574782898414045,0.006510037891701001,01,Drosophila
275,1.3824670769607652,0.9947089947089947,4.330733340286331,0.5052910052910053,0.017952872012602036,-0.007858022811312444,0.016141780911589736,0.021553916467149253,0.023206715736040835,-0.005949962711415914,0.02243099638861737,0.0,0.0017299281625880064,-0.00017164951171602105,0.0017213912666336983,0.0,0.0033275574708347237,0.007189958807430804,0.1589099085550699,0.21537944685432403,0.04036938574673017,5.704674100516613,4.330733340286331,0.0,0.0,0.8391227658326031,0.157427463013216,0.0034497711169813932,0.19620758445839673,0.2583807628490744,0.055497710452967225,5.669400783446899,4.330733340286331,0.0,0.0,0.6136902958945303,0.3826450662967221,0.0036646377846958657,0.3031737288870534,0.5012111701063696,0.12415888599110095,4.374768401438111,4.330733340286331,0.0,0.0,0.5937105097441436,0.4010901728948175,0.005199317351721675,0.009118731772828527,0.005552340485707923,0.002091730467061844,0.017466210146961973,0.2877626393904684,-4.160531571027061e-05,0.007536697840441527,01,Drosophila
278,1.082258698563285,0.7037037037037037,4.330733340286331,0.5052910052910053,0.003332399780238076,0.0007745609732682352,0.003241133072556655,0.004148053158132916,0.008295868815986313,0.006311272232342041,0.005384169594405664,0.0,0.00351437399076554,-0.0024258120686766623,0.0025428842589531988,0.0,0.00042150046965107985,0.01639516225184664,0.14557968861095294,0.16140138268950902,0.011189983122474177,6.570195157431064,4.330733340286331,0.0,0.0,0.8906435056476083,0.10639703448402224,0.0029594598214622452,0.16559702967634832,0.21653473193082226,0.029173444616715505,6.199450871686337,4.330733340286331,0.0,0.0,0.6142553123356813,0.36980107391032807,0.015943613718621852,0.22877157650561702,0.34188112203415105,0.07268048770936161,5.522461689178716,4.330733340286331,0.0,0.0,0.5746958937535869,0.4185054895074809,0.006798616721576695,0.009939666129384298,0.004611944281383563,0.003658914292722105,0.0058662330336762625,-0.4067980084450785,0.0013243202681448595,0.0040334131558725185,01,Drosophila
283,1.1582530211192847,0.8095238095238095,4.330733340286331,0.5052910052910053,0.017819318488815333,-0.002225456197947591,0.017679803622123538,0.020740265790665742,0.02326723026027382,-0.009249852715381304,0.021349572097078547,0.0,0.002072217894276774,-0.0004736193580672501,0.0020173675185807946,0.0,0.002043284834911807,0.016320362147996915,0.08534268286077203,0.1373876285113041,0.036877460891640734,7.053459117866529,4.330733340286331,0.0,0.0,0.7760611116641213,0.21648687812426168,0.007452010095920609,0.12933806628606162,0.19623404423299967,0.06098922044582193,6.494779598990711,4.330733340286331,0.0,0.0,0.6333999067615511,0.35767082979403636,0.008929263395508086,0.21984915035815672,0.3629961294981864,0.1057176234746563,5.342674414913928,4.330733340286331,0.0,0.0,0.6619197380834339,0.33175382520428787,0.0063264366954743955,0.0083700534463,0.00404641367934517,0.003221678669014517,0.01872605968042912,-0.19821226498862785,0.0026499403684734414,0.004714849409320118,01,Drosophila
288,0.9837652859261103,0.5873015873015873,4.330733340286331,0.5052910052910053,0.004835727909414553,0.002303864351842771,0.004251643618907743,0.0,0.011851547078505269,-0.006220771445873587,0.010087674200341255,0.0,0.014518175993495423,0.011576237958936211,0.008761743484957271,0.0,-0.006492691035479977,0.014350638714746638,0.18222492941955215,0.20781704924469713,0.024116410077052723,5.811903760364831,4.330733340286331,0.0,0.0,0.7123786344496051,0.28704350721145505,0.0005778583093432843,0.20386316829995907,0.25452286525017626,0.0344065526666916,5.71453172201921,4.330733340286331,0.0,0.0,0.79995450315348,0.19928960383678362,0.0007558929863412039,0.256049488927849,0.3296854279188657,0.05898405329506027,5.631434076614738,4.330733340286331,0.0,0.0,0.5279964529232147,0.4690101551013311,0.0029933919609699505,0.00916093497824903,0.008473558651928273,0.006040194950055297,0.007385398679729815,0.09113891797311606,0.006192565551567853,0.00867359164999801,01,Drosophila
293,1.2037703097215848,0.8412698412698413,4.330733340286331,0.5052910052910053,0.006359335077466003,0.006092304381201732,0.0018234500141982798,0.004148053158133207,0.0005796762712186854,-8.050769006880961e-05,0.0005740584388838678,0.0,0.0027470916761288566,0.0007536365095021186,0.0026416935266230096,0.0,0.0028125852177612516,0.016800611021290553,0.11461203958314266,0.16576650134846094,0.042281401919352694,6.490137586122935,4.330733340286331,0.0,0.0,0.6801812935511189,0.31743677529761816,0.002381931084255078,0.1543497314243047,0.253201187754035,0.06369711022972249,5.730150605626946,4.330733340286331,0.0,0.0,0.6812220829004887,0.31162557291323095,0.00715234415041382,0.24550769264254751,0.3918099157934559,0.10581100174859247,5.113520489441752,4.330733340286331,0.0,0.0,0.6403911956561061,0.3536856394145353,0.00592316491536666,0.00951605178743493,0.004856409539464447,0.002972730028043344,0.005376491384214594,0.5388006506141733,0.0018181643105585094,0.004767590136580542,01,Drosophila
294,0.9583052959070093,0.5079365079365079,4.330733340286331,0.5052910052910053,0.005334857082165385,-0.0012927547746300178,0.005175855985226159,0.00586623303367653,0.02062366962687195,0.007982018520806515,0.019016391066968053,0.0,0.0025588457801375593,0.00019347160965944336,0.0025515212056307856,0.0,-0.002028979924747461,0.014302598502403993,0.14128970629451795,0.16059984794215956,0.013841399557229335,6.585130561269684,4.330733340286331,0.0,0.0,0.8095629624211342,0.18377088782114998,0.006666149708098938,0.1625492035963069,0.20954854436833054,0.029735936667417428,6.297837465625151,4.330733340286331,0.0,0.0,0.8143358919006806,0.18263764191091428,0.003026466151783857,0.21646371684253976,0.30510051862394183,0.06134171218796456,5.863927055194692,4.330733340286331,0.0,0.0,0.7518828505278785,0.241296820198541,0.00682032925382522,0.011089238264644096,0.008462727368174019,0.004782220893178967,0.007208547836294825,-0.012402273748380025,0.003998988368646946,0.009538547667758178,01,Drosophila
297,0.9021833371667819,0.3544973544973545,4.330733340286331,0.5052910052910053,0.0057652582060276495,0.0030717772326939144,0.004878768985602051,0.008296106316266413,0.005789000156184611,0.0046202924621572775,0.0034878962674423234,0.0,0.0015289161833701309,0.000958670289090936,0.0011910230781078043,0.0,-0.004789942658810291,0.015282259524362213,0.17254110026142144,0.19737062873211159,0.030985494919354203,5.9666281495503215,4.330733340286331,0.0,0.0,0.6809547056057459,0.3079717572869231,0.011073537074790068,0.18649043204824906,0.20934316497529304,0.029486002290032415,6.3007792198526635,4.330733340286331,0.0,0.0,0.7740041354735492,0.21469593981775997,0.011299924680638961,0.22313426401811975,0.2772997580544543,0.043180411290219066,6.150553689543622,4.330733340286331,0.0,0.0,0.6043366521844997,0.38614133833117004,0.009522009464970616,0.012156730003928605,0.008600815970729855,0.004708133145895179,0.004908042685610841,0.5768548229266875,0.003380926720721928,0.009691547625753917,01,Drosophila
300,1.065418937418148,0.6878306878306878,4.330733340286331,0.5052910052910053,0.008957075520744597,-0.0030750500210443912,0.008412685020396103,0.009275328835868275,0.020989989473443202,0.010525210102683594,0.018160385744516103,0.0,0.0030471323376035373,-0.0024527703520037854,0.001808019104766436,0.0,6.367846617890446e-05,0.012618084076368406,0.0893295069928925,0.1167365634329582,0.02462123751465885,7.5421187203147495,4.330733340286331,0.0,0.0,0.9122617103847629,0.06973921134131021,0.017999078157457656,0.11647412626686346,0.17525217781761374,0.039993129356791654,6.834025890924459,4.330733340286331,0.0,0.0,0.8885755730434518,0.09222061944068244,0.019203807449927317,0.2054606777510481,0.3602363862942654,0.10187651364925959,5.365569596241848,4.330733340286331,0.0,0.0,0.9376199988559161,0.05642998451219067,0.005950016612879296,0.007536629974828657,0.004520418463436868,0.0029586688478650132,0.00618046000763597,0.9581675862531955,-0.0007324672062982393,0.006243103220437093,01,Drosophila
303,0.9576758470227468,0.5026455026455027,4.330733340286331,0.5052910052910053,0.0070919024524994595,0.006238257671528364,0.003373310187247145,0.009275328835868533,0.009217460345850133,0.0071030401087510174,0.005874384771258519,0.0,0.00301139457617245,-0.0019818122023195573,0.0022673591881610107,0.0,-0.0052187178703343795,0.016513674640480668,0.1018777308133294,0.14242991525020793,0.03619076773837862,6.945327957512837,4.330733340286331,0.0,0.0,0.7290844561030633,0.2698453629165999,0.0010701808947850147,0.1332168620080199,0.19139568571612237,0.048051882500911546,6.569674934948008,4.330733340286331,0.0,0.0,0.625739636096229,0.3611547490588105,0.013105614795099467,0.19580661363246005,0.29401475693161494,0.07705100682815388,5.974961050729297,4.330733340286331,0.0,0.0,0.6778729167442452,0.31407644979890803,0.008050633434261812,0.010078618315129899,0.008885400585440299,0.004110541294057375,0.003186180087752765,0.9783334187570132,0.004216224316934182,0.009079374037060063,01,Drosophila
306,1.0578627563105572,0.6772486772486772,4.330733340286331,0.5052910052910053,0.01747136901582919,-0.002895234063754016,0.01722981006869648,0.021151003996741115,0.022070401057398298,-0.0015531392797367885,0.02201568443660443,0.0,0.0021754621494837517,-0.001162808524884008,0.0018386168437968641,0.0,-0.0013786803776261432,0.015242174840181309,0.13167552707910668,0.17549745740275052,0.041891085842938706,6.319004460227776,4.330733340286331,0.0,0.0,0.7520173514232843,0.24767030531883238,0.0003123432055089412,0.1622499271516346,0.2217948159058607,0.05029912234636382,6.1274456438557285,4.330733340286331,0.0,0.0,0.8065401218465509,0.19205494110478488,0.001404937014008289,0.2121786288649024,0.3116565698653442,0.065944480699693,5.800145398082018,4.330733340286331,0.0,0.0,0.6817013732568158,0.3118623674923587,0.006436259230569598,0.00790030844406375,0.00448967174218356,0.003467853998201534,0.01905397280246132,-0.37778944980700707,0.0005584544146266922,0.0025990318623459394,01,Drosophila
309,1.0289876318969156,0.6296296296296297,4.330733340286331,0.5052910052910053,0.006382795328513006,-0.001469202279183752,0.006211402488047986,0.004148053158132916,0.009416482918630096,-8.008672501523243e-05,0.009416142345638616,0.0,0.00207221789427673,-0.00031208219776478327,0.0020485828524126103,0.0,-0.003808152587350608,0.016615241391196765,0.11421297459470064,0.15947093125077122,0.03467347828621398,6.606293156156192,4.330733340286331,0.0,0.0,0.9492885524937072,0.05024330227595229,0.0004681451601493978,0.1467474434408163,0.21653473193082226,0.04985223633249932,6.199450871686337,4.330733340286331,0.0,0.0,0.8138825073597147,0.17829915551618064,0.00781833708247297,0.20354814978838132,0.29593968315137253,0.07000997458214687,5.955383948635258,4.330733340286331,0.0,0.0,0.6147294925635804,0.37904020599982896,0.006230301415007895,0.009437189941932194,0.005131981313850844,0.003257475270725388,0.005880880329969431,0.4031990869054861,0.0012035138540006252,0.003925414362443901,01,Drosophila
316,1.0322170287002501,0.6455026455026455,4.330733340286331,0.5052910052910053,0.005306766106484168,0.004452310635740581,0.0028876801262952305,0.0058662330336761185,0.000579676271218943,-0.00020656428448070476,0.00054162327847986,0.0,0.0016661732377657701,-0.000294139169612544,0.0016400046972940392,0.0,-0.002327718966289897,0.016301608493830264,0.17468969296382622,0.24585745869198145,0.05351467534647832,5.307622330198961,4.330733340286331,0.0,0.0,0.9008520429959574,0.09629071163227891,0.002857245341805838,0.21245961595433535,0.27558811085007023,0.062248742663791254,5.47598155215805,4.330733340286331,0.0,0.0,0.6623970587676016,0.3321352591963351,0.005467682015660989,0.25912012200210804,0.33127340434633457,0.06548972173032144,5.617018841608185,4.330733340286331,0.0,0.0,0.6524858764587628,0.34363219411820206,0.0038819294090358444,0.009742229496759684,0.004842547824164634,0.0036843810783390926,0.007431848185926439,-0.34512669872676366,0.0011286508007413213,0.004027340625319685,01,Drosophila
321,1.3262562503051485,0.9576719576719577,4.330733340286331,0.5052910052910053,0.005334857082165158,0.0007934155920080545,0.0052755276310039595,0.005866233033676324,0.0218226611547987,0.009124709466609588,0.019823425965940535,0.0,0.0029497440404660574,0.0018083640594421374,0.0023304096920462236,0.0,-0.00038477792740984715,0.0069355095964968,0.1299349214735028,0.15257845453618588,0.016481569990899444,6.7388413661272795,4.330733340286331,0.0,0.0,0.5807915218984475,0.411877815376704,0.007330662666555665,0.1748923535354591,0.27213252082691913,0.05958232254772809,5.513836279618802,4.330733340286331,0.0,0.0,0.7958587532403273,0.19614475094158826,0.007996495788791053,0.28411024124938616,0.46194490009465944,0.12324584318449142,4.619514069615817,4.330733340286331,0.0,0.0,0.646994563856923,0.3507084464866599,0.002296989645990395,0.010380533265872223,0.005967308813151716,0.003297785443994268,0.007303401228767493,-0.3979824425956974,-0.000838136903870408,0.007902000245450095,01,Drosophila
322,1.2631493387380486,0.9153439153439153,4.330733340286331,0.5052910052910053,0.005334857082165385,0.0005046172400025993,0.005310937914175078,0.00586623303367653,0.00936877387700744,-0.006883542469124671,0.006355373083797208,0.0,0.0015289161833700728,0.0013705621834927948,0.0006776016506402361,0.0,-0.0008705088590466722,0.008401443377973305,0.13713977124664836,0.16330901614479992,0.020301982918696046,6.534945493565451,4.330733340286331,0.0,0.0,0.6292393056809081,0.3700184996567131,0.0007421946103483889,0.15880242583336704,0.21537944685432403,0.03439775169365412,6.21549972428247,4.330733340286331,0.0,0.0,0.6513274329683097,0.3360950320064421,0.01257753498737135,0.24571715018556456,0.4167503406804094,0.10243327536400809,4.928388912626567,4.330733340286331,0.0,0.0,0.7233124991755544,0.27379121954779956,0.002896281262535372,0.010018025206427736,0.00593256026151518,0.003659378468261094,0.006558647917577675,-0.029814979869142725,-0.0023876725770187006,0.006710465904084906,01,Drosophila
327,1.2208253790817885,0.873015873015873,4.330733340286331,0.5052910052910053,0.008923639096686998,0.006399075575772615,0.006219579286693845,0.009275328835868015,0.009332416278874184,0.0010699462123045234,0.009270879607942878,0.0,0.0014819374321721327,0.00031382535730747896,0.0014483273794221277,0.0,0.001582572205368931,0.0101906747162218,0.12965468478299133,0.136697076314493,0.008311868711076384,7.068576057532688,4.330733340286331,0.0,0.0,0.6228582089750752,0.371848848220638,0.005292942745043066,0.14778775414580708,0.21252448242986788,0.03314029091809428,6.2555321697880855,4.330733340286331,0.0,0.0,0.7188511141821325,0.255562267263221,0.025586618511053563,0.21499487493045127,0.3306495367411621,0.07571976706110171,5.622673890718844,4.330733340286331,0.0,0.0,0.8299309201550877,0.1537519956214208,0.01631708420424457,0.009659147004975574,0.006094252699496704,0.004488470269674899,0.013176191448109114,-0.921696501744883,-0.002977118410595702,0.00614806847616966,01,Drosophila
330,1.0627099936465483,0.6825396825396826,4.330733340286331,0.5052910052910053,0.003332399780238128,0.002009196542296914,0.0026585743453500124,0.004148053158133207,0.015055260733597453,-0.013105364674126489,0.007410147941489347,0.0,0.0015289161833701309,0.001194791608856125,0.0009539694477173155,0.0,-0.0010381321338305534,0.01367390272365533,0.090018497171153,0.14399182521327916,0.03847862177300674,6.912608539442903,4.330733340286331,0.0,0.0,0.9263467689174175,0.058445798094607114,0.015207432883634091,0.1190668052974797,0.1793283547296502,0.04759704991730696,6.765048221074103,4.330733340286331,0.0,0.0,0.7945699484358374,0.17923039418189973,0.02619965732144447,0.2075686356490833,0.3528284371964974,0.10346021751240164,5.42790515436955,4.330733340286331,0.0,0.0,0.8807589130780428,0.10252880634457022,0.016712280558795853,0.008475047816105436,0.0040298870388307375,0.0034661765850981167,0.0036634613553448193,0.41981572507321613,-0.0008327098619234543,0.006541246826209934,01,Drosophila
333,1.3253157412158167,0.9523809523809523,4.330733340286331,0.5052910052910053,0.007091902452499569,-0.006557913429124426,0.002699787371605199,0.009275328835868728,0.004168019552861559,-0.0005293580654013615,0.004134267411722517,0.0,0.003447082013329724,0.0005444044666421708,0.0034038211150589797,0.0,-0.002304667679298272,0.015458881393113988,0.18032257805037957,0.2565764525055323,0.05765920989647052,5.179598083605497,4.330733340286331,0.0,0.0,0.9906411976675854,0.00823625502772829,0.0011225472767851148,0.23883633772691573,0.3702936177231563,0.08884790274045865,4.589814992314535,4.330733340286331,0.0,0.0,0.9812136637476256,0.01804269640101982,0.0007436398359547866,0.3545441431789522,0.5588799341844214,0.1378231070528241,4.04804694004932,4.330733340286331,0.0,0.0,0.8846989107667065,0.11314257477236014,0.0021585144540222697,0.010184217142139825,0.005586365480488272,0.004603457136979668,0.005063344157177472,0.7021941714377408,-0.0025927574274041353,0.005140831620591405,01,Drosophila
338,0.6680251562065803,0.005291005291005291,4.330733340286331,0.5052910052910053,0.004835727909414553,-0.0020579766957185496,0.004375956619274259,0.0,0.0005796762712186854,0.00041569852383566114,0.0004040041047995072,0.0,0.0028248095610134967,-0.0021072932673163376,0.0018811868970191395,0.0,-0.0062593180055008175,0.024638178741441072,0.09418288553159143,0.11532781402196905,0.01798632126695994,7.578542235131929,4.330733340286331,0.0,0.0,0.7623206705507648,0.23749575611806803,0.00018357322239975825,0.1180239021302835,0.1579531584170212,0.03245987914781855,7.145808179055166,4.330733340286331,0.0,0.0,0.6354915220821399,0.34704731139165,0.01746116645946888,0.1794580457522694,0.29051182805220793,0.06878714001954839,6.010918054950711,4.330733340286331,0.0,0.0,0.667184522221168,0.3261433844980701,0.00667209325368877,0.005784208881298464,0.0014805043832603851,0.003873157834133197,0.0018550657671736555,0.9328673262942577,-0.0021657980378521112,0.0025949003029860983,01,Drosophila
339,0.6789017147054086,0.010582010582010581,4.330733340286331,0.5052910052910053,0.003332399780238128,-0.0019839304393764025,0.0026774817099369467,0.004148053158133207,0.008187123195319185,0.001035710136142104,0.008121347839443028,0.0,0.003128006706855592,0.0009330787909360786,0.0029855970806588806,0.0,-0.006763187769489494,0.023276784270466953,0.10954855325447777,0.11710447031241203,0.00945724951630172,7.532678789856969,4.330733340286331,0.0,0.0,0.6973436958726933,0.30265598790998355,3.161346124216099e-07,0.13116834622258808,0.1839230118155556,0.030331976115541018,6.689151981209453,4.330733340286331,0.0,0.0,0.748090993545002,0.24240695613666058,0.00950205026316555,0.17742379851008738,0.26198494272718004,0.05487179858689536,6.320989835076972,4.330733340286331,0.0,0.0,0.7870145272195832,0.20836064516070982,0.00462482759071329,0.005934541694216098,0.001287679347823762,0.004092124090254884,0.0030198282817787436,0.6867919442309915,-0.002490584979620452,0.002363473507512795,01,Drosophila
344,0.7129925844646017,0.042328042328042326,4.330733340286331,0.5052910052910053,0.006382795328513196,0.0016014214744254488,0.006178634595680416,0.004148053158133207,0.008336748153108628,0.007574477431401452,0.0034826227773834735,0.0,0.0029497440404660574,-0.0029019491784317776,0.0005288486267961305,0.0,-0.005228957997275477,0.019671084895083235,0.09262409531010464,0.1269737975628371,0.024443696585359265,7.28993588481887,4.330733340286331,0.0,0.0,0.8469305361652746,0.15271227575458218,0.000357187971171785,0.1224520420659452,0.171078908254612,0.04122005962511412,6.90632904363734,4.330733340286331,0.0,0.0,0.9251183421783337,0.07109446376808688,0.003787193993676463,0.17068982742249936,0.2595654240627044,0.06116013771208873,6.348824569847409,4.319610776775308,0.033367690533067235,0.011122563511023031,0.7990818568954552,0.1951355011975583,0.005782641876568854,0.008837968359200017,0.006186263733696072,0.0014553580995306213,0.00673259626905228,-0.13293367887966528,-0.0009616971711406009,0.005395114198142475,01,Drosophila
345,0.7001672391825604,0.021164021164021163,4.330733340286331,0.5052910052910053,0.0057652582060271716,-0.0010359877307573517,0.0056714135454826314,0.008296106316265832,0.022233509594721916,0.009842622366600436,0.019936191558246233,0.0,0.0071190273237834506,0.007083528037937845,0.0007100567389468101,0.0,-0.005494178872622066,0.021651265794820414,0.0941439960703772,0.11710447031241203,0.016537146075839212,7.532678789856969,4.330733340286331,0.0,0.0,0.8268409442453343,0.16759807886724823,0.005560976777967109,0.12161823086375989,0.2029580989673978,0.044050605015063374,6.393705103134352,4.330733340286331,0.0,0.0,0.7273729965895952,0.2649382761582689,0.007688727192368143,0.17557718161888827,0.2663166425537889,0.06431132357719781,6.271792970762148,4.330733340286331,0.0,0.0,0.8209848631027127,0.17292526131451283,0.006089875554173034,0.0066050226128489,0.003976470742114334,0.002605230809521355,0.0073503689232899145,-0.46613360927871983,-0.0010714101943200538,0.0031843851629353792,01,Drosophila
350,0.6811571209360552,0.015873015873015872,4.330733340286331,0.5052910052910053,0.00933451706042937,-0.005257990086645505,0.007712765327700861,0.00586623303367653,0.004313766193194862,0.0003074900299656432,0.004302793122033945,0.0,0.001729928162587972,-0.00012458655894606387,0.0017254360715613245,0.0,-0.0057957082472778676,0.021651265794820414,0.10728593862042261,0.13912993253802608,0.02286258908250154,7.015653336335897,4.330733340286331,0.0,0.0,0.7049428498169867,0.27915945226781513,0.01589769783209307,0.12695690552913802,0.16330901614480003,0.030212322355893214,7.045771117331307,4.330733340286331,0.0,0.0,0.7883768576698124,0.19643547670992317,0.01518766556154757,0.1725632078034347,0.2694957926506275,0.05434675161609696,6.236192594265851,4.330733340286331,0.0,0.0,0.7936668052032879,0.19981214890140864,0.006521045864751906,0.005334329966196973,0.0009049834193633102,0.0036194069783672313,0.007256129526700699,0.7041780934883494,-0.0021631790148935416,0.002176839253287259,01,Drosophila
355,0.7969533467430306,0.19576719576719576,4.330733340286331,0.5052910052910053,0.0057652582060276495,0.000580701090174507,0.0057359383213245315,0.008296106316266413,0.009168715756798057,-0.0033918343590585635,0.008518263221435856,0.0,0.002174194880938046,-0.0002518875043930972,0.0021595545988531573,0.0,-0.006544301883080019,0.01682335451487824,0.15336001975608352,0.20447840559960606,0.041155014490350667,5.860491004046136,4.330733340286331,0.0,0.0,0.8192025755439765,0.1798875486665113,0.0009098757498503064,0.18087154411833706,0.2274253131867939,0.04650533140101319,6.052238076876456,4.330733340286331,0.0,0.0,0.6849817578694286,0.31436543820065566,0.0006528039012438654,0.22282562133194003,0.29074864229821845,0.054789404274842836,6.008473564697031,4.330733340286331,0.0,0.0,0.5108942862713101,0.48529820798788126,0.0038075057218164756,0.008940983010438306,0.00631962208916959,0.0055916119124068886,0.004448291442015107,0.6935649916666896,0.0015739016896852108,0.005471505430765283,01,Drosophila
360,0.8550244211358362,0.2751322751322751,4.330733340286331,0.5052910052910053,0.003332399780238128,0.0007378160910328289,0.003249694710452685,0.004148053158133207,0.004059083689045452,0.00016329124905343673,0.004055797870044489,0.0,0.0013257412984429566,0.00012239000776097957,0.0013200797992536223,0.0,-0.005143848057384068,0.013053009302415357,0.12261805502167343,0.15190032471531606,0.021627053200403513,6.752204483457163,4.330733340286331,0.0,0.0,0.5863980138459576,0.40464113302931637,0.008960853060221928,0.13633946683958445,0.15947093125077114,0.023783461457526613,7.11711877992205,4.330733340286331,0.0,0.0,0.6814805453077556,0.3115807119999165,0.006938742640119723,0.20634092763715345,0.3313253402883872,0.08021206073605787,5.616548548454947,4.330733340286331,0.0,0.0,0.5636074295818606,0.42897564033450475,0.007416930063230869,0.008614982721334614,0.00632032326302302,0.00540046934299918,0.0021151003996741084,0.9945340000981554,0.0007356843816953687,0.004904777863781808,01,Drosophila
365,0.7084139099688738,0.037037037037037035,4.330733340286331,0.5052910052910053,0.006359335077466003,-0.0044972456987395545,0.004496212156099633,0.004148053158133207,0.004168019552861712,-0.0024932801784198115,0.0033400510392711698,0.0,0.0018687059487729272,-0.001426356350701323,0.0012072984236688668,0.0,-0.007218572726809997,0.021938979561702848,0.07636473880729716,0.09585503759031576,0.01380751309388042,8.133367049089296,4.330733340286331,0.0,0.0,0.8273952596152011,0.13794336337988677,0.03466137683886027,0.10537736672516951,0.16813692289153373,0.039052116639815414,6.958367755164557,4.330733340286331,0.0,0.0,0.8478654702241888,0.13412226786517256,0.01801226183145873,0.15993285922984152,0.27832169373253657,0.06595602350249158,6.139518080744298,4.330733340286331,0.0,0.0,0.8055403174246293,0.18983128371163016,0.004628398830327901,0.005326808609665806,0.0016139606670980847,0.0036880008875032058,0.003913265522859602,0.8256611240951226,-0.0023261711927056784,0.0021803203872527454,01,Drosophila
370,1.2408226873852517,0.8888888888888888,4.330733340286331,0.5052910052910053,0.018559065908275465,0.004879233874647437,0.017906200160397113,0.022719822844400706,0.021701669682749072,0.010815423655828365,0.018814597475473625,0.0,0.0037879369646321415,-0.002328899834955441,0.002987422301378076,0.0,-0.002501848505075542,0.014904798963620746,0.10781942104550722,0.14188524818724857,0.03231992907993193,6.9568222666271895,4.330733340286331,0.0,0.0,0.9417028579425372,0.05423756111463676,0.004059580863896856,0.1510351751364929,0.2533031000897193,0.06315836324424418,5.728943362101086,4.330733340286331,0.0,0.0,0.9394017530848472,0.05881815034224317,0.0017800965355971262,0.2576939116388769,0.4557009741459489,0.12290429644865042,4.660340422053279,4.330733340286331,0.0,0.0,0.8683091646059141,0.12864469002508067,0.003046145356736898,0.007711352204277921,0.0037927033723533297,0.004110541294057308,0.018822291135926088,0.0462513854360455,-0.003683317224230682,0.004582249066444551,01,Drosophila
375,1.043356464977402,0.656084656084656,4.330733340286331,0.5052910052910053,0.004835727909414553,0.002242878443390254,0.004284128931540944,0.0,0.00844356695745882,0.005868740726146945,0.006070560538727426,0.0,0.002937677438202725,-0.0004429564769353675,0.0029040899246521846,0.0,-0.0021923535246855404,0.011485439116000487,0.08402071276738288,0.10378425685858739,0.023966676009091734,7.894935251120283,4.330733340286331,0.0,0.0,0.8872535553148443,0.11040764161937625,0.002338802934784393,0.12099708105012677,0.1872605968042912,0.04941827289604545,6.635200111604556,4.330733340286331,0.0,0.0,0.7567812666756355,0.2406915257120874,0.0025272075537376352,0.19446821954857996,0.29133983575596223,0.08254483562346342,6.002379711099648,4.330733340286331,0.0,0.0,0.6295635457335144,0.36748174702833114,0.0029547072157487444,0.009927739890474994,0.005681429163387511,0.0034806430660009133,0.004350514854930186,0.49229769675815976,0.0005990863578649776,0.006072150261954459,01,Drosophila
380,1.143443034605391,0.7883597883597884,4.330733340286331,0.5052910052910053,0.005306766106484233,-0.003816984726889218,0.003686786419583357,0.00586623303367653,0.020175807163239436,-0.011766702467022125,0.016389261964493678,0.0,0.003361901203373984,0.0010756179673542497,0.003185188485718256,0.0,-0.005339566839872382,0.016488185195546356,0.09340566500223317,0.1188545718397715,0.022057011816391994,7.488176143890748,4.330733340286331,0.0,0.0,0.8224335702529432,0.15321794195830404,0.02434848768018838,0.11313504514525834,0.1435729825323436,0.029598387931186868,7.432173264079863,4.330733340286331,0.0,0.0,0.849138894938079,0.12708734117860157,0.023773763810196503,0.19221037577237554,0.3304152827006058,0.08876610170539033,5.624800042740239,4.330733340286331,0.0,0.0,0.7391631859036061,0.2446547568308688,0.016182057243215735,0.009036582184457045,0.00488031251053804,0.004311058514255314,0.004994917442151833,0.4763965849040512,-0.0028136953640770157,0.00525078144272241,01,Drosophila
385,1.1091465680280521,0.7407407407407407,4.330733340286331,0.5052910052910053,0.007091902452499264,-0.0067591832804938775,0.0021467467890874115,0.009275328835868275,0.0040590836890451645,-0.0024908144066829426,0.003204996721703971,0.0,0.002949744040466082,-0.00163660308180047,0.0024540823655505883,0.0,-0.004087512018757842,0.018362131940720595,0.09908193561742334,0.1179827661448186,0.024106801203577687,7.510262432468359,4.330733340286331,0.0,0.0,0.820202177004023,0.15123473537970716,0.028563087520100828,0.12132393175675875,0.1745142706335966,0.035326926636567904,6.846684193890882,4.330733340286331,0.0,0.0,0.8030082605528828,0.17331767685053237,0.02367406253395763,0.19876436599698968,0.3555246972993894,0.09166282690015663,5.405066773399019,4.330733340286331,0.0,0.0,0.9006420663937926,0.09301477881020616,0.006343154775128536,0.008657822819662821,0.005154654133152183,0.0043319551874549216,0.004711282739709017,0.7627275349957149,-0.0027895630319658402,0.005006061691758047,01,Drosophila
390,0.7312502306873938,0.06349206349206349,4.330733340286331,0.5052910052910053,0.004835727909414553,-0.0007576952941778379,0.004775998561041618,0.0,0.004313766193194863,0.0018288041710963654,0.003906923863262687,0.0,0.0029743010809925394,0.001921611197707111,0.0022702152596703316,0.0,-0.005273810753863902,0.020536470830628387,0.10445991972695819,0.1296556943124223,0.030052433165335846,7.227230830142017,4.330733340286331,0.0,0.0,0.5971283968263114,0.40257084137170196,0.00030076171734858974,0.1173287664516344,0.13738762851130412,0.028116337514346654,7.564284741632386,4.330733340286331,0.0,0.0,0.689850951213709,0.29862838946911124,0.011520659248482284,0.16727858068789553,0.2689845362401836,0.059468136165396125,6.241889254328739,4.330733340286331,0.0,0.0,0.5934156385371953,0.391289411855713,0.015294949575364553,0.0053878161526051665,0.001643588606382036,0.004030413861984077,0.0013117295835155004,0.9724960333129125,-0.0016326889577323762,0.0030297078158300792,01,Drosophila
395,1.1882104469679888,0.8306878306878307,4.330733340286331,0.5052910052910053,0.007091902452499264,-0.006700851793520433,0.002322426669894891,0.009275328835868275,0.0040590836890451645,-0.0027183349102283096,0.003014434559002161,0.0,0.003361901203373995,0.001183172288042995,0.0031468211004209664,0.0,-0.0029311816224160485,0.015945894230730798,0.09289353985762851,0.1179827661448186,0.022009490130738604,7.510262432468359,4.330733340286331,0.0,0.0,0.8841262093395914,0.11370632277194195,0.0021674677787407136,0.13156207756684057,0.21191639968875184,0.05228164501466699,6.264128181850661,4.330733340286331,0.0,0.0,0.9170867171734544,0.07628989896843881,0.006623383808211526,0.22878104367688828,0.4098813884605484,0.1145234112021594,4.978247465706895,4.330733340286331,0.0,0.0,0.8280880918274025,0.16762156206626344,0.004290346091056633,0.008858068549855541,0.004979815052222038,0.004024901324830544,0.004801718682265257,0.7608970865656802,-0.0025253086574138946,0.0051065839178960825,01,Drosophila
396,0.7142513819995422,0.047619047619047616,4.330733340286331,0.5052910052910053,0.005306766106484233,-0.005301707062326935,0.00023166513376536078,0.00586623303367653,0.02098188964123842,-0.016694883309416795,0.012709074089093376,0.0,0.003384972079342343,0.0025508572020395406,0.002225121010805981,0.0,-0.0076622552415589055,0.021938979561702866,0.08361797550569235,0.11390164235881124,0.021543375010244704,7.615872255976339,4.330733340286331,0.0,0.0,0.7638192913930042,0.22399744008245595,0.012183268390421009,0.10665138371781094,0.14327305953395156,0.03280234130407152,7.438446798943948,4.330733340286331,0.0,0.0,0.7970841207309115,0.14537240019990566,0.05754347898886483,0.1594569763945759,0.2796784660682099,0.06482899639625965,6.12492910632625,4.330733340286331,0.0,0.0,0.8304164352429647,0.15141546601468106,0.018168098708603947,0.005432065506763984,0.0016432774997030704,0.003873157834133211,0.004148053158133259,0.6314305111407654,-0.00224572505634694,0.002081658110773636,01,Drosophila
401,1.070805739509735,0.6931216931216931,4.330733340286331,0.5052910052910053,0.018567117734476543,0.008429322214844593,0.016543409200169137,0.022719822844400744,0.02500866436282227,0.01469989628177695,0.02023230937182646,0.0,0.0030932034799969563,0.0006576001258420068,0.0030224939773567552,0.0,-0.005543289986954677,0.01824933879919445,0.10718433561530392,0.1188545718397715,0.011716312226795724,7.488176143890748,4.330733340286331,0.0,0.0,0.624881027947101,0.3726459198208866,0.002473052145996358,0.11867223544618326,0.1369485890870775,0.016755815183340007,7.573886969206728,4.330733340286331,0.0,0.0,0.6730937554101283,0.3237125873965606,0.003193657123691768,0.18065147939304807,0.2892356295533445,0.06684912383062262,6.024125880635262,4.330733340286331,0.0,0.0,0.6933717965490555,0.28473743818538855,0.02189076523860461,0.007334596754431674,0.004013020006316783,0.004173881510415489,0.020257623955300338,-0.31105856972591533,-0.0036039295282292425,0.0036111498216426594,01,Drosophila
406,1.1575050933532518,0.8042328042328042,4.330733340286331,0.5052910052910053,0.004835727909414553,0.0023799260863382856,0.004209538720270592,0.0,0.00416801955286164,-0.0024120011203572077,0.0033992113185903174,0.0,0.002974301080992557,0.0009238486418886502,0.002827184218842838,0.0,0.0005211164697898575,0.012717690160770729,0.15532220016877737,0.16649150668832063,0.008193607784376925,6.477045233682845,4.330733340286331,0.0,0.0,0.6055330055493291,0.39198809130695905,0.0024789031023762184,0.1658633383755573,0.18633948646340445,0.014685275627769395,6.649993130905963,4.330733340286331,0.0,0.0,0.759128194409519,0.23910780817584804,0.0017639973785662274,0.19699992437602237,0.2650537806672778,0.038999767277077185,6.286052675957628,4.330733340286331,0.0,0.0,0.5107804941463319,0.4837078202299473,0.005511685598925541,0.012652257010983197,0.005516511426582694,0.005999877304358819,0.006452856337044098,0.30577609608672524,0.0035812112762738475,0.005675247422409112,01,Drosophila
411,0.8544571780536648,0.2698412698412698,4.330733340286331,0.5052910052910053,0.003332399780238076,-0.002552117640383891,0.002142798134442939,0.004148053158132916,0.008336748153108487,0.004781678128376219,0.0068291232266643334,0.0,0.0018687059487729146,-0.0009675915194091511,0.0015986958980827998,0.0,-0.007115882999802432,0.02203636295531492,0.13295187205997652,0.15302887161798098,0.018869268098564495,6.729998304408742,4.330733340286331,0.0,0.0,0.6821713231630864,0.3166482511429342,0.0011804256385232637,0.15654136324952478,0.21433838003774439,0.03534485524116914,6.230035805237855,4.330733340286331,0.0,0.0,0.8186335544907855,0.1797201973749312,0.001646248095455073,0.20324909973430866,0.2763363152428132,0.055081719273705226,6.160994957704494,4.330733340286331,0.0,0.0,0.7389018470398425,0.2531475993685615,0.007950553569045189,0.005465489057645775,0.0015941891318835572,0.003877447765571545,0.002233794988530084,0.8184084862229444,-0.003092422086416643,0.002676268726440897,01,Drosophila
416,1.0170572193576255,0.6137566137566137,4.330733340286331,0.5052910052910053,0.005306766106484086,-0.004027108722806004,0.00345603267398155,0.005866233033676221,0.0005796762712188194,0.00044625670133305567,0.00036997234481714206,0.0,0.005148283715609572,0.00015114005864969965,0.005146064700242513,0.0,-0.004248497206955989,0.020037000359242777,0.0887766326234966,0.1142033690923582,0.021800406487263148,7.607935729530058,4.330733340286331,0.0,0.0,0.6751077392098814,0.3226466663639138,0.0022455943065382254,0.11190411520849111,0.14961769563962207,0.03303224433095198,7.308453714363517,4.330733340286331,0.0,0.0,0.7142793202995514,0.2821688466239844,0.003551833003008591,0.17822897577577088,0.27869237761765303,0.07321586444372527,6.135525176878273,4.330733340286331,0.0,0.0,0.8843366135842862,0.10807428942289071,0.0075890969658879495,0.00846038618703819,0.00531455858504828,0.004024901324830546,0.0048017186822654,0.49873321502082396,-0.0026621909088605736,0.005005263042221217,01,Drosophila
417,0.9700734346498113,0.544973544973545,4.330733340286331,0.5052910052910053,0.0070919024524994595,-0.006923085344487442,0.0015381708971083294,0.009275328835868533,0.005789000156184001,-0.004098740337519171,0.004088135327247818,0.0,0.003046470845033472,-0.0024228498740073608,0.0018468305546696677,0.0,-0.005837335365402305,0.019835618360120995,0.09162153880264413,0.11153558820820786,0.02199926473380268,7.678846974706136,4.330733340286331,0.0,0.0,0.5282211199766754,0.464973667191149,0.006805212719543352,0.11979931653623019,0.1745142706335966,0.03928543331751463,6.846684193890882,4.330733340286331,0.0,0.0,0.7774822007367214,0.21385303945021955,0.00866475975014725,0.18061724003684693,0.3201533963291254,0.0758580549150218,5.719450196517192,4.330733340286331,0.0,0.0,0.8975153171898185,0.07829857291777095,0.02418610986635329,0.006759205939632913,0.004311504047944984,0.0033070020534390105,0.003935188750546742,0.9752645154332219,-0.003104674541870296,0.004188699376008032,01,Drosophila
422,1.08785279588606,0.7195767195767195,4.330733340286331,0.5052910052910053,0.01829983396639528,0.005260334467307677,0.017527487112809107,0.021151003996741097,0.027352881186360173,0.01438427941907614,0.023265266273762672,0.0,0.006056268522886073,0.004709915641558073,0.003807240873744038,0.0,-0.003044116188933537,0.012858221390021924,0.10780971651390288,0.14961769563962216,0.03261712342489546,6.797628090597658,4.330733340286331,0.0,0.0,0.9657750990076633,0.033324616945671265,0.0009002839678433374,0.13977159859305482,0.189089356960161,0.04659855236105766,6.60604467479418,4.330733340286331,0.0,0.0,0.6629674661237738,0.33481596591029394,0.0022165679198653996,0.21625237378464351,0.33619708553573996,0.08645502983929217,5.572758273625668,4.330733340286331,0.0,0.0,0.6145912232420035,0.3823889291521434,0.003019847587416369,0.009912815632968027,0.005493893577063776,0.0040960470385245145,0.01954873199238076,-0.20339265053210698,0.0009968666582020093,0.006648743477576415,01,Drosophila
425,1.2416419046058762,0.9047619047619048,4.330733340286331,0.5052910052910053,0.017819318488815333,0.006212661769666316,0.01670122585745018,0.020740265790665742,0.021709500966104613,0.006499323849709826,0.02071379303010171,0.0,0.00338497207934234,0.0023120935520239763,0.0024722984012081465,0.0,0.0031842275926260762,0.013676698736919117,0.11736873820423109,0.15240920495049787,0.02479554724011465,6.7421710012338085,4.330733340286331,0.0,0.0,0.6701869442818222,0.31788626695697736,0.011926788691708727,0.1580260612631886,0.2237258536978896,0.053453777874041014,6.101439444598748,4.330733340286331,0.0,0.0,0.766046070366669,0.22123803152491223,0.012715898072485722,0.23138836215182584,0.33785631968027635,0.08585806779067436,5.557988783704266,4.330733340286331,0.0,0.0,0.627395909238863,0.36851026981367213,0.004093820931047677,0.011403810870318203,0.005617638497957368,0.0048766731680631205,0.016638812790984128,0.37089015510502144,0.0030391850622341204,0.005665414715841397,01,Drosophila
430,0.9661821274922267,0.5343915343915344,4.330733340286331,0.5052910052910053,0.005306766106484119,-0.0027299165396047656,0.0045507496300852416,0.0058662330336764264,0.020571906341014794,-0.000993065149033413,0.020547923304150714,0.0,0.0038169379757503658,-0.0014744238535604629,0.0035206661032789258,0.0,0.005437160703118433,0.018287013813304758,0.12333376048047769,0.17505570670448264,0.03800691369154043,6.326565383544086,4.330733340286331,0.0,0.0,0.7809419931480203,0.21905785761126512,1.4918067523840375e-07,0.1533310554121814,0.2151796328704492,0.048270864620793434,6.2182842062401225,4.330733340286331,0.0,0.0,0.581210451613188,0.4181205939977073,0.0006689543504058118,0.22167223424150112,0.304253407728685,0.07694156185388742,5.872268133221441,4.330733340286331,0.0,0.0,0.65947797831501,0.3394019207042984,0.0011201009625290267,0.008444356877623255,0.003476626256483528,0.004813718489326975,0.005408399625081985,0.43222989373024456,0.0025385232557770857,0.004899377913257681,01,Drosophila
435,1.0562184090210238,0.671957671957672,4.330733340286331,0.5052910052910053,0.005306766106484176,-0.002275582904839366,0.004794109818530657,0.005866233033676478,0.004059083689045452,0.0031711915079791065,0.0025337136409618274,0.0,0.002380143360816172,-0.0020189102508522076,0.00126058867876924,0.0,0.007554822598744459,0.01580620540924294,0.12803795180250224,0.14091175299851233,0.011655256216788052,6.977476637705534,4.330733340286331,0.0,0.0,0.8533867587946043,0.1458479516869727,0.000765289457925388,0.14227229065597968,0.18147436274902473,0.022647045144017414,6.72936057424418,4.330733340286331,0.0,0.0,0.838852140946246,0.16001123165161404,0.0011366273539571297,0.18207666676366152,0.25590496103098515,0.047144587295702166,6.39143254114688,4.330733340286331,0.0,0.0,0.7049310370997341,0.2927624187950044,0.002306544076992567,0.008637729802927178,0.003238735073592458,0.004794254432709197,0.005063344157177295,0.5013206730135396,0.002410340301662318,0.005115275862129755,01,Drosophila
440,0.7891860908355317,0.1693121693121693,4.330733340286331,0.5052910052910053,0.003332399780238076,-0.0024415790771312278,0.002267946186629171,0.004148053158132916,0.00420860453965305,0.002935697138436005,0.003015631688811966,0.0,0.002238306428104357,-0.001936576395929161,0.001122358021677266,0.0,-0.006804093836850519,0.020488004915593508,0.10309456307200576,0.13587644456599324,0.028825975036230207,7.086640194320309,4.330733340286331,0.0,0.0,0.9038081678366534,0.09490023906256068,0.0012915930135215076,0.13171386692551854,0.17855911427311671,0.041632846017529104,6.777944592827163,4.330733340286331,0.0,0.0,0.8386989520185986,0.15843313389814895,0.00286791403084661,0.18358680628177954,0.2796784660682099,0.06484523011911843,6.12492910632625,4.330733340286331,0.0,0.0,0.7849968364038026,0.21067553596366753,0.004327627606150972,0.004983441201415182,0.0009839830340346227,0.0038008842546766804,0.002418709842233336,0.7777257886312859,-0.002412332399863437,0.002291453765954913,01,Drosophila
441,0.7205137596275967,0.05291005291005291,4.330733340286331,0.5052910052910053,0.005306766106484233,-0.00522905713843171,0.0009048358701699446,0.00586623303367653,0.009217460345850133,-0.006630636438508894,0.0064028302841507324,0.0,0.003457954084887697,0.0015910007733219533,0.0030702056922102886,0.0,-0.007046568400019285,0.021839411243776672,0.08125837979553585,0.11390164235881124,0.023188550819839192,7.615872255976339,4.330733340286331,0.0,0.0,0.9400951227662885,0.059093117792162364,0.0008117593015054933,0.10328627549138003,0.14115575621675772,0.0325544167350293,7.483111944875883,4.330733340286331,0.0,0.0,0.6355957038507298,0.353582941965004,0.010821354098998962,0.1571045446885385,0.2526229079379151,0.06469348536934831,6.43015724669428,4.330733340286331,0.0,0.0,0.8056413490938489,0.18908766796790705,0.00527098290360265,0.005339112477102722,0.0016480839756590644,0.004339785067492991,0.004692986426941244,0.5421436414633655,-0.0021369769480380535,0.002186465426586416,01,Drosophila
442,0.733253857579187,0.06878306878306878,4.330733340286331,0.5052910052910053,0.004835727909414553,-0.0007041922314552173,0.00478417994175062,0.0,0.0005796762712186854,0.00032798574960517447,0.0004779643579493462,0.0,0.002174194880938046,-0.00033847976540653664,0.0021476859241303277,0.0,-0.006320671397484967,0.019456093905493063,0.14296891191999087,0.15036335103191079,0.005450259561774402,6.782714009804007,4.330733340286331,0.0,0.0,0.9144840345760225,0.0849847331062083,0.0005312322689167918,0.1538728832826147,0.17588919328614727,0.014456276250843288,6.823141109699727,4.330733340286331,0.0,0.0,0.8679814633999212,0.13118188119687174,0.0008366553613412322,0.1935150814005212,0.25894618451623425,0.044654427778610256,6.355990154925036,4.330733340286331,0.0,0.0,0.6146232981336468,0.3722441488354649,0.013132553005534776,0.006293067435451803,0.0016412189039873737,0.0048519461234650795,0.00041480531581333503,0.9963388594795262,-0.0012252544957057619,0.0037145188977883215,01,Drosophila
445,1.0781392198430468,0.6984126984126984,4.330733340286331,0.5052910052910053,0.018568252029327367,-0.0050314572449034435,0.01787356767456706,0.017102861311659844,0.023377476508522826,-0.005334345579780673,0.02276073735936538,0.0,0.006315944570041601,5.911068153093967e-05,0.0063156679566904825,0.0,-0.0018446018589807053,0.015811042809634454,0.1287012307124192,0.16011700113985555,0.030007222311427998,6.594163710012133,4.330733340286331,0.0,0.0,0.6200528995374278,0.37803745052137316,0.001909649883939842,0.16751065301582227,0.24739233855274925,0.0546562901145119,5.799777274442121,4.330733340286331,0.0,0.0,0.6821107064152321,0.3123967580845945,0.005492535467964352,0.2241931888521307,0.3035173325272333,0.07012961211903651,5.879534776834483,4.330733340286331,0.0,0.0,0.7001083616802298,0.2946888313015826,0.0052028070000652545,0.009486628199956952,0.005277329757060965,0.0014309514669686434,0.01797117402121098,0.44908298048536327,0.0009370120386454244,0.006268108750141454,01,Drosophila
450,1.113513744430989,0.746031746031746,4.330733340286331,0.5052910052910053,0.007091902452500193,0.0009551726681034709,0.0070272843666587415,0.00927532883586954,0.005789000156184756,0.0002335356004764699,0.005784287677114377,0.0,0.002380143360816172,-0.0018747293445915672,0.001466448874855368,0.0,0.006724253726302971,0.012581668173371271,0.07834248654409229,0.13051544564790565,0.037015627397079726,7.207403393522241,4.330733340286331,0.0,0.0,0.8045514001442273,0.19463367621908845,0.0008149235034876356,0.11530188995388171,0.18298510151171013,0.054139241873223665,6.704489538148718,4.330733340286331,0.0,0.0,0.6405016872244904,0.35839531228041943,0.0011030004334592718,0.17791966981221277,0.2548944070202193,0.07391778654853219,6.403302822032219,4.330733340286331,0.0,0.0,0.6164769350457545,0.37505221398155025,0.008470850945754985,0.008102846599837513,0.0034421161252544733,0.0036737832040275864,0.005982407342000352,0.5373924411084581,0.0018963330266055997,0.005141993630764308,01,Drosophila
455,0.8907902198247193,0.3386243386243386,4.330733340286331,0.5052910052910053,0.004835727909414553,0.0018767392585043786,0.004456693187721057,0.0,0.009416482918630193,0.006204054605327652,0.0070837742066617955,0.0,0.002174194880938046,0.0006958542779852944,0.002059832567008,0.0,-0.005819953615645347,0.015861746444250025,0.125896429705174,0.14659715177441277,0.016678420289486892,6.858813043159216,4.330733340286331,0.0,0.0,0.9452428104562123,0.04894621024514965,0.005810979236634424,0.14340373914114649,0.17623124788149971,0.02537535124218068,6.81731262609767,4.330733340286331,0.0,0.0,0.7352280707870692,0.25947701501342585,0.005294914152354377,0.17963498106582715,0.23763674862877626,0.04278794344003427,6.6136212054411185,4.330733340286331,0.0,0.0,0.7734167794832407,0.2229532518079053,0.00362996867952816,0.010112536324473316,0.008709610672235201,0.004254609318211462,0.004350514854930182,0.5482365972727675,0.0020372468364261804,0.004225386199904748,01,Drosophila
460,0.8464162578429036,0.24338624338624337,4.330733340286331,0.5052910052910053,0.004835727909414553,0.00012414327622673979,0.004834134137656767,0.0,0.0005796762712186854,0.00036073016130887703,0.00045376021215623403,0.0,0.0029135034903063363,0.001933274301935307,0.002179668108108149,0.0,-0.006442907951452535,0.019226772045832802,0.17599724523940988,0.18485616347679376,0.009078678208286011,6.163144041599002,4.330733340286331,0.0,0.0,0.6196123312608091,0.37730042715320244,0.003087241553790194,0.19158019435201126,0.22522056981535843,0.02135068616866912,6.081463052379476,4.330733340286331,0.0,0.0,0.5828052644648248,0.41248313592923813,0.004711599579025468,0.21509716499425693,0.24922862086795142,0.028486666588360653,6.4707390359357095,4.330733340286331,0.0,0.0,0.5601973894279336,0.4186789988128183,0.02112361173800686,0.004835454413602243,0.001106004149706893,0.0034704801848194303,0.0025231622323977584,0.8658572761811515,-0.0016875114703599832,0.002797984308199996,01,Drosophila
465,0.8604051588984882,0.2857142857142857,4.330733340286331,0.5052910052910053,0.004835727909414553,0.0010693154792475706,0.004716018322667161,0.0,0.0005796762712186854,-0.00011633863493835807,0.0005678819432194321,0.0,0.002174194880938046,0.00029497636526959405,0.0021540919953032516,0.0,-0.004376904835589469,0.014801828480552408,0.11375461615717901,0.17107890825461192,0.04758740208273605,6.395503419871484,4.330733340286331,0.0,0.0,0.7721532462853458,0.22706303380339304,0.0007837198454919485,0.15041674347704237,0.21171331732328377,0.058230549764205435,6.267004501044262,4.330733340286331,0.0,0.0,0.7824959077324043,0.216821129715843,0.0006829625133148131,0.19424920331865353,0.25005570927256515,0.06050248906499532,6.460799739492568,4.330733340286331,0.0,0.0,0.7463287294649913,0.25003144983344344,0.0036398206774067234,0.007600461401970756,0.004513425761341299,0.0016656033483898867,0.003266180322895958,0.9616207404438067,0.0006641970837813458,0.005563252366380021,01,Drosophila
470,0.7038433637445782,0.031746031746031744,4.330733340286331,0.5052910052910053,0.004835727909414553,-0.0024887950189822787,0.004146102237931409,0.0,0.0005796762712186854,0.00023747708280883186,0.0005287997868329811,0.0,0.0037778185624970572,-0.0007308507986985728,0.0037064498109631795,0.0,-0.004112370494113115,0.020370090054308267,0.09990826669012083,0.11502903679973617,0.01969844753447811,7.586324353749506,4.330733340286331,0.0,0.0,0.6767178034510933,0.3028038739779835,0.020478322474488345,0.11073287913058709,0.13123852844230288,0.020392755513636902,7.701654263015611,4.330733340286331,0.0,0.0,0.6225942548364461,0.3625661368393623,0.014839608245312486,0.1601986121228436,0.22757657712981386,0.05237619093816133,6.7433905762914685,4.319610776775308,0.033367690533067235,0.011122563511023031,0.8133047265001532,0.18274206665148496,0.003953206813159189,0.008992675101109881,0.0061030254305649255,0.0012955532391086073,0.0046260956025062205,0.2922582145727908,-0.0005526755217998283,0.005418829526457317,01,Drosophila
475,0.8129162955312584,0.21164021164021163,4.330733340286331,0.5052910052910053,0.025424448962117152,0.009201644040699104,0.023700893484752145,0.02271982284440072,0.030079306746282893,0.022827065046337226,0.01958800131987102,0.0,0.0038393180685501313,0.002770298133272288,0.002658159416642197,0.0,-0.006314001784365031,0.01788746892116751,0.15694190701368857,0.19256083059857984,0.03835704879158647,6.040641804718166,4.330733340286331,0.0,0.0,0.705718905262791,0.2940222539931389,0.00025884070575896227,0.1744628944380417,0.2084370915451793,0.03697169954557644,6.313791919756229,4.330733340286331,0.0,0.0,0.8364894698262323,0.15430104263393565,0.009209487508389541,0.22958276354284654,0.3114632773301108,0.0659784556994024,5.802006605446509,4.330733340286331,0.0,0.0,0.6382859734157663,0.3537541345774965,0.007959891989212289,0.00781544831368897,0.0051103260026569555,0.0026808879004592634,0.024627701097445505,0.3452614159558223,-5.04588375603146e-05,0.004449546638617311,01,Drosophila
480,0.7758304011138802,0.14814814814814814,4.330733340286331,0.5052910052910053,0.006382795328513196,0.0015084038289639545,0.006201999201423422,0.004148053158133207,0.022237380557685,-0.007652774209183064,0.020879083815401704,0.0,0.002913503490306342,0.002436138769886077,0.001598039574567911,0.0,-0.007189565434004957,0.022062374803389215,0.10624042352428402,0.13150048185353488,0.028943223523803838,7.184846577485466,4.330733340286331,0.0,0.0,0.8366452776790422,0.16324573783004326,0.00010898440843852681,0.12797741301647333,0.16813692289153373,0.03513113295032025,6.958367755164557,4.330733340286331,0.0,0.0,0.8629155914376384,0.13653828974859822,0.0005461187569855661,0.18501893127559735,0.2585471916990846,0.06290848752851097,6.360616218730212,4.330733340286331,0.0,0.0,0.6973346954349258,0.29712699212196847,0.0055383124169206665,0.004631297826880701,0.0009553639397740802,0.0038008842546766917,0.005777569498087901,0.44942804377605977,-0.0025631375691051064,0.0018076631564961582,01,Drosophila
485,0.7887670633474951,0.164021164021164,4.330733340286331,0.5052910052910053,0.010117436225208352,0.006466591924499604,0.00778111204476293,0.011732466067352596,0.005818289094436986,0.003273441050262776,0.00481010100485415,0.0,0.00219264853782056,0.0014174836481012653,0.0016728561557325147,0.0,-0.006702613143782772,0.016448714724466323,0.1495151923945948,0.22395645934615452,0.058336144132491,5.587523160399078,4.330733340286331,0.0,0.0,0.8724970659376404,0.12053888419457646,0.006964049828960198,0.19816544556399304,0.2734570814254535,0.0747949205792735,5.499269691157385,4.330733340286331,0.0,0.0,0.5652045827872079,0.4272660368170012,0.007529380373501276,0.24881727353061053,0.33599230580878486,0.07460808907467915,5.574586148947014,4.330733340286331,0.0,0.0,0.5762629262736019,0.39785097110583767,0.02588610260574033,0.00974020673228217,0.008190978544945087,0.004624707346341156,0.011972002918161632,-0.20921504658776033,0.0018543876390651724,0.003685573927250062,01,Drosophila
490,0.7900659723468563,0.18518518518518517,4.330733340286331,0.5052910052910053,0.009350515618384191,0.004824438861672629,0.008009802244726744,0.005866233033676478,0.0059987420649103155,0.005134300711276591,0.003102235092237396,0.0,0.007070365586263575,0.003138808898383311,0.006335451698407148,0.0,-0.007654578432715703,0.015591874060773246,0.1523778393508042,0.16367736303228214,0.008523482862063775,6.528186550685935,4.330733340286331,0.0,0.0,0.5720233743096917,0.37892305309685737,0.04905357255051718,0.1815217997257074,0.24853727800812325,0.03917643269554093,5.785925210142225,4.330733340286331,0.0,0.0,0.5945194419749295,0.37485698587822086,0.03062357211785154,0.2332375134276837,0.3058890389090031,0.05930277910143628,5.8561836751671335,4.330733340286331,0.0,0.0,0.6236338169094893,0.353498508025111,0.022867675048133404,0.006526664528110219,0.0020954020819687613,0.0034477697054918735,0.007826531045719166,0.5903618225203039,-0.0006565561338811714,0.003799742630499306,01,Drosophila
495,0.7849808883990876,0.15873015873015872,4.219507705176107,0.005291005291005291,0.023202882784538147,-0.012918474619436342,0.01927399239960408,0.024578216919919963,0.026082150059741748,-0.012225567769757197,0.023039401998445196,-0.1112256351102241,0.0020362709400823355,-0.0007715388369838167,0.0018844434627893346,0.028215719651981174,0.0008716775508359375,0.016246948341587356,0.080168646311943,0.10341647868326702,0.024617084634645067,7.905585171650701,4.330733340286331,0.0,-0.1112256351102241,0.9094012548086422,0.08559101083348307,0.005007734215688009,0.10695856294591202,0.15548471740033518,0.0383142367916951,7.1930614098974015,4.330733340286331,0.0,-0.1112256351102241,0.7449981981706351,0.24980736439602994,0.005194437355864298,0.16786424751493773,0.2595654240627044,0.06846252824173787,6.348824569847409,4.330733340286331,0.0,-0.1112256351102241,0.6661997059621572,0.33106354377206204,0.00273675023535379,0.00675599361577116,0.003886576098259147,0.002420884744322198,0.02548399274687427,-0.9364128123702846,0.0017465636339878388,0.0029197753605190746,01,Drosophila
498,0.9184624831353968,0.4074074074074074,4.330733340286331,0.5052910052910053,0.017819318488815333,-0.005544727196810802,0.016934701406248136,0.020740265790665742,0.022126341459614028,-0.0031078932123147066,0.021906984871686082,0.0,0.002380143360816172,9.608921767011096e-05,0.00237820295187035,0.0,-0.005819711475269443,0.014446239881769136,0.11873399480344386,0.16346698073063737,0.03949699267629481,6.532045073713027,4.330733340286331,0.0,0.0,0.7171481090051655,0.2634797533659204,0.01937213756504812,0.15885708578547167,0.22964635297184777,0.05827335909519351,6.0230821597928115,4.330733340286331,0.0,0.0,0.6492769185854171,0.3440054930559567,0.00671758832369941,0.21377929988139083,0.2922832580535491,0.0700162237996189,5.9926807482317335,4.330733340286331,0.0,0.0,0.6540784201805004,0.34314694031625304,0.002774639483485334,0.008968884008443099,0.008366661526486213,0.004474126767899894,0.018744427570750222,-0.08659447541028259,0.0032342740531597727,0.0035178782056054184,01,Drosophila
503,0.9745829147361585,0.5555555555555556,4.330733340286331,0.5052910052910053,0.008923639096687171,-0.0064643863540129855,0.006151670000412451,0.009275328835868405,0.009332416278874047,-0.0011371729291593763,0.009262873816013062,0.0,0.0029497440404660574,-0.0020475818667843705,0.002123298943408783,0.0,-0.006054860411689193,0.017842522772078734,0.09657935835231464,0.11972002918161935,0.021646553885660707,7.466410344831949,4.330733340286331,0.0,0.0,0.7461448800876299,0.25287483994435767,0.0009802798659314291,0.1152608719567287,0.14961769563962207,0.0286477403818647,7.308453714363517,4.330733340286331,0.0,0.0,0.8246352591270872,0.17247616994720533,0.002888570854814494,0.1846474836156829,0.28090620887117235,0.07402634869154616,6.111788417818805,4.330733340286331,0.0,0.0,0.6769150464544218,0.3128581320768904,0.01022682144341911,0.0078740000458146,0.005478946782900196,0.003563352930724242,0.005392469105573063,0.9945585500411386,-0.0027270327507202463,0.004220000695081554,01,Drosophila
508,0.7728859556813599,0.14285714285714285,4.330733340286331,0.5052910052910053,0.00947545281632464,-0.0014442836143828976,0.009364734428461901,0.012444159474399039,0.016581845924573284,-0.016195387237453323,0.003559079444915726,0.0,0.002174194880938046,-0.00014869217498749912,0.002169104427498753,0.0,-0.005608900418577279,0.0171675732628438,0.16676228818468405,0.21685234813664075,0.06059880482329842,5.68422802967482,4.330733340286331,0.0,0.0,0.9785236300151909,0.02106442800345249,0.0004119419495923316,0.2203938155659098,0.3008983007665526,0.08073314988243323,5.212386739993787,4.330733340286331,0.0,0.0,0.6549263782632511,0.3444628827862286,0.0006107389323685646,0.2670700978657149,0.3211461224212026,0.07394052479892611,5.710162241145589,4.330733340286331,0.0,0.0,0.6169741089096417,0.3594740363337004,0.023551854743636014,0.009076876094628093,0.005776226162377748,0.006190792825157856,0.010575501998370273,0.13866964352281683,0.002771759588956334,0.004334973021309115,01,Drosophila
511,0.91639310975687,0.4021164021164021,4.330733340286331,0.5052910052910053,0.004835727909414553,0.0017584784544869257,0.004504666240577221,0.0,0.012437169365915721,-0.011425231191246665,0.004913987592885922,0.0,0.005626504986394324,-0.0029759713427390563,0.004775055280215726,0.0,-0.0047687626606577665,0.014612036932692606,0.150842885043356,0.17107890825461192,0.023442495894949237,6.395503419871484,4.330733340286331,0.0,0.0,0.5731586047818938,0.41826974459689426,0.008571650578299138,0.17541162023927567,0.23763674862877626,0.0386349629880967,5.920474024881273,4.330733340286331,0.0,0.0,0.6934860292072025,0.30268098157696965,0.0038329891848315014,0.24342902081992196,0.3579363698900853,0.0773092984794475,5.384785231319896,4.330733340286331,0.0,0.0,0.6232498072557365,0.375345550370354,0.001404642358580168,0.007971480863000511,0.004499790980259725,0.0014361362234803934,0.003592319411191538,0.902981935920732,0.000907175679708319,0.005630995072907615,01,Drosophila
516,0.7412243230394002,0.08465608465608465,4.330733340286331,0.5052910052910053,0.003332399780238128,-0.0008320379575146884,0.0032268562305417183,0.004148053158133207,0.011670232705660944,0.010301931412305386,0.005483114131625741,0.0,0.005170253636566614,-0.0050886977880701435,0.0009147007642504346,0.0,-0.003088194072328667,0.017581309077907677,0.09876941520513838,0.1162195372005853,0.02384134269822102,7.555435231354344,4.330733340286331,0.0,0.0,0.8402486505587937,0.15081420749056207,0.00893714185378071,0.11241684031432961,0.13880215839339585,0.0251875982013505,7.53355495399728,4.308488213264286,0.04449025404408964,0.022245127022045175,0.7265946826963936,0.26841588814859024,0.004989429079669253,0.15962111878794688,0.2531672078588605,0.05712959864252595,6.423700416708575,4.319610776775308,0.033367690533067235,0.011122563511023031,0.7166698506165006,0.2819374483500904,0.0013927009986176618,0.008986327758780065,0.005910588500828882,0.0008433050977614541,0.004022730239083999,-0.7768594073132316,0.0004844865680532495,0.0052955147807250925,01,Drosophila
521,0.7664119010484054,0.12698412698412698,4.330733340286331,0.5052910052910053,0.008957075520744732,0.007294218992244816,0.005198420065510245,0.009275328835868405,0.05130056504073672,0.05025511068271074,0.010303971261962622,0.0,0.002380143360816172,-0.0017324156176738215,0.0016321208734885824,0.0,-0.0035844627939776758,0.019327929743500602,0.13567695670087612,0.1489260847147947,0.014055526195762084,6.8115278039534575,4.330733340286331,0.0,0.0,0.8823997863795052,0.11605396972484375,0.0015462438419044497,0.15042095220176568,0.18958917350586482,0.023683838109660967,6.598125289949255,4.308488213264286,0.04449025404408964,0.022245127022045175,0.7805666247977637,0.21783037991827714,0.0016029952408323327,0.18888818179660619,0.26280462104162305,0.044001180093245516,6.3116183189011785,4.319610776775308,0.033367690533067235,0.011122563511023031,0.603297188949823,0.39545421527411967,0.0012485957494721325,0.011753960541785187,0.00824390981449627,0.0009022477433424174,0.009476548438035548,-0.5420847707268956,0.0007774280222612405,0.0055550732059106,01,Drosophila
522,0.8980582957689062,0.3492063492063492,4.330733340286331,0.5052910052910053,0.003332399780238024,0.0010230748776567317,0.0031714674978687856,0.0041480531581326256,0.009187236461912114,0.0055481636607347925,0.00732278593165124,0.0,0.0018687059487729348,-0.0007640460915384367,0.0017053725378884796,0.0,-0.0026563674666831715,0.010699511612746005,0.1169363215366126,0.15437223788213075,0.043889818575600405,6.703777680461012,4.330733340286331,0.0,0.0,0.8935986280494618,0.10469955821871173,0.00170181366772565,0.1624094093776352,0.24693984427297838,0.06606087894834985,5.805269464776988,4.330733340286331,0.0,0.0,0.8857811525546697,0.11035304645832526,0.003865800954475069,0.22798223443412519,0.32506024774120024,0.08268681053316042,5.673819301467484,4.330733340286331,0.0,0.0,0.5639336732188692,0.43083857150577354,0.005227755258354121,0.008243963260304925,0.006367643426851415,0.0053707016009351335,0.002155391646714833,0.9862817811319089,0.0008717832508776672,0.004853712832803942,01,Drosophila
527,0.9313088618997817,0.43386243386243384,4.330733340286331,0.5052910052910053,0.01373112186144147,0.012256945431595905,0.0061895877294563095,0.014956018354999491,0.014912948702615643,0.014745807772511624,0.002226475273381986,0.0,0.008510783743304353,0.006080896945461954,0.005954505207316988,0.0,0.002594333570195121,0.016437087724551214,0.10648362601331758,0.13460416519499468,0.03150319522931638,7.114863040053987,4.330733340286331,0.0,0.0,0.9206520099032325,0.06369976080549751,0.015648229210174978,0.13733631251875567,0.18881617209760157,0.045101248708074825,6.610382027213232,4.330733340286331,0.0,0.0,0.6075113617126311,0.3864763447575827,0.0060122934819288355,0.17723625255663547,0.23997840887053112,0.0518513832074755,6.584204061101337,4.330733340286331,0.0,0.0,0.5671014814771363,0.42511305593985416,0.007785462553685165,0.008314380590508232,0.004656654190825556,0.005008504262396656,0.015509503639308534,-0.19568815045923182,0.00028599914727169565,0.0030121591309572537,01,Drosophila
530,1.0182639727121405,0.6243386243386243,4.330733340286331,0.5052910052910053,0.017265222770085097,-0.009467164130567772,0.01443816888062873,0.016592212632532608,0.02892009520749041,-0.010711394234531662,0.02686331960802223,0.0,0.003545044814446987,0.003239636473871276,0.0014394784658341916,0.0,-0.006130968050953642,0.0169772022711727,0.13405555324532736,0.15713403539294793,0.016539945443795626,6.650580616116661,4.330733340286331,0.0,0.0,0.8002084687927361,0.19890597270140079,0.0008855584510520172,0.18209397613534173,0.27508817735749264,0.06165235535661005,5.481428675710753,4.330733340286331,0.0,0.0,0.5771421285878412,0.41911806973542937,0.0037398016496727063,0.2528945367646565,0.33251762808509805,0.0835211943982697,5.6057723034497915,4.330733340286331,0.0,0.0,0.5588650026100025,0.4378425254447331,0.003292471931166083,0.011855985102512,0.008980317747864622,0.005091018937597174,0.016566267014419375,0.2819485504528648,0.0009162887338360458,0.004706496179878237,01,Drosophila
533,0.8593658305454194,0.2804232804232804,4.330733340286331,0.5052910052910053,0.00895707552074478,0.008042496416529956,0.003943025903342279,0.00927532883586834,0.02115383413018812,0.01808992188852336,0.01096537388667779,0.0,0.0013257412984429538,5.6801477499413084e-05,0.0013245239078820332,0.0,-0.0064003138994463546,0.016041522639572318,0.09932372038981081,0.12649861996286543,0.025227058249167666,7.3011839289500235,4.330733340286331,0.0,0.0,0.8432931867957352,0.15571306251863615,0.0009937505904050428,0.1278474303780562,0.19367455203480535,0.04259825186056254,6.534166198618491,4.330733340286331,0.0,0.0,0.8263002734286604,0.17144870548401495,0.002251021032257328,0.18833306621010384,0.2767096587797537,0.0690360291891887,6.156944550203067,4.330733340286331,0.0,0.0,0.604336208572834,0.3925884756550145,0.003075315747297812,0.009909390663447967,0.008799938469861232,0.003286054666058438,0.00965703836145556,-0.037899626690567054,0.0008250430278329267,0.003487363999366537,01,Drosophila
536,0.9324206081416221,0.4444444444444444,4.330733340286331,0.5052910052910053,0.005306766106484233,-0.0044999079093970395,0.0028129335782907834,0.00586623303367653,0.004313766193194862,0.002949252723755536,0.0031480926195033474,0.0,0.0028372440898786736,0.0015589663434057998,0.0023705649043380805,0.0,-0.005511434506394547,0.018550657671736793,0.0906098387687273,0.149617695639622,0.0420658676348212,6.797628090597661,4.330733340286331,0.0,0.0,0.8972392492124248,0.10082695854616965,0.0019337921412018193,0.12906304642501382,0.20397289578893718,0.05829619012113853,6.378742385550906,4.330733340286331,0.0,0.0,0.7154950050074723,0.2698319917979417,0.014673003144724932,0.18708735868182289,0.29822742549763587,0.07690909333671561,5.932281825158933,4.330733340286331,0.0,0.0,0.6383442125888364,0.34977693615868166,0.011878851228042005,0.007002878706547649,0.004353082597951086,0.002120901983413134,0.0032397330833953603,0.9846230022408151,-0.0021279856149715027,0.004433100577469903,01,Drosophila
541,1.0339816141928313,0.6507936507936508,4.330733340286331,0.5052910052910053,0.008923639096687152,-0.006719500202015887,0.005871937649790905,0.009275328835868275,0.023694099517501746,-0.01408704592585506,0.019051653183598707,0.0,0.009788718705155176,-0.0013260099148289033,0.009698490170868363,0.0,-0.002976303417333081,0.01318416932724553,0.12371266534848015,0.16633641442672448,0.032267695686838446,6.479841133839332,4.330733340286331,0.0,0.0,0.9862009686384977,0.013799031300325403,-2.8218629614221866e-17,0.15771763015628007,0.22479998948604304,0.04962449070946718,6.087070535544894,4.330733340286331,0.0,0.0,0.8743445800425276,0.12422318050549465,0.0014322394153980277,0.21162474739850728,0.28798365042655827,0.06488477235608935,6.037139802381856,4.330733340286331,0.0,0.0,0.5423854794455164,0.4538241685838001,0.0037903519502732823,0.009425003643790668,0.005612985935392576,0.003741803399392672,0.007892209380760622,0.46937685241633365,0.0007751801412904881,0.0059604366105812405,01,Drosophila
546,1.0441453963646092,0.6613756613756614,4.330733340286331,0.5052910052910053,0.004835727909414553,0.0002795882225977913,0.004827638640129918,0.0,0.009368773877007045,0.0051744026067845695,0.00781021649004627,0.0,0.0033195613287679204,-0.0019792188743665193,0.002664991568992812,0.0,-0.002944033672970987,0.0100812769271856,0.17018920356670988,0.2037618965643753,0.026445675903273343,5.87102171010924,4.330733340286331,0.0,0.0,0.9332595265814758,0.0610731999486325,0.0056672734361805895,0.20901013036424138,0.27807429662255084,0.05222222147133737,5.449038753266432,4.330733340286331,0.0,0.0,0.7991743152695109,0.1985754477899663,0.002250236918976994,0.2782665986711604,0.3991841192607613,0.08072011334016106,5.057582643219568,4.330733340286331,0.0,0.0,0.741994149500483,0.25381817927859845,0.0041876712090063405,0.007313759767816279,0.004598465827694922,0.0020226110349603962,0.0034705102653483635,0.788830342347395,-0.0015490049782952331,0.003981395805342842,01,Drosophila
551,0.9675258614501949,0.5396825396825397,4.330733340286331,0.5052910052910053,0.0057652582060276495,-0.0020885267575644845,0.005373663384052478,0.008296106316266413,0.008187123195319185,-0.004614162186500612,0.006763023993155823,0.0,0.0032984121305353726,-0.002608975047067966,0.002018110945077004,0.0,-0.0058202223372389806,0.014417095672589397,0.09934742715491458,0.1258166817337134,0.032053713556174264,7.317400303098265,4.330733340286331,0.0,0.0,0.869161918506251,0.11356141610230737,0.01727666529967626,0.1302591554183837,0.20777564730201223,0.04937477416386421,6.323327112769731,4.330733340286331,0.0,0.0,0.7951570412031627,0.19810113294026604,0.006741825805038983,0.19616756318239645,0.28597509996121206,0.07712659217836748,6.0581366980269244,4.330733340286331,0.0,0.0,0.6072714960998277,0.3895409583138525,0.0031875455638126684,0.010602646804887258,0.00860375444686687,0.004629455829283949,0.009191471806150023,-0.5585065817905885,0.000381197615391948,0.005894569921234714,01,Drosophila
554,0.9639579259700783,0.5238095238095238,4.330733340286331,0.5052910052910053,0.007112946926131589,0.0016830214030076232,0.006910966135858508,0.009275328835868242,0.013014254862770632,-0.0028899572369336926,0.012689325309166112,0.0,0.0013257412984429566,0.0001495060328699637,0.0013172843036082613,0.0,-0.005222872987165086,0.014382576377501434,0.09030881974467092,0.1322832297297895,0.03213262061776914,7.167042214160148,4.330733340286331,0.0,0.0,0.7715128478001629,0.1828462804320491,0.045640871658952455,0.12054451921931639,0.17466210146962122,0.044961347608581816,6.844143973131861,4.330733340286331,0.0,0.0,0.849012290631963,0.11533074835698294,0.03565696095064042,0.18482473613282963,0.3077676546355294,0.0782735785737939,5.837815539221221,4.330733340286331,0.0,0.0,0.6170599696238095,0.36881998420882023,0.014120046142548406,0.011766236990816943,0.008699148259865069,0.004755301619366541,0.01171044703124104,-0.9449986550723806,-0.0007578752764112695,0.006092117345578176,01,Drosophila
559,1.017143811886212,0.6190476190476191,4.330733340286331,0.5052910052910053,0.004835727909414553,0.0020744535606492627,0.004368169735552917,0.0,0.009398413982088067,0.0025718602612257537,0.009039674782614486,0.0,0.0013257412984429597,-0.000187351024711329,0.0013124365066306406,0.0,-0.0022148983547105316,0.00763362005052682,0.08373958377709445,0.14961769563962216,0.04658470663152952,6.797628090597658,4.330733340286331,0.0,0.0,0.9466162789547007,0.050637373072617696,0.0027463478637780904,0.13368698775018015,0.21425808845221997,0.07111233828864749,6.231159821775907,4.330733340286331,0.0,0.0,0.8766960817182627,0.11757552765683728,0.005728390581287529,0.18983237865114927,0.28597509996121206,0.07708429099842533,6.0581366980269244,4.330733340286331,0.0,0.0,0.5963806372452273,0.3933087731235781,0.010310589607372694,0.009002993464183717,0.005529050730519471,0.0032327982740848644,0.005114063394611127,0.24568661458413266,-0.0008496467758403889,0.004606885824932355,01,Drosophila
564,0.9654581562361846,0.5291005291005291,4.330733340286331,0.5052910052910053,0.008923639096687239,-0.005499207029703642,0.007027805971452476,0.00927532883586847,0.021807077051289276,-0.008363098166777078,0.020139692117153062,0.0,0.00295215176406072,-0.0016123707371725796,0.0024729457422184528,0.0,0.005306533438495901,0.0179066970211103,0.09504294452931288,0.13460416519499468,0.029039296250888115,7.114863040053987,4.330733340286331,0.0,0.0,0.8448869533023367,0.15234001057994548,0.002773036016466796,0.12160713605691804,0.18199509369813924,0.0416321622261588,6.720764562182127,4.330733340286331,0.0,0.0,0.6940754919238453,0.30268231813325686,0.0032421898823708074,0.1761591721116578,0.24624207558723363,0.06350398855138435,6.506905632339619,4.330733340286331,0.0,0.0,0.7066134458047756,0.29152500751307925,0.0018615466536266393,0.008082669578602942,0.0035941047376447893,0.004868575019806037,0.009576524362438799,0.13378328749145865,0.002815452304786974,0.004499149832165471,01,Drosophila
567,0.8536450057500691,0.26455026455026454,4.330733340286331,0.5052910052910053,0.003332399780238128,-0.0005016537333331112,0.0032944243544455643,0.004148053158133207,0.020571906341014794,-0.0029051542897448684,0.02036574106327245,0.0,0.0015981560891349929,-0.0010666153702071635,0.0011901405535805808,0.0,0.0033097216109118917,0.01953454621529822,0.1463046423139025,0.17505570670448264,0.021545675571462114,6.326565383544086,4.330733340286331,0.0,0.0,0.693496479407753,0.30510863725171183,0.0013948832948089552,0.16123671380557245,0.1852745483880155,0.02478013927227263,6.667187438287674,4.330733340286331,0.0,0.0,0.7799347546875809,0.21872765525685112,0.0013375900179899462,0.2063038390473527,0.3222425981947211,0.05747455180444076,5.6999369126633646,4.319610776775308,0.033367690533067235,0.011122563511023031,0.6801863390234069,0.3180083442014784,0.0018053167533115095,0.010028337128201009,0.005892087364229718,0.0024759413855865602,0.004383232800784266,-0.11983985717542006,0.000757462574261085,0.00664066664617804,01,Drosophila
572,1.1546006589904767,0.798941798941799,4.330733340286331,0.5052910052910053,0.017961195591581977,-0.00426154952792533,0.01744831632852016,0.021553916467149072,0.024285477377032457,0.0008197835433279506,0.024271637076481757,0.0,0.002824809561013506,-0.0016186467602377164,0.0023150662456105356,0.0,-0.0025795178537501547,0.008428706110669062,0.1008067022724759,0.13025151121065967,0.02361274472884233,7.213476276308503,4.330733340286331,0.0,0.0,0.7844189238970785,0.1861091879956763,0.029471888013957778,0.12590040135323632,0.1886338290593188,0.0391272112578947,6.613280578839381,4.330733340286331,0.0,0.0,0.5614465957539484,0.4248581333911167,0.013695270797403597,0.2190699661796768,0.4433762416456577,0.1118142105392787,4.742594789335614,4.330733340286331,0.0,0.0,0.6456808126834883,0.3437882205863392,0.01053096671364189,0.005934676051924768,0.001982332334962051,0.003880868243543857,0.02115100399674075,-0.786882087429926,0.0005143331619870233,0.002198858491532925,01,Drosophila
577,1.131322787405418,0.7619047619047619,4.330733340286331,0.5052910052910053,0.01290001525917381,0.008422099226663326,0.009771317122228413,0.013117295835155212,0.012478103917299541,0.007753100323790193,0.009777142360637413,0.0,0.0047989966834440624,-0.0036079837811682247,0.0031643043789329355,0.0,0.008112773101823064,0.01301781011212971,0.09033743317844102,0.11268665676108873,0.024670806021948113,7.648045071065432,4.330733340286331,0.0,0.0,0.5254189457256606,0.4742597153787071,0.00032133878160063584,0.10903143148483796,0.14429025418670866,0.030169957927947504,7.41722297421179,4.330733340286331,0.0,0.0,0.6218399974037353,0.3744554521145978,0.0037045504035301776,0.18013961231752068,0.2937220009524815,0.07706358679437178,5.977949694873875,4.330733340286331,0.0,0.0,0.7908784051202555,0.20463797417857518,0.004483620675120225,0.007569139138877107,0.003013077831212432,0.004163222557458669,0.013788767612800677,-0.05946579523014852,0.0010258541450590577,0.004743888963388853,01,Drosophila
580,1.2382251862902103,0.8835978835978836,4.330733340286331,0.5052910052910053,0.006359335077466003,-0.0027691557731384466,0.005724763657268616,0.004148053158133207,0.008295868815986596,-0.005895245819977903,0.005836738484298565,0.0,0.004056490212826373,-0.002205657950948914,0.0034044362015129602,0.0,-0.0028223929214571232,0.004354907097194669,0.18205507023856468,0.1886338290593188,0.004903989936728045,6.102454955073524,4.330733340286331,0.0,0.0,0.8186499867648644,0.1795159533313818,0.0018340598736044632,0.19121383574413284,0.20694586903757273,0.011909835421698928,6.335331978766631,4.330733340286331,0.0,0.0,0.6572838431956273,0.3408587705025411,0.0018573862745871108,0.30065618713362896,0.5144422149148562,0.1294474797285448,4.296601222305637,4.330733340286331,0.0,0.0,0.6714366771843835,0.3231183346164272,0.00544498818985666,0.007094862103336365,0.004126656456179066,0.002540846406836009,0.0065059671615093845,0.14139769437126068,0.0003650937865083349,0.0024526479288035797,01,Drosophila
583,0.9404215208812563,0.455026455026455,4.330733340286331,0.5052910052910053,0.005306766106484176,-0.004377162164793138,0.0030003696259015603,0.005866233033676478,0.005789000156183949,-0.005316470875891796,0.002290777211797801,0.0,0.0013257412984429538,-0.00046099514376131043,0.0012430098422078957,0.0,-0.0034849344707620577,0.01596267055754921,0.12061428515502819,0.16633641442672448,0.048227411457121123,6.479841133839332,4.330733340286331,0.0,0.0,0.957648348748827,0.040646636926383616,0.0017050142655256838,0.15639716948980414,0.2195727184728575,0.05789871706643549,6.15765334199096,4.330733340286331,0.0,0.0,0.6959495543513551,0.29628785120913803,0.0077625944035515666,0.20472320100992053,0.2989477478490434,0.06615829724615659,5.925044524619226,4.330733340286331,0.0,0.0,0.6078229646483491,0.36856500739358683,0.02361202793646053,0.0074250934406354385,0.004553801397224732,0.005391461894532301,0.0034205722623320213,0.7956546721211998,-0.0012788457010936758,0.004404582907910562,01,Drosophila
586,0.9047695417505187,0.36507936507936506,4.330733340286331,0.5052910052910053,0.005306766106484265,-0.003383813452157288,0.004087979088734377,0.005866233033676735,0.00597033844795833,-0.001691319741517154,0.005725764465564736,0.0,0.004250081631774827,0.002365904790715266,0.0035306781782003765,0.0,-0.003212302932767436,0.011548519036310502,0.09789498045579904,0.11570020057069595,0.013136606033853887,7.56887102175176,4.330733340286331,0.0,0.0,0.8821287874778837,0.09804602244864545,0.01982518997096989,0.11185182923965187,0.14759143868604327,0.021986360357766313,7.349360028063631,4.330733340286331,0.0,0.0,0.8631572216345885,0.12364222859570984,0.01320054969274441,0.17499078991442513,0.30893946936247546,0.07290675975354664,5.826414832873928,4.330733340286331,0.0,0.0,0.6265935647711649,0.3698462947152074,0.003560140485801425,0.011946855072781674,0.008581106687813443,0.004010097540743615,0.006372360175505726,0.08542207681353083,-0.00025119179089477816,0.006063283609355175,01,Drosophila
591,1.1905750067466896,0.8359788359788359,4.330733340286331,0.5052910052910053,0.005765258206028127,0.004054366658659748,0.004098818510171297,0.008296106316266995,0.022174055680820558,-0.0006564436910198581,0.022164336827810813,0.0,0.003937889605926832,-0.002747716615473689,0.002820820439077326,0.0,0.011577325268305188,0.01508837507973645,0.13482436198988365,0.15240920495049767,0.012820108692883202,6.742171001233812,4.330733340286331,0.0,0.0,0.604055663303452,0.39537977443596656,0.0005645622060618144,0.1553458897253776,0.18927126114552703,0.027097312474313004,6.603160058520981,4.330733340286331,0.0,0.0,0.6695291679729902,0.3297878120626486,0.0006830199241466112,0.235005589801304,0.3842494586439322,0.09009734673993096,5.171975009262384,4.330733340286331,0.0,0.0,0.7297367577955769,0.26766655048117294,0.0025966917074634944,0.008282614844191674,0.0033295669108571835,0.003759195394072567,0.0029036372106936515,0.898332590769979,0.0014626274018594157,0.005183335503835201,01,Drosophila
596,1.130203163531518,0.7566137566137566,4.330733340286331,0.5052910052910053,0.003332399780238128,0.0018747740371539807,0.002755015536243759,0.004148053158133207,0.004059083689045452,0.0015157554458220702,0.0037654542651764577,0.0,0.009079805204616426,-0.003575499287898019,0.008346176813129488,0.0,-0.0010040881528885102,0.003177166830408779,0.13508698350670872,0.16767578159772883,0.044308315437337,6.455781395322939,4.330733340286331,0.0,0.0,0.6061301139278121,0.3876774477743488,0.006192438248362839,0.15462844880766252,0.187214648920688,0.041893042684447705,6.6359363079382465,4.330733340286331,0.0,0.0,0.6705351293465629,0.3263423066355382,0.0031225639789352532,0.2400167658185403,0.43422013833949347,0.10556204267296943,4.805196019830937,4.330733340286331,0.0,0.0,0.6499986501725635,0.34659265677326556,0.0034086930396257887,0.007092516078231642,0.0041270672510741215,0.0020883595727239548,0.003048184099010033,0.44363319343357316,-7.917738476552207e-05,0.0025680681925786624,01,Drosophila
599,0.9209743707757377,0.41798941798941797,4.330733340286331,0.5052910052910053,0.0057652582060276495,0.0028035433793721283,0.005037692597027716,0.008296106316266413,0.028869827342281898,0.016819339859122734,0.023464371661659572,0.0,0.003361901203373989,-0.0008206130046147812,0.0032602107290640855,0.0,0.0045463294777489715,0.016242863767658343,0.0994019797319093,0.12234999040599709,0.024334647802797333,7.4012209906460535,4.330733340286331,0.0,0.0,0.7516206817946616,0.24676539724966043,0.0016139208601934985,0.11929050792148314,0.17505570670448248,0.03489457355029828,6.837391007309946,4.330733340286331,0.0,0.0,0.732979080540371,0.26380865533425657,0.0032122640606384216,0.17990224253471468,0.27729975805445417,0.07188545604174439,6.1505536895436235,4.319610776775308,0.033367690533067235,0.011122563511023031,0.7464213651988431,0.2517812241301678,0.0017974106443455133,0.009296129995558082,0.005653235047611601,0.003580356369496656,0.003934950105345099,0.7405725491724039,-0.00011490548007410186,0.0063297732218726786,01,Drosophila
602,1.3240792501273433,0.9470899470899471,4.330733340286331,0.5052910052910053,0.009618137969632451,0.004677233403010616,0.008404288530068872,0.00829610631626634,0.008336748153108555,0.005065995471829961,0.006620956097706527,0.0,0.006583340896511509,-0.0008391508365708214,0.006529640360170187,0.0,-0.0033256997872748084,0.008451357874466827,0.17545521494897112,0.20694586903757273,0.022412902767161468,5.824506355000773,4.330733340286331,0.0,0.0,0.7430652549193261,0.25565375081196356,0.0012809942367482854,0.21333686845669214,0.2746813114080252,0.04961967043034131,5.485869075173169,4.330733340286331,0.0,0.0,0.8644382772520411,0.13284129134837305,0.002720431378741515,0.31185379410884656,0.48948784884057606,0.11433536033405778,4.4457720157889415,4.330733340286331,0.0,0.0,0.5790302023598325,0.41603192942080314,0.004937868210300123,0.006305009323428657,0.003970702897544664,0.0030103974092813048,0.008191748623494517,0.5951824951116984,-0.0009891275100118561,0.0017190104955779135,01,Drosophila
607,1.2374651692926748,0.8783068783068783,4.330733340286331,0.5052910052910053,0.004835727909414553,-0.0023961737643692573,0.00420031138189055,0.0,0.004313766193194863,-0.0033806657657104097,0.0026794920694237084,0.0,0.005122122906022122,-0.0031744899328641713,0.004019795608055282,0.0,0.006774705524573186,0.010413366882964788,0.13364795817990985,0.14429025418670866,0.009793467660844577,6.906397350445933,4.330733340286331,0.0,0.0,0.5734334083798986,0.4172998407747037,0.00926675078971127,0.1423699936231298,0.1584968886254216,0.013242509126150348,7.135498860126142,4.330733340286331,0.0,0.0,0.5781639893525653,0.41139515127247467,0.010440859326047524,0.22715491656464915,0.39793214630114127,0.10133853465839006,5.067006417716541,4.330733340286331,0.0,0.0,0.7719860749587363,0.22407763271116593,0.0039362923139345364,0.008328464054146075,0.003291208674213874,0.004001962166032638,0.005822070048987685,0.1421907850572236,0.002231467669852873,0.004957196798262229,01,Drosophila
608,0.8053351396503745,0.20634920634920634,4.330733340286331,0.5052910052910053,0.006382795328513149,0.004392141052119151,0.004631325208185985,0.004148053158133134,0.005998742064910108,0.005657472330094658,0.0019944706554710957,0.0,0.002409673953242474,-0.0014599673691606885,0.0019170351697142204,0.0,-0.006240954795640157,0.015709144587179875,0.1596717750431755,0.2195727184728575,0.050623487687321146,5.6468277182251025,4.330733340286331,0.0,0.0,0.8656243422918762,0.12171879491025599,0.012656862762227127,0.19044008106872648,0.24922862086795142,0.05496857012601227,5.777591855375864,4.330733340286331,0.0,0.0,0.6979000770107336,0.27507882772092856,0.027021095242885432,0.2320439337612533,0.30235295764939435,0.058245338492271086,5.8910657232781,4.330733340286331,0.0,0.0,0.6351053162560845,0.3498092973882561,0.01508538633818824,0.007129401893798989,0.002861674895456361,0.0034704801848194555,0.005197495709881428,0.5816875754715553,-0.0001135605413399104,0.004424164954074672,01,Drosophila
611,1.2850692009196303,0.9365079365079365,4.330733340286331,0.5052910052910053,0.0057652582060286044,0.004244137899325791,0.0039019861191048103,0.008296106316267574,0.014912948702616278,0.013581589945084413,0.006159257550260948,0.0,0.003937889605926585,-0.0029148907982002666,0.0026477133876294176,0.0,0.010711089887635033,0.013117295835155291,0.15036349856364956,0.20823061592090703,0.04092317860138948,5.805939537796018,4.330733340286331,0.0,0.0,0.8401485909956604,0.1594176048703894,0.000433804092770536,0.1875168860558695,0.24673072086699463,0.05549990853062448,5.807811120284676,4.330733340286331,0.0,0.0,0.7589047343347499,0.23883708721077168,0.0022581784283297415,0.2872612834471575,0.466540742362481,0.11957264358320163,4.589814871747344,4.330733340286331,0.0,0.0,0.7896870107741479,0.208664143359637,0.0016488458558861177,0.007393075448988935,0.0029179128774981145,0.0036432649707762196,0.003935188750547644,0.7385577684250574,6.875030636330037e-05,0.0037474509968429813,01,Drosophila
614,1.2462766965279286,0.91005291005291,4.330733340286331,0.5052910052910053,0.006382795328513149,0.0008218567801028751,0.0063296625217058936,0.004148053158133134,0.0059987420649103155,-0.0004393297959073602,0.005982632839457263,0.0,0.002174194880938046,-0.001094078322714108,0.0018788602939187064,0.0,0.0048184448984353425,0.006918950457239161,0.19486857791740209,0.23087931223554725,0.041969314981471856,5.496192777118523,4.330733340286331,0.0,0.0,0.8996869386434196,0.10006042955723014,0.0002526317741835793,0.2118598361163769,0.23767294891059526,0.0385998820207313,5.920017056103985,4.330733340286331,0.0,0.0,0.7292381002471504,0.26997901981319455,0.0007828799180914814,0.26054835562657624,0.3491024801603569,0.06314410575072249,5.459754374336758,4.330733340286331,0.0,0.0,0.714580257864013,0.2578181450572936,0.02760159706477984,0.006875426798306256,0.0030079298284678047,0.0034535149348004068,0.00645285633704429,0.2501348996583191,0.001104326609964044,0.0032980512426401907,01,Drosophila
619,0.8860737576013262,0.3333333333333333,4.330733340286331,0.5052910052910053,0.0033323997802381794,-0.00221394812891288,0.002490646899465001,0.004148053158133497,0.012478103917299537,0.007527954484077557,0.009951531472923283,0.0,0.002174194880938046,0.00017586387155349166,0.0021670706677400764,0.0,-0.005838758412852472,0.018673919211599718,0.10413872377572216,0.13813702113478638,0.03585525675917254,7.037139827260071,4.330733340286331,0.0,0.0,0.694741467348847,0.30224942364429797,0.0030091089244179605,0.13089897745642806,0.17855911427311671,0.04322204439683042,6.777944592827163,4.330733340286331,0.0,0.0,0.68047278362832,0.3072072779644337,0.01231993835462223,0.18584417672799466,0.2772066679970937,0.06642247480260097,6.151560964343594,4.330733340286331,0.0,0.0,0.8186750544830909,0.1739893014709363,0.007335644020298943,0.006791524220444994,0.004236250445413802,0.0017286105152925794,0.002454021342805463,0.7005357278447403,-0.001760401102236114,0.004261301898913288,01,Drosophila
621,1.185693962294742,0.8253968253968254,4.330733340286331,0.5052910052910053,0.015012722468940426,0.012567229462230173,0.008212586655438262,0.013117295835155234,0.022412103002126083,0.01896586011794219,0.011941461843700665,0.0,0.0015981560891349929,0.0002889397524407338,0.0015718195522065321,0.0,-0.0007900505689521485,0.012142456856501933,0.1360648617678363,0.16011700113985555,0.02535253100653098,6.594163710012133,4.330733340286331,0.0,0.0,0.7059231858689813,0.24499032668430168,0.04908648739451514,0.15589040788329164,0.19265016524991685,0.03154281460092092,6.550075962707259,4.330733340286331,0.0,0.0,0.6589179443595543,0.30065413285706327,0.04042792274385181,0.21291112579908095,0.30532601792939257,0.06680040654275018,5.861710578988001,4.330733340286331,0.0,0.0,0.5640404646097807,0.41633762952060016,0.019621905849536263,0.008869000957142183,0.005022048309031651,0.004325360035035215,0.014339310401209752,0.2962539303097838,0.001974366226670947,0.004768852494577376,01,Drosophila
626,0.9538198347093216,0.49206349206349204,4.330733340286331,0.5052910052910053,0.008957075520744732,0.008575867640355157,0.002585284529686006,0.009275328835868405,0.005789000156184001,-0.004778203295778289,0.003268225217531969,0.0,0.007586712862504868,0.0046562946632906,0.005989752254201194,0.0,-0.008471876226234751,0.017265293744712033,0.12053730011620294,0.17623124788149971,0.04446773646834755,6.306487002331813,4.330733340286331,0.0,0.0,0.7353564851909606,0.24747554215468032,0.01716797259377744,0.1616163690561791,0.22945896301573618,0.0610995730981697,6.025531139928438,4.330733340286331,0.0,0.0,0.7698440539144439,0.2220928599229902,0.008063086129068425,0.24143559172975296,0.3371170549569135,0.09197363670950573,5.564560287529956,4.330733340286331,0.0,0.0,0.5902540835312039,0.40656070396771676,0.003185212486097998,0.009477053590660811,0.008967069704185515,0.004895809567072969,0.0104115307960453,-0.047908958334447846,0.0017276940382456973,0.00391689922961559,01,Drosophila
631,0.7895668918606698,0.17989417989417988,4.330733340286331,0.5052910052910053,0.0057652582060276495,0.0012949190746681539,0.005617952186716234,0.008296106316266413,0.02407660495450762,-0.018705098337970117,0.015159228288481194,0.0,0.00791559563339374,-0.007724151912902461,0.0017303558760576637,0.0,-0.001120205586394953,0.017200949433154998,0.08543602164249182,0.12724453091405968,0.033172303130141405,7.283546098801549,4.293658128582924,0.05243226721881334,0.03707521170340744,0.820748424422119,0.17768265706152755,0.0015689183973016175,0.1171268347566902,0.1852745483880155,0.0483387623345806,6.667187438287674,4.308488213264286,0.04449025404408964,0.022245127022045175,0.8473355012358404,0.13987579070010872,0.012788708001766303,0.17108032913672294,0.27146781696281636,0.06759219014500244,6.214320146517651,4.319610776775308,0.033367690533067235,0.011122563511023031,0.5997438206812619,0.3943790922769229,0.005877087012262036,0.00849975607362221,0.006246329076017936,0.0013533738916195488,0.007033141521133244,-0.9224712885195623,0.00032522426457738934,0.0052906350251648755,01,Drosophila
636,0.7371981335944164,0.07407407407407407,4.330733340286331,0.5052910052910053,0.0063827953285131005,6.568039242713536e-05,0.006382457386597993,0.004148053158133061,0.013189982242636242,0.00817055580040295,0.01035459557267019,0.0,0.002380143360816166,-0.00208368565109655,0.0011503636492221146,0.0,-0.0049503577978929625,0.02132384449244494,0.15376649748687096,0.17836628579972533,0.02928650772049476,6.270360461408081,4.330733340286331,0.0,0.0,0.7867200174578969,0.21069481977114746,0.002585162730142512,0.17169289222933118,0.2029580989673978,0.0316908751016399,6.393705103134352,4.330733340286331,0.0,0.0,0.7493049782044195,0.2493324444667389,0.0013625772960361075,0.2099709534294357,0.3082145855729376,0.05158535522023838,5.833462189530474,4.319610776775308,0.033367690533067235,0.011122563511023031,0.5682082199997633,0.4299641024928624,0.0018276774859834195,0.008837968359200027,0.0061862637336960674,0.0014553580995306137,0.006732596269052163,-0.1329336788796498,-0.0008081230629407695,0.00544381111516571,01,Drosophila
641,1.1424609354412698,0.783068783068783,4.330733340286331,0.5052910052910053,0.019526317004068934,0.0024627501364233575,0.019370387644777227,0.021553916467149464,0.022910344890271623,0.005665395244855449,0.02219881077244374,0.0,0.009369261305856039,-0.0061171779422220405,0.007096702857003619,0.0,-0.0016476998853925885,0.014059935487757058,0.13756682403191434,0.1770106049080499,0.0479819050347933,6.2932491888932764,4.330733340286331,0.0,0.0,0.6752522953179195,0.3237075367959377,0.001040167839032724,0.16262265560310857,0.21425808845221997,0.04901050822136887,6.231159821775907,4.330733340286331,0.0,0.0,0.6454553092048794,0.35364446250650944,0.0009002282539470036,0.23484007019696565,0.33527459179399255,0.08236734952089349,5.581001310703036,4.330733340286331,0.0,0.0,0.6993851235387756,0.29684200136833044,0.003772875076747872,0.011447052128376394,0.005254164390168806,0.004486665643544513,0.017327744235678434,0.5773242157703223,0.0027854416045738203,0.007033530990820342,01,Drosophila
646,0.751895891259128,0.1111111111111111,4.330733340286331,0.5052910052910053,0.01747136901582919,0.006245425681966453,0.01631696642572724,0.021151003996741115,0.024959184875697746,0.015880004974293736,0.019255813451414236,0.0,0.004091210717202545,-0.004090009520918956,9.913249389203842e-05,0.0,-0.0038275360809994856,0.017174253685924113,0.07966924139318861,0.09098698940180917,0.010837697166982243,8.289728556221299,4.293658128582923,0.05243226721881334,0.03707521170340833,0.8651356827611365,0.1314862606052959,0.0033780564788800285,0.10383446746733269,0.1489260847147947,0.03126812433519037,7.322353427719315,4.308488213264286,0.04449025404408964,0.022245127022045175,0.5666789824335469,0.43031344145900263,0.00300757602241144,0.15648724929774058,0.2660904163740281,0.06348050916706457,6.274342443270864,4.319610776775308,0.033367690533067235,0.011122563511023031,0.7982348392051258,0.19827401425760172,0.0034911465022069415,0.007329144992642009,0.005508635094404425,0.0016802655363030413,0.01896272794915275,-0.8773688088946711,-0.00045333665922523347,0.004893042880127809,01,Drosophila
651,1.3172436083022687,0.9417989417989417,4.330733340286331,0.5052910052910053,0.009350515618384191,0.0081419869856169,0.004597846262729077,0.005866233033676478,0.022237380557684944,0.005050767186198036,0.021656196455013273,0.0,0.005213854750823761,0.003893728062890016,0.003467443313876994,0.0,-0.00518399033552953,0.011644140097974737,0.15887435909883366,0.19689056679048747,0.043048762489188014,5.973933897885609,4.330733340286331,0.0,0.0,0.5996116084228542,0.39775957213247587,0.0026288194077617477,0.19744848962697104,0.305804651844385,0.06605875826736475,5.1638642330629185,4.330733340286331,0.0,0.0,0.673489733089607,0.31798767757462193,0.008522589312702828,0.28177677693378195,0.3913705190915904,0.0976538959604617,5.116886738610313,4.330733340286331,0.0,0.0,0.6948311144804948,0.3022381125900242,0.0029307729182365986,0.01225069115736132,0.005876642556280625,0.005294961949134712,0.008399167489166024,0.45366777739139824,0.0028462525406390614,0.0055193240201057946,01,Drosophila
654,1.264864992000392,0.9206349206349206,4.330733340286331,0.5052910052910053,0.009350515618384191,0.008600775384373862,0.003668624417570616,0.005866233033676478,0.011851547078505371,0.011714024644896947,0.0018002207566785132,0.0,0.006540958327711554,0.006213395070968707,0.0020439808063973837,0.0,0.0019275992505676481,0.018593892158113447,0.17789780676528613,0.18615471746757992,0.008330644417345158,6.142143698592214,4.330733340286331,0.0,0.0,0.6013841877384849,0.39804785643567564,0.0005679557943106752,0.19848908178513808,0.2444537506244718,0.02772320663977842,5.835625353246282,4.330733340286331,0.0,0.0,0.5871098442263342,0.41236450054245927,0.000525655206310146,0.27477429634917916,0.4168741830903583,0.0876634565589281,4.927497558732864,4.330733340286331,0.0,0.0,0.7343746142063997,0.2626648358457833,0.002960549935795524,0.012594935192869094,0.0058363131607104485,0.005761260768915153,0.008730641921528684,0.4120988881823695,0.002615209768345202,0.006096551290220662,01,Drosophila
659,0.9753195148708182,0.5608465608465608,4.330733340286331,0.5052910052910053,0.012865208624515772,-0.010158665983266755,0.007893991284054847,0.013117295835155326,0.0165818459245732,-0.012492970490493447,0.010903361985642079,0.0,0.002380143360816172,0.00023394497824510895,0.0023686181974288717,0.0,-0.003314744351101047,0.013442650737505654,0.11279445019400662,0.189089356960161,0.05721518513128282,6.095219051028323,4.330733340286331,0.0,0.0,0.9658096465254163,0.03341883500807403,0.0007715184039946241,0.14576169496708152,0.1972398186246914,0.059967067588964196,6.479442723883567,4.330733340286331,0.0,0.0,0.7914432918470891,0.20607844088095584,0.00247826723170154,0.1991626745369712,0.27358289559425636,0.07072411680809768,6.191036926817767,4.330733340286331,0.0,0.0,0.5462259267181709,0.45115948593048616,0.0026145873289552856,0.008200045392673595,0.005492778531949267,0.0027557647811205805,0.012291123183976774,0.3107751040192856,0.0003736651785512129,0.0034519787490029327,01,Drosophila
662,0.9936783939807714,0.5978835978835979,4.330733340286331,0.5052910052910053,0.006382795328513149,0.00618083201434387,0.0015929192748382404,0.004148053158133134,0.026482394137951993,0.02153363884539494,0.015414914769596754,0.0,0.007691604572815171,0.0075541130905433605,0.001447810871568757,0.0,-0.00608789703575601,0.01701319955997738,0.1323256735547576,0.14547784832516258,0.010721420119419829,6.8818066357905,4.330733340286331,0.0,0.0,0.7717744825453036,0.22733443907572728,0.0008910783222319221,0.17510878585812822,0.2806304350517785,0.059147193370857165,5.421587871405138,4.330733340286331,0.0,0.0,0.7269323913714166,0.26981012555393247,0.0032574830453782214,0.24040371286733828,0.33581302111098293,0.07890312218878481,5.576187369076144,4.330733340286331,0.0,0.0,0.740539186950605,0.25768582948034474,0.0017749835534300656,0.01144843884020168,0.00868963268287978,0.003281502995656752,0.0061804600076361986,0.31774049338477595,0.0006657970248172974,0.005544607451976172,01,Drosophila
665,0.8839656449453438,0.328042328042328,4.330733340286331,0.5052910052910053,0.004835727909414553,0.0016320263023231305,0.004552005553864838,0.0,0.0005796762712186854,5.1808914237856795e-05,0.0005773564027699817,0.0,0.0028282983175956225,0.002544559681568554,0.0012347013405070754,0.0,-0.006548696930570761,0.016522933780339408,0.10423857474060828,0.12649861996286543,0.0242489146047709,7.3011839289500235,4.330733340286331,0.0,0.0,0.6879055127928686,0.31207657479558115,1.79123242421464e-05,0.14184327882488137,0.20777564730201223,0.05010258675713082,6.323327112769731,4.330733340286331,0.0,0.0,0.7934393130387868,0.2037678243468102,0.0027928625702136555,0.19946082572400084,0.2878940150089928,0.0696321616675752,6.038073703003453,4.330733340286331,0.0,0.0,0.5756118953608232,0.40717195427683095,0.01721615033994095,0.009980821180060894,0.00826055518997921,0.0026408782061686283,0.0024540213428053976,0.9528268637331124,0.0013308522461988154,0.005130188386344578,01,Drosophila
670,0.8750696884301523,0.32275132275132273,4.330733340286331,0.5052910052910053,0.03362926904415426,0.005332050764553074,0.033203869820976305,0.0326618032289598,0.0506424576161885,0.011617677568631555,0.049291866279526926,0.0,0.0015981560891349278,0.00035096713623423005,0.0015591423778868276,0.0,-0.004369124539168342,0.014501716183100605,0.0766062565966048,0.09358434487868937,0.012164158535029453,8.205288782619121,4.330733340286331,0.0,0.0,0.664781611665238,0.3350992921826266,0.0001190959859253813,0.11021560460676968,0.17466210146962122,0.04315004753602499,6.844143973131861,4.330733340286331,0.0,0.0,0.598480336856877,0.39734541561717196,0.00417424745457042,0.18553932384471744,0.290037619487873,0.0837037480597045,6.015819019081742,4.330733340286331,0.0,0.0,0.6151633022845105,0.3798375045199427,0.004999193171410336,0.007596878053016879,0.0038194386976315047,0.0024257321383366107,0.0343913383788051,-0.2816543388067922,0.0016072392465402443,0.004194068295960953,01,Drosophila
680,1.1778593080854902,0.8201058201058201,4.330733340286331,0.5052910052910053,0.005334857082165385,0.0004869271035800186,0.005312589018823998,0.00586623303367653,0.0005796762712186854,0.0003139878647028786,0.0004872742556644315,0.0,0.003973646541183747,0.00036794719643392965,0.003956574489997373,0.0,0.0018658290536752863,0.012142456856501936,0.1800111712104985,0.2237258536978896,0.03513378316805461,5.590613820832891,4.330733340286331,0.0,0.0,0.7920522163809005,0.2021238529702663,0.005823930619105264,0.21081382653417663,0.2892356295533445,0.050784152699362636,5.330978700075417,4.330733340286331,0.0,0.0,0.6636130080957419,0.3322033239090465,0.004183667973944691,0.2675241223622883,0.34079734266601003,0.06768282671940896,5.531986937165568,4.330733340286331,0.0,0.0,0.6518338229241039,0.3405346932382762,0.007631483824487936,0.011214342645863153,0.005444612833432271,0.003297270365337699,0.007870377501093269,-0.642681946412358,0.0017053808370888642,0.006626610138818825,01,Drosophila
695,0.9741001196324958,0.5502645502645502,4.330733340286331,0.5052910052910053,0.004835727909414553,0.0013550103800139073,0.004642005093054661,0.0,0.0005796762712186854,0.0002585389468299698,0.0005188277097322858,0.0,0.002174194880938046,0.0006228319143866623,0.0020830755595317827,0.0,-0.0036483619904838236,0.016058199061759884,0.11920288083499919,0.1871686897573791,0.05442982191161389,6.125847242006854,4.330733340286331,0.0,0.0,0.9830083406297636,0.011345568695769758,0.005646090616232148,0.15075040942021828,0.2029580989673975,0.05727114366515585,6.393705103134357,4.330733340286331,0.0,0.0,0.677019805160918,0.3199852235396143,0.002994971261014684,0.2019232789130101,0.2864860653903974,0.06853084515128524,6.052781237124588,4.330733340286331,0.0,0.0,0.6059073540095616,0.3850071582582395,0.009085487710205993,0.008640229529212624,0.004808429933249425,0.005168400127631687,0.002523162232397743,0.87485130502364,-0.00037394519646007476,0.0061588700637768045,01,Drosophila
700,0.9319224813277615,0.43915343915343913,4.330733340286331,0.5052910052910053,0.005334857082165158,-0.004752526116174265,0.002423673988433531,0.005866233033676324,0.008336748153108043,-0.007166098524597993,0.004260094095686719,0.0,0.0037825027234040295,-0.0037598738174223242,0.00041312919240956423,0.0,-0.003925367040900976,0.017214281781959235,0.12450363330972998,0.1619866541697649,0.038191177214150385,6.559336274867456,4.330733340286331,0.0,0.0,0.5821320739707925,0.39726193516791014,0.02060599080233435,0.1530791564148581,0.22156196039189208,0.04860580520226777,6.13059690551866,4.330733340286331,0.0,0.0,0.7622414970954264,0.2296081514404989,0.008150351425308629,0.20229669532600109,0.284799421247165,0.06202384023260956,6.0704954877032895,4.330733340286331,0.0,0.0,0.7300814174910668,0.26502469443653837,0.004893888050059001,0.009525618052394633,0.0056126180934168955,0.0032245369629013503,0.007063879989624931,-0.3208864359554619,0.0005145773501683821,0.006177453086016716,01,Drosophila
707,1.0837766788305385,0.708994708994709,4.330733340286331,0.5052910052910053,0.005306766106484265,0.002896437127066435,0.004446618769118992,0.005866233033676735,0.009398413982087577,0.0077036373214587235,0.005383693657529888,0.0,0.005535328373330559,0.001795761309357875,0.005235943231205971,0.0,-0.0039534195816007455,0.015222092914675195,0.21628362277272997,0.22156196039189208,0.007164507611424212,5.6197712817528025,4.330733340286331,0.0,0.0,0.7508533099699591,0.2136188134435012,0.035527876565185794,0.22745970698671059,0.24843341064494337,0.01500811799223434,5.787179216067207,4.330733340286331,0.0,0.0,0.6990098326570291,0.26983940597391054,0.031150761349815995,0.27130577129726474,0.34130185418228826,0.04855379504435561,5.5275490641060605,4.330733340286331,0.0,0.0,0.6462115624811294,0.2811912946105375,0.07259714289516896,0.008299164219073783,0.0048172107870123534,0.0016151323436890952,0.00668853474290275,-0.8147163032463015,-0.00021384150026802851,0.004562975703769176,01,Drosophila
712,0.9801221936706166,0.5714285714285714,4.330733340286331,0.5052910052910053,0.0033323997802381794,-0.0002642802399375681,0.0033219037087354004,0.004148053158133497,0.0005796762712186211,3.318773621452293e-05,0.0005787254561351865,0.0,0.004317775883730366,-0.0032017250492666124,0.0028969199662783663,0.0,-0.004742359459017535,0.01597942927141154,0.164559529070752,0.1991929506187966,0.03960714356659765,5.939056257294963,4.330733340286331,0.0,0.0,0.588361843392664,0.4114472339642191,0.0001909226082111577,0.18165403297998062,0.2084370915451791,0.03714955743342635,6.313791919756232,4.330733340286331,0.0,0.0,0.6784561309035799,0.32142874775589786,0.00011512131143407528,0.21925143716210843,0.303375574856371,0.05093732224308248,5.880936253158005,4.330733340286331,0.0,0.0,0.5890784731548315,0.37015175959310653,0.04076976723232466,0.007527014631337066,0.004075237015999506,0.0030983914353984697,0.003935188750546771,0.2527441829250582,-0.001179010997950618,0.0030214621658738155,01,Drosophila
713,0.9099731722797629,0.3915343915343915,4.330733340286331,0.5052910052910053,0.020024608142980935,0.000883720112810094,0.02000509860116049,0.024540213428053837,0.027245900893358384,0.01186297395967498,0.024527718286110115,0.0,0.0056130146052251395,-0.004760787781221485,0.0029733537732067705,0.0,0.00199691377115954,0.014342643186937919,0.1476465857325933,0.17841451245622397,0.023484630719114937,6.269549431380351,4.330733340286331,0.0,0.0,0.8686406436850093,0.12875104186082842,0.002608314409421814,0.1834671505167933,0.26280462104162305,0.050178338791971866,5.6184711383413335,4.330733340286331,0.0,0.0,0.6015872566045795,0.39469727452379494,0.0037154688439844925,0.2367727955832087,0.30938470752448527,0.06470604799367063,5.8220943978439825,4.319610776775308,0.033367690533067235,0.011122563511023031,0.53468016376061,0.4602622124876379,0.005057623735154128,0.011141572244548904,0.007070642636006007,0.003904310790517592,0.022850243966425907,-0.6772957811419267,0.0021842704080635663,0.006993123074497692,01,Drosophila
716,1.092668594076358,0.7301587301587301,4.330733340286331,0.5052910052910053,0.004835727909414553,-0.0014920542826992052,0.004599786781076902,0.0,0.0005796762712186854,-0.0001758588787544086,0.0005523569807445554,0.0,0.003457954084887681,-0.0023704593616332816,0.0025176117389376254,0.0,0.0015388053416204148,0.006402291576353769,0.2251937113696604,0.23767294891059526,0.008995710506877985,5.409191432338128,4.330733340286331,0.0,0.0,0.689531013327672,0.298611304302049,0.011857682350591418,0.24076135009473618,0.27333120934448035,0.021120424136845325,5.500650906724527,4.330733340286331,0.0,0.0,0.7219827683374167,0.26657513869013344,0.011442092955330085,0.26822883558500477,0.3096070864984079,0.032289429573142174,5.8199388379257755,4.330733340286331,0.0,0.0,0.7115196464232315,0.26666876622602415,0.02181158733704375,0.009669523570436784,0.0047981765304418505,0.002849949224023936,0.006290834086685741,-0.2927138650451347,0.0027627806413340963,0.0042239792297016215,01,Drosophila
719,1.091305804199401,0.7248677248677249,4.330733340286331,0.5052910052910053,0.012582156115189433,0.0008269422513198215,0.012554951972030038,0.014956018354999571,0.004059083689045452,0.0028798415951443008,0.002860537149129787,0.0,0.007191977576160958,-0.0016865367870117685,0.006991432980588319,0.0,0.005063364302434672,0.011774757084522797,0.09889676625751798,0.14577323512336698,0.039766226548680554,6.875721434749054,4.330733340286331,0.0,0.0,0.8185966897969666,0.1811550346839145,0.0002482754311056166,0.13977980434834333,0.20531815617867571,0.058847670267785444,6.359021477007151,4.330733340286331,0.0,0.0,0.7435091399232312,0.2537758461299491,0.0027150139033441695,0.18342044178413905,0.23217984170348205,0.06041501216220743,6.683314176482511,4.330733340286331,0.0,0.0,0.6134688868793003,0.37453366323542125,0.011997449858463757,0.007924840694598246,0.003090991682870596,0.0037910350775533777,0.012114871970970966,0.2716226955635258,0.0020257053518100295,0.005203910762663052,01,Drosophila
726,1.2066527778671885,0.8465608465608465,4.330733340286331,0.5052910052910053,0.004835727909414553,-0.0006106892811382157,0.004797011884058005,0.0,0.004648683434151123,-0.002923120412229356,0.003614640331562624,0.0,0.00947786311536141,0.002575477313258931,0.009121228307767373,-0.047277755612846126,0.0024407434713902367,0.005125088544946047,0.09088464843672646,0.13025151121065967,0.043361888029192136,7.213476276308503,4.330733340286331,0.0,0.0,0.8142988155980084,0.17025636064563818,0.015444823657736752,0.12122085104641848,0.17686473705887673,0.0504945960800394,6.806548020143965,4.330733340286331,0.0,0.0,0.5885836948211124,0.3995758855274388,0.011840419593458546,0.2207620221496191,0.4434732499044807,0.1210324886026527,4.741938477795947,4.330733340286331,0.0,0.0,0.6465825099538668,0.34917029666148647,0.004247193368870015,0.00724722282014151,0.004068145890852844,0.002288342114726847,0.003186180087752699,0.8345095148690023,0.00014924713730831186,0.00261840196635231,01,Drosophila
727,1.2176165752928458,0.8677248677248677,4.330733340286331,0.5052910052910053,0.004835727909414553,-0.0006849523713856727,0.004786972390021065,0.0,0.00416801955286164,-0.003269100905111587,0.0025856075234334296,0.0,0.00320991569215125,-8.879658009878476e-05,0.0032086872577553583,0.0,0.0008122363095737732,0.00537649138421454,0.09112507388119868,0.13844807088943506,0.04507215114051664,7.030392177557319,4.330733340286331,0.0,0.0,0.8375014875484184,0.14595413038623042,0.016544381968595125,0.12768912565027923,0.2022362036614957,0.058133861679352944,6.404394731269661,4.330733340286331,0.0,0.0,0.7918962293763302,0.20031187045314555,0.007791900119721733,0.22279614556231014,0.4459494764445716,0.11809405084740468,4.725233937662835,4.330733340286331,0.0,0.0,0.6651186421697417,0.32328265300295744,0.011598704811573636,0.0072472228201415105,0.004068145890852843,0.002288342114726847,0.003186180087752699,0.8345095148690023,0.00015667344633305756,0.002616129805898308,01,Drosophila
742,0.9413680348046136,0.4708994708994709,4.330733340286331,0.5052910052910053,0.009475452816325187,0.0054096307345864415,0.007779466652015591,0.01244415947439962,0.0169826108206738,0.006960415811644515,0.015490696627830392,0.0,0.0015981560891349929,-0.0007130798544521456,0.0014302517283379741,0.0,0.00211192829264978,0.014181786027169845,0.11966162329892667,0.17505570670448248,0.04596906989534092,6.3265653835440885,4.330733340286331,0.0,0.0,0.8963445844913384,0.09524127907573193,0.008414136372073142,0.1481622009293536,0.19287332085032888,0.04987839870728266,6.546602934992743,4.330733340286331,0.0,0.0,0.7021344295342443,0.29306258622957715,0.004802984195261866,0.1980177939506972,0.26234591670310753,0.061947621755401576,6.316859152782262,4.330733340286331,0.0,0.0,0.6372755712758655,0.36021302940140687,0.0025113992994980298,0.008785796704974213,0.00489966558377984,0.004273448684728315,0.005534193175595093,0.9559620264098845,0.0014236337609301757,0.004336295969032983,01,Drosophila
743,0.8471991173022432,0.24867724867724866,4.330733340286331,0.5052910052910053,0.005334857082165271,0.002987342534005885,0.004420009578230374,0.0058662330336764264,0.02098998947344323,0.0014377316937575079,0.020940692101074947,0.0,0.0038169379757503658,-0.0009784802743258599,0.0036893890908225565,0.0,0.0009176592300041671,0.015098508307930272,0.12377611204244875,0.1406673265300195,0.015404087410536775,6.982684976269778,4.293658128582924,0.05243226721881334,0.03707521170340744,0.567594501815548,0.4274666386400783,0.004938859480097209,0.14728491337341584,0.18881617209760157,0.03141787022469915,6.610382027213232,4.308488213264286,0.04449025404408964,0.022245127022045175,0.7510699456778734,0.2391466151454454,0.009783439132589231,0.17719777700449751,0.2237643044765009,0.03846835891323546,6.794071072653135,4.319610776775308,0.033367690533067235,0.011122563511023031,0.5678655276241414,0.42093348499392097,0.011200987351522872,0.011349068454018073,0.006526641546114459,0.004077373425391181,0.007639438253811643,-0.30514936312748925,0.002456738995444511,0.006261351397648481,01,Drosophila
759,0.8712515369929666,0.31216931216931215,4.330733340286331,0.5052910052910053,0.01333390299465526,-0.011616228346842684,0.00654646531075244,0.012444159474399474,0.012437169365915792,-0.012004261671031396,0.0032528270119821542,0.0,0.002272811462214357,0.000687879273485432,0.0021662165283927916,0.0,-0.005307400840115581,0.01552059373985985,0.11411078167182721,0.18666239211599148,0.05448999414649979,6.133973339200279,4.330733340286331,0.0,0.0,0.9524108316736909,0.04406629614132503,0.0035228721224469235,0.1467999454408905,0.199106551590391,0.05821213331825739,6.451183399580486,4.330733340286331,0.0,0.0,0.6307013283447831,0.36728813668319676,0.0020105349319221623,0.21252552841950348,0.3256684058926079,0.08395829291796919,5.668211818301738,4.330733340286331,0.0,0.0,0.5163826220121341,0.48049961677110814,0.0031177611976064942,0.0072438129388632,0.006274406671390124,0.005452164662910051,0.014060615352146056,0.06752647101519318,0.0021357135733276085,0.0025235399645083486,01,Drosophila
764,0.8433396486653721,0.23809523809523808,4.330733340286331,0.5052910052910053,0.0057652582060276495,0.0017991148999705747,0.0054773522580598205,0.008296106316266413,0.02176594028118572,0.0025785444615889818,0.02161266445359646,0.0,0.002174194880938046,-0.0008742385346256467,0.00199068590311802,0.0,-0.001893925851080919,0.015527982739916568,0.1531805378882084,0.1745635614891574,0.015128115579766729,6.335011351802748,4.330733340286331,0.0,0.0,0.7075253150382198,0.28593849965118223,0.006536185268391613,0.18212718894778565,0.22733002659780224,0.03735572616572848,6.053495279359311,4.308488213264286,0.04449025404408964,0.022245127022045175,0.6999429042408344,0.29637793038621224,0.0036791653440230677,0.22233405735257655,0.2734570814254533,0.048680775479138856,6.192416871717231,4.319610776775308,0.033367690533067235,0.011122563511023031,0.6121889398436334,0.3846415810559182,0.003169479081144137,0.012475361051699404,0.007814851937883881,0.0023152088639648073,0.004640783383959356,0.6391148119586664,0.0020147089684204424,0.005872421030485384,01,Drosophila
769,1.1385766965680668,0.7724867724867724,4.330733340286331,0.5052910052910053,0.004835727909414553,-0.0006529191393170812,0.004791446651211332,0.0,0.005998742064910367,0.0006693926867407354,0.005961276691469967,0.0,0.0037778185624970867,-0.003353522501352448,0.00173948265989356,0.0,-0.0012633894986334867,0.007347767483136949,0.10536395481532695,0.11192059310942006,0.005020636820694874,7.668509235656672,4.330733340286331,0.0,0.0,0.7039143813873866,0.28809356659786145,0.007992051924878604,0.1396094141780782,0.21681267155628145,0.04517999124867689,6.195602601296709,4.330733340286331,0.0,0.0,0.7708445120441262,0.22145092925016344,0.007704558659267945,0.21735488703157896,0.35067612940473303,0.08997721867877448,5.446261662137539,4.330733340286331,0.0,0.0,0.6271447767234197,0.365534741802499,0.007320481456011014,0.0072472228201415105,0.004068145890852844,0.002288342114726847,0.003186180087752699,0.8345095148690023,0.00015347012312619842,0.002617138568410365,01,Drosophila
774,0.8745660233725844,0.31746031746031744,4.330733340286331,0.5052910052910053,0.004835727909414553,0.0011464878357628936,0.004697853771280941,0.0,0.0005796762712186854,0.0002105794968203197,0.0005400748604896361,0.0,0.00291350349030634,0.0012254340045180785,0.002643258233430478,0.0,-0.004599178418813273,0.015929100235307025,0.1415052277881316,0.1871686897573791,0.03731533985714539,6.125847242006854,4.330733340286331,0.0,0.0,0.9411757245740251,0.05765171039291423,0.0011725649863670294,0.1727963835363031,0.24222641569242928,0.050065405090247164,5.863085076944141,4.330733340286331,0.0,0.0,0.780200400414303,0.21499388946730805,0.004805710087491634,0.2223698290266146,0.30258050459234515,0.06271063605996721,5.88880881106004,4.330733340286331,0.0,0.0,0.6245587466941537,0.3713826725741684,0.004058580712944827,0.00670075643216572,0.002634366473402194,0.004568216552938234,0.001855065767173668,0.9237300322374499,-0.0004610236473680704,0.0047095567443267775,01,Drosophila
784,0.8518317956875247,0.25396825396825395,4.330733340286331,0.5052910052910053,0.004835727909414553,0.0012077525527264604,0.004682477782678052,0.0,0.0005796762712186854,-9.644552138254558e-05,0.0005715967466835757,0.0,0.002174194880938046,0.0003681489592697998,0.0021427995062734562,0.0,-0.00680994932854418,0.01624050955882394,0.12570940365674751,0.16309815870871072,0.05033263510692817,6.538821464713444,4.330733340286331,0.0,0.0,0.9851341486972276,0.013481870776087205,0.0013839804721484266,0.1515390920885164,0.19367455203480535,0.050253189510572796,6.534166198618491,4.330733340286331,0.0,0.0,0.6809128548531196,0.31804029028904524,0.001046854818603405,0.1934372725888581,0.2590126235640281,0.056623335514208874,6.35522052945925,4.330733340286331,0.0,0.0,0.6720281730985292,0.32529173931704397,0.002680087559810944,0.01063014832836238,0.008781813990166224,0.004063039424327423,0.004168741830903582,0.5729445286420957,0.001081250965123091,0.005738354839164176,01,Drosophila
793,0.9587586548709002,0.5132275132275133,4.330733340286331,0.5052910052910053,0.009475452816325187,0.0036996500246835916,0.008723347738641606,0.01244415947439962,0.012328605032256884,0.0031799965701684897,0.01191142828778759,0.0,0.002174194880938046,-0.00010570471993076816,0.00217162379165489,0.0,-0.004606858119108761,0.014446239881769136,0.15562903987525792,0.18666239211599148,0.021958550112563643,6.133973339200279,4.330733340286331,0.0,0.0,0.9906193668845901,0.009350229207417909,3.040386751041198e-05,0.2094931946296939,0.30126976265339644,0.06848032283410473,5.208685494877878,4.330733340286331,0.0,0.0,0.9842074472534863,0.01501206337811819,0.0007804893478096553,0.2776364651720954,0.3579363698900853,0.08393435428021676,5.384785231319896,4.330733340286331,0.0,0.0,0.8423402840795958,0.1561444902925022,0.0015152256160150632,0.00860596585267269,0.00730085858748896,0.003597636738740696,0.010370132895333133,-0.0705862097292065,-5.860058112101636e-05,0.004975735781582753,01,Drosophila
1,0.5149205688087805,0.06403940886699508,4.330733340286331,0.5024630541871922,0.016920753481390428,-0.011237045188381636,0.01265071989304385,0.019262505354372354,0.01986417445814579,-0.013043772876660868,0.0149815024628953,0.0,0.008353357973858042,0.001066619361153557,0.008284981145291165,0.0,-0.003385775037445878,0.006968694882655402,0.13749880407714446,0.16411180554624452,0.018821629310915695,6.5202343153488735,4.330733340286331,0.0,0.0,0.8328489565426707,0.16641751697096976,0.0007335264344390013,0.15882016234807078,0.2021851268042334,0.0307616827728018,6.405152508177257,4.330733340286331,0.0,0.0,0.512609109082768,0.37712908231081294,0.11026180856820765,0.19814695843613503,0.26425945754605834,0.048049948518019164,6.295056687118935,4.330733340286331,0.0,0.0,0.49801236102835966,0.38773989275661225,0.11424774619097298,0.01124806142462236,0.005601255132786741,0.005413591039883953,0.012621136077838168,0.8532877182326213,-0.0022705219967573036,0.009242416551315014,02,Drosophila
2,0.47136639692077587,0.034482758620689655,4.330733340286331,0.5024630541871922,0.0048980180523733865,3.411783456209047e-05,0.00489789922464115,0.00357695744591749,0.00377004160518536,-0.0014286346740345762,0.0034888704007134926,0.0,0.00852675765831797,-0.004126160470013626,0.007461929773147231,0.0,-0.001724377727349817,0.006765820235656056,0.11618207112928287,0.12463014975463896,0.006853385497852111,7.3458264768041035,4.330733340286331,0.0,0.0,0.6400654828033163,0.3287923225180486,0.03114219460480844,0.15772191914667544,0.23219937109642713,0.05172756295749194,5.989914666889624,4.330733340286331,0.0,0.0,0.6392088133215961,0.3456262925147373,0.0151648941273716,0.20528313585473282,0.27346769573587676,0.06106425041880762,6.192300428167396,4.330733340286331,0.0,0.0,0.5365677783203469,0.4179540811330321,0.04547814052482031,0.011541820840714614,0.006090112651768527,0.00800672945091699,0.010550508696653754,-0.295979728553614,-0.005489402795181677,0.008870366326565715,02,Drosophila
7,1.1169677196248184,0.7142857142857143,4.330733340286331,0.5024630541871922,0.018623063586027996,0.008627718756325236,0.016503968201344657,0.020548056132073073,0.023213268808552484,0.0034072987540308837,0.022961841476216476,0.0,0.009878583596553974,0.006526350109266902,0.007415737867898052,0.0,0.007948559635717684,0.010503242179994645,0.14695833921306364,0.17762754344240575,0.021868671511536344,6.28281140898498,4.330733340286331,0.0,0.0,0.7308666735006811,0.2151047382694419,0.054028588184576794,0.16777993940782115,0.20912203800635795,0.03127513754009328,6.303949762893049,4.330733340286331,0.0,0.0,0.643637847767711,0.33162649661357047,0.02473565558438743,0.22333566470182104,0.31228293016399367,0.06615728501740788,5.794122116892003,4.330733340286331,0.0,0.0,0.5331670150186475,0.43432678887188786,0.03250619609103342,0.006552033094227647,0.0029128677611618002,0.0035199902448250107,0.019345355222111928,-0.11467011062304919,0.0023342403686346185,0.00545525353523103,02,Drosophila
10,0.7388277162259176,0.2660098522167488,4.330733340286331,0.5024630541871922,0.01715932611182791,0.0018782334978032873,0.017056222076995503,0.01959180280365031,0.019571697843533947,-0.004493614357793521,0.019048852629017402,0.0,0.009358829969467705,0.0029711836393407952,0.00887466991942351,0.0,0.005452294996252582,0.00789815819688646,0.14686593840764647,0.17512485572887812,0.032489340561000064,6.325380582912077,4.330733340286331,0.0,0.0,0.6390463537763558,0.30351042351873947,0.05744322266070624,0.17005860860296534,0.23120540965353695,0.04144970006062814,6.002784145260021,4.330733340286331,0.0,0.0,0.6160595078012663,0.3173324957463414,0.0666079964197531,0.21414436298477088,0.27718535412657513,0.053767935385679935,6.151791637257462,4.330733340286331,0.0,0.0,0.6022048521611517,0.35839889141190395,0.03939625640643107,0.00815307347225495,0.006028301956011211,0.00381183971128084,0.01380724107458004,0.9045652043712783,-8.509618238087729e-05,0.004549540407956001,02,Drosophila
13,0.3924128474334523,0.0049261083743842365,4.330733340286331,0.5024630541871922,0.02024777172887664,-0.016911534519818677,0.011134283100841177,0.021161565630799743,0.026659565008157634,-0.02659851690664928,0.0018031374852948664,0.0,0.006908981006981753,0.00039042696745088983,0.006897940659205593,0.0,0.0031024228576697283,0.0063046517480218976,0.17802322178408633,0.2021851268042334,0.028912506587411218,5.8943268844114,4.330733340286331,0.0,0.0,0.49842909230421023,0.39165367652881106,0.10991723113623618,0.1981286754131136,0.2302905096660583,0.033309301586477054,6.01467895707973,4.330733340286331,0.0,0.0,0.4930654784940522,0.2893596032722691,0.21757491820890443,0.22551394920772522,0.26717262299026007,0.037509214279697584,6.262165997254817,4.330733340286331,0.0,0.0,0.47001050596153277,0.3690405959706973,0.16094889804863624,0.009234880065816131,0.004112462784737763,0.004965877071801151,0.021324187140765456,-0.09989643279547569,0.0016923658922195345,0.006281318577439706,02,Drosophila
18,0.5707615302533913,0.13793103448275862,4.330733340286331,0.5024630541871922,0.01628488920601929,-0.008550596410206465,0.013859470317515308,0.018238975816024044,0.019968606751139414,-0.014669324347271464,0.013548290621927153,0.0,0.005827624213052302,0.005635862134454792,0.001482653691855298,0.0,0.005023680706160645,0.006617102729149341,0.16082842817582388,0.18661984910314156,0.018719039351089043,6.134657159778863,4.330733340286331,0.0,0.0,0.7069199182566619,0.28534245751048487,0.0077376241947088985,0.18017017827585705,0.21831164999351943,0.02836777646902866,6.174932862199108,4.330733340286331,0.0,0.0,0.5939910996298354,0.3552594355355998,0.050749464804504124,0.21832031790176173,0.2762606297673967,0.044633807221341575,6.161816737230091,4.330733340286331,0.0,0.0,0.5398304606070515,0.39333979759309307,0.06682974177971693,0.0123587426517032,0.005978442210780642,0.007529651926128972,0.010671089854000343,0.8482379863523324,-0.0012346967720971926,0.007238714995099352,02,Drosophila
23,1.4071660852568972,0.9064039408866995,4.330733340286331,0.5024630541871922,0.00729626185118911,-0.004347092519666931,0.005859882560817524,0.007998320001695536,0.01822429611886042,0.006265909770340068,0.017113250532200707,0.0,0.005900710193445306,-0.005285559037331013,0.0026232130012482395,0.0,-0.006408060921549304,0.007189595486702497,0.18069237260476012,0.2144683550755351,0.03175938996618043,5.717391529415746,4.330733340286331,0.0,0.0,0.6046624140010974,0.393049278875865,0.00228830709332728,0.1969272619870937,0.22188671736945262,0.03163384578284363,6.126202840745767,4.330733340286331,0.0,0.0,0.65271291559612,0.3434214591715881,0.0038656252071544114,0.23093577881590038,0.2983276864594597,0.04496721405057366,5.931273425826622,4.330733340286331,0.0,0.0,0.5888247890701597,0.3867420634950169,0.024433147416757665,0.013284029688290696,0.005263311008435848,0.007354382457143056,0.0031387674203142745,0.9082316935079457,-0.006447897233924031,0.004983283122414476,02,Drosophila
28,1.2484580858278649,0.812807881773399,4.330733340286331,0.5024630541871922,0.002555759365755256,-0.001804608831652593,0.0018097770305667963,0.0,0.01934658898028652,-0.010235334226387916,0.016417321293264498,0.0,0.011410829682091927,0.009053829619457601,0.006945156820082782,0.0,0.004913273588039103,0.01263183219632955,0.1758987122639412,0.18890264139355678,0.016942748424227858,6.0981828531602655,4.330733340286331,0.0,0.0,0.6254284727757102,0.31644514605120805,0.058126381141058586,0.20021025520311236,0.25201689698312746,0.03395480378835675,5.744215338966483,4.330733340286331,0.0,0.0,0.5976169077663042,0.3294478157921624,0.07293527641728331,0.24439982371043772,0.31234438100519674,0.05244040231517174,5.793531836829311,4.330733340286331,0.0,0.0,0.45469951116275387,0.42116005893223996,0.12414042988900134,0.01131185950663578,0.005731750362851191,0.005951790229405827,0.008464626252319899,-0.9760539719312648,0.004206090117240261,0.005449290679166417,02,Drosophila
33,0.5498619214203965,0.11330049261083744,4.330733340286331,0.5024630541871922,0.0028913162133554528,0.0011152008809120993,0.0026675900061338123,0.00357695744591749,0.00039753614939820185,-0.0003101002198890435,0.0002487425249190744,0.0,0.007887825155186849,-0.0014339982288225504,0.00775638026134177,0.0,-0.0031710362910426157,0.007771140712273067,0.19026551792383503,0.20072437014629835,0.007681062444952323,5.916080102974661,4.330733340286331,0.0,0.0,0.8509724032353094,0.10332493940278538,0.04570265733432663,0.1969086331014444,0.2080793347369117,0.010108288842213925,6.318945477315535,4.330733340286331,0.0,0.0,0.6366333938942829,0.3295565495596006,0.03381005652039322,0.21340602380361107,0.23890755577491185,0.01893633145210284,6.597620886309815,4.330733340286331,0.0,0.0,0.5413196813323325,0.42187494589327146,0.03680537275260989,0.010710090599707001,0.005247582730438772,0.0070070177891759676,0.007604715843209839,-0.009222716161344336,-0.004993769949622888,0.0071866180603301685,02,Drosophila
36,1.2277416895602038,0.8029556650246306,4.330733340286331,0.5024630541871922,0.007085909049203345,0.0014747457846456082,0.006930745408991148,0.00799832000169576,0.02259688996154545,0.014647150270132542,0.017206987676474626,0.0,0.008017169702778012,-0.0043176280074013525,0.006755227489348164,0.0,-0.006724859319733752,0.0067574102631877755,0.16537797268657953,0.2144683550755351,0.05515092364100575,5.717391529415746,4.330733340286331,0.0,0.0,0.9406988411614547,0.05435088535917587,0.004950273446465495,0.19210295796811336,0.24890072753504813,0.05484528624467574,5.781541352203841,4.330733340286331,0.0,0.0,0.8174233802396562,0.17982898836652636,0.002747631368762029,0.23118560020263415,0.28189965094635216,0.05574959894778009,6.1011974501919495,4.330733340286331,0.0,0.0,0.5366252023815212,0.44708137525671454,0.01629342234408225,0.009884613960074498,0.006535271112742659,0.00520144095106312,0.010329916210357204,-0.3994102045076187,-0.004000624172571907,0.005060837641940216,02,Drosophila
37,0.4814902489380416,0.03940886699507389,4.330733340286331,0.5024630541871922,0.01662388404176174,-0.016291171750293987,0.0033092663290167175,0.01858641609852245,0.01896990142868348,-0.01878818141627715,0.0026194272814921713,0.0,0.008634148847651964,-0.0023862507738374337,0.008297851141576955,0.0,-0.003965943351972183,0.007484118058738538,0.16001232756973766,0.20158305393563147,0.03899562942063992,5.903273701077227,4.330733340286331,0.0,0.0,0.5770222945078549,0.3769493867323313,0.04602831872294694,0.17786164938295518,0.20566727699880533,0.03729233994550931,6.353924640829297,4.330733340286331,0.0,0.0,0.5440104916394595,0.38146859331148947,0.07452091501877146,0.20981217987739048,0.2632893387886052,0.04358940489316986,6.306090205053197,4.330733340286331,0.0,0.0,0.5859111661581214,0.3489257525167098,0.06516308130339224,0.008886174342575935,0.005661726287355497,0.005421211510686375,0.01329743251744773,0.7152633522541988,-0.0033007546615278355,0.00755509691091802,02,Drosophila
40,0.8096529004924594,0.35960591133004927,4.330733340286331,0.5024630541871922,0.002891316213355099,0.002291545614570556,0.0017631018524045968,0.0035769574459169895,0.017929676140528983,-0.001426154282419036,0.017872866878791218,0.0,0.005829138163277664,0.001643611986795136,0.005592619365149343,0.0,0.0051952424591822565,0.0091583771586719,0.14955934241154736,0.2010110056483409,0.04074687766817909,5.911799142403344,4.330733340286331,0.0,0.0,0.8372569889645901,0.1620106210684943,0.0007323899252981074,0.17759615179899865,0.22886937975445254,0.04700284626147963,6.033249409100435,4.330733340286331,0.0,0.0,0.671990381488179,0.3191978907614549,0.008811727720736254,0.22284526326409773,0.3061382448740246,0.058281539163218044,5.8537405882127915,4.330733340286331,0.0,0.0,0.5900292404789799,0.3551720586377344,0.054798700864438124,0.007535389378581633,0.0049076155889296764,0.0030777879646723028,0.003612549938935446,0.26868453283139193,0.0016341975535021339,0.0036450989663194223,02,Drosophila
45,0.6519062608104298,0.1921182266009852,4.330733340286331,0.5024630541871922,0.0028913162133554528,0.0013964924000837134,0.0025317026725349373,0.00357695744591749,0.003546053202722353,0.000941069881526817,0.003418900524235907,0.0,0.010694600225103984,-0.0007004997040885031,0.010671634089461937,0.0,-0.006744102939278465,0.007593491164260453,0.16543969106964584,0.18757723094031575,0.01793156610308963,6.119306148607402,4.330733340286331,0.0,0.0,0.5730511187746066,0.3342567983805833,0.09269208280869852,0.18092485483045717,0.20672214700771685,0.02356376690078978,6.338576929446382,4.330733340286331,0.0,0.0,0.42854998005369327,0.3305237568369667,0.24092626307930015,0.22907423270622904,0.30076235753368924,0.05431417940483354,5.906889600702862,4.330733340286331,0.0,0.0,0.47551239717713745,0.32529114484839505,0.19919645795642513,0.009393715055257284,0.005485304959632591,0.004889388889589761,0.005564439905252637,0.046079895130234784,-0.0045556725289074606,0.007940175686993758,02,Drosophila
46,1.359443783319571,0.8817733990147784,4.330733340286331,0.5024630541871922,0.01628488920601954,0.003709639145612283,0.015856739698363993,0.018238975816024294,0.023148013280421372,0.004474185383422153,0.022711498937439945,0.0,0.010653384775821699,0.005534428395145215,0.009103005521294595,0.0,0.0002865781349530399,0.011478510381184866,0.1349818619403651,0.177158725638832,0.04908254912547206,6.2907398681822615,4.330733340286331,0.0,0.0,0.5606163647708978,0.4392946308398632,8.900434076416823e-05,0.16120474304585372,0.221338242240611,0.05147775764230468,6.133627631207532,4.330733340286331,0.0,0.0,0.7156867780602515,0.26582740961169227,0.018485812293136297,0.21839197511614286,0.310310078007626,0.07100583607775593,5.813134782312007,4.330733340286331,0.0,0.0,0.4766345308580272,0.3840090564444606,0.1393564126785502,0.01072860285435824,0.0059272387532775285,0.006238737427295113,0.011024923283819021,0.8985022301227911,0.00209095250705552,0.005342399814882671,02,Drosophila
49,0.5299652080358055,0.08866995073891626,4.330733340286331,0.5024630541871922,0.005981367911722371,0.0034090901366053,0.00491476006900464,0.0071539148918344795,0.01068527759999165,0.004466180283489499,0.009707130938864118,0.0,0.009118968693017161,-0.004937009359632846,0.007666911282069513,0.0,-0.0004379642874013834,0.007365406178643111,0.15641861024675094,0.18907189386133608,0.030294446936112926,6.095496124876532,4.330733340286331,0.0,0.0,0.8723823684729439,0.10102557312542973,0.02659205836223223,0.17577379349943026,0.2060091495501407,0.033364131455891025,6.348941999980745,4.330733340286331,0.0,0.0,0.6452873215534326,0.2759444561964193,0.07876822221890743,0.20626408985206743,0.2511268693410916,0.04008510575417835,6.44797612895434,4.330733340286331,0.0,0.0,0.5134594655851793,0.37618302449978613,0.1103575098923854,0.01154645072234256,0.006112859000588531,0.007796264771612395,0.009671024020547026,0.032486056482246055,-0.004999704386123349,0.008533019216503115,02,Drosophila
52,0.5234470558460542,0.08374384236453201,4.330733340286331,0.5024630541871922,0.005981367911722371,0.005295965565212399,0.0027801997819341243,0.0071539148918344795,0.020528887699734242,0.013162942643860205,0.01575348123884833,0.0,0.0034604361827137845,0.0012975283228604097,0.003207964904111297,0.0,0.0018867920981473542,0.007991207221274173,0.1531866336893494,0.179419272704687,0.01867930561807516,6.2527020078462145,4.330733340286331,0.0,0.0,0.7304385899987401,0.2415168348707112,0.028044575088558395,0.1794605682238451,0.23195128004916715,0.036238955572831855,5.993121699824996,4.330733340286331,0.0,0.0,0.6032482792698135,0.30031052363068605,0.09644119706966696,0.21196666563067712,0.2513305821057539,0.04168028691937344,6.445543531624262,4.330733340286331,0.0,0.0,0.5301715856136612,0.41020078063894366,0.05962763372596676,0.011589198100168471,0.005177272265364808,0.0060832394648406354,0.0075878725980717005,0.20896381727061603,-0.002263860098104087,0.007724514939657903,02,Drosophila
57,1.1580115155668675,0.7389162561576355,4.330733340286331,0.5024630541871922,0.01787180585949491,-0.013701850120356091,0.011474351744598663,0.019591802803650436,0.018619462113622393,-0.008820381636690754,0.016397720487425934,0.0,0.008606218370462625,-0.007565567572941931,0.004102338593941008,0.0,-0.006801122716748488,0.006898985679072224,0.1254694642580802,0.17614472623958316,0.037102846431535955,6.307960229509494,4.330733340286331,0.0,0.0,0.7352771511169083,0.2493408578272788,0.015381990997398953,0.15205661911097437,0.20466949172230417,0.044171607302930745,6.368514421502443,4.330733340286331,0.0,0.0,0.5983154957937669,0.38611099606149174,0.015573508104856977,0.21465662621774811,0.3032829636379884,0.07320848664426025,5.88185220056389,4.330733340286331,0.0,0.0,0.6744858290462676,0.30573696747337625,0.019777203460914886,0.007726405435701404,0.004427906475879406,0.0032748296171380645,0.01601262865306257,0.6298078429506433,-0.0031444472395141822,0.00479289955083434,02,Drosophila
58,0.5525761241941162,0.12315270935960591,4.330733340286331,0.5024630541871922,0.009844472465249226,0.009266837198114703,0.003322554207637222,0.011311332622597745,0.017859232296337887,0.00932084395278264,0.015233976704145032,0.0,0.004852733944113993,0.0007852698325578955,0.004788776255206611,0.0,0.004030191127271108,0.006037421947711183,0.14919263575000732,0.21215911301879797,0.045479705586230365,5.749868546698869,4.330733340286331,0.0,0.0,0.9200965307165941,0.07976160800090175,0.00014186124139731432,0.1767229483655984,0.21801841728898513,0.04876391433421208,6.178965122691415,4.330733340286331,0.0,0.0,0.7738233245709384,0.22586717501995673,0.00030950037935097754,0.22049954639465713,0.3025437888522827,0.05982858313586904,5.8891728593109915,4.330733340286331,0.0,0.0,0.6230566033443986,0.33240037850579857,0.0445430181306456,0.008806005446312336,0.006124833313100721,0.003581935890020471,0.011146111634725873,-0.2054873671801334,-0.0017366718647275421,0.00697439243234441,02,Drosophila
63,0.6742749971191895,0.21674876847290642,4.330733340286331,0.5024630541871922,0.0048980180523733865,-0.0016592560907806686,0.004608410796205438,0.00357695744591749,0.01146768402425724,-0.008871257181272794,0.007266950729427067,0.0,0.007347541569337034,0.0027830632220274404,0.006800068103727636,0.0,6.156872198043593e-05,0.006478145459102185,0.17237528266036384,0.20085181420367587,0.02055158545564425,5.914175945308837,4.330733340286331,0.0,0.0,0.5135345335175517,0.28596498828649497,0.20050047816276992,0.1901604935568303,0.21801841728898483,0.026989780476514475,6.1789651226914195,4.330733340286331,0.0,0.0,0.5203555073172511,0.3457780087384921,0.1338664839171488,0.2294123591084226,0.31101022772326276,0.04755489268320495,5.806373535281938,4.330733340286331,0.0,0.0,0.4790431582435084,0.34803023696888363,0.17292660476939034,0.01014552177957757,0.006125999418212455,0.005907946204063863,0.009224112607175983,-0.45252857251328427,0.00048372145577047794,0.0052120353781323564,02,Drosophila
68,0.7081481300434821,0.2413793103448276,4.330733340286331,0.5024630541871922,0.004060823029841535,0.0030254231693003382,0.0027087078702495927,0.005058581732047941,0.003546053202722353,0.0008814597276665603,0.0034347521111485545,0.0,0.005771765686349156,0.00036002055533905926,0.005760526394163202,0.0,0.004138024888981904,0.007898158196886423,0.12964760916142107,0.1403243642888953,0.010701442419321132,6.990008233629613,4.330733340286331,0.0,0.0,0.537438087942783,0.41106701024346437,0.05149490175466156,0.15684682185215135,0.21565820251407503,0.0361688986414503,6.2116194734645696,4.330733340286331,0.0,0.0,0.6481297600185265,0.32326113368408527,0.02860910625879187,0.2192019856095162,0.30859421685086175,0.06874414106515779,5.829769330501657,4.330733340286331,0.0,0.0,0.5574429218456882,0.4212889795541669,0.021268098581196694,0.008666278778021456,0.005729440940127819,0.0038118397112808537,0.006691874624846561,-0.44449243387403486,-0.0003317464074715214,0.00487755621873028,02,Drosophila
71,1.0495259559325572,0.6502463054187192,4.330733340286331,0.5024630541871922,0.00406082302984141,0.0006419813840721964,0.004009756050209926,0.005058581732047764,0.01900309749379857,0.01650153954821151,0.009424272221112093,0.0,0.00566818826804373,-0.001976924426465842,0.005312262046815018,0.0,-0.005117102705059372,0.005782440563984744,0.115094742638524,0.1477417663230562,0.025459035721878378,6.835480342362318,4.330733340286331,0.0,0.0,0.5469901417378502,0.39580747384356474,0.05720238434661651,0.1478723395390912,0.20075623874539555,0.04478818730159728,6.42642946066259,4.330733340286331,0.0,0.0,0.767189860554704,0.21030297191363403,0.022507167489772346,0.20349182724963097,0.30707716144349473,0.0703732788184139,5.844553761265936,4.330733340286331,0.0,0.0,0.6742110476669079,0.3155773469014979,0.010211605410024574,0.010195336057834205,0.0056859092464487835,0.005986371055763075,0.008195839126776313,-0.30532918879387666,-0.0061159587017764385,0.006474294351295114,02,Drosophila
76,1.0222468422320594,0.6305418719211823,4.330733340286331,0.5024630541871922,0.005981367911723313,0.005510951202060313,0.0023251191246693786,0.007153914891835481,0.003770041605184363,-0.0037284868091193657,0.0005582112673925345,0.0,0.007898046379284812,0.005999887117696534,0.0051361942315524935,0.0,0.005887018754244654,0.010940787036416287,0.161506411969076,0.17762754344240575,0.01799399914297405,6.28281140898498,4.330733340286331,0.0,0.0,0.8594185788641499,0.13136122146796406,0.009220199630019063,0.18510419950498297,0.2275799645376813,0.03239751747518747,6.050198741979907,4.330733340286331,0.0,0.0,0.5482540238033133,0.4469682251237753,0.004777751044593411,0.23960477218396475,0.317886685554937,0.060515573253453046,5.740765976274524,4.330733340286331,0.0,0.0,0.50341446726029,0.43926272653410325,0.05732280618923288,0.007408277557455635,0.004755894019063887,0.005004312495464399,0.0025292908660243495,0.9090845970041687,0.004652364339885585,0.003867721334559269,02,Drosophila
77,0.674283830428071,0.22167487684729065,4.330733340286331,0.5024630541871922,0.01675793805478726,-0.007984589874265957,0.014733458941737226,0.018238975816024044,0.021463957971432534,-0.0051182711739421825,0.020844778530591652,0.0,0.006946101399052876,0.0015704691027124747,0.006766236135648076,0.0,0.002972583705482593,0.00996139657198568,0.15110620168558794,0.17512485572887812,0.025978953441682544,6.325380582912077,4.330733340286331,0.0,0.0,0.5953003341741501,0.382613495330412,0.022086170452899383,0.17365207508168498,0.21393076470332031,0.03441090294293648,6.235746449525036,4.330733340286331,0.0,0.0,0.7549868513336023,0.21103864079575593,0.033974507838732744,0.2118284575592564,0.2964561960402786,0.05158231136019826,5.95015251771634,4.330733340286331,0.0,0.0,0.5150744114029928,0.43363113532793013,0.051294453248038635,0.006818202331986106,0.005192960855246411,0.002208061998526429,0.01568976025071627,0.5342257710838089,1.9396492623198284e-06,0.003179168681661549,02,Drosophila
82,0.530171210774429,0.09359605911330049,4.330733340286331,0.5024630541871922,0.00729626185118911,0.0023510251942470755,0.006907106307067601,0.007998320001695536,0.0034193720790730068,0.0019700670057374715,0.002794806148563555,0.0,0.0069135407905124464,0.0026220822546458144,0.006397009528830717,0.0,-0.00017648399313470277,0.006158648693098584,0.14600069712932795,0.19450888116794746,0.03653144948311439,6.010444654835241,4.330733340286331,0.0,0.0,0.5940441531328211,0.3217154719690393,0.08424037485399104,0.1699605801880269,0.2060091495501407,0.04076575530089626,6.348941999980745,4.330733340286331,0.0,0.0,0.5418090322906615,0.3608883279767621,0.09730263969984165,0.2154752843804347,0.28904826316979376,0.05733893942954043,6.026069905628424,4.330733340286331,0.0,0.0,0.5863661695564083,0.36356575483669784,0.050068075586780204,0.009584245328871841,0.005955396572757939,0.0045265209271712495,0.006739504226807859,0.42850068191469737,-0.0017705844231156412,0.008263129039323806,02,Drosophila
87,0.9009382794206248,0.4876847290640394,4.330733340286331,0.5024630541871922,0.008298572672265699,0.000499090347392703,0.008283551003163709,0.007998320001695088,0.0051603945615912705,-0.003037035104289637,0.004172060618760614,0.0,0.008716391088939556,-0.0001776780577041949,0.008714579973995037,0.0,0.00671101481322045,0.010063625668493064,0.1851302323680899,0.21342179708000542,0.02000574037063948,5.732066698877859,4.330733340286331,0.0,0.0,0.7496637234816698,0.22584980896977438,0.024486467519715355,0.20510399638498322,0.25178833321636535,0.030829164695799226,5.74693738830692,4.330733340286331,0.0,0.0,0.6147099603899235,0.36408949997568507,0.02120053961114532,0.2570901664402036,0.34513469073074626,0.060769449860031605,5.494046683644556,4.330733340286331,0.0,0.0,0.6884447912947999,0.29240685996699983,0.019148348723871177,0.00860539595702481,0.005966992621581536,0.004678324056074504,0.009006548715972786,0.12408884305032275,0.002645883308263598,0.004196474533943489,02,Drosophila
90,1.1834375240999306,0.7586206896551724,4.330733340286331,0.5024630541871922,0.006626261112381753,-0.001458413109717368,0.0064637734745941694,0.0079983200016952,0.00039753614939834616,-8.432655985769942e-05,0.00038848940961245013,0.0,0.005859335020898648,-0.0015250574351228401,0.005657385147460433,0.0,-0.0050788758446853105,0.00592331864925244,0.13527819609313652,0.16585669364030517,0.021668500313505257,6.4885057528481,4.330733340286331,0.0,0.0,0.9084786124774602,0.09112380340307123,0.0003975840661914196,0.15942766920869236,0.21479622016943065,0.03609864599222118,6.223634452769901,4.330733340286331,0.0,0.0,0.7875005485164492,0.18146415469246646,0.031035296753659656,0.23325658667397553,0.3224424278147054,0.07848463559624658,5.698077124224209,4.330733340286331,0.0,0.0,0.6357884171004266,0.35429046644104883,0.009921116442014329,0.00877765973292245,0.00556466593581631,0.0042202741790526325,0.005598824001186573,0.5430290130188096,-0.002396712355254512,0.00568836588340346,02,Drosophila
95,1.1599700124928298,0.7438423645320197,4.330733340286331,0.5024630541871922,0.005981367911722371,0.005409338374678928,0.00255261051545432,0.0071539148918344795,0.018224296118860252,0.001738123357115994,0.01814122091325037,0.0,0.009947758379839598,0.008014669869283907,0.005892619423487456,0.0,0.006901755829613292,0.012294192324798534,0.15251336714391972,0.17049746925635634,0.014466484662308425,6.405716764786524,4.330733340286331,0.0,0.0,0.695983892563229,0.2951725961085448,0.00884351128561798,0.1843948378448758,0.2457710776200441,0.04151739996975259,5.81950217762891,4.330733340286331,0.0,0.0,0.6567309120792704,0.24368205346572314,0.09958703442701516,0.24262442128351128,0.33558647985921075,0.06896332600119288,5.578211867992536,4.330733340286331,0.0,0.0,0.5799335247000335,0.322312878427651,0.09775359685659772,0.007034666410706514,0.0048315856271415455,0.004205463028732538,0.002747513147601434,0.9126398052346734,0.0039633236260928,0.004624298886141207,02,Drosophila
100,0.940195089651028,0.5467980295566502,4.330733340286331,0.5024630541871922,0.002891316213355099,0.0021632223383645306,0.0019183791492848228,0.0035769574459169895,0.003770041605185859,-0.0037646786043136968,0.00020101918081377788,0.0,0.007898046379284774,0.005576446937715182,0.0055930650058961685,0.0,0.0037773650124488397,0.009884030894123092,0.16701368081707713,0.2183409516042811,0.03651873234997806,5.663704607911472,4.330733340286331,0.0,0.0,0.5845694289953592,0.40237313816514103,0.013057432805285077,0.19751699151223195,0.24381104518002206,0.04686112331884838,5.843523188451175,4.330733340286331,0.0,0.0,0.6157391976823307,0.32563814596363594,0.05862265632976698,0.24702156722708227,0.3165152608996128,0.060432232092765284,5.753736555566736,4.330733340286331,0.0,0.0,0.6169603107338834,0.28988587195761534,0.09315381729303857,0.008392008470744075,0.004944900100320011,0.005263655021293536,0.004594685031679804,0.4913184208263941,0.004555628615681615,0.0023567720168356397,02,Drosophila
105,1.428264225775809,0.9113300492610837,4.330733340286331,0.5024630541871922,0.016340912458069467,0.008154142258263915,0.014161051655660485,0.01858641609852245,0.02136388559478192,0.016609831749914462,0.01343611167512625,0.0,0.009363812226017839,5.869706853458631e-06,0.009363810386304424,0.0,-0.0008643201020718579,0.014949228825851193,0.15214658068850037,0.1616373204793507,0.008070429323181064,6.565812936426134,4.330733340286331,0.0,0.0,0.7673538913355139,0.23219126718882732,0.000454841432580858,0.1677915542417669,0.19883508221891852,0.02071679546402349,6.455276503550801,4.330733340286331,0.0,0.0,0.3978658478728076,0.3486122366959197,0.25352191539628716,0.228402755845385,0.3624924748638464,0.07357383731076071,5.346839784670644,4.330733340286331,0.0,0.0,0.5170079760064502,0.31321644550884364,0.16977557846733918,0.013593675665508329,0.006346641407312083,0.008389330378635786,0.009736948601229724,0.8848177522484401,0.0005776394304501126,0.006759909526127511,02,Drosophila
110,1.3557901625775002,0.8719211822660099,4.330733340286331,0.5024630541871922,0.017289229011908262,0.004122127389925937,0.01679063743898464,0.01926250535437231,0.019864174458145704,0.009481403561161238,0.01745532621906698,0.0,0.008279998371209407,0.0019325822826047469,0.00805130416443154,0.0,0.00032588880307250626,0.011493362891664919,0.10234664062918968,0.12570346591813483,0.02595280384009954,7.3201010606532755,4.330733340286331,0.0,0.0,0.7662737674140779,0.23150151688795872,0.0022247156082642054,0.1393642903913815,0.24787050487034565,0.05985256502769489,5.7939843932782376,4.330733340286331,0.0,0.0,0.6876243749981811,0.19716950216260345,0.11520612279574617,0.20836206269804877,0.3387739399541246,0.08394790129548561,5.549851806470562,4.330733340286331,0.0,0.0,0.5914151085219698,0.31466328861716114,0.09392160284105223,0.009414780627891474,0.005383906430012853,0.004191727398317244,0.013469512849440405,0.9318132242127101,0.001768934175896964,0.005091280595495385,02,Drosophila
111,1.400496422486994,0.9014778325123153,4.330733340286331,0.5024630541871922,0.010377445545860911,-0.00361042541545409,0.009729142016475636,0.010730872337752346,0.018869962845205264,-0.0035980274136727624,0.018523760323160263,0.0,0.013036769095001935,-0.0010121896343918213,0.012997415919344404,0.0,-0.004748726461021428,0.012455027691070233,0.18146288270194597,0.18998325166103394,0.00801835970919994,6.081070368101017,4.330733340286331,0.0,0.0,0.7976339142017812,0.19788533730096566,0.004480748466943841,0.205149420159037,0.2520422801626235,0.03052543426952005,5.743913193734334,4.330733340286331,0.0,0.0,0.6236443955406279,0.3186210522189664,0.05773455221715983,0.24533121555838652,0.30603374299527614,0.04708605472849933,5.854764828607622,4.330733340286331,0.0,0.0,0.5180941360381424,0.3723884728002545,0.10951739114557867,0.01205424735209135,0.006470760267033395,0.006879707196514052,0.0105928682366043,0.29983624350236376,-0.001228593002326066,0.006746930181664519,02,Drosophila
114,1.592454624605831,0.9753694581280788,4.330733340286331,0.5024630541871922,0.009812408524244013,-0.005316952878336149,0.008247022076859591,0.010117163464095882,0.010285546768445997,0.004654116138062774,0.009172332053480923,0.0,0.0080088320811333,-0.007303664381403566,0.003286012463093651,0.0,-0.007713655480006848,0.008434341267026574,0.13523328855742056,0.1832994384076732,0.03399297188159875,6.18851485229336,4.330733340286331,0.0,0.0,0.6647393337893573,0.31610426247773254,0.01915640368147931,0.15955217869703175,0.19686268773497867,0.03975805470784471,6.485184341843778,4.330733340286331,0.0,0.0,0.6202814151985512,0.36071599374905156,0.019002591015411754,0.2105259400950125,0.29937659412883133,0.061815551573125564,5.920744050881615,4.330733340286331,0.0,0.0,0.5618346683645853,0.40781691294347916,0.03034841867116381,0.012745419885939285,0.005724703052019482,0.010122100818056102,0.008798152001865055,0.6108041384551196,-0.004745095850047726,0.004374073316032805,02,Drosophila
117,1.3513913703998714,0.8669950738916257,4.330733340286331,0.5024630541871922,0.0093688110541952,-0.008104519548849453,0.00470014717339013,0.007998320001695031,0.0034193720790730085,0.002841471977030301,0.0019021415349272988,0.0,0.013159186835850243,-0.006689504664277099,0.011332022128791898,0.0,-0.006584772448851877,0.01203002161823239,0.1831061144278854,0.18998325166103394,0.004890946357055691,6.081070368101017,4.330733340286331,0.0,0.0,0.6157919323019246,0.2822423056421242,0.1019657620261464,0.23017974836471433,0.3023534232516076,0.057785991377453556,5.197913922933567,4.330733340286331,0.0,0.0,0.5077898388613185,0.3977726608597215,0.09443750026120491,0.28928665637783546,0.37024533439592894,0.07320313926627363,5.28335337439449,4.330733340286331,0.0,0.0,0.5611300547441209,0.32283654311624777,0.11603340212840113,0.01373731690956038,0.006945575927453377,0.008273433099510551,0.0020548056132071897,0.9805038947608948,-0.0072880121362645005,0.00832129258960498,02,Drosophila
120,1.3848391032434975,0.8916256157635468,4.330733340286331,0.5024630541871922,0.004060823029841445,0.0007650749402121352,0.003988100301590978,0.005058581732047852,0.01921583431945585,-0.0015190920983603404,0.019155694917947413,0.0,0.008546692095938727,0.001032828412961405,0.008484056297088153,0.0,-0.0014876115389968368,0.012899107891898699,0.1299333416604073,0.15289139638715749,0.016451546989409586,6.732694599903036,4.330733340286331,0.0,0.0,0.614273742698856,0.38532687761513934,0.0003993796277069839,0.14805247233383467,0.17973988716756226,0.0257483553206806,6.758171545779302,4.330733340286331,0.0,0.0,0.5736492029129382,0.39182174220283417,0.034529054839945485,0.22776659933908583,0.33830151755171456,0.08324847828134214,5.55403824513549,4.330733340286331,0.0,0.0,0.5396050480186811,0.3332848818280713,0.12711007013624312,0.01137118356781284,0.004913183592191185,0.0060942638114086,0.007844880125358191,-0.15984920859923843,0.00046129367681817365,0.006087550900970984,02,Drosophila
123,0.8002016881166766,0.3399014778325123,4.330733340286331,0.5024630541871922,0.0028913162133554528,0.00043699939698766706,0.002858100938148359,0.00357695744591749,0.0182933342318343,0.015073581195446663,0.010365000109111303,0.0,0.006343601872598763,-0.004152730063553359,0.004795426752365075,0.0,-0.004910616255276216,0.006098336555967949,0.11621234246108182,0.1696699893389647,0.04054043599265775,6.420312191747416,4.330733340286331,0.0,0.0,0.7040357233931394,0.2956544633994374,0.00030981314141153974,0.14837520337014615,0.20899963703713229,0.05098134729927669,6.305706203374581,4.330733340286331,0.0,0.0,0.6925439026444631,0.2816753911383161,0.02578070617659414,0.19673784823545676,0.2881394086793898,0.06356933033886963,6.035517667101991,4.330733340286331,0.0,0.0,0.6523853364535301,0.2835576967005448,0.06405696682253151,0.01028879565190843,0.0065407309595304965,0.003864796333080372,0.003999160000847681,0.32677876301644393,-0.0029267217458814323,0.008634000326767503,02,Drosophila
128,1.016548925345465,0.625615763546798,4.330733340286331,0.5024630541871922,0.002555759365755256,0.0021178620188943694,0.0014305825402857303,0.0,0.019003097493798225,0.01677638355161286,0.008925842777462186,0.0,0.007108440591862892,-0.00289150799764386,0.006493774645582155,0.0,-0.007894496059468372,0.008430969553413117,0.12067796911190502,0.14630586763848435,0.025654748768122033,6.864779882950298,4.330733340286331,0.0,0.0,0.6719934758206118,0.26951661847980685,0.05848990563388409,0.1582536376002124,0.25002906960701987,0.05490353238272165,5.767972180725193,4.330733340286331,0.0,0.0,0.8664649609281782,0.11415862966172892,0.019376409374453327,0.21353561000073934,0.2822398493696868,0.0679906181832694,6.097579212528739,4.330733340286331,0.0,0.0,0.6034987032218845,0.37310201854645997,0.023399278211743257,0.0092198691209585,0.0053050531473993676,0.004830249581916865,0.007136007692556028,-0.8529552271316064,-0.005023138095954991,0.005973241591856114,02,Drosophila
133,0.7138478984326615,0.2512315270935961,4.330733340286331,0.5024630541871922,0.003829161810334604,0.0032749744833774847,0.001984193111305288,0.00357695744591749,0.0073387765710219485,0.0025700869603277683,0.006874030446232679,0.0,0.006959879946948436,-0.004100621739790679,0.005623595844572317,0.0,-0.003935921278958965,0.00614940840478401,0.12635074678552835,0.15693837101571328,0.021830743438239104,6.654318564408301,4.330733340286331,0.0,0.0,0.8174438955582403,0.18228901150620425,0.00026709287473234767,0.14118820822126127,0.168610959887924,0.025037003476970507,6.949921603007725,4.330733340286331,0.0,0.0,0.652303773297191,0.30675746802392706,0.040938758630246215,0.1886557259401292,0.26546712062142913,0.05311345360423561,6.281377949249275,4.330733340286331,0.0,0.0,0.6138175323094479,0.3424923772953309,0.043690090369187744,0.00840273237414658,0.0059293184148068835,0.004617164287128049,0.006398656001356351,-0.14033227154127215,-0.0003739231499582547,0.006476004368225508,02,Drosophila
138,0.9009972169835484,0.49261083743842365,4.330733340286331,0.5024630541871922,0.01692075348139037,-0.015006365798960567,0.00781798464348523,0.019262505354372298,0.01957169784353388,-0.010392283534126063,0.016584685689663252,0.0,0.006542379593107438,-0.002200827110181515,0.006161094932834482,0.0,-0.006587322811660109,0.0074803180493243585,0.1481824938326019,0.18423935243035305,0.025496080808069845,6.173170903383333,4.330733340286331,0.0,0.0,0.9287696610529675,0.05646479847146844,0.014765540431332004,0.17253512663731246,0.217371912943361,0.03615541773551879,6.187874436139498,4.330733340286331,0.0,0.0,0.8918156905510869,0.09508221589968255,0.013102093517051053,0.21502141985000844,0.2782219952626329,0.05125603160305668,6.140592912491781,4.330733340286331,0.0,0.0,0.5786650836666253,0.4066692375713987,0.014665678741509945,0.005394334569921358,0.003774591935930554,0.0017445120635417638,0.01660494382650648,0.23089046473940072,-0.0009829214340258462,0.004497045407238785,02,Drosophila
141,0.8677896933988805,0.45320197044334976,4.330733340286331,0.5024630541871922,0.009854071302810337,-0.003155623890936639,0.009335135730123055,0.007998320001695536,0.00813314480821174,-0.0006910291351763906,0.008103735139161383,0.0,0.012293995171255184,-0.006510842912843334,0.010428386348573949,0.0,-0.0052592566570715355,0.009505707862256662,0.19678463197156648,0.2541402463776181,0.062441716320283516,5.208219328357346,4.330733340286331,0.0,0.0,0.5867649402271207,0.40878819821533824,0.00444686153407974,0.22717850030492817,0.28557474854855286,0.06156828231231545,5.369192316006844,4.330733340286331,0.0,0.0,0.6532012306453595,0.25105101526754886,0.09574775406904133,0.26835659402962564,0.32802864605533216,0.06087598517006331,5.646548109596724,4.330733340286331,0.0,0.0,0.5674325652412767,0.3446975025267715,0.08786993221874534,0.013470036821837176,0.006369885575109941,0.012152389290608656,0.004917503476065822,0.9210877065398151,-0.0049403428359790485,0.005350715180468413,02,Drosophila
142,1.6540969942134218,0.9901477832512315,4.330733340286331,0.5024630541871922,0.009422476526103302,-0.0073187049442154355,0.005934612188212831,0.01073087233775222,0.004910047223967876,-0.002439278999656928,0.0042612770038366835,0.0,0.00525625151081896,-0.0023426713640014108,0.004705323668492357,0.0,-0.007119935098684325,0.007959121048868893,0.14396737319105324,0.20363540515111683,0.0422303794653341,5.872884629919099,4.330733340286331,0.0,0.0,0.8840801946982848,0.10623419170463981,0.009685613552650735,0.1753765373167575,0.22318036080855558,0.05049788945251659,6.108763037010061,4.330733340286331,0.0,0.0,0.5388579736258158,0.4248933530147039,0.03624867332945652,0.23880545103986378,0.3466881930635655,0.0779589883036506,5.480573539171138,4.330733340286331,0.0,0.0,0.4489480479613378,0.37780786905259617,0.17324408297021957,0.010528184941542552,0.005244556672962042,0.008056482348269842,0.00331713387280601,0.9398156079851195,-0.004359421146896721,0.004623376549424183,02,Drosophila
147,0.608453562326713,0.1625615763546798,4.330733340286331,0.5024630541871922,0.00729626185118911,-0.0016047490977584243,0.007117599127118712,0.007998320001695536,0.003546053202722353,0.0009471602042267882,0.0034172182933003455,0.0,0.005990393108431725,0.00015981491440477346,0.005988260915047047,0.0,-0.0053790510636258955,0.006508795862208703,0.13975692845193843,0.16508346475009536,0.02057548064745298,6.502524546472362,4.330733340286331,0.0,0.0,0.6201397455581402,0.29984466977649177,0.08001558461525608,0.1705073952749275,0.2175190144780583,0.040898789689176096,6.185844940497931,4.330733340286331,0.0,0.0,0.49171302193319455,0.2899830979075339,0.21830388012674654,0.20529897172076103,0.24732792011560703,0.04564372189641235,6.493705726070292,4.330733340286331,0.0,0.0,0.5386368684363546,0.37248053002033876,0.08888260152069795,0.008758786181674529,0.007022093755950686,0.003785374961399501,0.006368591672151494,0.48889271372187443,-0.001189830536024019,0.008400369154678637,02,Drosophila
152,0.9912354665742295,0.6108374384236454,4.330733340286331,0.5024630541871922,0.012755961918987828,-0.007912507389143744,0.01000533813998374,0.011311332622597309,0.0035460532027222044,0.0004084474883227764,0.0035224514142595665,0.0,0.011450309637795654,-0.009171156240975822,0.006855616967495067,0.0,-0.007113504062142003,0.01008902109118368,0.15146607450709756,0.1749786746886053,0.02352071126924315,6.327885802700626,4.330733340286331,0.0,0.0,0.7552599173852914,0.19090318054600283,0.05383690202614397,0.16251022867529363,0.1802374871745245,0.022703161031236103,6.7498776857878875,4.330733340286331,0.0,0.0,0.6467577208453732,0.2877106503057954,0.06553162881169135,0.22305516837045808,0.3443181541318035,0.07084419654798528,5.501152640086158,4.330733340286331,0.0,0.0,0.5372836768760572,0.418916326260281,0.04379999684540447,0.012048224081056394,0.005382302365405471,0.010801898811835232,0.004538650191140789,0.9391060591169007,-0.008169099800874591,0.005580869972191459,02,Drosophila
157,1.5232073740578618,0.9556650246305419,4.330733340286331,0.5024630541871922,0.009422476526103058,-0.006728267960970433,0.006596474371233616,0.01073087233775197,0.009961806601853007,-0.004245426609467273,0.00901187792174025,0.0,0.007844879135918895,-0.00440459366182286,0.006491662601476256,0.0,-0.009786113116364594,0.009872517749977766,0.13195579338147156,0.1472212417466233,0.015628515589594258,6.846068621618453,4.330733340286331,0.0,0.0,0.6678146502428306,0.330841507067134,0.0013438426333992276,0.15851182037546568,0.20363540515111683,0.034865109576407226,6.383710253684956,4.330733340286331,0.0,0.0,0.6806636338877748,0.2878751577705663,0.031461208303696114,0.21965204142853945,0.29954749558081434,0.06701599593353304,5.9190319662329784,4.330733340286331,0.0,0.0,0.6076983951612266,0.34746509907474515,0.04483650574506671,0.01288732434774829,0.00585096280747179,0.00894692258049578,0.001599664000338816,0.9861642149053654,-0.006831294243448384,0.005253953768233007,02,Drosophila
158,0.7341156040532933,0.26108374384236455,4.330733340286331,0.5024630541871922,0.02204789627904812,0.01229783925450488,0.01829953223451416,0.021161565630799888,0.018203533627870763,0.013209921858351669,0.012524639756786003,0.0,0.008017169702778012,-0.0028026417787833952,0.007511338702452415,0.0,-0.005920718088078014,0.007236895967158467,0.11467668933661929,0.13412398050045046,0.014082443824109952,7.125584325779478,4.330733340286331,0.0,0.0,0.5169538895520924,0.46675188264007506,0.016294227732920673,0.14602116237976986,0.2129716978856825,0.041852671200607136,6.249225899962836,4.330733340286331,0.0,0.0,0.7136290334370763,0.25751117644257243,0.028859790077012247,0.19831732982417483,0.27281189696040165,0.0608578423033982,6.199503323160153,4.330733340286331,0.0,0.0,0.5686041769839825,0.41250586070060796,0.01888996229217192,0.007232720512597264,0.0038276135678578594,0.004312677910991785,0.020678403060347787,0.40549078475604194,-0.001924642313243986,0.005154432266493377,02,Drosophila
161,1.0993727228105006,0.6995073891625616,4.330733340286331,0.5024630541871922,0.012433181018733757,-0.008084638721586738,0.009445771910543984,0.01073087233775247,0.003651140342883106,0.00040805893776977214,0.0036282659366059108,0.0,0.013629737327953173,-0.006048814182175764,0.012213991428624364,0.0,-0.00841474211488962,0.010765262008157904,0.17115018954486985,0.17820285683036124,0.007921253497516387,6.273110485926307,4.330733340286331,0.0,0.0,0.6159036593595915,0.36270465250470457,0.021391688101638495,0.19631232903007548,0.24307524815130313,0.03193571223594585,5.852590573574413,4.330733340286331,0.0,0.0,0.5406703901000296,0.3435318074460493,0.11579780242864218,0.23860683757797743,0.31643440376177534,0.0508032798935867,5.754503034888449,4.330733340286331,0.0,0.0,0.5854693369497308,0.29929669780295787,0.11523396523050869,0.012452024562648944,0.005471923179240667,0.011122437111464588,0.0025544585591964087,0.982618758754939,-0.008979597645589801,0.005591290324140636,02,Drosophila
166,0.677850229665636,0.22660098522167488,4.330733340286331,0.5024630541871922,0.016623884041761676,-0.01596235001259724,0.004642941170128633,0.01858641609852239,0.018595751705677694,-0.017098634753431045,0.007310175857527297,0.0,0.010607850941566428,0.0014744873415883973,0.010504874519859212,0.0,-0.008383285054593981,0.008989169165373729,0.14669936297500666,0.15693837101571328,0.007436316456580117,6.654318564408301,4.330733340286331,0.0,0.0,0.5864797555894027,0.35735422688674423,0.05616601747750535,0.15710566955074728,0.17310404600330903,0.013988445543846607,6.871025242086415,4.330733340286331,0.0,0.0,0.6092852556196606,0.30704037985348814,0.08367436448665491,0.19780708890181026,0.2802152939892865,0.048857690511930105,6.119176285446448,4.330733340286331,0.0,0.0,0.6099250405361286,0.3303958113987555,0.05967914804102807,0.007025622002705852,0.005599093682243156,0.00560802193231337,0.020250128825897083,-0.5484686315482274,0.0017899289008651762,0.003857255996706455,02,Drosophila
171,0.8015551401388656,0.3448275862068966,4.330733340286331,0.5024630541871922,0.023319092659389935,-0.020015471246120232,0.011964990315622818,0.02085706679705338,0.01827265018629508,-0.016740104744690093,0.007325205660424414,0.0,0.011917254192092335,-0.005811139138477857,0.01040440336550795,0.0,-0.0020999245837791097,0.010089021091183672,0.156588802473773,0.2180770953730216,0.04537231585865334,5.667332179207543,4.330733340286331,0.0,0.0,0.7121972498108198,0.26444587588984253,0.023356874261713626,0.19187415054486184,0.25436669681781343,0.0560300273030856,5.716373006834969,4.330733340286331,0.0,0.0,0.619949240421282,0.3681188040579343,0.011931955495755667,0.2464058645639951,0.3525798807663155,0.07088166484426608,5.430019303869636,4.330733340286331,0.0,0.0,0.7109942486913009,0.2666336604781418,0.022372090815345965,0.01334728270922821,0.00683584935544336,0.01192046857984608,0.016167689382318776,0.7635294897817956,-0.0046260571448977625,0.005671703175387902,02,Drosophila
172,0.8268946084783336,0.4088669950738916,4.330733340286331,0.5024630541871922,0.023085478483492957,-0.007101760663850098,0.021965980794974936,0.02146174467550444,0.01146768402425724,-0.0008704842962638721,0.011434598111440677,0.0,0.010467171454116651,-0.0031542403984588696,0.009980603476674371,0.0,-0.0021961438537463802,0.010849449112425896,0.15881736269286217,0.2180770953730216,0.045003675031303696,5.667332179207543,4.330733340286331,0.0,0.0,0.6765049231380472,0.3220133482878861,0.0014817285373671574,0.19409238759441436,0.2541402463776181,0.05569609193893559,5.719044952123204,4.330733340286331,0.0,0.0,0.5619027100724158,0.43228044280361905,0.005816847099439753,0.27808443318689935,0.41845816023075566,0.09907469348755198,4.916120201793236,4.330733340286331,0.0,0.0,0.7605832631896067,0.23299097760686527,0.006425759192053123,0.014663533160063653,0.005437678865870509,0.013160302089411009,0.011656711068409074,0.9384984754051925,-0.008253949439380013,0.006429119279408205,02,Drosophila
175,1.7611796117563558,1.0,4.330733340286331,0.5024630541871922,0.006626261112382075,-0.0035763535518795356,0.005578264210435497,0.007998320001695536,0.007111975870516268,0.001206911014561087,0.007008820627305051,0.0,0.011707560364559768,-0.0010546128770918552,0.011659964038078457,0.0,-0.0051908395943134344,0.008441080653852573,0.1680669462270147,0.19686268773497867,0.036649738624681905,5.97435871807792,4.330733340286331,0.0,0.0,0.5630682759274908,0.40793904324490615,0.02899268079380762,0.21083218077373975,0.29954749558081434,0.06156820631264076,5.225884785673133,4.330733340286331,0.0,0.0,0.7008681937538414,0.2804468715481599,0.018684934677269446,0.2908876774658097,0.42221736597690424,0.09586150737004215,4.889290129891874,4.330733340286331,0.0,0.0,0.6036454484220596,0.271284127510788,0.12507042405649207,0.010807806482914675,0.005101660969003296,0.008330334962264947,0.0033171338728061003,0.9266335153780975,-0.004733656286130311,0.004695740128222492,02,Drosophila
180,0.8626371928265143,0.4433497536945813,4.330733340286331,0.5024630541871922,0.01275596191898882,-0.00493458361363107,0.011762841877657656,0.0113113326225983,0.0035460532027224035,0.0013205324735445433,0.0032910009575890654,0.0,0.010520266541960449,-0.005214706884664424,0.009136894451668242,0.0,-0.003925113947631667,0.010209482920116588,0.18078592568194518,0.25539576358540383,0.059767468003705665,5.193435057285727,4.330733340286331,0.0,0.0,0.9876990011825446,0.01225497688689664,4.6021902976852855e-05,0.22157474513074563,0.28557474854855286,0.06813263178420954,5.369192316006844,4.330733340286331,0.0,0.0,0.7781899174276029,0.21845347390685751,0.0033566086469305,0.2776661667896959,0.4092139371660098,0.07984303336440064,4.983136650797153,4.330733340286331,0.0,0.0,0.8005289515994257,0.19294527155119282,0.0065257768374015175,0.016079645877240006,0.005600184969699073,0.014467582674444599,0.005424724556212876,0.9282083782368358,-0.009260266562702622,0.005815641480444658,02,Drosophila
185,0.8138557991987667,0.3694581280788177,4.330733340286331,0.5024630541871922,0.008924351311727948,-0.0008040819387457474,0.008888053699822207,0.00715391489183498,0.004986471320331188,-0.0008787769890195382,0.00490842614613434,0.0,0.01265703991285125,-0.00010106256019666579,0.012656636429732667,0.0,-0.00209218848487163,0.008941598700030041,0.16098335601293437,0.22625492901633518,0.04742987075703061,5.5568910213776475,4.330733340286331,0.0,0.0,0.9435205440436574,0.053266206592112474,0.0032132493287255004,0.19807731701691975,0.2679138739169037,0.05911264413838017,5.5607070606885864,4.330733340286331,0.0,0.0,0.6818673205060266,0.31417415618276867,0.003958523287801415,0.2501079141417651,0.32378874860901985,0.06826443097787625,5.685577051885863,4.330733340286331,0.0,0.0,0.6539599245091902,0.31844076672574373,0.027599308750188074,0.014885970608649888,0.007049842181282833,0.012913570885176006,0.004704752969703472,0.9730104795463241,-0.005274322277828704,0.008016421001988901,02,Drosophila
188,0.9424617220463941,0.5517241379310345,4.330733340286331,0.5024630541871922,0.008924351311727948,0.0022369329868639196,0.00863945467882206,0.00715391489183498,0.003651140342883106,-0.00044100152449320267,0.0036244093944839116,0.0,0.015321218849911887,0.0016493407732417057,0.015232183758759536,0.0,0.0009329727875986858,0.00909294821389772,0.15883558262753886,0.1799177594398553,0.022952929019788945,6.244378561995791,4.330733340286331,0.0,0.0,0.7896673593017866,0.2001634992941735,0.0101691413652135,0.17530548961573345,0.21939320324927947,0.029551090050375227,6.16010704362954,4.330733340286331,0.0,0.0,0.5368930541720078,0.3969110674449599,0.06619587835139201,0.22117393787329842,0.2888711502468102,0.05229979021734795,6.027908704510165,4.330733340286331,0.0,0.0,0.6090776311750505,0.22382334619941557,0.16709902260617393,0.013621665496136118,0.0033210812532343775,0.012653642620011984,0.003999160000847519,0.9907653006281979,0.0035829247674965064,0.0022029917123334,02,Drosophila
189,1.4378182124654022,0.9211822660098522,4.330733340286331,0.5024630541871922,0.023205295840580356,0.0004638758416368811,0.023200658918496295,0.022049846567637768,0.019215834319455997,0.0024441730638947094,0.019059756205852017,0.0,0.008279998371209617,-0.0011601627268766953,0.008198316624429674,0.0,-0.0062407306473355045,0.0074039083028680525,0.18711596863275634,0.1930563165817969,0.00602958161480499,6.032932299171711,4.330733340286331,0.0,0.0,0.8621908786280381,0.10228061565991518,0.03552850568351508,0.19338839628411447,0.21200829255968648,0.0107129557834172,6.262827580012015,4.330733340286331,0.0,0.0,0.5769059667658697,0.3833814539541549,0.03971257925331866,0.24449763582311151,0.3434251727602053,0.058883735028100896,5.508943179130178,4.330733340286331,0.0,0.0,0.6419504772756798,0.3259363042183451,0.03211321849016386,0.012294275875569622,0.005291187811036223,0.006928274382178753,0.020501302815220262,0.5168270751072725,-0.005890801283047547,0.007091523429227069,02,Drosophila
194,0.6578598337211976,0.20689655172413793,4.330733340286331,0.5024630541871922,0.009422476526103547,-0.0019544517333377497,0.009217547521278392,0.01073087233775247,0.006986803631132428,-0.002422614785478229,0.006553347433273133,0.0,0.007241784920851832,-0.0029559957322122534,0.006611016417391497,0.0,-0.002227657867021018,0.006218375889261987,0.13782483916622199,0.17232621282540758,0.02906048075772023,6.373710325142778,4.330733340286331,0.0,0.0,0.6764407590266094,0.29654996239056086,0.027009278532427114,0.1602775513622147,0.2029115616862474,0.03598568808930285,6.39439306706751,4.330733340286331,0.0,0.0,0.6248327179960868,0.3297764821061656,0.04539079986068847,0.21451547792544887,0.3157665423588499,0.06498063224224662,5.760841478278445,4.330733340286331,0.0,0.0,0.5071886196644264,0.4598545332302961,0.032956847085372755,0.009287160337882525,0.006403915365933203,0.0038466516850521933,0.0056669663551552375,0.9858644581238194,-0.0009130256115444033,0.007289925042063254,02,Drosophila
201,0.8353936833729447,0.4236453201970443,4.330733340286331,0.5024630541871922,0.016844220444449203,-0.0006248377817012721,0.01683262724971236,0.015175745196143292,0.007217538760310457,-0.0009724594397230665,0.007151726252778228,0.0,0.015311260331659516,-0.0013734460814566446,0.015249535691462271,0.0,0.0006618537724803458,0.00997280711017325,0.18897166944416122,0.2325572575882875,0.05260616982869247,5.474468733820149,4.330733340286331,0.0,0.0,0.652302488515868,0.34332043444174387,0.004377077016398956,0.20833562176579795,0.23936233793985015,0.04716416907622505,5.8987683627047325,4.330733340286331,0.0,0.0,0.6186320635764061,0.33552879011384334,0.04583914628783429,0.254340123947674,0.3162523996160999,0.059161245723752996,5.7562290467134325,4.330733340286331,0.0,0.0,0.5437787054489629,0.43074808429874456,0.02547321023762746,0.013039218094951954,0.006559518500128634,0.011541665138317352,0.01151313643383957,0.731405203589809,-0.002394248931580456,0.009248824403650968,02,Drosophila
206,0.9662918468476661,0.5714285714285714,4.330733340286331,0.5024630541871922,0.014665967039232918,0.0024877439434179143,0.014453432784908014,0.012896903481408081,0.018903334412856222,0.010733106111861259,0.015560735365521798,0.0,0.014070965589367218,0.0029779889212231585,0.013752223623917278,0.0,0.006891700596377074,0.01058414126106943,0.1303421793291297,0.16966998933896507,0.0281279143386646,6.42031219174741,4.330733340286331,0.0,0.0,0.67975278328483,0.2959629850398704,0.0242842316190575,0.15768875270103772,0.2146770544347835,0.0412123380024249,6.2252992698107725,4.330733340286331,0.0,0.0,0.6180853747236177,0.26010923971534305,0.12180538552339464,0.24012851560892673,0.3738733387475008,0.0936648525767489,5.254099709110725,4.330733340286331,0.0,0.0,0.5990015452941094,0.3313796845687622,0.06961877012207586,0.013422882771272673,0.003721108003525343,0.012653642620011988,0.00536543616887601,0.9333475188351142,0.004113331742983977,0.0027780680089548185,02,Drosophila
211,1.4715871925142725,0.9359605911330049,4.330733340286331,0.5024630541871922,0.003829161810334604,0.0028650598517189884,0.002540455119814745,0.00357695744591749,0.022235586683809205,-0.013133414490636985,0.01794253992583881,0.0,0.007286382756231808,0.001659147856348106,0.00709497019451722,0.0,0.0009439333615356938,0.006478145459102147,0.31300167691336794,0.3390382089617915,0.022587066298489493,4.343539690096764,4.330733340286331,0.0,0.0,0.7323193775305804,0.22319252761173114,0.04448809484753407,0.326606877949262,0.34896881903165544,0.024192665122777943,4.767756025970585,4.330733340286331,0.0,0.0,0.8169629888677326,0.15671927944005784,0.02631773168288615,0.3605497130587563,0.41964891585724545,0.04146620926229368,4.907595588685958,4.330733340286331,0.0,0.0,0.666197280328588,0.2409310975663913,0.09287162209742841,0.013961148523250502,0.006053599012946093,0.009496269141108018,0.011339575694334348,-0.32649302398468205,-0.006020733824074284,0.006742019592075004,02,Drosophila
218,1.102602113956582,0.7044334975369458,4.330733340286331,0.5024630541871922,0.025940775905778153,-0.02403170200983444,0.009767351386344183,0.023455678555647473,0.020922700742583764,-0.016563653975187765,0.012782987653673212,0.0,0.013879472602309406,-0.009470520056176147,0.010146379136609412,0.0,-0.0059585706270433424,0.010364264633301685,0.14086814750632612,0.2015830539356325,0.04974188519653894,5.903273701077212,4.330733340286331,0.0,0.0,0.7325052833877617,0.2508417928469009,0.016652923720530663,0.17850704143306392,0.2352376484851766,0.06008004861292072,5.950914929389915,4.330733340286331,0.0,0.0,0.6420433620112426,0.3415783228210575,0.016378315139510647,0.2463811095522613,0.37024533439592894,0.08356118569948573,5.28335337439449,4.330733340286331,0.0,0.0,0.7169884607615107,0.2727334691237793,0.010278070099935886,0.011288549084354543,0.002847047011643653,0.01103262537118412,0.0216752996336124,0.5674875856204036,-0.007947340265405722,0.0019518739092273308,02,Drosophila
221,0.9510315236195221,0.5566502463054187,4.330733340286331,0.5024630541871922,0.019525153660930085,0.007084792412482044,0.018194431619453475,0.01788478722958695,0.00818721151386299,0.0021598133955731172,0.00789719180905679,0.0,0.014508680572344617,0.006201125210558034,0.013116701493642056,0.0,0.004641411519592987,0.009348877048178985,0.1474553742815641,0.17737525706082685,0.03054917688270394,6.287075371246363,4.330733340286331,0.0,0.0,0.7554288572634086,0.20084133080524336,0.04372981188724935,0.16041187159714135,0.1799177594398553,0.028491394901364684,6.755204185761649,4.330733340286331,0.0,0.0,0.5239636484607233,0.2601520605432333,0.21588429095836986,0.24258988349387461,0.4022288250317703,0.10024570681761132,5.034787500404082,4.330733340286331,0.0,0.0,0.5793210003261807,0.3361220610721515,0.08455693858715385,0.013393330419968244,0.004868522489217923,0.011982854698126537,0.009224112607175726,0.9397394286567473,8.801927648469377e-05,0.007204046374745886,02,Drosophila
224,0.9182569474336444,0.5172413793103449,4.330733340286331,0.5024630541871922,0.006910284109298136,0.0003902888834944843,0.0068992536595373095,0.005058581732047941,0.014594608673839762,-0.008740303639103966,0.011688014999938389,0.0,0.01429608477572821,-0.0013566375183389095,0.014231569644935275,0.0,0.003702681334697053,0.010066450545929325,0.13531467670735034,0.16317356933636853,0.02021074004966531,6.53743469492922,4.330733340286331,0.0,0.0,0.6638284367953998,0.28618587939848433,0.0499856837526929,0.1641655872790025,0.2255753131761298,0.0403134526896954,6.076741490617043,4.330733340286331,0.0,0.0,0.7393293044478687,0.20850349479256416,0.052167200724572205,0.2203242566031094,0.3061382448740248,0.06502807848043138,5.853740588212789,4.330733340286331,0.0,0.0,0.69349968162349,0.24021935309800363,0.06628096525955686,0.01378962521172002,0.002915338688340755,0.01319421403393265,0.008373442699575438,0.8320454647079735,0.0047437566235064045,0.001995391206223166,02,Drosophila
227,0.6324553206951358,0.1724137931034483,4.330733340286331,0.5024630541871922,0.0098444724652493,0.002022824846457781,0.009634408012929736,0.011311332622597824,0.004910047223968397,0.002047388721759387,0.004462820090885607,0.0,0.0074514591302518385,-0.0023173698495793016,0.007081951718987803,0.0,-0.003334482637930318,0.006447349347031412,0.18387606579880775,0.2080793347369117,0.03113915352428074,5.808119853549678,4.330733340286331,0.0,0.0,0.6344048954361906,0.3655600421504766,3.506238458075814e-05,0.20985858344042568,0.26428366488889715,0.041108662032829806,5.601634705788895,4.330733340286331,0.0,0.0,0.6417679275934483,0.3501120832859643,0.008119989098720415,0.26448327454532305,0.3575884197672269,0.06735237788565086,5.387702951197452,4.330733340286331,0.0,0.0,0.6254359034967572,0.35799322520845245,0.01657087128136519,0.010604946089939716,0.006549377792816436,0.005023733588441788,0.0072692365124341915,0.7007211261028184,-0.0027699509352993646,0.007616541791320273,02,Drosophila
232,1.2165251427712207,0.7980295566502463,4.330733340286331,0.5024630541871922,0.0048980180523733865,-0.0025739456406968786,0.00416717946339165,0.00357695744591749,0.007217538760310718,-0.0011844381338556968,0.0071196890426237025,0.0,0.011026208793519421,0.00850843576097589,0.007013116372885284,0.0,0.0060680637638802,0.011781657792260754,0.1572949161603353,0.2103725419043528,0.04689908122207425,5.775238221236682,4.330733340286331,0.0,0.0,0.6112367823861461,0.34849449299950996,0.04026872457722631,0.2006571120966978,0.31651526089961285,0.07192352979141861,5.06058937500689,4.330733340286331,0.0,0.0,0.6087795599216961,0.32888828355629307,0.06233215650000207,0.27548499919027153,0.3935466051418694,0.09239688216070867,5.1002524350009,4.330733340286331,0.0,0.0,0.48024495080870344,0.4545728022930268,0.06518224688642554,0.008578697996292824,0.005000241853232281,0.0028075950031647605,0.0059960733018726555,-0.148335806933773,0.00253485606458956,0.0046818485419576695,02,Drosophila
235,1.0116786234649702,0.6206896551724138,4.330733340286331,0.5024630541871922,0.00662626111238154,0.005537743554801096,0.0036387817536531054,0.007998320001694975,0.004910047223967523,0.0039397133668660125,0.002930396274999074,0.0,0.006432597030489616,0.001277726573057498,0.0063044206205778,0.0,0.00644622742017763,0.00908982080255365,0.1905596776264555,0.20912203800635795,0.015668967227430462,5.793124139127192,4.330733340286331,0.0,0.0,0.7813833264222314,0.21196617265551151,0.006650500894903619,0.20192630786428012,0.2275799645376813,0.019254087467286424,6.050198741979907,4.330733340286331,0.0,0.0,0.5840764326231782,0.3835543008075375,0.03236926654497996,0.26350830686841037,0.39552480910332116,0.06811116370508619,5.0852103888431,4.330733340286331,0.0,0.0,0.6021412878248525,0.38075585290240577,0.017102859259241796,0.006999638095196656,0.004328611348090034,0.0031868478316315883,0.006691874624846222,0.21978026256503208,0.001879155715599699,0.0046135545834734785,02,Drosophila
240,0.8337160633392068,0.41379310344827586,4.330733340286331,0.5024630541871922,0.011022451811784347,0.004025633538275317,0.010261029117911175,0.010117163464095882,0.007881260762584956,0.002339898828446769,0.0075258982640276665,0.0,0.01500523290182423,-0.00045044530156748117,0.014998470370950638,0.0,0.0014625845635214292,0.009944256215315308,0.18222532291443352,0.22466596076903186,0.032852102843152604,5.578034084741695,4.330733340286331,0.0,0.0,0.8264855233920815,0.16350412318671345,0.01001035339203808,0.20257217080224338,0.23362762767962886,0.035618285955362844,5.9715182098903385,4.330733340286331,0.0,0.0,0.6789925536765619,0.25354181226804373,0.06746563403175611,0.2427685998319491,0.3292549984142962,0.05123224622958741,5.635353364749836,4.330733340286331,0.0,0.0,0.696464602176204,0.27004338090450786,0.03349201690304421,0.014884465616840556,0.0053318953904594795,0.013717812816957189,0.011237568442726203,0.6064322766747773,-0.00047580077111326197,0.007327126701085466,02,Drosophila
243,0.5999055707506961,0.15270935960591134,4.330733340286331,0.5024630541871922,0.002555759365755256,-0.001220917234570825,0.0022452766070071716,0.0,0.004986471320331552,0.0011062731118804971,0.00486220690946193,0.0,0.010433880024321811,0.00148747924652567,0.010327306418088752,0.0,0.0029708723643160078,0.0061494084047839966,0.13308753737160914,0.17963307926241848,0.03647428726150241,6.249129159790029,4.330733340286331,0.0,0.0,0.8994644725009978,0.10046745213345647,6.807531303204336e-05,0.1637145090127639,0.21845811874531632,0.04728889364918793,6.1729207894629905,4.330733340286331,0.0,0.0,0.677124575161952,0.3031548656018668,0.019720559201744464,0.22456051192255827,0.3163333032755495,0.07244574039249457,5.7554616851415386,4.330733340286331,0.0,0.0,0.6456724671634503,0.31126063953077127,0.04306689328781742,0.009334403793864025,0.005875986878385998,0.0040603573755588936,0.006174785924897703,-0.7280110684063231,-0.0013004536890969798,0.007350533238741151,02,Drosophila
248,0.5475052326184847,0.10344827586206896,4.330733340286331,0.5024630541871922,0.017429015270052296,-0.011317002174376591,0.013255038101373818,0.019591802803650516,0.01888331854938065,-0.007711104926397343,0.01723712795831933,0.0,0.010464883047238345,0.0015930043551880112,0.010342925810268994,0.0,-0.002120105178101711,0.007082014424867002,0.12488773871138685,0.18907189386133608,0.046680307646907504,6.095496124876532,4.330733340286331,0.0,0.0,0.7395128511827385,0.25211695285066954,0.008370195910336229,0.1635412845891399,0.22292223269451597,0.05957650788316731,6.112234814308608,4.330733340286331,0.0,0.0,0.616929996879636,0.36426972446048167,0.018800278626873668,0.2337177075746694,0.33121158050762456,0.08356691888891828,5.61757876831114,4.330733340286331,0.0,0.0,0.5701719320387275,0.40191262069560724,0.027915447249433484,0.010080368340248141,0.005426621787735362,0.004830249581916852,0.013084039007329473,0.9259787447495674,-0.0018040209882509884,0.008744968297510529,02,Drosophila
253,0.5094752084063648,0.059113300492610835,4.330733340286331,0.5024630541871922,0.007085909049203056,0.006633900242277494,0.002490276014639415,0.007998320001695312,0.019284591058588242,0.012614770741819388,0.01458639816501384,0.0,0.006397423401090364,-0.0009334971715969446,0.0063289500869764415,0.0,0.0010572262896116492,0.006765820235656054,0.13863282592531959,0.1725858800676839,0.02713464630604121,6.369193221278323,4.330733340286331,0.0,0.0,0.9001028693131455,0.09985402200340916,4.310863333351577e-05,0.16723353356864806,0.21215911301879797,0.04087069370429116,6.260694170464726,4.330733340286331,0.0,0.0,0.6660180001840836,0.32304683548902907,0.010935164293146343,0.2356078116382477,0.3272476243612752,0.07584313060951078,5.653699493821729,4.330733340286331,0.0,0.0,0.5584176727214116,0.4160052924774594,0.025577034784806003,0.009321556039379723,0.0060357965884978255,0.00503144345566491,0.010453042323983247,-0.473188483382448,-0.0017647717064686191,0.007811882803399831,02,Drosophila
258,1.5550443288020368,0.9655172413793104,4.330733340286331,0.5024630541871922,0.021643982357786445,-0.0188414173107697,0.010651899643988333,0.023455678555647706,0.03699054576602548,-0.021020959177487742,0.0304371442702304,0.0,0.003324059541033768,0.00045311425824280454,0.0032930319314143763,0.0,-0.008276386937775571,0.008294977256571625,0.21304544923326718,0.22352406793335675,0.008165340348600052,5.593320841249623,4.330733340286331,0.0,0.0,0.5977554917073594,0.40154670469598613,0.0006978035746548099,0.24448121720860408,0.2993124809266555,0.03931784863148541,5.2282394062064865,4.330733340286331,0.0,0.0,0.5201680104459088,0.2804678468746913,0.19936414266309124,0.3080426124160863,0.4378961502789836,0.0743099088983506,4.779905582596143,4.330733340286331,0.0,0.0,0.5037740887035309,0.4162646818220848,0.07996122946442526,0.011279799566622978,0.0056831141990739105,0.008919936193774132,0.02352376484851748,-0.013830408359633135,-0.0031829260434854873,0.005154365855617882,02,Drosophila
261,0.7699995507317902,0.2955665024630542,4.330733340286331,0.5024630541871922,0.005081179425225985,0.000508327565897588,0.005055688621452918,0.005058581732047764,0.007217538760310218,-0.002346543756308782,0.00682543757984121,0.0,0.007347541569337065,0.003232112874012636,0.006598470541176793,0.0,0.007282372881113612,0.009520651603383569,0.17273934474503283,0.206722147007717,0.027129442019164056,5.827751305680522,4.330733340286331,0.0,0.0,0.8280526223928951,0.1698440006345892,0.0021033769398091573,0.20660721335457283,0.286536395358557,0.05001514216560564,5.35910706184742,4.330733340286331,0.0,0.0,0.7943185219897135,0.19490751234982343,0.010773965638333194,0.2684786783022901,0.3553271102179157,0.07350813351184533,5.4067345225793835,4.330733340286331,0.0,0.0,0.5530948808225766,0.43297728899578297,0.01392783016873432,0.006903064703929823,0.005325537352358055,0.00220806199852638,0.005108917118392454,0.20468219551312375,0.0006184356633944926,0.0034703808023946784,02,Drosophila
266,1.1715484203034696,0.7487684729064039,4.330733340286331,0.5024630541871922,0.005981367911722371,0.004900257257778996,0.003429903920369536,0.0071539148918344795,0.007976649433292557,0.002780671027369975,0.007476282820974048,0.0,0.007347541569337011,0.0046417470193708486,0.005695660780040997,0.0,0.007096061632687831,0.011535341153472833,0.12352417495136853,0.14608707602864895,0.02058453425340549,6.869269560051054,4.330733340286331,0.0,0.0,0.7175514498074603,0.2801430310763831,0.002305519052388929,0.16179213995965946,0.2466285571569613,0.052459027820074625,5.809053586568832,4.330733340286331,0.0,0.0,0.6313475731735093,0.3043733595630076,0.06427906722891541,0.22996876350110998,0.3387739399541246,0.08103795285386002,5.549851806470562,4.330733340286331,0.0,0.0,0.6346292171760665,0.333583772841744,0.03178700996536957,0.009268994663733309,0.005580029435965616,0.003574185269098566,0.007109062318697085,-0.046476671196124364,0.0021084906545639306,0.0048489141914555165,02,Drosophila
271,0.568190123061665,0.1330049261083744,4.330733340286331,0.5024630541871922,0.016090209623501137,-0.009670499945573762,0.012859870782043903,0.018238975816023944,0.019571697843534033,-0.0053097889151849,0.018837661695517687,0.0,0.011155211260528462,0.0026488084917828617,0.010836168688280927,0.0,-0.004149998892517917,0.007533343752430686,0.15091053146802844,0.20072437014629835,0.05183931313343689,5.916080102974661,4.330733340286331,0.0,0.0,0.6683290569260439,0.32466889056135284,0.007002052473327975,0.1812945632410797,0.25010581665019643,0.05668441255191744,5.767051464583814,4.330733340286331,0.0,0.0,0.6100558678997037,0.3751254740743466,0.01481865799823421,0.25476462425721846,0.3578745477744132,0.08518608337831914,5.385303430589833,4.330733340286331,0.0,0.0,0.5202342366462838,0.4667363931300609,0.013029370209797435,0.009809660542277193,0.005014504097571199,0.005583241717984559,0.012722106775581249,0.7136120504950026,-0.0029958816535543727,0.007929910155435793,02,Drosophila
274,1.088253258753992,0.6699507389162561,4.330733340286331,0.5024630541871922,0.012755961918987375,-0.008700076121752798,0.009328624762223148,0.011311332622596872,0.003770041605184363,-0.0020581955246697673,0.0031586460528287164,0.0,0.014565044879388261,-0.01049638471406089,0.010097843347617505,0.0,-0.0067713958867690795,0.010421715134706255,0.12869947087887262,0.15952588589172412,0.035003417297768846,6.605259516222565,4.330733340286331,0.0,0.0,0.8264708430871642,0.10148235268091092,0.07204680417570987,0.1593032158603807,0.23250223398463452,0.04937609980053987,5.986004248749212,4.330733340286331,0.0,0.0,0.732611492520234,0.23971926196808224,0.02766924547573259,0.23699262468153717,0.4092139371660098,0.09575472181733412,4.983136650797153,4.330733340286331,0.0,0.0,0.746210826948488,0.22998755379778799,0.02380161923841818,0.012945745569512982,0.005143890761698631,0.011812994533608448,0.0041406276002158545,0.9460613536170117,-0.009163509260692048,0.005389800794984415,02,Drosophila
275,0.8248583411479419,0.39901477832512317,4.330733340286331,0.5024630541871922,0.012433181018733757,0.005084203323879219,0.011346138850113588,0.01073087233775247,0.006986803631131928,-0.0036110270028848635,0.005981296595591515,0.0,0.016790917015722773,0.0004311539695815775,0.016785380558194164,0.0,0.0032969126474074644,0.00914284130837021,0.15260887653213298,0.18274017108301605,0.04053380336813795,6.197682184110866,4.330733340286331,0.0,0.0,0.8091035941176127,0.1906101289064403,0.0002862769358387684,0.1816135807083121,0.2255753131761298,0.047410816466220536,6.076741490617043,4.330733340286331,0.0,0.0,0.603829823762417,0.3367597275292891,0.05941044867991019,0.2849112929163276,0.4427487357808064,0.11578419112466293,4.746843666090394,4.330733340286331,0.0,0.0,0.6280022386991982,0.3246553922006377,0.04734236908959102,0.014453410654888407,0.004933709489056235,0.012961094999062952,0.0033933997867793115,0.9651361046315343,0.0008774079396920515,0.0074897302788248235,02,Drosophila
278,1.0782450094092535,0.6600985221674877,4.330733340286331,0.5024630541871922,0.009812408524243527,-0.007184685808308711,0.006683086927650607,0.010117163464095351,0.003651140342882869,-0.002020657753608938,0.00304101431206874,0.0,0.007885747350190203,-0.007051992059136584,0.0035290819300359657,0.0,-0.0030069309478676317,0.005153246948023368,0.13913271341910347,0.19982998594472998,0.04420031351971811,5.929477321218356,4.330733340286331,0.0,0.0,0.7243313448798213,0.21707467293775393,0.05859398213550201,0.17209892646911895,0.22326633719472064,0.05294844821440966,6.1076075612822125,4.330733340286331,0.0,0.0,0.638620706275757,0.3310912012685297,0.030288092424869722,0.2544308341494251,0.3568720960916199,0.09115625213670654,5.393718599925795,4.330733340286331,0.0,0.0,0.6359708623186323,0.3456880624646292,0.018341075203048136,0.009442529434954975,0.006101150046911918,0.003882288019552159,0.006691874624846282,0.8738028777072545,-0.0034721962437559957,0.006587710496210458,02,Drosophila
283,1.2719086336774805,0.8275862068965517,4.330733340286331,0.5024630541871922,0.010307363328741886,-0.007891013517240048,0.006631262659662024,0.011311332622597347,0.012849184598233166,-0.010431654216369261,0.007502142037416902,0.0,0.008996219901312413,-0.002152748397465612,0.008734852422907828,0.0,-0.0051819599674019804,0.005489849632447656,0.14610166652527914,0.21983015489356375,0.05265140409149183,5.6433124505870245,4.330733340286331,0.0,0.0,0.9740512706031723,0.02573905905368858,0.000209670301676117,0.18958466880968214,0.2581859678781962,0.06711199999034687,5.671663356336477,4.330733340286331,0.0,0.0,0.7276171253927964,0.2660218366633102,0.006361037919169141,0.2526160558095694,0.36813131277361516,0.08213527492972303,5.300531821790318,4.330733340286331,0.0,0.0,0.647464859647994,0.34511267047170524,0.007422469866128346,0.012040764603375356,0.007298169004372442,0.005592265409744951,0.005121423666159691,0.9653302638595672,-0.003562491716591324,0.007341032247180422,02,Drosophila
288,0.6431025913739237,0.17733990147783252,4.330733340286331,0.5024630541871922,0.0028913162133554528,0.001653861311329863,0.002371592757725993,0.00357695744591749,0.005160394561589642,-0.0016911227814731444,0.004875425701337935,0.0,0.010540736104818517,0.0002877851361132274,0.010536806790809866,0.0,0.004200941633257711,0.008016074340970361,0.1436272531424119,0.206722147007717,0.047949758956994666,5.827751305680522,4.330733340286331,0.0,0.0,0.854565541154203,0.14391977872945658,0.0015146800727256194,0.17256618828390824,0.21801841728898513,0.051355345111020724,6.178965122691415,4.330733340286331,0.0,0.0,0.6478515857152369,0.347560452104413,0.00458796214950146,0.2526608053655538,0.38812872824109823,0.09380234846651202,5.141839754676131,4.330733340286331,0.0,0.0,0.5084315087230297,0.47610752173862625,0.015460969524576889,0.009223724023453464,0.005306074505971803,0.003950762718183379,0.005389229794106262,-0.22216601568234928,-0.00018864226370682207,0.004953224310461167,02,Drosophila
293,1.3636276208580922,0.8866995073891626,4.330733340286331,0.5024630541871922,0.019938801409769516,0.007494125357766986,0.018476847317123683,0.018238975816024107,0.0209467861420227,0.018125813756738378,0.010498701126123557,0.0,0.008920233967579832,-0.002352822837117329,0.008604347664611432,0.0,-0.005835161596116958,0.007563477247734268,0.16462091827867154,0.21479622016943065,0.04784564663746202,5.712808829004044,4.330733340286331,0.0,0.0,0.7872343218285264,0.20989900917474175,0.0028666689627058566,0.20323718056724283,0.2987990800668428,0.06462955868775043,5.233389625858137,4.330733340286331,0.0,0.0,0.6092758985159676,0.38387274565564483,0.00685135580640104,0.271511208519407,0.36162668282220395,0.08271479789176721,5.3540136795607856,4.330733340286331,0.0,0.0,0.6186200472022054,0.37305874035901065,0.008321212426370577,0.011341862675223777,0.005936558609066845,0.007965097249172345,0.018740662860311844,0.3456426735378659,-0.005605608860025596,0.005649392098098119,02,Drosophila
294,1.3230249986631404,0.8571428571428571,4.330733340286331,0.5024630541871922,0.005503939640429249,-0.005233289465525851,0.0017047090471703982,0.00357695744591749,0.01912212617048564,0.013561212352674787,0.013481440160666536,0.0,0.00948406325139723,-0.00589040139166643,0.007433076563681931,0.0,-0.0060132124004042475,0.009105447117686159,0.23599703781763984,0.2929394937360735,0.04650473574170823,4.781979880560466,4.330733340286331,0.0,0.0,0.6756515235325125,0.3241733845297901,0.00017509192041349246,0.2653475377824776,0.3127128324641924,0.050933810614718,5.09684784561867,4.330733340286331,0.0,0.0,0.6102117856264617,0.3701454304959,0.01964278386394027,0.320499728314123,0.42607854677555734,0.07122749953184701,4.8619797958016475,4.330733340286331,0.0,0.0,0.67001282778568,0.18936816803118653,0.14061900417385648,0.011939217662392034,0.006144459000504294,0.00698359178505153,0.0025793806962814843,0.9419335116774635,-0.006690926568857987,0.007684992811313749,02,Drosophila
297,1.3212385176151564,0.8522167487684729,4.330733340286331,0.5024630541871922,0.005081179425226193,0.001090891254959964,0.004962694895033731,0.005058581732047941,0.007873259540581354,0.006527921416170181,0.00440164262266509,0.0,0.012396918747285513,0.008655353044277734,0.008875159610154129,0.0,0.0017034539739787357,0.009858107411323107,0.13538233236426944,0.15872181884713069,0.01658337143801575,6.620418816541069,4.330733340286331,0.0,0.0,0.8474166437862182,0.1516321523077252,0.0009512038523029244,0.16566937777567856,0.2450411661467525,0.04474109048191597,5.828425084756112,4.330733340286331,0.0,0.0,0.83200444823437,0.1659595145383358,0.0020360371933361757,0.23651767798941528,0.3404880221504157,0.07940551952527748,5.534711086717122,4.330733340286331,0.0,0.0,0.7029134710455046,0.26823870017020546,0.028847828768224594,0.010578031922177386,0.005807468547333243,0.005426440746948225,0.009409505939407165,-0.6033891398418385,0.0013745031199939959,0.005227995072578534,02,Drosophila
300,0.9379179732560743,0.5369458128078818,4.330733340286331,0.5024630541871922,0.013116503541354064,-0.0086144397928193,0.009891111778068484,0.011311332622598693,0.0003975361493990565,0.0001976773719364036,0.0003449038223959626,0.0,0.010942434432375903,-0.006504395705699811,0.008799415197075293,0.0,-0.004159574244446368,0.009139730969342166,0.15454068204924534,0.1802374871745245,0.03468676258285865,6.239052062022029,4.330733340286331,0.0,0.0,0.7569957144263336,0.2388558812032713,0.004148404330532352,0.18352139792356253,0.23250223398463452,0.04465275724956345,5.986004248749212,4.330733340286331,0.0,0.0,0.6760259476000913,0.30852512449918146,0.015448927872695596,0.26049639013815934,0.4057758292334535,0.08862178974381008,5.008448342820085,4.330733340286331,0.0,0.0,0.7100305017432372,0.28433550160871557,0.0056339966348391305,0.014030773585243853,0.005468730743713154,0.012834161218543923,0.003999160000847543,0.9527336708272809,-0.008391244931067628,0.005439551357221022,02,Drosophila
303,1.2418918505908079,0.8078817733990148,4.330733340286331,0.5024630541871922,0.00936881105419524,-0.008544948660374982,0.0038416758011012215,0.007998320001695088,0.017905052320583967,-0.0065458276220288596,0.01666562448111481,0.0,0.008987247720088241,0.005740954516111466,0.006914626730791088,0.0,0.002493072861947123,0.008621052865028804,0.1566695248935238,0.16519967980479164,0.007936491190694813,6.500413356821011,4.330733340286331,0.0,0.0,0.8775045597245367,0.09961867876469192,0.022876761470134777,0.19512783438776649,0.2571929412452929,0.04758172539047276,5.683224107203211,4.330733340286331,0.0,0.0,0.6301423641873939,0.34841302357470544,0.021444612213110784,0.2512130078335714,0.3603684772347987,0.06860097550775958,5.3644697623492785,4.330733340286331,0.0,0.0,0.5157044983934462,0.4599414303976771,0.02435407119413051,0.008738195861297832,0.005793659463862502,0.004001251373071961,0.012421882800647923,-0.6738146849560869,0.00297842362019451,0.00334780636011281,02,Drosophila
306,1.0477774530336823,0.645320197044335,4.330733340286331,0.5024630541871922,0.005081179425226193,-0.0025613357408491464,0.004388387354597442,0.005058581732047941,0.0036511403428830577,-0.0020735199225314785,0.003005218949476604,0.0,0.004414467269982929,-0.003342705130137588,0.0028833736647722904,0.0,-0.006955874938607885,0.007701311122547076,0.13477787098834407,0.16585669364030517,0.02911593382886611,6.4885057528481,4.330733340286331,0.0,0.0,0.9213922691240379,0.07257141399665806,0.0060363168267079485,0.1712993921295627,0.27674649532640244,0.059465489788465636,5.463398025849557,4.330733340286331,0.0,0.0,0.6301471865902442,0.34955882459824844,0.020293988781093286,0.24315579275711277,0.3506513113005273,0.08549145923993581,5.446473986105846,4.330733340286331,0.0,0.0,0.5841747476657353,0.40796452921254983,0.007860723106662228,0.008651398388998668,0.00491458656893693,0.005118441308249005,0.0045386501911410864,0.604003000509732,-0.00508082579886438,0.005486727103533885,02,Drosophila
309,0.9337981241610464,0.5270935960591133,4.330733340286331,0.5024630541871922,0.005981367911722371,-0.0024050094671363887,0.005476558368023332,0.0071539148918344795,0.0035460532027223783,0.0019137597412286931,0.0029853001472866882,0.0,0.007701523805659268,-0.0025933602871763893,0.007251755053091134,0.0,-0.005217950486862769,0.006753201349504369,0.19130363919208015,0.22194437274716197,0.034799902814999006,5.614597793735632,4.330733340286331,0.0,0.0,0.8499928894442046,0.14989674207289852,0.0001103684564475985,0.20673251386302463,0.236485314544162,0.03318387165769085,5.935045416145119,4.330733340286331,0.0,0.0,0.6708708048859646,0.31884745765542755,0.010281737435797435,0.24290747695121434,0.30707716144349445,0.04475808882663015,5.844553761265939,4.330733340286331,0.0,0.0,0.625171946625067,0.3675463945733726,0.007281658785168907,0.008456370191952788,0.005926408166189356,0.004628208178124838,0.0020857066797050584,0.9545004218549668,-0.0016801704176903423,0.006614687028191738,02,Drosophila
316,0.8219357402990842,0.3891625615763547,4.330733340286331,0.5024630541871922,0.00729626185118911,-0.003968820125857301,0.006122409967464411,0.007998320001695536,0.0036511403428830815,-0.002637275830457823,0.002524995445047651,0.0,0.009876414077648882,-0.0006842635110827476,0.009852681791298333,0.0,-0.007679205063952835,0.008016074340970337,0.16801938777175698,0.18500167762616004,0.02396768896900341,6.1607834455967545,4.330733340286331,0.0,0.0,0.75950632764165,0.23833191011078644,0.0021617622128473598,0.19642850874484377,0.2687483129195588,0.04368373600219679,5.551377843588542,4.330733340286331,0.0,0.0,0.6932556518084475,0.28975885948960833,0.01698548867724813,0.262881630235416,0.35343163366622204,0.07460051206020579,5.42278072521439,4.330733340286331,0.0,0.0,0.5882162034185658,0.3975879342920101,0.0141958622760321,0.008486375712786874,0.005957350331119781,0.004626096880829028,0.004186721349787868,0.8459575637325395,-0.00039363503951683987,0.0066381115766718166,02,Drosophila
321,0.8249834153938131,0.4039408866995074,4.330733340286331,0.5024630541871922,0.0165097503978584,0.0035614928846130515,0.016121030569800313,0.014748173367856898,0.00813314480821128,-0.0016731598690003003,0.007959182151710124,0.0,0.015957091537740692,0.0070826546773833585,0.014299117912122246,0.0,0.0035313033325585427,0.00763456763940662,0.1331438375143311,0.15948577881732762,0.027430298681489294,6.606013853678555,4.330733340286331,0.0,0.0,0.584654542693283,0.3760534230290976,0.039292034223506085,0.1765713759794672,0.2687483129195592,0.05977248126502266,5.551377843588537,4.330733340286331,0.0,0.0,0.7672568011022788,0.17252825522258367,0.06021494364636073,0.2692419375886097,0.4225959887963006,0.10700090185061398,4.886601089696649,4.330733340286331,0.0,0.0,0.5978690366202624,0.37316209162497577,0.028968871742848613,0.013694870746275414,0.005138122510957863,0.012209874738316862,0.005096379879571634,0.9814364433044985,0.00044034922927159247,0.007447357203389905,02,Drosophila
322,0.8130549508645644,0.3645320197044335,4.330733340286331,0.5024630541871922,0.02458224321351659,-0.020625941977429684,0.013373750369742457,0.022049846567637716,0.018293334231834348,-0.017004032692915685,0.006746032129767611,0.0,0.013569581436029063,-0.0025610300511561554,0.013325714443364741,0.0,-0.004360995174116152,0.01073087233775232,0.19150380825211258,0.2395226431288919,0.06378589914996662,5.385934258388994,4.330733340286331,0.0,0.0,0.6601379517696802,0.33181948263280836,0.008042565572966915,0.2143545762669473,0.2573918530625317,0.05705369295182457,5.680904817989835,4.330733340286331,0.0,0.0,0.5752251528690815,0.42060440889673245,0.004170438213862097,0.2835106197050097,0.4022288250317703,0.08295991528253253,5.034787500404082,4.330733340286331,0.0,0.0,0.6556046059354047,0.3325803046808555,0.011815089372279784,0.01613656856523626,0.005025431287041932,0.014602267961371412,0.0174282640354548,0.7156417562616403,-0.00255130407476212,0.007162293083431542,02,Drosophila
327,0.7873372445878667,0.31527093596059114,4.330733340286331,0.5024630541871922,0.019525153660930585,-0.0035486004480065505,0.019199975529759373,0.017884787229587452,0.011500613434382741,-0.0021944063708619023,0.011289317519080837,0.0,0.009844198075221286,-0.002320746611245441,0.009566732509618071,0.0,-0.002328678094429071,0.009904146692300098,0.16196375122826698,0.2352376484851768,0.055384416157874865,5.440089305624055,4.330733340286331,0.0,0.0,0.7011318816676844,0.2853384714510124,0.013529646847173327,0.2029041359694955,0.2732336625772729,0.06623029405093521,5.501721741385694,4.330733340286331,0.0,0.0,0.5361885961014197,0.4574181941406625,0.006393209735967083,0.2902793315947529,0.44564353756567915,0.10562377243725954,4.727292761943122,4.330733340286331,0.0,0.0,0.6840231414305753,0.31272277202760074,0.0032540865313437518,0.01600141250853726,0.005566436200323657,0.013988452194990376,0.007885548516732094,0.9422853665375441,-0.005828961448234567,0.008216807397228512,02,Drosophila
330,0.9771234528385472,0.6009852216748769,4.330733340286331,0.5024630541871922,0.009368811054196633,-0.0059025596837743895,0.007275603737747005,0.007998320001696431,0.00039753614939908976,0.00016497661579583108,0.00036168730461492586,0.0,0.017108404528691352,-0.014031728997554706,0.009788160545093709,0.0,-0.006435130766890044,0.009612784294560656,0.14243779966379097,0.1749786746886053,0.028531982363069325,6.327885802700626,4.330733340286331,0.0,0.0,0.5921919029969878,0.38712819245223656,0.020679904503388163,0.1773966580157229,0.2580868371516091,0.051389637362189766,5.672815430125766,4.330733340286331,0.0,0.0,0.5758075398581638,0.40725433001030237,0.016938130102217376,0.25794014293815754,0.4185040211723405,0.09652593174274965,4.915791434668633,4.330733340286331,0.0,0.0,0.7179213099957844,0.2729792171143512,0.009099472876680365,0.015042614540298427,0.005052749669875854,0.013863173552209337,0.0061332044019018995,0.932950773623807,-0.009630108024322313,0.005164373532223096,02,Drosophila
333,1.6997527292342194,0.9950738916256158,4.330733340286331,0.5024630541871922,0.020614869737837292,0.003431881705871167,0.02032719956769517,0.019262505354372354,0.01820353362787067,0.00473220222276371,0.017577681834186457,0.0,0.00855848318605322,-0.0024770521143684552,0.008192182082245147,0.0,-0.004519739077198896,0.006659932320151694,0.17994604735972408,0.19099077110896467,0.008667046705904964,6.065202801237297,4.330733340286331,0.0,0.0,0.635196469929216,0.29401583796360703,0.07078769207636583,0.2058222884467665,0.2660929393461048,0.035122490487259746,5.58116681794232,4.330733340286331,0.0,0.0,0.7301988296925396,0.190635412263828,0.07916575802069489,0.2674752854003931,0.3629510360527072,0.06957643553895478,5.343047115140689,4.330733340286331,0.0,0.0,0.5751077010898797,0.2825796804471562,0.14231261844987217,0.011458059484413065,0.005723401257382701,0.00813422222106026,0.01433016832933105,0.8521427484594288,-0.0031820823787490835,0.005411060465866995,02,Drosophila
338,0.6565902170999462,0.2019704433497537,4.330733340286331,0.5024630541871922,0.018623063586028298,-0.0008780278592596403,0.018602353732998872,0.02054805613207342,0.019610303961243802,-0.007059895183731939,0.01829540656687063,0.0,0.00692447202026673,0.0023544657826298334,0.006511897084404981,0.0,0.0010471369013031135,0.0073499488558792115,0.1608450158309188,0.20005395685829408,0.037793449692643484,5.926116782127148,4.330733340286331,0.0,0.0,0.5297405532232885,0.35366485598852554,0.11659459075155514,0.18352291535208742,0.21948066317033346,0.040372570251250274,6.158911348070126,4.330733340286331,0.0,0.0,0.6300020005156678,0.19446351596311667,0.17553448349289547,0.22306139900369742,0.2955051821704591,0.05245447594765485,5.959791808957052,4.330733340286331,0.0,0.0,0.5926169371553316,0.2736344644299485,0.13374859839567513,0.011412397067889393,0.004750800441595363,0.007165998802099572,0.01499338366391046,0.6495495626933784,0.0008440184532174045,0.00468978249782163,02,Drosophila
339,0.7919754288350475,0.3251231527093596,4.330733340286331,0.5024630541871922,0.005981367911721901,0.005839090046225748,0.0012968382811452664,0.007153914891833979,0.003419372079070018,0.003167132740587224,0.0012889436056802781,0.0,0.006973088969823763,0.0031911482746309647,0.006200043747458371,0.0,0.004959691679551937,0.008551513757327609,0.14088269806646864,0.17848981813835046,0.029219307651229424,6.268283450385859,4.330733340286331,0.0,0.0,0.7151312391807028,0.2541612830783732,0.03070747769261888,0.1626495863612784,0.2104333520058986,0.036256933447619016,6.285196792955371,4.330733340286331,0.0,0.0,0.6157388945599382,0.36453565127009735,0.019725454133953525,0.22071081131610987,0.32270024693893584,0.06669634814692987,5.695679337055228,4.330733340286331,0.0,0.0,0.5846202318377977,0.3613075714340571,0.0540721967093347,0.009565621303605323,0.005846227226154759,0.005681436820340446,0.005655666311298639,0.5306944004209343,0.0028913255260938388,0.003781954308263297,02,Drosophila
344,0.9685623508616614,0.5763546798029556,4.330733340286331,0.5024630541871922,0.007296261851188725,0.0066540322426023165,0.002993207629871456,0.007998320001695088,0.003651140342883154,0.0009611119825785036,0.0035223698784160834,0.0,0.007892298569548966,0.006466259845235637,0.004525026002665382,0.0,0.006419627367501931,0.010530277597124523,0.16235859637976233,0.179169509252801,0.01895065060651083,6.256881115026352,4.330733340286331,0.0,0.0,0.8148690083672394,0.18141989297977545,0.0037110986155591886,0.19381852628127622,0.24260105733809034,0.041244171408700764,5.858448684729884,4.330733340286331,0.0,0.0,0.6250080875807219,0.36587302337359384,0.009118889020217458,0.2510165543577987,0.3276188418222104,0.0651290649608053,5.6502983347776645,4.330733340286331,0.0,0.0,0.5152951334705423,0.4213737858478168,0.06333108066677096,0.007776943008453196,0.004994281182745304,0.005361296507783835,0.0037000335525231988,0.8728679370931854,0.005350435086249603,0.0045517104729068635,02,Drosophila
345,0.8764931167451392,0.458128078817734,4.330733340286331,0.5024630541871922,0.005081179425226193,0.0033085425203559643,0.0038564142337589443,0.005058581732047941,0.011423630489660445,-0.0006698574539710053,0.011403974068528007,0.0,0.009587306260400342,0.007684465490506629,0.005732837993169204,0.0,0.007069700500684747,0.010677748881078291,0.1573319267231418,0.22886937975445254,0.051917236163774215,5.522423785334578,4.330733340286331,0.0,0.0,0.7818846149355263,0.21146608354278826,0.006649301485253985,0.1901073408408735,0.24273286992990628,0.05686278756651937,5.856819135411669,4.330733340286331,0.0,0.0,0.5704956708277528,0.4094682869310116,0.020036042215838396,0.2343633806839014,0.2984563221908245,0.061725916821638936,5.929980136480852,4.330733340286331,0.0,0.0,0.5671523268990065,0.35959982444582556,0.07324784863814267,0.008854067329450927,0.005259101386601083,0.005528505286835063,0.006691874624846461,0.20649734583293905,0.004664966214098467,0.0037188613092580996,02,Drosophila
350,0.6580918857312112,0.21182266009852216,4.330733340286331,0.5024630541871922,0.004060823029841445,0.001593684721886821,0.003735030480051693,0.005058581732047852,0.02094678614202276,-0.0074069583335328445,0.019593489171787274,0.0,0.006908981006981849,0.00424006269819732,0.005454895679130041,0.0,0.007166303236937755,0.008219222452829333,0.14586756584056523,0.16411180554624444,0.012901318339913271,6.520234315348875,4.330733340286331,0.0,0.0,0.6750561959767091,0.31610936834350506,0.008834435633152343,0.16291249865159388,0.20426274922867776,0.025205165533496537,6.374482294714382,4.330733340286331,0.0,0.0,0.5649797213210307,0.31279807155309636,0.12222220708907545,0.20919989815132936,0.28851659822581566,0.05219838108811718,6.031593078483963,4.330733340286331,0.0,0.0,0.49440013052095805,0.44551868484175505,0.060081184615776655,0.012430380183083503,0.005700648570466384,0.009138010333186931,0.01131698687569887,-0.37836577514032066,-0.0009982477001170185,0.004774955741978071,02,Drosophila
355,1.0438659049114078,0.6403940886699507,4.330733340286331,0.5024630541871922,0.01842059174314412,0.010557419827609273,0.015095002045418604,0.020857066797053896,0.01855163769350125,0.0053252964220946095,0.017770888529495724,0.0,0.008013237943297256,0.007098508525647192,0.0037179509204954496,0.0,0.008349031832149696,0.010462558067714161,0.17761797039372693,0.19025244520967194,0.00895368806785078,6.076822577652269,4.330733340286331,0.0,0.0,0.6292982711366354,0.3554858265964849,0.01521590223526232,0.2082046184791345,0.26848634011219374,0.039171160758675265,5.554303635809548,4.330733340286331,0.0,0.0,0.7744152219318513,0.2076788589972245,0.01790591904864428,0.2642159340550998,0.3821992003060653,0.06767899501121583,5.188025111543149,4.330733340286331,0.0,0.0,0.5247860886289112,0.3959376506102404,0.07927626074740589,0.00992160924050896,0.00490042193813292,0.005245602995309223,0.016845912648487935,0.4297436658313144,0.003585413810033632,0.006744123946889867,02,Drosophila
360,1.0962472877861564,0.6945812807881774,4.330733340286331,0.5024630541871922,0.008810627656606227,0.0008610975983822335,0.008768447446920971,0.010117163464095838,0.01891666655577104,-0.010422773548824316,0.0157862619112998,0.0,0.010280527997967519,-0.0014287956452740545,0.010180756303980562,0.0,0.0034148596883922483,0.008346234040474026,0.17252412888775023,0.21716580339608468,0.03430877491849658,5.679894727307551,4.330733340286331,0.0,0.0,0.6799611973546752,0.319135859836596,0.0009029427764099912,0.21256799224687878,0.2948550049643028,0.05752420983361612,5.273252568598826,4.330733340286331,0.0,0.0,0.6457028445924453,0.323502138206208,0.030795017180725782,0.26932327395917727,0.35072428004781686,0.07088518028623704,5.445849766371502,4.330733340286331,0.0,0.0,0.6127144243111281,0.37224216065323784,0.015043415022740682,0.013762076649985105,0.00647693455063112,0.008914776567500796,0.010136115394781698,0.3460418868504171,0.0011720190916357607,0.007229777341711926,02,Drosophila
365,0.4603415466351994,0.019704433497536946,4.330733340286331,0.5024630541871922,0.011429499616910482,0.00572142963160809,0.009894377416670227,0.012896903481408983,0.02308257327255618,0.015005709090819087,0.017539494963214716,0.0,0.007723098809633861,0.0021252526461638488,0.0074249280409537655,0.0,0.0039459204616608835,0.007453663738888983,0.12948314844222966,0.14942094857978544,0.01856858083715756,6.801575682495295,4.330733340286331,0.0,0.0,0.7178695218940607,0.2761429148861268,0.005987563161369618,0.15598875145424346,0.20600914955014019,0.03609458696267757,6.348941999980752,4.330733340286331,0.0,0.0,0.5053681053081356,0.37449957595991157,0.12013231869294423,0.2005709779905894,0.26065198343038054,0.051971979058893156,6.336292567665098,4.330733340286331,0.0,0.0,0.5752490560543095,0.31392587404737743,0.1108250698750192,0.013100889828440654,0.005216803115207909,0.007410048760187875,0.010397816002204505,0.45710725716271916,-8.529979007400497e-05,0.006806612846852264,02,Drosophila
370,1.5829692582378119,0.9704433497536946,4.330733340286331,0.5024630541871922,0.008810627656606434,-0.0033861165473002253,0.008133964250687225,0.010117163464096059,0.007111975870516268,0.0005366276566154926,0.00709170159700484,0.0,0.008760532675127119,-0.005266359345257743,0.00700088508680055,0.0,-0.007451891032827124,0.00799120722127411,0.16295205667183607,0.1832994384076732,0.020015901687164453,6.18851485229336,4.330733340286331,0.0,0.0,0.5005239926701806,0.4015744552557351,0.0979015520369842,0.18528071055166878,0.22180020620207214,0.031494426255232216,6.127372735514436,4.330733340286331,0.0,0.0,0.5942507935874634,0.35045824881988913,0.05529095756433574,0.21999196298874835,0.27683894446722285,0.043226129894807966,6.155543202364173,4.330733340286331,0.0,0.0,0.5881984602311482,0.3326235612900206,0.07917797845893675,0.01079319256513257,0.004824227453604966,0.008639533390834054,0.0076800533375269275,0.6127550630481632,-0.005042972823959563,0.0037725415970882243,02,Drosophila
375,1.0016154485324225,0.6157635467980296,4.330733340286331,0.5024630541871922,0.009422476526103547,-0.005448505343790049,0.007687447782174761,0.01073087233775247,0.012725963990103386,-0.009450823358722245,0.008522446674496595,0.0,0.005386537803105744,-0.003935243553670103,0.0036781310033201847,0.0,-0.00477355363368989,0.005966363113604295,0.13244759799662995,0.14472318549884527,0.014570786289473395,6.897409568363239,4.330733340286331,0.0,0.0,0.6746524748547889,0.3212753254607629,0.004072199628125015,0.17763900811972516,0.24941424309544594,0.05654327591335671,5.775358326137146,4.330733340286331,0.0,0.0,0.8308559019388477,0.16436912737214412,0.004774970660233516,0.23126389936613267,0.32368994516812766,0.06935847354802278,5.6864926351407785,4.330733340286331,0.0,0.0,0.5680526928875568,0.41287402625453057,0.019073280840758145,0.009581643404265067,0.003586705808109372,0.006247873625227444,0.005020499019291924,0.871520357554481,-0.005443004548226939,0.003956824213665614,02,Drosophila
380,1.4361401467204555,0.916256157635468,4.330733340286331,0.5024630541871922,0.009812408524244056,-0.00395363024964421,0.008980655259821283,0.010117163464095972,0.007217538760310581,-0.0005633036434047252,0.0071955232444842095,0.0,0.007241784920851833,-0.006315523044790737,0.0035436728842535865,0.0,-0.006858237516155655,0.007153914891834857,0.15189081179341232,0.1728821650584472,0.019207641833465055,6.364047418634138,4.330733340286331,0.0,0.0,0.49684336309456834,0.327542954314254,0.17561368254851512,0.17031721950441767,0.21574717654076356,0.02927895850870339,6.210382019799025,4.330733340286331,0.0,0.0,0.5520837841995884,0.3250664888331379,0.12284972693379,0.218463075791857,0.3100832205115752,0.05759131683454706,5.815328785761392,4.330733340286331,0.0,0.0,0.6377245765447391,0.26462986076255274,0.09764556267311673,0.010374548614696657,0.003940446225425065,0.007439547378280357,0.007587872598071711,0.6442094021893634,-0.006278482647073905,0.003016992600516954,02,Drosophila
385,1.3127558410508027,0.8472906403940886,4.330733340286331,0.5024630541871922,0.01609020962350117,-0.011223027418865378,0.011529895978871862,0.018238975816023996,0.018619462113622334,-0.007924260592901475,0.016849049333906237,0.0,0.008278780354672645,-0.005911772770309332,0.005795614451733556,0.0,-0.0065488413160953735,0.007442211239824031,0.14497243129615212,0.19831963071739878,0.03830684544909334,5.9522380484738315,4.330733340286331,0.0,0.0,0.7191880928782297,0.2773353680176391,0.0034765390596560508,0.17305664527408776,0.21956808825373295,0.04551071275118419,6.15771660487685,4.330733340286331,0.0,0.0,0.7817587053241632,0.15391715974485456,0.06432413489975161,0.21275005032724933,0.28189965094635216,0.05438563380901104,6.1011974501919495,4.330733340286331,0.0,0.0,0.6141281331491785,0.35616628292230873,0.029705583907774745,0.009767947043868628,0.004325206670670074,0.0064180092043699,0.016662633440333623,0.10866157654592365,-0.005185061615769388,0.004266028138122225,02,Drosophila
390,0.46252918078411903,0.024630541871921183,4.330733340286331,0.5024630541871922,0.016090209623501203,-0.014891975115448068,0.006092940414043637,0.018238975816024044,0.018949955876652498,-0.018934284823297603,0.0007705101928713396,0.0,0.0073940590048982135,0.0011118902517272763,0.007309980070836733,0.0,-0.0037608565389025557,0.007668011999434446,0.15617626788310707,0.19348661837848052,0.03467689958414685,6.0262530622416834,4.330733340286331,0.0,0.0,0.8495432137337254,0.14824714940931272,0.0022096368178894567,0.17837378011187094,0.21327186956091845,0.038231048572105734,6.245000545056604,4.330733340286331,0.0,0.0,0.5765579116577473,0.3982424721520348,0.02519961616016887,0.20997092836956116,0.2617785499165408,0.04268349940380736,6.323354178803209,4.330733340286331,0.0,0.0,0.5885394583560889,0.3776949769443006,0.03376556467782868,0.009622402091858193,0.005263078254911669,0.005295410426559223,0.014700381253072357,0.41567760323404085,-0.0003178873132719457,0.007151868460709019,02,Drosophila
395,1.4473903260294827,0.9261083743842364,4.330733340286331,0.5024630541871922,0.01930603234756494,-0.012444673718477173,0.01475984353053471,0.020857066797053316,0.03360880124371833,-0.013341216070180248,0.03084742249862259,0.0,0.015184692165217529,-0.014030015559058223,0.0058080581578529985,0.0,-0.00782955611667394,0.0078439739884651,0.16384641402291292,0.1994775235769738,0.026560199278104057,5.934773426863937,4.330733340286331,0.0,0.0,0.6429099227730632,0.22291021671017497,0.13417986048046565,0.1821362083465694,0.21956808825373295,0.031064753122364657,6.15771660487685,4.330733340286331,0.0,0.0,0.6273930889133483,0.26525072144290546,0.10735618961445388,0.22156615354278716,0.28929161638689666,0.047414661798347586,6.023545232092423,4.330733340286331,0.0,0.0,0.5619991070977597,0.34142416568118333,0.09657672720157881,0.010757047021029354,0.0041199640940626355,0.006945764363094532,0.01575486326999194,0.6441351869914059,-0.00488651181609759,0.0035534101013685307,02,Drosophila
396,0.5504660051526263,0.11822660098522167,4.330733340286331,0.5024630541871922,0.016090209623501203,-0.00585510803501464,0.014987079623012541,0.018238975816024044,0.01965524859306464,-0.014990569431176333,0.012712656110516446,0.0,0.00788574735019025,0.006398424444584743,0.004609248951615977,0.0,0.0008333605676649104,0.007361544890734916,0.1399356802949965,0.17570836373712775,0.027205405202660102,6.315401336127957,4.330733340286331,0.0,0.0,0.5494381213628503,0.423402731085616,0.02715914750232632,0.16213792784336176,0.20426274922867776,0.03485136052045682,6.374482294714382,4.330733340286331,0.0,0.0,0.48473298811091736,0.45114601285005634,0.06412099900266709,0.20495763075454732,0.29409464818753933,0.05239663554173655,5.974145985480717,4.330733340286331,0.0,0.0,0.6221425242741724,0.34748534659157543,0.030372129111907318,0.01283789539122199,0.004955544752576955,0.008086350832630247,0.011760522590457614,0.7146740459600369,0.001574496631350097,0.004487360359688205,02,Drosophila
401,1.2098292321228872,0.7783251231527094,4.330733340286331,0.5024630541871922,0.007296261851188918,-0.00345731506304201,0.006425138874450696,0.007998320001695312,0.014847217644969105,0.0018329400861146524,0.014733641859289099,0.0,0.005129783867385211,-0.004431493406265929,0.0025839018395262562,0.0,-0.006127463504541631,0.006425261754374222,0.1255774814483727,0.15230447907148467,0.01897505891627703,6.7442331183345186,4.330733340286331,0.0,0.0,0.5502426886033226,0.43598285229059847,0.013774459044081653,0.15432585217559572,0.21669395970249936,0.04004861353108049,6.1972456468444985,4.330733340286331,0.0,0.0,0.6828066420719143,0.30563141222142015,0.011561945667326965,0.20795152424765045,0.2776696016099761,0.06176400838017636,6.146555159493464,4.330733340286331,0.0,0.0,0.5878803342048402,0.40144204806969896,0.010677617704210907,0.011041666208187249,0.00399855802202897,0.006068716899502911,0.006297883467221614,0.569135315687618,-0.006117985920710601,0.004760342891813464,02,Drosophila
406,1.299933981660577,0.8423645320197044,4.330733340286331,0.5024630541871922,0.00406082302984141,-0.0010758814739826887,0.003915707181803971,0.005058581732047764,0.008140890607657788,0.005419283316277239,0.006074987096592878,0.0,0.006231531527973778,-0.002387231994686947,0.005756136602589812,0.0,-0.004591646506507681,0.006331652521448628,0.15344495960205748,0.20075623874539603,0.04372279030409375,5.915603836896725,4.330733340286331,0.0,0.0,0.5889765991652045,0.4104274696915927,0.0005959311039209684,0.1856189245906143,0.24170282535829532,0.05219420378788744,5.86957681781027,4.330733340286331,0.0,0.0,0.6962315676026125,0.30003617872532984,0.0037322536451606,0.23912182105355795,0.30892572678058927,0.0664866504482971,5.826548285108886,4.330733340286331,0.0,0.0,0.6151618048460478,0.36554707331771247,0.019291121820005964,0.008231136032230106,0.003161536330019428,0.005361296507783879,0.005389229794106456,0.3718198672877174,-0.004150787264998335,0.003167988592926576,02,Drosophila
411,0.7655166059943689,0.2857142857142857,4.330733340286331,0.5024630541871922,0.00662626111238202,-0.00032248757496056233,0.00661840903038353,0.007998320001695479,0.0035460532027222044,1.265016615639621e-05,0.00354603063859192,0.0,0.005994389931515063,-0.003049963333904271,0.005160468419910028,0.0,-0.005861913433334904,0.00722116356601351,0.16558798154457866,0.18361327768355312,0.01515928967845242,6.183382743125106,4.330733340286331,0.0,0.0,0.670373604698706,0.21796960427535075,0.11165679098977581,0.17933426786859985,0.20126545006114888,0.020542913565298405,6.418829697731604,4.330733340286331,0.0,0.0,0.6279008095123445,0.30781375866363675,0.06428543179332769,0.21018863932220375,0.27665401529196526,0.03859881914899231,6.157547880243479,4.330733340286331,0.0,0.0,0.5065824687610945,0.42496894306567706,0.06844858815133188,0.007591262583355111,0.005170836875977464,0.0038254565350344365,0.004594685031679767,0.7383151284538045,-0.0028869676747091807,0.006413607229279423,02,Drosophila
416,1.131135406687012,0.7241379310344828,4.330733340286331,0.5024630541871922,0.005081179425225885,-0.0006577188871181622,0.005038431325012469,0.005058581732047587,0.020323694180077435,0.016333903623739224,0.012093640375656621,0.0,0.005204919200073527,-0.004390025024070168,0.0027962231969804845,0.0,-0.008412327992758227,0.008484756188600492,0.12163900812780674,0.18228450292891432,0.046807566222348676,6.205172117090612,4.330733340286331,0.0,0.0,0.9024324104327409,0.09454770393194178,0.003019885576448718,0.1541004044046264,0.20466949172230417,0.05381999225844566,6.368514421502443,4.330733340286331,0.0,0.0,0.6637622090698473,0.31577994632023226,0.020457844572387907,0.1941955973606818,0.2818996509463523,0.05879909390720868,6.101197450191948,4.330733340286331,0.0,0.0,0.5345874365738486,0.4482674550033536,0.017145108398507913,0.011291370814275998,0.004610050942073426,0.006735507258489821,0.008992331582064464,-0.141370005988954,-0.006641970548319326,0.005439985333902008,02,Drosophila
417,1.0809399064130019,0.6650246305418719,4.330733340286331,0.5024630541871922,0.016090209623501106,-0.012583551140310251,0.010027416737495465,0.018238975816023933,0.01823812464827086,-0.012529004496624228,0.013253423595789689,0.0,0.005401961000544446,-0.0013494619167946141,0.0052306916546977,0.0,-0.007140792893807069,0.008058525163888552,0.1226136871833801,0.17820285683036105,0.044861882676335015,6.273110485926311,4.330733340286331,0.0,0.0,0.8857825154405419,0.11163913937304457,0.0025783451277512984,0.15361800723567626,0.2079563200440811,0.051710636669654385,6.320719575688907,4.330733340286331,0.0,0.0,0.5952289428054447,0.32879459759942464,0.0759764595570681,0.1972855062464612,0.2777617435078531,0.05907664978141513,6.145559804447035,4.330733340286331,0.0,0.0,0.5755563146183702,0.3941583780406087,0.03028530731744261,0.009737452826103665,0.005123882391694906,0.005149745890131116,0.012651511900539831,0.7564158367901158,-0.00538507569957524,0.005399064996015133,02,Drosophila
422,1.0882544460394739,0.6748768472906403,4.330733340286331,0.5024630541871922,0.007296261851188918,-0.002247897515730108,0.006941353885222187,0.007998320001695312,0.01790505232058394,0.011311618520245051,0.01387941587586803,0.0,0.006701520519288326,-0.006444581332785486,0.0018378652604462908,0.0,-0.005025218771561197,0.005142200318067682,0.15237171838453123,0.1849325051886605,0.030294987213086266,6.161905360383354,4.330733340286331,0.0,0.0,0.5560360938130864,0.44374200042136325,0.00022190572411666135,0.18233246005334855,0.23732243331956276,0.04401741306820082,5.924444665311276,4.330733340286331,0.0,0.0,0.5798690120303608,0.4157127856152546,0.004418202325961555,0.26022761614292067,0.3768728264952336,0.0892503810351925,5.230127529057895,4.330733340286331,0.0,0.0,0.6496260408625376,0.337711004812444,0.012662954311805691,0.008353634461442268,0.0031361802462177143,0.006031003581982438,0.005329546560936316,0.6954444910273154,-0.004454900841468139,0.0030610234131541636,02,Drosophila
425,1.537818846341396,0.9605911330049262,4.330733340286331,0.5024630541871922,0.007296261851189038,-0.003784601543133141,0.006237966668781641,0.007998320001695479,0.01586709306381211,-0.012081488568170484,0.010286023345921411,0.0,0.007924019009350348,0.004412066296986543,0.00658207780655479,0.0,-0.0023530520164694573,0.0050360489619794635,0.15978423426283622,0.224893643584765,0.04894281400045665,5.574995339716899,4.330733340286331,0.0,0.0,0.8281044356707501,0.12374271796310957,0.048152846330332046,0.2030951764212451,0.28205846127295037,0.06579787958085037,5.406360672543086,4.330733340286331,0.0,0.0,0.6802238997036197,0.2654042681203333,0.05437183215410616,0.2605739271109583,0.33528133182624154,0.07463592777796031,5.580941002245427,4.330733340286331,0.0,0.0,0.5168769073940284,0.3563526504149054,0.1267704421774551,0.01202354047369678,0.00689164272487513,0.008871295918894663,0.007621521865570205,0.5704527690389141,-0.0013990280409187856,0.005686251760948823,02,Drosophila
430,0.9003506866980776,0.4827586206896552,4.330733340286331,0.5024630541871922,0.008924351311727948,-0.004251932087417692,0.007846344362767172,0.00715391489183498,0.007976649433292444,0.0027416625942546856,0.007490675697219133,0.0,0.014727538313969023,-0.007633545723802916,0.012594814983636548,0.0,-0.007671185173643874,0.01034229478425359,0.12272112631345682,0.1683071561097979,0.03263459804092085,6.444506264637226,4.330733340286331,0.0,0.0,0.6942327442010996,0.27765302019062216,0.028114235546264698,0.16091443450721096,0.22842171305738254,0.05356174754775187,6.039123131730199,4.330733340286331,0.0,0.0,0.7277992334655561,0.2516144025515946,0.02058636394808161,0.22933337851004967,0.31611076838815805,0.07855337477333005,5.757572874793293,4.330733340286331,0.0,0.0,0.6510272677978549,0.3213731339641941,0.027599598220933934,0.0069283165598995776,0.002938939066739993,0.005456209453035052,0.004663781916946453,0.9001619548901018,-0.003886012637709673,0.001333776529649394,02,Drosophila
435,0.8066545064714429,0.3497536945812808,4.330733340286331,0.5024630541871922,0.006198703557968209,-0.0027731444280587325,0.005543788937242699,0.005058581732047941,0.0037700416051853584,0.00014936583211638054,0.0037670815697333627,0.0,0.015470560706296,-0.008509399060708208,0.012920076477823499,0.0,-0.0036798213766935334,0.00988978244008211,0.1629815660033158,0.21845811874531615,0.03949169466807263,5.662095165697136,4.330733340286331,0.0,0.0,0.9090110444595964,0.09009562686768524,0.000893328637159894,0.18799397319349456,0.22715792059803605,0.04330438767447261,6.055767366120335,4.330733340286331,0.0,0.0,0.7839069329453405,0.18383944874157182,0.03225361828621836,0.22056582957482873,0.2735846372403603,0.04627673258902716,6.191017828687859,4.330733340286331,0.0,0.0,0.5647586385546205,0.4098223615378869,0.025418999887804106,0.006371718433260685,0.0023008505633473385,0.004821433772113744,0.0026040643275559864,0.9182865793023276,-0.0024623078136715867,0.0015157044390549292,02,Drosophila
440,0.6547587184446148,0.19704433497536947,4.330733340286331,0.5024630541871922,0.01863997785410829,-0.017163122679625824,0.00727158815430035,0.021161565630799815,0.018238124648270855,-0.017864914443367484,0.00367069783788107,0.0,0.004414467269982934,-0.0016237480068284496,0.004104992532035986,0.0,-0.005626453507907035,0.006849352044024465,0.17086174568833612,0.20126545006114888,0.04093199326512981,5.9080040739657464,4.330733340286331,0.0,0.0,0.756725471004417,0.2145217669373502,0.028752762025838124,0.18424784506141006,0.20672214700771685,0.035725803436353315,6.338576929446382,4.330733340286331,0.0,0.0,0.5996789141049917,0.35215811026553706,0.04816297560108124,0.22619940879413614,0.3036202727522651,0.054077558126364646,5.8785174763893835,4.330733340286331,0.0,0.0,0.5148708317081754,0.32719779274357835,0.15793137552975875,0.00757245852920526,0.004759713575320371,0.0033024277158084183,0.015835865671636726,0.873823025562566,-0.002558753542102338,0.006895143154045151,02,Drosophila
441,0.5191581584914967,0.07389162561576355,4.330733340286331,0.5024630541871922,0.006626261112381596,0.003998934718156294,0.005283545916274867,0.007998320001695031,0.01788391920458037,0.015307017630585144,0.009248231040199752,0.0,0.006768339008194178,-0.001621271654038105,0.00657129295904965,0.0,-0.0029235623142499015,0.007998320001695421,0.1325306731149685,0.1641118055462443,0.023053951947432684,6.520234315348877,4.330733340286331,0.0,0.0,0.8021299662835456,0.14365504344882396,0.05421499021236917,0.15410789906882036,0.2078640112491013,0.03464496147937609,6.322051527826006,4.330733340286331,0.0,0.0,0.6273004772339738,0.2662501363005032,0.10644938642544213,0.19815833669624067,0.26541891960049224,0.05176070698660551,6.281922710468235,4.330733340286331,0.0,0.0,0.4817574738091359,0.38016366898670373,0.13807885718032006,0.012822323832042057,0.005216040889937868,0.006932776020104251,0.007655023222052299,0.3632184693354498,-0.003562886037910817,0.009540578265608458,02,Drosophila
442,0.53603755124543,0.09852216748768473,4.330733340286331,0.5024630541871922,0.011701975568981468,0.0025490520160378442,0.011420970450735462,0.012896903481407561,0.018916666555771088,0.012370278212074655,0.014311411200091327,0.0,0.007255175682103029,-0.00021568865584578871,0.0072519688762375835,0.0,0.002118225383934142,0.007130028631855963,0.11877296244480962,0.14942094857978544,0.022269146844933006,6.801575682495295,4.330733340286331,0.0,0.0,0.7466535355182288,0.19121714912891402,0.062129315284377686,0.15774989371314835,0.22676330423250776,0.051194286144748906,6.060983466756143,4.330733340286331,0.0,0.0,0.5828175547360366,0.2722775356642465,0.14490490956336113,0.20841833008825134,0.29359391296047765,0.0648569399265332,5.979258237595043,4.330733340286331,0.0,0.0,0.45495088496760605,0.3616347933940513,0.1834143216173539,0.013569400177855582,0.005283126629044524,0.00878548263890588,0.013973044440519687,0.09179761151137494,-0.0022372838579093847,0.00883346004617858,02,Drosophila
445,1.1904099939058363,0.7635467980295566,4.330733340286331,0.5024630541871922,0.009422476526103792,-0.005858173016232448,0.0073800320322382745,0.01073087233775272,0.0036511403428830694,0.00014515975125170376,0.0036482536164642995,0.0,0.0025333961206799394,-0.002147582644514845,0.0013438692976829223,0.0,-0.00683749579206797,0.007559717129556168,0.14636048108037697,0.1538507570807594,0.0095204177842261,6.713929057366683,4.330733340286331,0.0,0.0,0.6123082148005872,0.30761570137849137,0.08007608377443604,0.16929958537353698,0.20666024488115797,0.02910622786235868,6.339475402069732,4.330733340286331,0.0,0.0,0.7528165300063001,0.19152279738339106,0.05566067257642144,0.20036933302430807,0.24143800351328995,0.037961263781222485,6.566012752153887,4.330733340286331,0.0,0.0,0.5081723811824441,0.456104087807063,0.035723530986447954,0.009043678082762274,0.003963796479610814,0.005269638686896017,0.005598824001187105,0.858007020936038,-0.004993127298229939,0.0038437478122108184,02,Drosophila
450,0.887604280893002,0.4729064039408867,4.330733340286331,0.5024630541871922,0.005503939640429249,-0.0008119743363241835,0.0054437164917581216,0.00357695744591749,0.004986471320331279,0.00028969068358908627,0.004978049370619787,0.0,0.012734485612753414,-0.0025173033514582156,0.012483201018094714,0.0,0.0011240360306606883,0.009742057370475957,0.1328543347959226,0.1458240927802426,0.009345600819465054,6.874674971304265,4.330733340286331,0.0,0.0,0.5791947896087611,0.30174530607990957,0.11905990425495197,0.16487241859631646,0.22386724735948935,0.04047538625346553,6.099544057927822,4.330733340286331,0.0,0.0,0.47917148493235046,0.4028022979302134,0.11802621710273946,0.2229020185441442,0.30826235041061795,0.06636238014278906,5.832997307537462,4.330733340286331,0.0,0.0,0.5736159347980214,0.3632226246243789,0.06316144055911181,0.008509665952205966,0.004746868339767083,0.007261192228038968,0.0025292908660238755,0.9585967462842876,-0.0014561863981625185,0.004573350525949535,02,Drosophila
455,0.5483962691456821,0.10837438423645321,4.330733340286331,0.5024630541871922,0.016090209623501203,-0.002375949527186975,0.01591382133783306,0.018238975816024044,0.019968606751139026,-0.011847123663255734,0.016074542497040503,0.0,0.005342596957859094,0.00487482093847176,0.0021861983148750612,0.0,0.0015007684177582032,0.005708208467171591,0.12631240414153852,0.17848981813835071,0.03830392080894002,6.268283450385854,4.330733340286331,0.0,0.0,0.6764723450752883,0.3233494675336921,0.00017818733362103253,0.16925869913189723,0.24357478139299582,0.060712996806612816,5.846431731859313,4.330733340286331,0.0,0.0,0.8033754650919218,0.19016118332064158,0.006463351556509888,0.23935230532364252,0.33725985890177984,0.08360256164137281,5.563289746287552,4.330733340286331,0.0,0.0,0.6641087804505593,0.32297413849420237,0.012917081039680896,0.012485561670621528,0.004200853672878486,0.008368267983358678,0.013950134039078058,0.4987720835973896,0.0017815361104944777,0.004111463573911725,02,Drosophila
460,0.6443177917619467,0.18226600985221675,4.330733340286331,0.5024630541871922,0.007085909049202942,0.0010593172900708562,0.007006279607076289,0.0079983200016952,0.0037700416051858606,0.0009321000837203418,0.0036529991977498314,0.0,0.0053865378031056985,-0.002456866949894178,0.004793599304781788,0.0,-0.006505809695374913,0.0076680119994344716,0.12906577318182544,0.14652433254684774,0.01372158433581223,6.860303603891233,4.330733340286331,0.0,0.0,0.4478534189550957,0.3860408747594461,0.16610570622609802,0.1735881383592892,0.2540647180447669,0.05622570832600539,5.719936659273156,4.330733340286331,0.0,0.0,0.5277807051500052,0.4123915358114412,0.05982775900851834,0.220811767154614,0.27530956385878136,0.061788629768808424,6.172162475946092,4.330733340286331,0.0,0.0,0.5325519048770675,0.3753110533579924,0.09213704174591991,0.006912291579349179,0.0041470138632715625,0.004451120547496561,0.005734299010747165,0.5887780418499639,-0.0013286307397652383,0.005457443056804069,02,Drosophila
465,0.8932718603522332,0.47783251231527096,4.330733340286331,0.5024630541871922,0.008810627656606227,0.001282125245971062,0.008716840858762892,0.010117163464095838,0.02052888769973427,-0.007678456998219913,0.019038816358029946,0.0,0.007447228710236662,0.006315952895889111,0.003945878163284211,0.0,0.008421744415192944,0.010476136993698282,0.16257147748894848,0.19025244520967194,0.02165826465476076,6.076822577652269,4.330733340286331,0.0,0.0,0.6171628255207423,0.36611335157945324,0.01672382286262779,0.2034997238986596,0.2871831296883623,0.05470727927322772,5.352343464910402,4.330733340286331,0.0,0.0,0.7195324939607131,0.2714185939279472,0.009048912088819845,0.2712799813541525,0.35971104830883505,0.07950545464089451,5.369947733200807,4.330733340286331,0.0,0.0,0.5672758615248352,0.4060588689139016,0.02666526954874965,0.011143042509846693,0.004435129060542407,0.006947080006933311,0.005096379879571952,0.8161986315590319,0.0046228937900862225,0.0066837920991405855,02,Drosophila
470,1.1079226990233615,0.7093596059113301,4.330733340286331,0.5024630541871922,0.012937488736782196,0.012245303743994075,0.004175062997332003,0.01430782978366996,0.020765464714534165,0.007489422652255595,0.019367836047076717,0.0,0.012382980359797268,0.012299965047137507,0.00143145465534906,0.0,0.007026873650497786,0.012468717046025948,0.163370650416529,0.179169509252801,0.01663833828787003,6.256881115026352,4.330733340286331,0.0,0.0,0.7201782023357991,0.2794617535754681,0.0003600440516501989,0.19215837168105804,0.25201689698312746,0.038992923723829634,5.744215338966483,4.330733340286331,0.0,0.0,0.7654417194517574,0.21010202000796607,0.024456260514265644,0.24725562115768426,0.336975211340389,0.06348416861993031,5.565822817533987,4.330733340286331,0.0,0.0,0.5290448277424632,0.4161447072244915,0.05481046501769983,0.008750191774439963,0.006485917818228514,0.005320050429344283,0.010453042323983336,0.627762984621094,0.004650713039274579,0.003930097692242191,02,Drosophila
475,1.253711323806951,0.8177339901477833,4.330733340286331,0.5024630541871922,0.00881062765660682,0.0011473863802954059,0.008735597529515518,0.010117163464096503,0.007873259540582243,0.007253557644568743,0.0030617180291933567,0.0,0.012533237746138345,0.0007739620336359332,0.012509317774032167,0.0,-0.0003240021540521867,0.010878237955757918,0.1531694796867413,0.1926250535437225,0.03891294968189923,6.03964141064809,4.330733340286331,0.0,0.0,0.6423825532302517,0.286234864154092,0.07138258257561649,0.1791250955179414,0.21936404219335887,0.04381498987309865,6.160505820715462,4.330733340286331,0.0,0.0,0.6225821047060058,0.25572344065422864,0.12169445461035856,0.2286689369242243,0.3762782421168669,0.06896832891494503,5.234864303869697,4.330733340286331,0.0,0.0,0.5164817185925165,0.40662416809450674,0.07689411329544715,0.013536460397295096,0.006345788211477435,0.008523858541370579,0.011373374802658511,0.13934432877802894,0.0006023647689407563,0.007536519385783991,02,Drosophila
480,0.5188780653629331,0.06896551724137931,4.330733340286331,0.5024630541871922,0.006626261112382075,0.0019355094956160946,0.006337281698161039,0.007998320001695536,0.010685277599991641,-0.0011051699299149554,0.01062797049369704,0.0,0.007239521699125736,-0.0003666653931352802,0.007230230350520607,0.0,-0.003344095862306411,0.007369265443345234,0.16043102904669618,0.20072437014629887,0.037747488405518746,5.916080102974653,4.330733340286331,0.0,0.0,0.6454296783842467,0.2305069640511408,0.12406335752779772,0.18020169504583256,0.2177835468547491,0.03829321397763097,6.182198753692798,4.330733340286331,0.0,0.0,0.5393948253630853,0.34463441792885635,0.11597075667859397,0.22379989356298285,0.2938770420547569,0.05394647414055659,5.976366563236282,4.330733340286331,0.0,0.0,0.48522320581946154,0.45606466500811516,0.058712129153554164,0.009891833188314266,0.005994178864435778,0.006076449299558863,0.008101630949605748,0.1886809018030848,-0.004851126475887492,0.008427021894723856,02,Drosophila
485,0.5920285756923256,0.1477832512315271,4.330733340286331,0.5024630541871922,0.016623884041761704,-0.0024882864213365205,0.016436604008107383,0.018586416098522428,0.021187621634939098,-0.0017052169151664876,0.021118890733596057,0.0,0.008008832081133394,0.006219577659310305,0.005045616418595413,0.0,0.0032314335585551103,0.005693245902859258,0.1703380718563208,0.17848981813835071,0.00962871605163196,6.268283450385854,4.330733340286331,0.0,0.0,0.6318649430671697,0.2982262657013616,0.06990879119711368,0.18126639164318678,0.20600914955014019,0.016206801729915697,6.348941999980752,4.330733340286331,0.0,0.0,0.5080082516889994,0.44784814518572047,0.04414360309508707,0.21025500984448864,0.27358463724036064,0.0341714414387545,6.191017828687856,4.330733340286331,0.0,0.0,0.5167782983632538,0.4215420170944009,0.06167968452030652,0.012655971030561142,0.004842236285434442,0.008235866840396818,0.013118220171395654,0.6284883828431395,0.0011268056914151775,0.004036281955538039,02,Drosophila
490,0.46711427283890933,0.029556650246305417,4.330733340286331,0.5024630541871922,0.01770349718252076,0.008166791651797673,0.015707238032437416,0.019262505354372125,0.01272596399010304,0.003044241760090262,0.012356486215082419,0.0,0.006701520519288333,-0.0005100604830849566,0.006682081679689175,0.0,0.0005378128050778906,0.006259391638406335,0.11844014213437815,0.15343438079069407,0.024935474002486094,6.722059158568456,4.330733340286331,0.0,0.0,0.7140997889291534,0.2507080305671505,0.035192180435435885,0.1459000918596987,0.2100682273491149,0.04141665422393789,6.290406639002571,4.330733340286331,0.0,0.0,0.653557115527389,0.3137930782384534,0.03264980619068346,0.19456879451145317,0.25937258141244657,0.057718624531389165,6.3510542310834985,4.330733340286331,0.0,0.0,0.5727712327212077,0.4092388372245868,0.01798993002992687,0.010733232389224792,0.004376770666803076,0.006548040418024003,0.013166896480271901,0.788985548498564,-0.0007085156977002889,0.006922620457638756,02,Drosophila
495,1.2984205528124317,0.8374384236453202,4.330733340286331,0.5024630541871922,0.017232631282013713,-0.014927381149735183,0.00861027716815018,0.015996640003391013,0.01792967614052888,-0.013214801782217662,0.012117850484345292,0.0,0.012957725308878315,0.0025102441768486954,0.01271225075873438,0.0,-0.004147345831983835,0.011298757485166191,0.1456147120538569,0.19345355222112023,0.03382750186221824,6.026765795112788,4.330733340286331,0.0,0.0,0.8529214221929705,0.13588005675429932,0.011198521007983285,0.18707736598333616,0.2629246214244538,0.05779162740395761,5.617101607694585,4.330733340286331,0.0,0.0,0.6702848720790902,0.3038119061309087,0.02590322176391719,0.2369646411900373,0.3241639270378849,0.06631018127174416,5.682102923435902,4.330733340286331,0.0,0.0,0.5549006117660206,0.31552275036205935,0.12957663785540474,0.011090041551231599,0.005756113679661517,0.00640080035402549,0.012182678072201454,0.8590736998795373,-0.0035943276310519113,0.005695562983189652,02,Drosophila
498,0.5843841108862579,0.14285714285714285,4.330733340286331,0.5024630541871922,0.016340912458069345,-0.002830698573122253,0.016093867327352043,0.01858641609852233,0.01861946211362221,-0.004546051416125965,0.01805596261412146,0.0,0.004424735153224282,0.004045359903530252,0.0017925803823227642,0.0,0.004027821588819131,0.006098336555967924,0.14956477495974732,0.19963781088574267,0.046496647907167385,5.932363787791833,4.330733340286331,0.0,0.0,0.9662856285926789,0.033171349290242756,0.0005430220763146011,0.19031760843946938,0.27582029963846105,0.06345060255798578,5.473455053130979,4.330733340286331,0.0,0.0,0.6221165495677748,0.37363425253173016,0.004249197875648362,0.26850489613104206,0.3788705491982125,0.09342785538447909,5.214267166239712,4.330733340286331,0.0,0.0,0.6475192863238987,0.3379163426014883,0.014564371062240214,0.011719928671410754,0.004126205704805458,0.00705140217258299,0.013200863102164694,0.6182826729722998,0.0020548841549178276,0.00474282118507751,02,Drosophila
503,0.9710901172809084,0.5862068965517241,4.330733340286331,0.5024630541871922,0.009844472465249497,-0.004830670373057178,0.008577777210089052,0.01131133262259802,0.0034193720790725106,-0.002618577985743028,0.0021988985305653945,0.0,0.0076298273712355515,-0.005729860848511829,0.0050381504911570976,0.0,-0.007796178147177615,0.007912544653611618,0.13592168318000097,0.18217918688569099,0.03343846786106454,6.206905887269871,4.330733340286331,0.0,0.0,0.7050400212021709,0.27856303644658575,0.016396942300204272,0.15552535668184655,0.1875772309403155,0.035357262321452136,6.630131772373264,4.330733340286331,0.0,0.0,0.6564416919784378,0.2841839207875089,0.059374387194742535,0.20341542979013524,0.2720604769842467,0.05614778959486416,6.207777779584221,4.330733340286331,0.0,0.0,0.5991527810020847,0.368451216828685,0.03239600214677381,0.00796753333397087,0.004589772819048409,0.00412213345602956,0.006898985679072512,0.8170187808497206,-0.003580185854449984,0.005147211415662102,02,Drosophila
508,0.6826126691665667,0.2315270935960591,4.330733340286331,0.5024630541871922,0.00881062765660618,0.002456719919957481,0.008461187088005903,0.010117163464095793,0.007111975870516149,-0.0033664032865894635,0.006264784888154069,0.0,0.01060178876773713,0.008125955595237235,0.00680931499785036,0.0,0.003645320982102174,0.006980924248393806,0.1578547420199546,0.1801664856010875,0.01780856390957084,6.240234095179932,4.330733340286331,0.0,0.0,0.7782001004402537,0.20092181597756997,0.020878083542549306,0.18596551693635738,0.23678269545158956,0.03749061883751603,5.931275278207257,4.330733340286331,0.0,0.0,0.6335483957846431,0.3356078484708441,0.03084375571672644,0.22687737405232342,0.28537306352814784,0.05014832976570503,6.064458972545256,4.330733340286331,0.0,0.0,0.571944903040153,0.39830427911513416,0.0297508178261903,0.01255748152930041,0.00517385553702131,0.008462300796481572,0.011960096265980843,0.04153663395930664,0.0012540383148327303,0.004975972356804288,02,Drosophila
511,0.9726603053358757,0.5911330049261084,4.330733340286331,0.5024630541871922,0.01740911452383857,-0.011920404274043667,0.012687837894908988,0.01788478722958726,0.04369516320277702,-0.0389739509600073,0.019755972106790008,0.0,0.008570258053823358,0.0031714600259474908,0.00796185684453955,0.0,0.0048512644182220534,0.007503089237612647,0.22525707590782548,0.26848634011219374,0.04689500345306735,5.043478012043692,4.330733340286331,0.0,0.0,0.6937870957030673,0.3038617187288888,0.0023511855491545374,0.25969544066278216,0.3241639270378852,0.05625063844546847,4.988955742876054,4.330733340286331,0.0,0.0,0.6137861503246167,0.29931182267413486,0.0869020269870852,0.34062125035758944,0.4392090101995246,0.091293577605527,4.770924714895362,4.330733340286331,0.0,0.0,0.6174308862272088,0.339686746333516,0.042882367431233734,0.012722664931853395,0.004019675558943821,0.008557804586450078,0.017995331279648065,0.17613102880345569,0.006328691862705923,0.004156172779454584,02,Drosophila
516,1.2131449722345338,0.7881773399014779,4.330733340286331,0.5024630541871922,0.01811525037050128,0.007707952325050906,0.016393589202511116,0.020548056132073247,0.023449641735969213,-0.002526592332855632,0.023313129964225403,0.0,0.008077789236618343,0.003353307832922051,0.007348877841472858,0.0,0.003972678248445979,0.010765262008157904,0.1656371166463385,0.18839397165757257,0.019815499706765275,6.106272033288124,4.330733340286331,0.0,0.0,0.7747690520973187,0.18822414660760056,0.03700680125914608,0.19415242205296493,0.25041256960684055,0.03909012781337128,5.763374241087689,4.330733340286331,0.0,0.0,0.6780564090502246,0.28951162560372057,0.032431965320559655,0.24052750615333734,0.310310078007626,0.05491507727863537,5.813134782312007,4.330733340286331,0.0,0.0,0.5707277361946969,0.3770760442941177,0.05219621949475686,0.011181437006663927,0.0059552626204885314,0.007165998802099786,0.011518691626652035,0.9507211840098317,0.004472258429859077,0.00471056814940046,02,Drosophila
521,1.3249413937532062,0.8620689655172413,4.330733340286331,0.5024630541871922,0.0181152503705015,0.00878113066205358,0.01584468492214021,0.02054805613207347,0.0051603945615903025,-0.004223821170255779,0.0029646259043916265,0.0,0.005070713721446156,0.0016303830744843638,0.00480145693256716,0.0,0.0041239354516381865,0.013126345424680969,0.15407765828224587,0.2167529963361241,0.04652875559757294,5.685602807041087,4.330733340286331,0.0,0.0,0.6636807943573209,0.2518890111350843,0.08443019446899229,0.18471856224074662,0.23780715001651365,0.052226157479135255,5.918323595833726,4.330733340286331,0.0,0.0,0.6911630732516308,0.21653693871318241,0.09229998800804867,0.23343034644551586,0.3154422217778481,0.06303991487975398,5.76392433100127,4.330733340286331,0.0,0.0,0.5623808115780198,0.3221077859814186,0.11551140242345709,0.012867449390157184,0.006915937596124176,0.009516987484002556,0.009597984002034356,0.9472421788520737,0.0026151050444097523,0.004410190883983525,02,Drosophila
522,1.1353530426854435,0.729064039408867,4.330733340286331,0.5024630541871922,0.003829161810334556,-0.0034574432372005623,0.0016457722902214363,0.0035769574459174275,0.011312746142056407,0.007322965877591126,0.008622783543047347,0.0,0.01104106083834029,0.0007093776395340516,0.011018248853627363,0.0,-0.0022403462838482477,0.007679127751101424,0.17979884432457297,0.21716580339608468,0.027007787642156205,5.679894727307551,4.330733340286331,0.0,0.0,0.674244338420103,0.3200522208835351,0.005703440666111078,0.20196346467415122,0.23537358472794942,0.03427197982586791,5.94918182694421,4.330733340286331,0.0,0.0,0.5397619644114675,0.35290630654258404,0.10733172902211835,0.24602687807270254,0.3554891093647509,0.05846630539191651,5.405367087691095,4.330733340286331,0.0,0.0,0.5414264089421212,0.4106973368677396,0.04787625417450107,0.012527559401207384,0.0050418802321013645,0.007839075113815305,0.006246887620103879,0.6178143436208083,-0.00501977451417173,0.0059064820069397745,02,Drosophila
527,1.0917738328642588,0.6847290640394089,4.330733340286331,0.5024630541871922,0.009854071302810337,-0.0047319160695187806,0.008643592514221164,0.007998320001695536,0.01079092928572665,0.003448863508157,0.010224944760322966,0.0,0.014917017599330616,-0.00814164462820123,0.012499241449256886,0.0,-0.006952772765683705,0.011706606912047387,0.1327456225341572,0.1541830485198746,0.01535026783964245,6.707456555416339,4.330733340286331,0.0,0.0,0.5492507795324271,0.2804644056410607,0.17028481477051194,0.17629450665944796,0.24325940605823887,0.054655414201421025,5.850318583526438,4.330733340286331,0.0,0.0,0.5341214148367758,0.3451189630416084,0.1207596220922618,0.24058666073693033,0.36687797763751434,0.08072151547570842,5.310763009617742,4.330733340286331,0.0,0.0,0.6132946131808554,0.29579187305972926,0.09091351374388683,0.00937654148597819,0.0026722824117214033,0.008562111991642503,0.004663781916946549,0.8809926080935226,-0.005827009942825074,0.00281784109714766,02,Drosophila
530,0.765717885086633,0.29064039408866993,4.330733340286331,0.5024630541871922,0.0028913162133554528,0.0005817112949162075,0.002832193746017215,0.00357695744591749,0.0073387765710219485,0.003751171813242653,0.006307642316025418,0.0,0.0030454082807455335,-0.0023661208583978847,0.0019172854977514235,0.0,-0.004987558930393976,0.006204643721108385,0.14365728248366313,0.15343438079069438,0.009920017256391347,6.722059158568451,4.330733340286331,0.0,0.0,0.6008222315705665,0.379037231729795,0.020140536651412973,0.17684561412630734,0.24061520354877106,0.04230245356756098,5.883106774242877,4.330733340286331,0.0,0.0,0.7371539642797423,0.2242613678718514,0.03858466781816194,0.24089781496517446,0.3469833096890952,0.07385045970345915,5.478020890182471,4.330733340286331,0.0,0.0,0.6977164636465555,0.24637815751023545,0.055905378827457296,0.008868930750568998,0.004006212139570268,0.007065867418156362,0.00542472455621301,0.7062907435719347,-0.003580028856017132,0.005193403242198472,02,Drosophila
533,0.5210222432044922,0.07881773399014778,4.330733340286331,0.5024630541871922,0.011429499616909677,0.0010514844114308582,0.011381029919363904,0.01289690348140815,0.007825080402556736,0.0010059379721205845,0.007760152840165162,0.0,0.010876688866104735,0.009191589310146011,0.005815242612622132,0.0,0.001272952105400513,0.006513162716683355,0.14070452722235358,0.1893085930968314,0.03449181335670088,6.091742771712283,4.330733340286331,0.0,0.0,0.65857101408305,0.31238313317242894,0.029045852696873656,0.16456520789798953,0.20107464693714439,0.039598177816926844,6.421675098521258,4.330733340286331,0.0,0.0,0.7716714606211252,0.2064163417167513,0.021912197627219177,0.224215259854012,0.3278921015530947,0.07003096248310264,5.647797143154853,4.330733340286331,0.0,0.0,0.6152733313974224,0.36739124941536455,0.01733541916908954,0.012302410336391803,0.004754272246587079,0.007558933943116756,0.009577967329564945,0.5557825785707765,0.0014465301327391583,0.0042980115252116615,02,Drosophila
536,0.9014956361242747,0.4975369458128079,4.330733340286331,0.5024630541871922,0.016340912458069384,-0.013458759316619074,0.009267535682132897,0.018586416098522365,0.01861946211362227,-0.011707504307325135,0.014478215093532025,0.0,0.0048477959605219756,-0.0002521670855803427,0.004841233049110846,0.0,-0.007003219684550239,0.007578499064415571,0.11801322846345996,0.13412398050045068,0.012297552983518482,7.125584325779473,4.330733340286331,0.0,0.0,0.5325710478743001,0.45428521541879757,0.013143736635871152,0.14613353955352315,0.2161027063230595,0.03982148253640398,6.205442388551802,4.330733340286331,0.0,0.0,0.7690136118241759,0.22318789033701308,0.0077984977952205315,0.2065790758859613,0.2818996509463523,0.06711172807465943,6.101197450191948,4.330733340286331,0.0,0.0,0.6117055013424334,0.3381701413342167,0.05012435730215401,0.009010932554506454,0.004130281198833394,0.005711366232320598,0.014735154527566824,0.4420941088848327,-0.004397004315008916,0.004999602051377289,02,Drosophila
541,1.0630818452412036,0.6551724137931034,4.330733340286331,0.5024630541871922,0.008810627656606434,-0.0034230862034286347,0.008118475260001395,0.010117163464096059,0.00996180660185371,-0.0059865400712825305,0.007962344425335085,0.0,0.005406392855583668,-0.0035755946837901756,0.004055145665220617,0.0,-0.006411011270295196,0.007548425536801692,0.15327619315780772,0.18217918688569099,0.02099729283704294,6.206905887269871,4.330733340286331,0.0,0.0,0.5971658795999165,0.40137582360180574,0.00145829675649713,0.16741074784924875,0.19229265458416006,0.023866868631874073,6.555648386715345,4.330733340286331,0.0,0.0,0.7542274889011696,0.24432451558625362,0.0014479954776068517,0.19873477657806699,0.25607118330799944,0.03861073588649802,6.389484533006078,4.330733340286331,0.0,0.0,0.532634046892755,0.44347307521340806,0.023892877869438684,0.008304233520438966,0.003025256796888564,0.006065132784062635,0.00772987042203515,0.5114570208181495,-0.004295565714011832,0.0031662565858045994,02,Drosophila
546,0.8597693039112394,0.43842364532019706,4.330733340286331,0.5024630541871922,0.003829161810334604,-0.00349815841614965,0.0015573592601729233,0.00357695744591749,0.003419372079072008,0.0012806594581042537,0.003170491565594418,0.0,0.014867669888919265,-0.0002113598117990604,0.014866167460237788,0.0,-0.003309803402146397,0.005632998218831825,0.1264664571103338,0.15095438502739614,0.017751526067674404,6.770945009524641,4.330733340286331,0.0,0.0,0.7283813607456229,0.21525250740600838,0.056366131787052506,0.1552461028131362,0.2369447459065923,0.045003010266842336,5.929222826347848,4.330733340286331,0.0,0.0,0.572172001507607,0.4002685510562821,0.027559447397835748,0.2285338910522967,0.3203524366618762,0.08063588742781465,5.717585666994745,4.330733340286331,0.0,0.0,0.5149077662297286,0.4613799294391039,0.02371230431414047,0.0066901410701536105,0.002658125057333879,0.0048657417014460426,0.0035769574459176357,0.6854790770382027,-0.0033568641766256293,0.0018315974880568056,02,Drosophila
551,0.6288988779131527,0.16748768472906403,4.330733340286331,0.5024630541871922,0.00729626185118911,0.0006486340984087485,0.007267373033462573,0.007998320001695536,0.01142363048966061,0.005744124914879062,0.009874429731714592,0.0,0.005615234240647783,-0.0007928724526716688,0.005558975521724996,0.0,-0.003518841135804402,0.006617102729149406,0.1313035204740177,0.15343438079069438,0.022293497703884446,6.722059158568451,4.330733340286331,0.0,0.0,0.6524318640143526,0.2627653813993342,0.08480275452993599,0.16280109334250356,0.21300173408890422,0.04230646263127649,6.248802828460994,4.330733340286331,0.0,0.0,0.6653228047274462,0.2678361684443484,0.06684102679286219,0.2136982186381518,0.33026379525832594,0.06539792320480602,5.626175785820209,4.330733340286331,0.0,0.0,0.6723309223506149,0.2879965667634801,0.039672510865882575,0.009056031450852032,0.005241751622769559,0.00614083234394698,0.0070548628319002755,0.4594806195923236,-0.0039247125597731535,0.006484121812517329,02,Drosophila
554,0.5639028651224691,0.12807881773399016,4.330733340286331,0.5024630541871922,0.01952353958111943,-0.017986427138839294,0.007593223067628291,0.022049846567637678,0.019526560902416844,-0.014619956830830281,0.012943857343947094,0.0,0.007887825155186849,0.004646301268007116,0.006374140742540433,0.0,-0.008221920213057692,0.01005514627448488,0.1376921125518709,0.20709317120156048,0.051363493017912966,5.822371742234294,4.330733340286331,0.0,0.0,0.7914939662739006,0.20845359235589833,5.244132389915694e-05,0.1716037637189562,0.22886937975445246,0.05765673985616305,6.033249409100436,4.330733340286331,0.0,0.0,0.558473680924534,0.4219981584454174,0.019528160599534886,0.24899832136633587,0.37457422900350396,0.09173359404937048,5.248480955110528,4.330733340286331,0.0,0.0,0.5476187274517752,0.4247041083581938,0.027677164175829567,0.008235114705135169,0.004757749879948035,0.004877838057754472,0.01665879368145313,0.6691322551310642,-0.002346441714247139,0.006519188796129951,02,Drosophila
559,0.8774160497202456,0.4630541871921182,4.330733340286331,0.5024630541871922,0.005981367911722841,-0.002472347859493637,0.005446490444042374,0.00715391489183498,0.0036511403428830815,0.0007769237035061987,0.0035675223001907915,0.0,0.005749884199629857,-0.0016173837302089547,0.005517720378780394,0.0,-0.006855355358818842,0.007173759354066663,0.16837529544989896,0.21264101963177615,0.03163271479844027,5.743061955326376,4.330733340286331,0.0,0.0,0.8908493397395952,0.09521276654246331,0.01393789368387089,0.1927919822594577,0.23732243331956276,0.03898252622580111,5.924444665311276,4.330733340286331,0.0,0.0,0.688982053129826,0.2729815317110421,0.038036415133284374,0.23189467768477495,0.29852061927006435,0.049454203907153944,5.929333909717098,4.330733340286331,0.0,0.0,0.5238638739220782,0.43920668471848867,0.03692944134164617,0.008670354244754448,0.0032492276197577173,0.006439186427077494,0.0026285161722440107,0.9130277218218837,-0.004029666476966574,0.0035574631475260286,02,Drosophila
564,0.865598580365625,0.4482758620689655,4.330733340286331,0.5024630541871922,0.008924351311727948,-0.003468993781965447,0.008222537836691626,0.00715391489183498,0.007976649433292444,0.002671811607942892,0.007515873795727699,0.0,0.01495718762350071,-0.0069856736411119955,0.013225650282102422,0.0,-0.006547154600885978,0.011458677087092622,0.12363514114237062,0.14082495547079532,0.021254178311293136,6.979325119521843,4.330733340286331,0.0,0.0,0.6077582359733196,0.37518243706994564,0.017059326893191847,0.15136483543873364,0.2232949886336832,0.04233848972478933,6.107222600417819,4.330733340286331,0.0,0.0,0.5515798962653541,0.4382402519302315,0.010179851763934947,0.2133954779619593,0.296261918831197,0.07010088151680535,5.952119157957195,4.330733340286331,0.0,0.0,0.5961262632525978,0.3667087355774253,0.03716500115015612,0.006304868813823023,0.002295986931184009,0.004993532434352954,0.005459988575800909,0.8388819894649646,-0.003449740263964984,0.0010006354422235138,02,Drosophila
567,1.129486151870336,0.7192118226600985,4.330733340286331,0.5024630541871922,0.012433181018733263,-0.008513774489505799,0.00906088484566653,0.01073087233775197,0.008133144808210938,-0.00022512549201704281,0.008130028473761493,0.0,0.020176853067340326,-0.016867882547340216,0.011071582455556029,0.0,-0.0058508732527114875,0.009370141783803862,0.15319261258212782,0.17686960471888824,0.024728665366773046,6.295639831705651,4.330733340286331,0.0,0.0,0.5630335737425011,0.4365366965787703,0.00042972963719948616,0.17928212591946135,0.22503582836446467,0.0374889976938204,6.083924869184186,4.330733340286331,0.0,0.0,0.5639447078399584,0.38944525588991785,0.04661003624031527,0.2396434282741931,0.3381312839071005,0.06791289880764324,5.5555482279261215,4.330733340286331,0.0,0.0,0.4904834852263276,0.4285068636234458,0.08100965113410824,0.00978821927068835,0.003278359473263894,0.00931950403666215,0.0036827030893209775,0.9833119805550384,-0.007060120190091525,0.002581813010138619,02,Drosophila
572,0.7321182969474875,0.2561576354679803,4.330733340286331,0.5024630541871922,0.005503939640429249,-0.00025110953705925087,0.005498208396003769,0.00357695744591749,0.007976649433292444,0.002482274467807868,0.007580583727399483,0.0,0.010976020905930316,-0.0010315234355661078,0.010927442259252495,0.0,0.0030543353764516017,0.006748989810990889,0.13879300676586523,0.15517565350453555,0.016678065415114636,6.688204954264232,4.330733340286331,0.0,0.0,0.7920019693951494,0.1877999106860801,0.02019811986759773,0.16007279529693658,0.2252631373399564,0.03590144183959114,6.0808960948086055,4.330733340286331,0.0,0.0,0.5344894210283636,0.3954131533134202,0.07009742562105828,0.2185291483140556,0.29156043223051303,0.06413376553008687,6.00010903293542,4.330733340286331,0.0,0.0,0.517155858539855,0.4547802741574862,0.02806386728337911,0.007616985941340632,0.004703561458271948,0.006372328875797192,0.0022903702918219753,0.9359663090238485,-0.0021959297715336903,0.004248498633246474,02,Drosophila
577,0.8165908389347581,0.37438423645320196,4.330733340286331,0.5024630541871922,0.00892435131172746,0.000995376398099959,0.008868668003778087,0.0071539148918344795,0.0003975361493979799,0.00039345640624502436,5.680709870186424e-05,0.0,0.013629737327953072,0.004067934811867732,0.013008522052692689,0.0,0.0007155363898790778,0.010568010988153909,0.13017176272204706,0.1458240927802426,0.011667732884206593,6.874674971304265,4.330733340286331,0.0,0.0,0.804269279066495,0.16923830265354167,0.0264924182214182,0.14996806787877165,0.18890264139355667,0.02652685501582216,6.609008476926125,4.330733340286331,0.0,0.0,0.6914824712703602,0.25121754645310185,0.057299982233423565,0.1978658273615495,0.2728587920010505,0.05354121263190512,6.198987682041317,4.330733340286331,0.0,0.0,0.6155617669552351,0.3342647453142294,0.05017348770673597,0.010219918639022045,0.004990086099164989,0.008501980397739016,0.002085706679705183,0.9725087719044441,-0.0007804535811620458,0.004906897713860106,02,Drosophila
580,0.8794118953686647,0.46798029556650245,4.330733340286331,0.5024630541871922,0.013116503541353209,0.00916535156645531,0.009382909773284962,0.011311332622597824,0.007217538760310718,0.0012911148885649461,0.007101118792212499,0.0,0.012407082866482495,0.006928482708322139,0.01029231910777375,0.0,0.0043668708854276055,0.005899269347142869,0.14665965641614645,0.19870634469670162,0.03680949994657209,5.946393885237725,4.330733340286331,0.0,0.0,0.7669234040957639,0.2262859586571721,0.006790637203327073,0.20066003761958076,0.3348995057920815,0.07950331666999616,4.891212237020944,4.330733340286331,0.0,0.0,0.8833858935111806,0.08979397769432575,0.0268201287730276,0.3003703608790667,0.4347585407685453,0.11644725862681479,4.801478535080965,4.330733340286331,0.0,0.0,0.7469423277380932,0.2204408110973257,0.03261686115494551,0.015791738177377494,0.008723435160230794,0.013516260779426439,0.004580740583643989,0.9412718185043099,0.0034229417482177366,0.009655112899057147,02,Drosophila
583,0.8477617752906859,0.43349753694581283,4.330733340286331,0.5024630541871922,0.006626261112382075,-0.0015825174949234506,0.006434514333477557,0.007998320001695536,0.003651140342882933,6.0045208785009e-05,0.003650646569626984,0.0,0.005760616513477098,-0.00041153396340595436,0.005745897876947382,0.0,-0.007450114748916655,0.007998320001695433,0.13874129460601983,0.1605253060541763,0.02277165192838623,6.586523324590336,4.330733340286331,0.0,0.0,0.712162683814951,0.28708250730045154,0.0007548088340099212,0.15475782586396214,0.18361327768355312,0.0265566729856161,6.6942083668909635,4.330733340286331,0.0,0.0,0.4388145150676209,0.33811317403927355,0.22307231085254617,0.20540001726816143,0.2753327996746527,0.05493705397162722,6.171909290022638,4.330733340286331,0.0,0.0,0.5041917157723045,0.37810759053448556,0.11770069367108958,0.007294062290815082,0.0036855188719677064,0.005058428900639868,0.002204984656763795,0.9641412713471598,-0.002438455094826723,0.004180231316845066,02,Drosophila
586,0.4902168341937083,0.04926108374384237,4.330733340286331,0.5024630541871922,0.017159326111828074,-0.014672768392706042,0.00889676010163651,0.019591802803650492,0.018949955876652474,-0.015733031377797538,0.010562790890305164,0.0,0.007963848029768296,0.001531720337447825,0.007815158875486351,0.0,-0.004428596525231078,0.007854840732057047,0.1320645455272884,0.17232621282540758,0.029535206941213737,6.373710325142778,4.330733340286331,0.0,0.0,0.5584134661431355,0.4240847624727395,0.017501771329520178,0.15236683990919878,0.19242568307090085,0.034330413645395325,6.553573697588207,4.330733340286331,0.0,0.0,0.7173815608363365,0.2677053653773705,0.014913073745299842,0.2243859094729211,0.34602326038167325,0.07920590043753722,5.4863329319121705,4.330733340286331,0.0,0.0,0.6625557643711332,0.3261598876949331,0.011284347916272986,0.009865187095796816,0.005454400021886928,0.006558331541601561,0.014542872623402717,0.5596361424285123,-0.0009939314619331003,0.008074935057393016,02,Drosophila
591,0.8203584109481675,0.3842364532019704,4.330733340286331,0.5024630541871922,0.012755961918987858,0.003581955963599567,0.012242718487064133,0.011311332622597347,0.004910047223968397,-0.0013320198836321467,0.004725916500659778,0.0,0.014296084775728201,-0.004549333538702061,0.013552918662356393,0.0,-0.0008982543852729417,0.00963641748153641,0.13449258286937707,0.1456045772368824,0.012003548027030483,6.879194408286053,4.330733340286331,0.0,0.0,0.5887687567779212,0.36152854155369113,0.049702701613540186,0.17116234690510654,0.23384658520442558,0.04611994086748911,5.968707904618858,4.330733340286331,0.0,0.0,0.8174667306748015,0.14945336811292365,0.03307990118045187,0.21539079582352957,0.2728118969604015,0.055541855827683416,6.199503323160155,4.330733340286331,0.0,0.0,0.5993161813310036,0.3558982882207136,0.044785530428071804,0.010544567693907022,0.003793511766282498,0.009999469497553553,0.006398656001356306,0.8692912482949819,0.0026126592570059836,0.0029128397273992905,02,Drosophila
596,0.7563159086988942,0.270935960591133,4.330733340286331,0.5024630541871922,0.020481441447761938,-0.014081712190018228,0.014872619997014402,0.018238975816024044,0.01895660672578317,-0.011772537601067218,0.014858004475280864,0.0,0.00945491052528115,0.0013285968557491575,0.009361098409693477,0.0,-0.000878280362300017,0.009373175664985462,0.14648847097692697,0.16519967980479136,0.014815085795106408,6.500413356821016,4.330733340286331,0.0,0.0,0.5768267590895364,0.3942305679362793,0.028942672928055354,0.17575644196034218,0.2576651060839107,0.0446588980944295,5.677721639405634,4.330733340286331,0.0,0.0,0.7153509640243219,0.25137876665188563,0.03327026929338331,0.2378088407245896,0.31024822423245124,0.0702248078950837,5.813732828701727,4.330733340286331,0.0,0.0,0.5673618842202058,0.4077034584868313,0.024934657276698618,0.007083073826605691,0.002605847206950908,0.006480020351228331,0.017931227382465838,0.5272416595421217,0.0004029865324212653,0.0017293678727931267,02,Drosophila
599,0.9583564693230596,0.5665024630541872,4.330733340286331,0.5024630541871922,0.0038291618103345085,-0.0030820687617631364,0.0022722967054256134,0.003576957445917365,0.019841951491782917,0.01785445107110908,0.008655727349659189,0.0,0.013012379841804981,-0.00915057265945609,0.0092514349779603,0.0,-0.009082689367335632,0.010720268706370377,0.16991286373228764,0.20798708053830184,0.027057625878755886,5.809450230576871,4.330733340286331,0.0,0.0,0.8119837338524962,0.17506730200191642,0.012948964111806455,0.19167985784415537,0.2368637345374553,0.03482537036426558,5.930248701231021,4.330733340286331,0.0,0.0,0.8050698810239942,0.13734841442572004,0.057581704523938064,0.22994031609003263,0.28893758031558425,0.046678497976506014,6.027218890747753,4.330733340286331,0.0,0.0,0.5705361590170712,0.38363001666952085,0.045833824295243165,0.010010289994453562,0.0018114972291780349,0.008905368467798384,0.007844880125358255,0.47545207399591916,-0.00540287925752168,0.0027202448890737917,02,Drosophila
602,0.9825162715271565,0.6059113300492611,4.330733340286331,0.5024630541871922,0.021839659172748722,-0.005204484779478245,0.02121047031449342,0.019591802803650426,0.018203533627870715,-0.013483751472262908,0.012229353326127583,0.0,0.015825015799094504,0.007389535514378143,0.013993780401426013,0.0,0.007093455848801034,0.009260260099878547,0.15358022728680773,0.19754393166637105,0.03215954498877129,5.963995130217935,4.330733340286331,0.0,0.0,0.7427247291724335,0.2513279089065453,0.005947361880405579,0.2041582181398402,0.3291772706043335,0.07364856945334856,4.942914483105268,4.330733340286331,0.0,0.0,0.8026162577477607,0.17530645197285963,0.022077290258150372,0.31147832249445095,0.4897297597276016,0.12458014853100079,4.444289745312013,4.330733340286331,0.0,0.0,0.8387367891847071,0.14425285915455613,0.017010351651850966,0.013763713600634542,0.008459323795071017,0.01328741694193341,0.019062196562444764,0.499941705429382,0.0064917899004993075,0.007011207103146961,02,Drosophila
607,0.9201996933405715,0.5221674876847291,4.330733340286331,0.5024630541871922,0.012433181018733263,0.005089215604725008,0.01134389151804673,0.01073087233775197,0.008187211513862935,0.0043465738749929326,0.006938135767045693,0.0,0.012648571664456322,0.003469731427018198,0.012163360102177754,0.0,0.00075624598049377,0.008142762907708172,0.13308269730414624,0.1456045772368824,0.01589492291263126,6.879194408286053,4.330733340286331,0.0,0.0,0.7777853522166946,0.17321597330974595,0.04899867441789151,0.15714598763434406,0.1998619971561401,0.03221315733388976,6.439822406777375,4.330733340286331,0.0,0.0,0.5702557269186309,0.4081757051471778,0.02156856789533006,0.20631326505446634,0.3231756803414019,0.05962901852034146,5.691262697868885,4.330733340286331,0.0,0.0,0.5654239667749382,0.3694492740764782,0.0651267591269015,0.013785602320243558,0.008638961462489776,0.013072485929802721,0.0021757782724498333,0.9866940516880973,0.005103387045021145,0.00737587574367119,02,Drosophila
608,0.44946480546915146,0.009852216748768473,4.330733340286331,0.5024630541871922,0.004060823029841445,0.0003045980772321654,0.00404938312475334,0.005058581732047852,0.007338776571021949,0.0014248105098030308,0.007199135821092384,0.0,0.00801323794329716,-0.004973308755231424,0.006283166587082963,0.0,0.0005355227131834834,0.008008977328210294,0.18884573378339564,0.20072437014629887,0.012048988676072774,5.916080102974653,4.330733340286331,0.0,0.0,0.6986719335402419,0.2850131955651575,0.016314870866673974,0.20125166592649468,0.2265092592485254,0.01832074409053343,6.064346277978735,4.330733340286331,0.0,0.0,0.544704776855706,0.3629296544070799,0.09236556871272707,0.23171806585440521,0.28687109515185355,0.03666190129539689,6.048752022744985,4.330733340286331,0.0,0.0,0.5016986712383259,0.3901791682366121,0.1081221605068926,0.010265334963913639,0.005151904968001658,0.006328808917067666,0.006614953970291258,0.2487627215278146,-0.004242407722555663,0.007864651537086053,02,Drosophila
611,0.9705932792852111,0.5812807881773399,4.330733340286331,0.5024630541871922,0.013116503541353209,0.0051487589021797335,0.012063703698183083,0.011311332622597824,0.008187211513863438,0.004211810265159752,0.007020761117075057,0.0,0.013880199155076179,0.0018477137868310512,0.013756666832722668,0.0,0.000769108726382267,0.009278664079808735,0.13934000083074824,0.16317356933636853,0.021713489470254338,6.53743469492922,4.330733340286331,0.0,0.0,0.6820052792335974,0.20134400590091459,0.11665071481520425,0.1664988169286883,0.23384658520442558,0.04089638673825721,5.968707904618858,4.330733340286331,0.0,0.0,0.4809094737918484,0.4368479845360559,0.08224254163807568,0.22510238546165923,0.3291772706043335,0.06871654584169591,5.636061663665114,4.330733340286331,0.0,0.0,0.626476347605364,0.27929674514139297,0.09422690723519034,0.014790975513562062,0.008776366655687167,0.013272822932189133,0.0030977360164204126,0.9725102931151338,0.0047887047700297695,0.0077874824043955735,02,Drosophila
614,0.9580435014294804,0.5615763546798029,4.330733340286331,0.5024630541871922,0.0165097503978584,0.009136836675028267,0.013751002646114353,0.014748173367856898,0.020934746906081256,0.018644936401971113,0.009519977656913443,0.0,0.015759562692032082,0.007806081878637265,0.013690467557687736,0.0,0.004443720885984815,0.008471341545920618,0.13571847012731056,0.14419176441841006,0.0111432824136391,6.908445792270528,4.330733340286331,0.0,0.0,0.7914287816768533,0.19300569314775537,0.015565525121464717,0.14989334491629308,0.19754393166637105,0.025581842633713183,6.474820753983792,4.330733340286331,0.0,0.0,0.7178525402982037,0.26509766305137455,0.017049796607173873,0.21198644312335305,0.3174234844619969,0.06782311804734784,5.7451405435035285,4.330733340286331,0.0,0.0,0.6033273027397982,0.31616066604606946,0.08051203119394597,0.014296704478123572,0.008777476725891816,0.012890317654485237,0.004917503476065628,0.9739644790494657,0.005057657755048656,0.007751190032995404,02,Drosophila
619,0.7993527836568662,0.33497536945812806,4.330733340286331,0.5024630541871922,0.004060823029841535,0.0006005220267748646,0.004016174420396803,0.005058581732047941,0.01785923229633785,0.012083256472436781,0.013150934994739785,0.0,0.005813547275951656,-0.0055702932152577305,0.0016640809552959292,0.0,-0.006567011896827535,0.007173759354066669,0.1435488532314526,0.1666263344033351,0.021098555123133297,6.474616764731932,4.330733340286331,0.0,0.0,0.58202299757659,0.3790286367515158,0.0389483656243915,0.1675702755380642,0.21034213026098408,0.03392347341444252,6.286497559043392,4.330733340286331,0.0,0.0,0.6655563560301461,0.2544165258797798,0.08002711805586335,0.2062059629254581,0.26551531289206676,0.047555928243556526,6.280833385801683,4.330733340286331,0.0,0.0,0.6722749699573154,0.26323441093293104,0.06449061908742347,0.008420905571687521,0.004587810990293727,0.004965877071801264,0.00471833092858415,0.4683128879581965,-0.0038707667005843326,0.005619419822448226,02,Drosophila
620,1.205786415486964,0.7733990147783252,4.330733340286331,0.5024630541871922,0.016224788366198648,-0.012832374714438589,0.009928439792644772,0.014748173367856898,0.018551637693501065,0.015163182258977177,0.010688365866303853,0.0,0.014763869947019937,-0.012259136267941645,0.008227115762924226,0.0,-0.007261290449377705,0.010195548857501955,0.1892274939351568,0.2352376484851766,0.034507172012879984,5.440089305624058,4.330733340286331,0.0,0.0,0.8216405215101108,0.15695583982262473,0.021403638640235995,0.21380599239548345,0.26532249128864477,0.04130902076739919,5.58986564623538,4.330733340286331,0.0,0.0,0.5853057060580235,0.39611275917393185,0.018581534746956365,0.2590807906366789,0.3367283221507972,0.05612788888614238,5.568021611410202,4.330733340286331,0.0,0.0,0.5942940208123956,0.3863427214106315,0.019363257762742718,0.01243390897506562,0.0053751936854191055,0.01050892445789934,0.006585877108781553,0.9686147844695083,-0.00962591687326824,0.005542027743812173,02,Drosophila
621,1.3931851873920882,0.896551724137931,4.330733340286331,0.5024630541871922,0.010307363328742282,-0.006422897582739268,0.00806152128523787,0.011311332622597784,0.00498647132033145,-0.0028780947932741854,0.0040720346989454904,0.0,0.005827624213052346,-0.0026477251019111094,0.005191411730277591,0.0,-0.007475307910513701,0.00776748112143565,0.14612822315728782,0.1728821650584472,0.03193862700241987,6.364047418634138,4.330733340286331,0.0,0.0,0.8277471044294246,0.16704101199484583,0.005211883531034023,0.1672363647532472,0.1994775235769738,0.0357842153877915,6.445599050629794,4.330733340286331,0.0,0.0,0.6699085091969266,0.2365414496302536,0.09355004113863014,0.2043474469608932,0.27683894446722285,0.04825514274234254,6.155543202364173,4.330733340286331,0.0,0.0,0.563952602611887,0.39184805602389605,0.044199341341534214,0.009059073719283123,0.004791501579835621,0.005676609043981947,0.00640864610267975,0.8322802328091626,-0.0046489691794356506,0.00409022908723548,02,Drosophila
626,0.7047421837867589,0.23645320197044334,4.330733340286331,0.5024630541871922,0.014464750686490255,0.004293547589785205,0.013812836838121631,0.015996640003390596,0.0034193720790725076,0.002435605905009027,0.002399985268835166,0.0,0.005540202850544786,0.0033658566627238736,0.004400551846209959,0.0,0.004041217150361452,0.007118055443505667,0.1934769806671359,0.24357478139299582,0.03588114790966808,5.335606108093455,4.330733340286331,0.0,0.0,0.8215146429427603,0.17746909747031567,0.001016259561098116,0.23059742704358355,0.2871831296883623,0.05328876999818829,5.352343464910402,4.330733340286331,0.0,0.0,0.5985985210246023,0.3992453806160929,0.0021560983414523967,0.2958656220536759,0.41508121429225153,0.07971403369620338,4.940428335403723,4.330733340286331,0.0,0.0,0.5800083065018389,0.4128373886204489,0.007154304867061495,0.01177754814257188,0.00453529648240922,0.006152931599291582,0.010736832278415842,0.7404892796299213,0.0004541354235776147,0.005896723564620604,02,Drosophila
631,1.3578553212810456,0.8768472906403941,4.330733340286331,0.5024630541871922,0.0233986905014876,-0.00611080399569484,0.022586650741325195,0.023994960005085823,0.02738495280857767,-0.023034966877397523,0.01480965702794042,0.0,0.011601129218003069,0.006413813457402345,0.009666912437094333,0.0,-0.0030102418173153585,0.012321913199507518,0.17506397699740164,0.21279139163248897,0.03869064166319007,5.740941214127852,4.330733340286331,0.0,0.0,0.7452351172610184,0.22692811622461695,0.027836766483255015,0.19477442914245752,0.22931617252672373,0.038611356190202145,6.027398597197358,4.330733340286331,0.0,0.0,0.5088331610781717,0.37850352213516547,0.11266331676130008,0.2384516447268598,0.3248932943317085,0.05637649739806495,5.67536052005329,4.330733340286331,0.0,0.0,0.5845396173377921,0.30794701652782586,0.10751336611772581,0.011359691970101924,0.00514224511303038,0.005945061963233033,0.019365186447433676,0.7470239939681461,-0.0006887686280953916,0.00739981257989712,02,Drosophila
636,1.212340483886212,0.7832512315270936,4.330733340286331,0.5024630541871922,0.002555759365755256,-0.0016274383626490876,0.0019706218083193347,0.0,0.020648278169212258,-0.01345213483786894,0.015664975571540493,0.0,0.01097418321310462,0.008572927891161888,0.006851102434479127,0.0,0.00540242523366992,0.012448177368235962,0.1652055028201509,0.1868254153660541,0.01910118538775269,6.131354406151463,4.330733340286331,0.0,0.0,0.5208916719629595,0.3893518830144308,0.08975644498645348,0.19621408543655897,0.2457710776200441,0.04080340826619617,5.81950217762891,4.330733340286331,0.0,0.0,0.5703142042020126,0.35368964008302406,0.07599615569006593,0.251941485837557,0.3238480162043682,0.06512325429661808,5.685027970066558,4.330733340286331,0.0,0.0,0.5393646554070397,0.34064831795772454,0.11998702662046799,0.012431129105336582,0.006008566214393371,0.008761488464533089,0.011254633856418929,-0.9684418756775363,0.006613611539384443,0.003789044079245866,02,Drosophila
641,1.2151518530545056,0.7931034482758621,4.330733340286331,0.5024630541871922,0.005981367911723077,-0.0033913923532928394,0.004926988938633549,0.007153914891835231,0.003770041605184363,0.0028679285251934313,0.0024470798268963192,0.0,0.0036957704084685135,-0.0004269573933235003,0.0036710252377773057,0.0,-0.007076212401305708,0.0073499488558792,0.1364559699447269,0.16020616994119735,0.02920936257158006,6.5924934817238245,4.330733340286331,0.0,0.0,0.6008928860630433,0.3982649990930141,0.0008421147925906443,0.17398919227727702,0.23653941160870232,0.05138728650476032,5.93435923132076,4.330733340286331,0.0,0.0,0.6266820703321054,0.3693377484346898,0.0039801812028216945,0.23661283843688832,0.32445981409285796,0.07536137780023225,5.679365862886996,4.330733340286331,0.0,0.0,0.6260034642052568,0.3667872574654115,0.007209278313115073,0.008251703011533391,0.0033589320629295017,0.0052735841869842245,0.0018586416098523052,0.9531818837358444,-0.004085626557133011,0.0033278732441524308,02,Drosophila
646,1.2840753506721012,0.8325123152709359,4.330733340286331,0.5024630541871922,0.005981367911722841,0.004248189147570433,0.004210659219392192,0.00715391489183498,0.02046431202078644,0.0018527608284954137,0.020380268491766673,0.0,0.011646134941387342,0.003698655876829126,0.011043206227260294,0.0,-0.0013324898491502853,0.012505148729354371,0.16143299234667077,0.19052125840655726,0.03964231549917527,6.072586782391968,4.330733340286331,0.0,0.0,0.8411178638200956,0.0971472513207963,0.06173488482291852,0.17515182256053066,0.19883508221891852,0.03505814892648269,6.455276503550801,4.330733340286331,0.0,0.0,0.5374873297634728,0.40279510114292594,0.05971756906226041,0.21596430851288928,0.2734910880369961,0.04849035356820728,6.192043820519875,4.330733340286331,0.0,0.0,0.5857091035820344,0.3809658360012564,0.03332506039629782,0.01633069344567146,0.003886845266161965,0.012331326830505905,0.01594055343952335,-0.449189772220119,0.0015578232587693083,0.007263850926954028,02,Drosophila
651,1.5031443585410278,0.9507389162561576,4.330733340286331,0.5024630541871922,0.020326993704283664,0.00853053050723793,0.018450385424675298,0.018238975816024044,0.017883919204580368,0.005970437769783408,0.01685788951657657,0.0,0.009980271620256905,0.004633857398260069,0.008839297892179888,0.0,0.0006573540101734236,0.006723665182051235,0.15364458272324188,0.16143930825203281,0.0057916776608507884,6.5694903101719655,4.330733340286331,0.0,0.0,0.6267696637468274,0.3593053890442913,0.013924947166580506,0.2044908810043815,0.32465692231472704,0.06832941953088573,4.9843967459924405,4.330733340286331,0.0,0.0,0.587877860587316,0.3285006580320625,0.0836214813591094,0.27809469577228074,0.38119358761710803,0.088902688333584,5.195928879720025,4.330733340286331,0.0,0.0,0.6701426695207907,0.2628643890835952,0.0669929413838823,0.01072046728838732,0.00641379158402261,0.007956388202749782,0.016872474527477293,0.592997707467053,-0.002630541245955893,0.004639646227034162,02,Drosophila
654,1.5012350741805949,0.9458128078817734,4.330733340286331,0.5024630541871922,0.003829161810334604,0.0019008278115895008,0.0033240538203243414,0.00357695744591749,0.008140890607657563,0.00578872560945472,0.005724050637816737,0.0,0.010650662969554971,0.004524790457762888,0.009641726660945508,0.0,-0.005646381483116403,0.005782440563984745,0.1609284111321004,0.20014986767012907,0.039488109824504465,5.924678852635511,4.330733340286331,0.0,0.0,0.8679673609000986,0.077634699971562,0.054397939091919215,0.18914117734447194,0.23686373453745482,0.04627316158640057,5.930248701231028,4.330733340286331,0.0,0.0,0.6215133447815825,0.22416363908652204,0.15432301610552115,0.2530940947068341,0.34210003060642047,0.07268127419540034,5.5205413855660215,4.330733340286331,0.0,0.0,0.5044831119619356,0.3920161287699681,0.1035007592536742,0.009850950737829956,0.005299397082776978,0.007045321491434055,0.008234774448671565,-0.06509966117093355,-0.00340287920205362,0.004902932314465649,02,Drosophila
659,0.7589083973740334,0.27586206896551724,4.330733340286331,0.5024630541871922,0.009422476526103547,-0.004156082116053578,0.008456361234573176,0.01073087233775247,0.007873259540581297,-0.0038716767675423076,0.006855533152208337,0.0,0.00524039948838539,-0.00401678526765982,0.003365593990870094,0.0,-0.005175789010303308,0.006009099249153242,0.14671614246665965,0.151841738250612,0.004530045852029462,6.753361777211774,4.330733340286331,0.0,0.0,0.5977623349100399,0.3434817534103477,0.058755911633200514,0.16522173755557268,0.21200829255968626,0.025900323336361195,6.262827580012019,4.330733340286331,0.0,0.0,0.6718997060485432,0.22144379776947185,0.10665649614623113,0.20792026034812192,0.2804206886209205,0.048713916813152645,6.116978124994551,4.330733340286331,0.0,0.0,0.5657243795838693,0.3556393983105012,0.07863622208370144,0.007272897977099109,0.0036579809518331634,0.004969239355985763,0.004865188121164824,0.9590076268405696,-0.0026239789027499754,0.004122949219106624,02,Drosophila
662,0.605378329267512,0.15763546798029557,4.330733340286331,0.5024630541871922,0.010307363328742282,0.00030548372729330946,0.010302835458409503,0.011311332622597784,0.007976649433292331,0.0026969042246478216,0.007506906405751947,0.0,0.007255175682102949,-0.005185571833453319,0.005074191456604054,0.0,-0.004323129478150567,0.006870076303318929,0.13884318790784678,0.19242568307090085,0.0440974654396461,6.04274807382235,4.330733340286331,0.0,0.0,0.7438590942010982,0.2560930336854439,4.78720663370087e-05,0.17428681508165325,0.24061520354877106,0.05586083791622546,5.883106774242877,4.330733340286331,0.0,0.0,0.822260617199028,0.1543789100366411,0.023360472734476848,0.24373951531750387,0.3591771144412518,0.08518310003643412,5.374404064464142,4.330733340286331,0.0,0.0,0.6563435719726708,0.31186268287390007,0.03179374513842879,0.008489959020633117,0.0053717224117604155,0.005528505286835255,0.0070639249587340575,0.7625526186377326,-0.00310204350092095,0.007090484543335412,02,Drosophila
665,0.4962586993035293,0.054187192118226604,4.330733340286331,0.5024630541871922,0.005081179425226193,0.0042785896547694845,0.0027408128205774146,0.005058581732047941,0.0003975361493982185,-0.00026205790422451807,0.0002989325089578181,0.0,0.010141895843861538,0.0033163503138404415,0.009584355581030282,0.0,-0.003370639410854108,0.006565338418623609,0.13147237873866702,0.1997339215280201,0.048437925160830064,5.930919860197761,4.330733340286331,0.0,0.0,0.9033230386497999,0.08010242572597052,0.016574535573290264,0.16418017496213613,0.21327186956091845,0.05488569774569692,6.245000545056604,4.330733340286331,0.0,0.0,0.6007247450759633,0.3400548987578984,0.059220356132769,0.2165986270276891,0.2938770420547569,0.06857396497275431,5.976366563236282,4.330733340286331,0.0,0.0,0.6012823095329135,0.3674134086809962,0.03130428176671702,0.01148632554102906,0.0054533414412261,0.008145836621446856,0.009763193793313094,-0.038014975257750355,-0.002848782235378442,0.008822912519237797,02,Drosophila
670,0.48798600002366804,0.04433497536945813,4.330733340286331,0.5024630541871922,0.005981367911722841,0.003081750357784523,0.0051263609732131255,0.00715391489183498,0.00039753614939820185,-0.00024880574195793406,0.00031004950063999686,0.0,0.006132843449163417,-0.00024950739896292145,0.006127765892216298,0.0,0.0001136683925693292,0.00781492213313796,0.12901775132943014,0.17321487989322779,0.03343087823825433,6.358279413236858,4.330733340286331,0.0,0.0,0.9087703315544658,0.06291639770607348,0.028313270683164558,0.16246756048710015,0.22420990151006598,0.0490146179349671,6.094955729089292,4.330733340286331,0.0,0.0,0.7202809260677582,0.2625820019176288,0.017137071979888608,0.22415128583925767,0.3025649331923057,0.07144555607982896,5.888963201053619,4.330733340286331,0.0,0.0,0.5972155173144854,0.37947450083688794,0.023309981830559285,0.012016091766856155,0.005294749290019353,0.008355114741464451,0.006954400108869042,0.5724963096048419,-0.0021261494632062927,0.009266015271567538,02,Drosophila
675,0.4587382857260793,0.014778325123152709,4.330733340286331,0.5024630541871922,0.005981367911722841,0.004217730572054361,0.0042411685791708,0.00715391489183498,0.003546053202722353,-0.0025302893770125603,0.0024843769812801855,0.0,0.005932030319005899,0.001417986208783555,0.005760060660904958,0.0,3.916633725550595e-05,0.005147726596199892,0.13162260817156973,0.15343438079069407,0.015435144240830739,6.722059158568456,4.330733340286331,0.0,0.0,0.6097866157661619,0.3675342168759735,0.02267916730092613,0.15601738168742346,0.1997339215280201,0.03249471314938288,6.441745483963619,4.330733340286331,0.0,0.0,0.624937284798457,0.3648715145463234,0.01019120061584546,0.20625769666343455,0.2858210591941019,0.05785294330898835,6.05975308633276,4.330733340286331,0.0,0.0,0.61971693591567,0.360742236612376,0.019540827450162394,0.012929064872286362,0.004361084889402166,0.008235866840396754,0.0077133004771015225,0.4477232414249023,-0.000957988173324913,0.007579962997772687,02,Drosophila
680,1.4943081229024235,0.9408866995073891,4.330733340286331,0.5024630541871922,0.005981367911722841,-0.0036003097651090272,0.004776455975998129,0.00715391489183498,0.0036511403428830694,9.3705714834023e-05,0.0036499376765139076,0.0,0.008860256499100194,-0.00772120803532316,0.004345928175327831,0.0,-0.006389545483868032,0.007082014424867016,0.15238203380902213,0.18016648560108786,0.03621154439662941,6.240234095179926,4.330733340286331,0.0,0.0,0.8003002202180133,0.1739935560858855,0.025706223655337486,0.17577317231338427,0.2221460487294797,0.04072388304856944,6.122698621112145,4.330733340286331,0.0,0.0,0.6330964082683106,0.23805422903878046,0.12884936266219127,0.22922911903703577,0.3337514067469774,0.06652755271595345,5.594661655880278,4.330733340286331,0.0,0.0,0.5473612338333508,0.3236593893668579,0.1289793767822389,0.009491673260985078,0.004688276913451872,0.0059953136297923775,0.002116156563080006,0.9375641094770099,-0.004963956609207787,0.0040948967794303195,02,Drosophila
685,1.459631399095575,0.9310344827586207,4.330733340286331,0.5024630541871922,0.020371904097652535,0.0035761779478174862,0.020055558527487985,0.01858641609852238,0.019258426960192337,0.0016099288379075006,0.01919101712046386,0.0,0.0073884309561881075,-0.00033882006148348165,0.007380658030304279,0.0,0.00222640428027809,0.007349948855879195,0.21760399588114523,0.29587298171222814,0.059436713326591985,4.752087386404911,4.330733340286331,0.0,0.0,0.8634818307069381,0.1337962693968405,0.002721899876568921,0.2735741673695399,0.3629510360527072,0.08264612167300624,4.649899934580843,4.330733340286331,0.0,0.0,0.7220213601982468,0.16107799835469744,0.11690064143481173,0.3453176125061947,0.4443928782467955,0.09474743595642292,4.735723833659764,4.330733340286331,0.0,0.0,0.6819674591706779,0.2403047996850634,0.07772774113645955,0.01069281012709975,0.006431437805690251,0.007468169974747269,0.015546396949952477,0.7529128189044192,-0.0017410118574436805,0.005667286561819634,02,Drosophila
695,0.9347615723213115,0.5320197044334976,4.330733340286331,0.5024630541871922,0.006626261112382075,-0.0020080855880516453,0.00631465981669054,0.007998320001695536,0.003651140342882933,0.00011541026432594222,0.003649315863873052,0.0,0.006701520519288325,-0.006495261934964184,0.0016498332238889441,0.0,-0.006916341331706037,0.0076680119994344586,0.14300331160609644,0.1875772309403155,0.03336555326732727,6.119306148607406,4.330733340286331,0.0,0.0,0.7780807961192742,0.2198830651007456,0.002036138733605118,0.16757618302259092,0.21200829255968626,0.03995790329745655,6.262827580012019,4.330733340286331,0.0,0.0,0.4774545444276681,0.41007418349166735,0.11247127204697002,0.21248456575510927,0.28440748325410564,0.055425353921960394,6.074626899868733,4.330733340286331,0.0,0.0,0.5106407109104913,0.30301870228823113,0.18634058678053994,0.009322588842196198,0.0038600813788112654,0.006140832343947046,0.0037344532104707936,0.831528089205942,-0.004767748539586154,0.004508473302825218,02,Drosophila
700,0.8405810246925071,0.42857142857142855,4.330733340286331,0.5024630541871922,0.005081179425226193,-0.0010546726235824237,0.004970518082494797,0.005058581732047941,0.00813314480821128,-0.0010775052982376341,0.00806145314466343,0.0,0.006343601872598729,-0.00448494978353067,0.004486257923620341,0.0,-0.006846266193331957,0.006931877334802697,0.1132715920139818,0.13807241074580123,0.02968365049482129,7.038543335960679,4.330733340286331,0.0,0.0,0.5830171160531511,0.37950505974506943,0.03747782412884838,0.14797496645088856,0.24178221535070016,0.0550677384305888,5.8685915961000426,4.330733340286331,0.0,0.0,0.7230879690339411,0.24557093236380367,0.03134109856214148,0.20586440685349677,0.27665401529196526,0.0702450542768934,6.157547880243479,4.330733340286331,0.0,0.0,0.5483563926422182,0.39007977567102947,0.06156383166561722,0.007627042408486011,0.006214161794140353,0.004054299002984259,0.005208128655111861,0.3672491451953879,0.00013584164427300592,0.00635881524037268,02,Drosophila
701,1.0318567633831799,0.6354679802955665,4.330733340286331,0.5024630541871922,0.012433181018733757,-0.007025684413192785,0.010257862777929004,0.01073087233775247,0.003651140342883106,6.851215728410342e-05,0.0036504974849645958,0.0,0.016492780602459872,-0.008761211511073903,0.01397329541873007,0.0,-0.00538240936507429,0.010097472038714174,0.17300626175713188,0.22148270948544202,0.04186393080877853,5.620844549249418,4.330733340286331,0.0,0.0,0.6350540548014838,0.3609829258527309,0.003963019314223388,0.2088556490826531,0.2671726229902606,0.05465872509957364,5.569018816694965,4.330733340286331,0.0,0.0,0.7325132725633543,0.2463714211763269,0.02111530623886334,0.2595860044283635,0.3340579523057413,0.06437961187692991,5.591907466444647,4.330733340286331,0.0,0.0,0.5177220847678867,0.33705669933572796,0.14522121588240502,0.0120805021710818,0.0053854811278001005,0.0107862208003194,0.0028164991094158627,0.9805372281762226,-0.008257782098469687,0.005569029465562073,02,Drosophila
702,1.6132517409238354,0.9852216748768473,4.330733340286331,0.5024630541871922,0.012937488736782196,-0.00959187655583136,0.008681849972906636,0.01430782978366996,0.006986803631132678,-0.005848525579641218,0.00382232566957489,0.0,0.0076993957244300155,-0.004843788338480451,0.00598484828992114,0.0,-0.008227831637686115,0.008498149655798497,0.17866845492905292,0.19519834007791845,0.022246280555310954,5.999829614749459,4.330733340286331,0.0,0.0,0.5663593489136217,0.431582097670865,0.002058553384665696,0.1944223171957101,0.2325022339846335,0.027435840251139914,5.986004248749225,4.330733340286331,0.0,0.0,0.6212990246130559,0.2391450872748445,0.13955588808616104,0.26022819038442824,0.37736477241925165,0.07390144531245546,5.226214072652554,4.330733340286331,0.0,0.0,0.5361008396694553,0.2912832830434933,0.17261587727338645,0.012000775361509891,0.0065391080298254755,0.007346450848371989,0.007171777378796471,0.8938672961314268,-0.0038691844662015556,0.006634267922476211,02,Drosophila
707,1.0895146418387744,0.6798029556650246,4.330733340286331,0.5024630541871922,0.005081179425226093,-0.0019519434440338937,0.004691300581143152,0.005058581732047764,0.017905052320583995,0.009258246335135974,0.015325657356237336,0.0,0.007669211862771712,0.0007726828580340365,0.007630188188831171,0.0,-0.006289974592833687,0.007126039804337171,0.15648816210597308,0.1754168523563787,0.013397436003577677,6.320382660754792,4.330733340286331,0.0,0.0,0.7969249466376832,0.18265988829740118,0.020415165024377395,0.1644233500304248,0.17650753759462154,0.014218254083552467,6.812613005058817,4.330733340286331,0.0,0.0,0.7690416624637563,0.21704981108478544,0.013908526414743891,0.19874920856338657,0.2581859678781962,0.03921110051242083,6.364810536896322,4.330733340286331,0.0,0.0,0.505913807933077,0.47352878871290927,0.020557403329646597,0.0086303631088001,0.004920788030819128,0.004386650619195291,0.004917503476065847,0.4683680604968014,-0.004597408437495615,0.005805184813299209,02,Drosophila
712,0.7811162233173391,0.3054187192118227,4.330733340286331,0.5024630541871922,0.004060823029841284,0.001968831201006736,0.003551617572547996,0.005058581732047587,0.0035460532027223783,0.0016116591003943138,0.0031586465868554884,0.0,0.008017169702778012,-0.0028979383927631554,0.007475089505476907,0.0,-0.005806529837671604,0.006828564888213327,0.13845153699275636,0.168610959887924,0.02447175647241957,6.439095979241868,4.330733340286331,0.0,0.0,0.6714532522848541,0.3247538249344094,0.003792922730149075,0.15399142110117886,0.18493250518866045,0.02729187708949806,6.672730984149212,4.330733340286331,0.0,0.0,0.8362507072747472,0.15761828723688184,0.0061310054474850075,0.18727283610683804,0.2467322915704474,0.03981813970135888,6.500939202714613,4.330733340286331,0.0,0.0,0.5494394894821811,0.4271923835129218,0.023368126977616782,0.009739055939132055,0.006165665555618646,0.004751313348613329,0.005281314378295812,0.28954182981520205,-0.002594660572436006,0.007770851391841068,02,Drosophila
713,1.0940637886124676,0.6896551724137931,4.330733340286331,0.5024630541871922,0.012755961918987858,-0.009379741299321375,0.008644941737020172,0.011311332622597347,0.008140890607657112,-0.005173060668824432,0.006285979891989911,0.0,0.014269961172374324,-0.008904891786428776,0.011150546808702437,0.0,-0.007596489030750453,0.01124831635165147,0.1511209541260334,0.17686960471888824,0.021181924871526852,6.295639831705651,4.330733340286331,0.0,0.0,0.7524626234474195,0.1715324297526143,0.07600494675702237,0.1786780445501539,0.2368637345374553,0.03901107466318792,5.930248701231021,4.330733340286331,0.0,0.0,0.4969664484663951,0.3767504679946037,0.12628308350910394,0.24129351719142048,0.3735309638233555,0.0745477201523234,5.25684822110277,4.330733340286331,0.0,0.0,0.7284388614970276,0.20157254621374304,0.06998859227355038,0.009056778500549095,0.003770146528141787,0.007895155890887837,0.005121423666159529,0.9870840176143533,-0.005967052777637946,0.003855351340079333,02,Drosophila
716,0.8342828596336124,0.4187192118226601,4.330733340286331,0.5024630541871922,0.0093688110541952,0.0018265157863049965,0.009189040246488684,0.007998320001695031,0.011212012656697282,-0.003454421045526612,0.010666592851241809,0.0,0.01294176121788869,0.0018997251600816132,0.01280157129953197,0.0,0.002226128249467606,0.009612784294560686,0.15855755000978167,0.17042240983416043,0.01325897748242131,6.407037768834639,4.330733340286331,0.0,0.0,0.662829790626873,0.30367981508034336,0.03349039425328353,0.16920276462353281,0.18971367614154863,0.0168439023632532,6.596155845634466,4.330733340286331,0.0,0.0,0.585679655864358,0.3763588962262889,0.037961447874767074,0.20645766500179724,0.28185426013196135,0.046588546271559464,6.101680541983543,4.330733340286331,0.0,0.0,0.7313631680915811,0.23729426733364095,0.03134256455245422,0.012321359175817349,0.009517925486920263,0.01082937529225033,0.004552723558843135,0.9083661420146494,0.0022211227588511216,0.009290042709814804,02,Drosophila
719,0.7866247820581197,0.3103448275862069,4.330733340286331,0.5024630541871922,0.006198703557968209,-0.0018800223702936522,0.005906728509654322,0.005058581732047941,0.007825080402555898,-0.000984274495363625,0.007762930311695517,0.0,0.011749047514143683,-0.0033283916580472217,0.011267738302793845,0.0,-0.0021954627391712433,0.008551513757327597,0.13413038038708255,0.14856220038450144,0.010448442409009117,6.818866940246671,4.330733340286331,0.0,0.0,0.7807369157009222,0.15437887537660974,0.06488420886721996,0.16239325146130795,0.2206724747517355,0.03694075016107151,6.142664986638502,4.330733340286331,0.0,0.0,0.7478994479731528,0.18994663459184205,0.06215391739895136,0.2140658717843987,0.2994620570463954,0.060963832489882595,5.9198877642878225,4.330733340286331,0.0,0.0,0.6490588231157515,0.3086138946716667,0.04232728219239645,0.008389319645750393,0.0053673321335612955,0.0075560984320976275,0.004247401634360154,0.8270859678439393,-0.0031460664426564366,0.005802218530417951,02,Drosophila
720,1.1446017404745283,0.7339901477832512,4.330733340286331,0.5024630541871922,0.008924351311728923,-0.007063312802973562,0.005454691428715973,0.007153914891835982,0.014594608673837793,0.009330225512153824,0.011222722229246132,0.0,0.013305605646568307,-0.009878087868615734,0.008914175322591377,0.0,-0.004893756842824591,0.009577225167901764,0.15098025253254055,0.15952588589172412,0.007494186217276409,6.605259516222565,4.330733340286331,0.0,0.0,0.7706211148000449,0.22928469275435603,9.419240183778755e-05,0.17043957623995748,0.22409574167501228,0.029002633869251837,6.096483613102084,4.330733340286331,0.0,0.0,0.6486566154955955,0.3225199004620284,0.028823484008921135,0.23536197137853437,0.3184496731684003,0.06886244863692909,5.735457578419007,4.330733340286331,0.0,0.0,0.6711328158662516,0.30077865304178986,0.02808853107532995,0.012921859291497386,0.005113187156991353,0.01179516065031266,0.0031590832791363616,0.9917433390975802,-0.00963411265576046,0.005171528987916995,02,Drosophila
726,0.9083641685500645,0.5073891625615764,4.330733340286331,0.5024630541871922,0.037591505003540054,0.025793195612256726,0.02734652278698404,0.03594797743351253,0.03666279945933569,0.02672327867228756,0.0251003434478241,0.0,0.010213730665908553,0.004374507246691607,0.009229516805573485,0.0,0.002554189190643279,0.0054898496324476435,0.11232470533377237,0.11997480002543134,0.010668271590838841,7.460032962212993,4.330733340286331,0.0,0.0,0.7450422342856932,0.25460979487655755,0.0003479707591986008,0.14016112238751152,0.22214604872948013,0.043335634558246384,6.122698621112139,4.330733340286331,0.0,0.0,0.7866408951222081,0.17822331530349977,0.035135789527830516,0.22914923223512904,0.38425247889466424,0.09973760175599918,5.171951428964785,4.330733340286331,0.0,0.0,0.6103040777223814,0.35401625869725606,0.035679663564351594,0.013344238031158806,0.004827086978425287,0.011293558941324082,0.027920896744987794,0.8963653379950756,0.0017601573436375952,0.00661143360968926,02,Drosophila
727,0.9128601104421412,0.5123152709359606,4.330733340286331,0.5024630541871922,0.006910284109298136,0.002548847024085061,0.006423037079064005,0.005058581732047941,0.007873259540581354,-0.003638792563792001,0.006981934149721505,0.0,0.015542828373133337,0.004860271545364358,0.014763376115983776,0.0,0.0026463772004183955,0.007126039804337155,0.142875075349248,0.18661984910314153,0.036514514072177234,6.134657159778863,4.330733340286331,0.0,0.0,0.7209832974992292,0.26259011402119614,0.01642658843359059,0.16561756189796828,0.2007562387453959,0.03970185248757935,6.426429460662584,4.330733340286331,0.0,0.0,0.6078118648746155,0.3064563887678116,0.08573174632309676,0.2236051476689985,0.3491887342844658,0.07106961101902312,5.459013244079686,4.330733340286331,0.0,0.0,0.6555261969226894,0.2861107149694657,0.05836308808967967,0.016613766840825932,0.008067114283965983,0.0144675826744443,0.009531098281222193,0.8313126438569679,0.00414510095391531,0.009777035495571613,02,Drosophila
732,0.8067942382785641,0.35467980295566504,4.330733340286331,0.5024630541871922,0.006910284109298136,0.0005809213107983473,0.006885822892137051,0.005058581732047941,0.007217538760310718,0.0021063533117273397,0.0069033427759863444,0.0,0.012941761217888603,-0.0008055844712064433,0.012916664317098146,0.0,-2.739448914872723e-05,0.00904277984091229,0.11666998508332871,0.12857159462461482,0.01564266568913723,7.252420407765513,4.330733340286331,0.0,0.0,0.7083785399476823,0.2604713385754584,0.031150121404691304,0.13145879489632367,0.15872181884713074,0.022027276776199322,7.131244440306926,4.330733340286331,0.0,0.0,0.6184942752922018,0.28401014517384965,0.09749557947766327,0.175677703796507,0.26510539934615435,0.0530719760716104,6.28546848900794,4.330733340286331,0.0,0.0,0.6025563507629386,0.3481616513416066,0.04928199786576305,0.008369031505319077,0.004812547955669666,0.007308216181137663,0.005756568216919882,0.673480005105494,-0.0015954759628747715,0.0045301935484740805,02,Drosophila
737,0.791426395006185,0.32019704433497537,4.330733340286331,0.5024630541871922,0.002555759365755256,-0.001327156653346402,0.002184161430188732,0.0,0.006986803631132428,-3.0927835132222326e-05,0.006986735178108536,0.0,0.01429996393979881,0.0016524282214805486,0.0142041701500792,0.0,-0.0008109071548011512,0.0062000595729235445,0.17500512882522856,0.217871652938937,0.03033948251688381,5.6701597012509275,4.330733340286331,0.0,0.0,0.8940034933327349,0.1030711855243782,0.0029253211111884237,0.19689491125465242,0.23861282307552903,0.03609153848270439,5.908176995701664,4.330733340286331,0.0,0.0,0.6588026562309739,0.2975669548095655,0.043630388934504424,0.23397880122111134,0.29411639994587585,0.04716508668012931,5.973924108400223,4.330733340286331,0.0,0.0,0.7068573399486469,0.26498788070916707,0.02815477932463309,0.007016666141461828,0.004633228996810901,0.005324491276285745,0.003559027721752837,0.8162566723974187,-0.003344501021966315,0.003860848126181592,02,Drosophila
742,0.9401047196483938,0.541871921182266,4.330733340286331,0.5024630541871922,0.009368811054196633,-0.005548156357800143,0.007549343123652473,0.007998320001696431,0.003770041605187353,-0.0009599495120804731,0.0036457798396365205,0.0,0.016227496299788802,-0.00949426669115244,0.013160187542620074,0.0,-0.004925875638285655,0.008761720574146648,0.1368922704123736,0.15693837101571279,0.0220581539357882,6.654318564408311,4.330733340286331,0.0,0.0,0.647146842207567,0.19914761307183534,0.1537055446685849,0.16204906445531725,0.2369447459065923,0.042350850536067616,5.929222826347848,4.330733340286331,0.0,0.0,0.5887999005865252,0.3414588213275445,0.06974127805028411,0.21514016318910728,0.3012511777144286,0.06291201321306632,5.902017747235843,4.330733340286331,0.0,0.0,0.649782828646462,0.3258098249630633,0.02440734637057156,0.006593442564096845,0.0024441740833972135,0.004545279585868157,0.005121423666161035,0.965215410829485,-0.003164530440944658,0.0013873672456821207,02,Drosophila
743,1.1771345452997057,0.7536945812807881,4.330733340286331,0.5024630541871922,0.009368811054195665,-0.007990049007464497,0.00489221191564046,0.007998320001695479,0.0003975361493984405,0.00013764091904790973,0.0003729476739197953,0.0,0.01129937349196449,-0.0045414484626170185,0.01034654952978544,0.0,-0.0059996411470544225,0.009460735013266218,0.17215410303631687,0.19345355222112023,0.015161907161508158,6.026765795112788,4.330733340286331,0.0,0.0,0.9143074530410108,0.07412289952676805,0.011569647398739365,0.19099990393442282,0.23537358472794942,0.027828483963167335,5.94918182694421,4.330733340286331,0.0,0.0,0.5959157421076272,0.3777875885754205,0.026296669290110555,0.23770898006230906,0.31261052839744335,0.05408763190362298,5.790976637364614,4.330733340286331,0.0,0.0,0.5642565731614816,0.3846661804518051,0.05107724636988712,0.012819354912400865,0.0055877045691229,0.009883290178990424,0.0036652906840248323,0.9288853999329263,-0.006523791413408838,0.005553053494929884,02,Drosophila
744,0.9068734719632469,0.5024630541871922,4.330733340286331,0.5024630541871922,0.00952890080317511,0.00046920546265705236,0.009517341895222848,0.007998320001695255,0.028671228390348275,0.014694291068762529,0.024619446529075318,0.0,0.013968013589108525,-0.007545669822316071,0.011754500013106002,0.0,-0.004398687498893278,0.007574746403098897,0.17927643667634632,0.2151235855719761,0.04939194863767146,5.708240086721255,4.330733340286331,0.0,0.0,0.8901781534103201,0.10965230468542334,0.00016954187533772854,0.19971308188665582,0.2420730892316643,0.046314432258953604,5.864984642782859,4.330733340286331,0.0,0.0,0.6817978664447468,0.2630442277605261,0.05515790577093481,0.24493141991223352,0.32816513374349154,0.05810797404093231,5.645300115229886,4.330733340286331,0.0,0.0,0.49868132606660975,0.47616451471526555,0.02515415920234374,0.007233159425301059,0.0030422701059132492,0.005770431731652783,0.00965778510397711,0.28029945598684897,-0.00468515125785913,0.0018793273776304836,02,Drosophila
749,0.7589370077253522,0.28078817733990147,4.330733340286331,0.5024630541871922,0.004060823029841445,-0.002586081385015422,0.0031308891308648047,0.005058581732047852,0.011133034267940645,0.0009759430009332855,0.011090175258762597,0.0,0.01237656546740129,-0.008571830814202649,0.008927658666277294,0.0,-0.0034887748778328273,0.006195472032840791,0.10338755501703929,0.1202411151145554,0.022970292565573123,7.453381066615034,4.330733340286331,0.0,0.0,0.5175845909362029,0.37320187124680976,0.10921353772783397,0.14826123751019468,0.217871652938937,0.05778552998620041,6.180985325016785,4.330733340286331,0.0,0.0,0.7448771099662459,0.14780999808769518,0.10731289190656532,0.21584245215993708,0.34520882555938187,0.08256390737098997,5.493402353737754,4.330733340286331,0.0,0.0,0.4966065502947467,0.46482840864515323,0.038565041041375224,0.006561887955836329,0.0024542896220807577,0.005191070273851803,0.007127037220509051,-0.17450567104187795,-0.002837166074135503,0.0018144900060322066,02,Drosophila
754,0.7754945437952572,0.30049261083743845,4.330733340286331,0.5024630541871922,0.0038291618103345085,-0.00325461297084722,0.002017417799990196,0.003576957445917365,0.019841951491782563,0.01538144071668597,0.012534525139841844,0.0,0.012648571664456418,-0.0067326895852297276,0.010707812853231463,0.0,-0.003023135156276954,0.00927866407980874,0.11818248778801188,0.15196808003221313,0.034438349929397656,6.750866628314435,4.330733340286331,0.0,0.0,0.8563573169525021,0.14293939607626407,0.0007032869052406758,0.1475457697651612,0.2232949886336832,0.04906086435945691,6.107222600417819,4.330733340286331,0.0,0.0,0.5963008347877978,0.3622988615628488,0.04140030360799123,0.20865778862982118,0.2875170766165916,0.07209668295653385,6.042004163696226,4.330733340286331,0.0,0.0,0.6336461970476902,0.3517879551880568,0.014565847743734433,0.006585054077787022,0.0024293526375601237,0.004865741701445957,0.0035769574459174665,0.6854790770382224,-0.002770312915552324,0.0018101886084416281,02,Drosophila
759,1.1918226873235036,0.7684729064039408,4.330733340286331,0.5024630541871922,0.017342008053745524,0.006604464987375163,0.01603515779675118,0.01959180280365038,0.019864174458145704,0.008514429813999155,0.01794686356570781,0.0,0.00937390327056151,7.721662464014336e-06,0.009373900090238458,0.0,-0.0028255949901959646,0.010119973397065926,0.12940884401137362,0.1542660095420304,0.022276448034061962,6.705842784416585,4.330733340286331,0.0,0.0,0.6536253257254874,0.34129943460689327,0.005075239609624467,0.1653953478573414,0.2356180723306562,0.04843366993863571,5.946067279741725,4.330733340286331,0.0,0.0,0.7300460758711965,0.2350109220050254,0.03494300209010972,0.2213554819714724,0.3103925305341265,0.0687858780567124,5.812337757851197,4.330733340286331,0.0,0.0,0.569310977953527,0.3750535478906301,0.05563547413723116,0.011986112217193845,0.006292933634380142,0.006126754928889151,0.013244406474183044,0.766436276665653,-0.0015577622183400607,0.007088030976883595,02,Drosophila
764,1.2595589538250271,0.8226600985221675,4.330733340286331,0.5024630541871922,0.006198703557968238,-0.005837700906658084,0.002084508077214258,0.005058581732047986,0.004986471320331188,0.0039146228094586325,0.003088790133393925,0.0,0.009618416917318013,-0.004023305706781586,0.008736529928130966,0.0,-0.0012550475102428604,0.008758474891288805,0.14961380668506227,0.16796472003560384,0.020179199267087385,6.450616252717393,4.330733340286331,0.0,0.0,0.5322296712484238,0.36892369151745663,0.09884663719024378,0.1729529893219211,0.21279139163248897,0.03272195506218296,6.251766837893709,4.330733340286331,0.0,0.0,0.4692494240942788,0.4063971583101407,0.12435341756330523,0.23979888457525553,0.34303376243368394,0.07321423260387047,5.512364304696725,4.330733340286331,0.0,0.0,0.555629885167045,0.37030073313667117,0.0740693816803764,0.012290605226444016,0.005378213405059036,0.0075432001100441725,0.0038855703561364633,0.8578856177178701,-0.004781748747225979,0.005916676514405774,02,Drosophila
769,0.8236776440491267,0.39408866995073893,4.330733340286331,0.5024630541871922,0.006198703557968149,-0.0012334882616517895,0.006074737237768744,0.005058581732047852,0.0003975361493982185,0.0003842556531627775,0.00010189496106682566,0.0,0.011864354784075376,-0.002096521059290482,0.011677650187018097,0.0,-0.002763015218907926,0.008226138080853675,0.11314849317185327,0.12896903481408037,0.014178220297991503,7.2431611191092315,4.330733340286331,0.0,0.0,0.5388587588301087,0.27118605038968563,0.18995519070330394,0.14621819937828673,0.20193184123432517,0.042142018427979884,6.408913086768249,4.330733340286331,0.0,0.0,0.5070006269721081,0.38946961657365753,0.10352975641104864,0.19764145514278708,0.3141619549408252,0.06591584426295896,5.776125030891035,4.330733340286331,0.0,0.0,0.48518663358863157,0.4501335977363062,0.06467976865202453,0.008440189560452078,0.004785114043932967,0.007231576168873751,0.003258763322645543,0.8934476868834109,-0.001414035005629758,0.004577149742511348,02,Drosophila
774,0.711384070959919,0.24630541871921183,4.330733340286331,0.5024630541871922,0.004060823029841535,0.0006223312682065206,0.0040128527847784114,0.005058581732047941,0.014936098402905254,0.005075965566272091,0.0140471210242985,0.0,0.005900710193445311,-0.0024995455226136066,0.005345152286643635,0.0,-0.008252083357009294,0.008735721345986117,0.17487813535922725,0.19864194464811447,0.03337945038177158,5.947366332597432,4.330733340286331,0.0,0.0,0.7566104291077109,0.21714731716716962,0.02624225369357018,0.19408267242107677,0.23277722193879793,0.035508322718533866,5.982458147807184,4.330733340286331,0.0,0.0,0.5064119984301848,0.3668606732033572,0.1267273283407703,0.23256056292143254,0.30330405644766967,0.04814694242810351,5.881643562967068,4.330733340286331,0.0,0.0,0.4673726754857284,0.3675289288332611,0.16509839566328077,0.0076132586304509964,0.004218984782490301,0.005473279054530645,0.00395087863332744,0.6937280852969469,-0.002375219919108881,0.005236708585849318,02,Drosophila
779,1.6124093357617066,0.9802955665024631,4.330733340286331,0.5024630541871922,0.006626261112381808,-0.004499819294095559,0.004864047969536151,0.007998320001695255,0.022735923263815946,-0.016492038139103722,0.01565039567156292,0.0,0.007675126741266593,-0.001073332779963837,0.007599705733642629,0.0,-4.337853056137231e-05,0.007763819805596406,0.18182632241259267,0.20501302815220118,0.017898714501101826,5.852657538255727,4.330733340286331,0.0,0.0,0.8470044139218653,0.1128351386330962,0.04016044741508152,0.2064253443440455,0.2617541108976843,0.03515331582516782,5.6304870841371635,4.330733340286331,0.0,0.0,0.5643095094268762,0.30323949822742774,0.13245099232288965,0.2676757266989463,0.3516714959912076,0.06852174942899099,5.437758460445011,4.330733340286331,0.0,0.0,0.5142078216559108,0.402736707087123,0.08305547124386782,0.012258595675567672,0.006611788326502301,0.009036155658672518,0.005789811428116504,0.7685687211159121,-0.0016671342097598451,0.005771754225476596,02,Drosophila
784,0.7933090307455473,0.33004926108374383,4.330733340286331,0.5024630541871922,0.012218414906862561,0.011933588685993594,0.0026228084012689416,0.01289690348140822,0.022663732390799166,0.007401372726935483,0.021421121530833417,0.0,0.007239521699125736,0.007141476170725568,0.0011874310653975924,0.0,0.004315777029791246,0.006354065520814884,0.18319173506268238,0.23678269545158956,0.040953440273561854,5.420449654441399,4.330733340286331,0.0,0.0,0.6697754840078471,0.3265201193254153,0.0037043966383579294,0.2171909579194769,0.28918102667514983,0.054004481890681744,5.331545103664594,4.330733340286331,0.0,0.0,0.6258601910762391,0.37177857733346964,0.0023612315703265487,0.26017261660496016,0.3183693073190019,0.05791063767373418,5.736214771771764,4.330733340286331,0.0,0.0,0.5244180262591285,0.46726868481845646,0.008313288908338998,0.010667625694273295,0.0051695522829288965,0.0061258290027820725,0.012416731698291193,0.21804358467027496,0.002123405926722795,0.00578317170470515,02,Drosophila
793,0.9734149244565713,0.5960591133004927,4.330733340286331,0.5024630541871922,0.008924351311728923,-0.006051243259390329,0.006559458922109418,0.007153914891835982,0.0051603945615911,-0.003512141806048628,0.003780811019543886,0.0,0.010159281788998624,-0.0036552522969783697,0.009478931222121692,0.0,-0.0023712705132323516,0.00752956858619387,0.20055836766321167,0.2350472056690878,0.0356273580337828,5.442519018060704,4.330733340286331,0.0,0.0,0.7931410881851647,0.17714420781226403,0.02971470397847083,0.22202277487044686,0.26846251172607016,0.03916392479346666,5.5545699001219475,4.330733340286331,0.0,0.0,0.611186668979974,0.33204822612883184,0.056765104871519964,0.2700143812287519,0.3448194398929964,0.0578967594400091,5.496788177715147,4.330733340286331,0.0,0.0,0.574188629357182,0.39948624168267166,0.02632512894703314,0.008099592614107077,0.003273038783502231,0.006866180843338314,0.0025793806962825083,0.9802766922205549,-0.005156980308272497,0.002819972965109185,02,Drosophila
798,0.6464137158439524,0.18719211822660098,4.330733340286331,0.5024630541871922,0.009422476526103547,-0.003722772112928238,0.008655866893626322,0.01073087233775247,0.0003975361493979799,-0.00014248743904221996,0.00037112305209103174,0.0,0.007642538259842479,-0.005869036936726225,0.0048951809454298376,0.0,-0.002419436474812617,0.007330581368049717,0.12389073847344494,0.14082495547079532,0.016914968073496642,6.979325119521843,4.330733340286331,0.0,0.0,0.6043437950913046,0.3442231606307596,0.051433044213977,0.16611169329650993,0.24459694292625994,0.05419814110162486,5.8338685745594265,4.330733340286331,0.0,0.0,0.45387019621682884,0.41529461845391885,0.13083518529649824,0.22352034992555544,0.2875393259551135,0.06944549411281523,6.0417720194568165,4.330733340286331,0.0,0.0,0.5522426483410817,0.3617868003713476,0.08597055126931719,0.007725614163350066,0.004514556209930291,0.0053866297384966965,0.004677478809629931,0.9449245836558332,-0.0022675298853182153,0.005481233359172924,02,Drosophila
803,0.8192757838888368,0.3793103448275862,4.330733340286331,0.5024630541871922,0.006955738892713828,-0.004467601971367553,0.005331307172640172,0.007153914891834855,0.019196144303111663,-0.015177513942929469,0.011753085833859459,0.0,0.015322288388313881,-0.009131293564062068,0.012304145614449508,0.0,-0.0015882713155432205,0.009589092861634233,0.12943476770858067,0.13639422320846556,0.006781074288782737,7.07522994721554,4.330733340286331,0.0,0.0,0.7756679247979779,0.21900035586604824,0.005331719276447996,0.13923941183377017,0.15693837101571279,0.013242626611411012,7.165144188174168,4.330733340286331,0.0,0.0,0.6864265944233492,0.27387723277506343,0.0396961727504705,0.18362817516956914,0.26741196069210216,0.052359668837283664,6.259479750118708,4.330733340286331,0.0,0.0,0.5895293898559401,0.3803481308273378,0.030122479289295397,0.006104918586539617,0.00265698908913036,0.004545279585868248,0.006246887620103961,0.4747355122039551,-0.002932109937970679,0.001536574360930447,02,Drosophila
