label,radius_norm,radius_rank,log_volume,volume_rank,recent_speed_relcentroid,recent_radial_relcentroid,recent_tangential_relcentroid,recent_speed_abs,accel_mag_relcentroid,accel_radial_relcentroid,accel_tangential_relcentroid,recent_log_volume_change,old_speed_relcentroid,old_radial_relcentroid,old_tangential_relcentroid,old_log_volume_change_rate,future_radial_velocity,future_speed,knn3_mean_distance,knn3_max_distance,knn3_distance_sd,knn3_log_density,knn3_neighbor_logvol_mean,knn3_neighbor_logvol_sd,knn3_focal_minus_neighbor_logvol,knn3_shape_eigfrac1,knn3_shape_eigfrac2,knn5_mean_distance,knn5_max_distance,knn5_distance_sd,knn5_log_density,knn5_neighbor_logvol_mean,knn5_neighbor_logvol_sd,knn5_focal_minus_neighbor_logvol,knn5_shape_eigfrac1,knn5_shape_eigfrac2,knn10_mean_distance,knn10_max_distance,knn10_distance_sd,knn10_log_density,knn10_neighbor_logvol_mean,knn10_neighbor_logvol_sd,knn10_focal_minus_neighbor_logvol,knn10_shape_eigfrac1,knn10_shape_eigfrac2,neighbor_velocity_mean_speed,neighbor_velocity_speed_sd,neighbor_velocity_consensus_mag,focal_minus_neighbor_consensus_speed,focal_neighbor_velocity_alignment,neighbor_radial_velocity_mean,neighbor_radial_velocity_sd,sequence,organism
1,0.8017983844332699,0.46923076923076923,2.302585092994046,0.5038461538461538,0.004473691156974297,-0.0044624197274960465,0.0003173684666820892,0.003420271223211058,0.0031105030628786664,-0.00110669005530816,0.002906968597295056,0.0,0.0026854642906445716,-0.0010180236230863248,0.002485024418223158,0.0,0.0014381720360114594,0.002039455721756342,0.097849135261316,0.12790625455229096,0.024397334913246856,5.21152762800456,2.302585092994046,0.0,0.0,0.7737398427796393,0.22626015712202918,0.11574106979905507,0.1482402525259309,0.029157160243049447,5.427279899414027,2.302585092994046,0.0,0.0,0.6087903945546159,0.39120960537518956,0.16389518555230112,0.25348109773213606,0.05791697959817981,5.047517140759073,2.302585092994046,0.0,0.0,0.7064273589433675,0.29357264102353753,0.003009321775356593,0.0018611018932398731,0.0009984670214561997,0.004413342834535091,0.1716265144461757,-0.0002747714391038715,0.0028161868419547312,01,Tribolium
3,0.7636163591105136,0.43846153846153846,2.302585092994046,0.5038461538461538,0.0010021216505299237,0.0009669675682199323,0.0002630998374603245,0.002418496975429747,0.0003352161417463465,-4.03503536836e-05,0.00033277877132550845,0.0,0.0037947722331527693,0.0015507938662752726,0.003463428169578553,0.0,6.812483856221808e-05,0.0020202453496384653,0.0815514249146911,0.09567593597950759,0.011249635413892343,5.792189218184148,2.302585092994046,0.0,0.0,0.6588972657138438,0.34110273413860237,0.0924565479846214,0.1167159724603246,0.01671197591899756,5.9054616750757525,2.302585092994046,0.0,0.0,0.6981859638500075,0.30181403603671014,0.1360440784070495,0.2307859530153488,0.05129089538743759,5.235114309679844,2.302585092994046,0.0,0.0,0.8258543598107125,0.174145640141981,0.0032738032486771354,0.001742334770067317,0.001392221379416927,0.0023941898562477404,-0.9997371379227104,-0.0013238506614532812,0.002735589057112138,01,Tribolium
6,0.7988753889707356,0.45384615384615384,2.302585092994046,0.5038461538461538,0.0010021216505299237,0.0009971062657008478,0.00010013439649255766,0.002418496975429747,0.0025712643875641502,0.0017572393484647443,0.001877101601662213,0.0,0.0013786626045626418,0.00041058063798101287,0.0013161056632864064,0.0,0.002419736188445552,0.002668883218730359,0.07670817781770768,0.08006649656191078,0.002806542106870701,6.148407853603692,2.302585092994046,0.0,0.0,0.7099224120136164,0.2900775878166625,0.09762364055401893,0.13389389887444123,0.025894079913055337,5.630853096607409,2.302585092994046,0.0,0.0,0.7583191266902505,0.24168087321171863,0.14408842577570796,0.23257844317835197,0.054035993127096046,5.219640534662702,2.302585092994046,0.0,0.0,0.8704915069012418,0.12950849305653092,0.0036030575589248693,0.002051306136576041,0.0004768758123536382,0.0007647958956586283,0.67667126443302,0.0003966737715754624,0.0035770111884679467,01,Tribolium
7,0.8643574047982242,0.5,2.302585092994046,0.5038461538461538,0.005598803205333754,0.0046340830935929726,0.0031419534073138804,0.005407923640438553,0.003312859103854037,0.0032711965172750415,0.0005237449640389986,0.0,0.0029192332971593083,-0.0012455781962096896,0.0026401624950693134,0.0,0.0013762149509412313,0.0023085071290852126,0.08627724810785968,0.1132827700872346,0.019202115775758824,5.454348680354545,2.302585092994046,0.0,0.0,0.7008435860119002,0.2991564138600995,0.1079488160798621,0.14153890666194122,0.030433320010775936,5.519799194287259,2.302585092994046,0.0,0.0,0.5416188906934036,0.4583811092270997,0.14592299192731512,0.21179461683203565,0.046093737967609794,5.406861617806194,2.302585092994046,0.0,0.0,0.7861054890238814,0.21389451093341666,0.0036344110011721684,0.0018796578092887433,0.00026840843503393675,0.0056460380382961865,-0.15275335876553447,-8.23705514892838e-05,0.003238689631565287,01,Tribolium
8,0.31651602028477965,0.11538461538461539,2.302585092994046,0.5038461538461538,0.001838601614856239,0.0012691225761774282,0.0013303322084309386,0.003420271223211058,0.0021156570499304074,-0.0006418859874408473,0.0020159333153771043,0.0,0.001225956728048987,-0.000703119607784901,0.0010042871681929352,0.0,0.0019197491901196526,0.001961485704237819,0.06948860950117794,0.07215070049517833,0.0025713775025749753,6.356608858349362,2.302585092994046,0.0,0.0,0.5907482049982032,0.40925179479498325,0.07594877841393939,0.09880381570593197,0.011657292877109144,6.238676021269231,2.302585092994046,0.0,0.0,0.6504564764409828,0.3495435233896436,0.10185806661473933,0.13979247254041985,0.02795639977189336,6.237777683185418,2.302585092994046,0.0,0.0,0.7444191876766001,0.25558081223376705,0.0028833900374809944,0.001086592842493812,0.0012170937819167224,0.0008720014854466525,0.9164083331249949,0.0003990459441950483,0.002238872556422238,01,Tribolium
9,0.3440961401614176,0.13076923076923078,2.302585092994046,0.5038461538461538,0.001838601614856239,0.001504182719970896,0.001057303288131143,0.003420271223211058,0.0003352161417463465,0.0002784863117831314,0.0001865884129219582,0.0,0.001206721541237772,-0.00047773543640015453,0.001108127127587272,0.0,0.0026458599960912867,0.002668883218730359,0.06971831632749916,0.07178496662507729,0.001969984575452923,6.3667726951374055,2.302585092994046,0.0,0.0,0.517034068029986,0.4829659317644439,0.08277561711076593,0.1308896283112491,0.024157985070838765,5.676239598147398,2.302585092994046,0.0,0.0,0.7663325666677189,0.2336674331977894,0.11631670343166742,0.18749201848926433,0.04008487193751417,5.650623098035647,2.302585092994046,0.0,0.0,0.7316110190363669,0.26838898089756696,0.0027808688962288734,0.0010059676034827759,0.0017358161105112753,0.0003420271223211057,0.9833278161803702,0.001251573816066023,0.0013910133489295137,01,Tribolium
10,0.4337524781515475,0.2230769230769231,2.302585092994046,0.5038461538461538,0.0018632897029761677,-0.0018482225176853532,0.00023647841833416688,0.0,0.005073176464084032,-0.0034033058130989546,0.003762263810296006,0.0,0.0014510100082098494,-0.00042084044775155037,0.001388640832419032,0.0,0.001993800747765685,0.001994343696986738,0.07714596963989817,0.0818367345700355,0.003822242913002814,6.10467040512999,2.302585092994046,0.0,0.0,0.7109830849605492,0.2890169148718374,0.08805760704937762,0.12334334574691713,0.018180265051051147,5.795004679519119,2.302585092994046,0.0,0.0,0.6834995951831939,0.31650040469311497,0.12529030347091696,0.18741401057305676,0.04156995143315249,5.651455391050792,2.302585092994046,0.0,0.0,0.6404216849972235,0.3595783149453901,0.0023657076245390874,0.0010451297256820335,0.0005597495889494552,0.0018889065218531407,0.1041252843334976,7.425043535729241e-06,0.002326802341046448,01,Tribolium
11,0.3572490137663562,0.15384615384615385,2.302585092994046,0.5038461538461538,0.001838601614856239,0.0010145430308006573,0.001533348732939049,0.003420271223211058,0.0027289174063683287,0.0006585550013689023,0.002648262736390038,0.0,0.00128421107671307,-0.0011836684000572334,0.0004981236877106852,0.0,0.002655734400807917,0.0026591249293156497,0.07193853828695711,0.07590382537040141,0.00332764165945216,6.255188679921986,2.302585092994046,0.0,0.0,0.6784162363500398,0.32158376345714174,0.0750164064877136,0.0818367345700355,0.004774519739975699,6.615496028895847,2.302585092994046,0.0,0.0,0.5913400210011583,0.4086599788218584,0.10395192215311325,0.14356993325015455,0.029426723343043505,6.184451138488762,2.302585092994046,0.0,0.0,0.724613094853222,0.27538690506110236,0.002466046941995069,0.001156988392640002,0.0010502151356036851,0.001744002970893305,0.3733598381293259,-0.000316201851146293,0.002308529143954639,01,Tribolium
13,0.42654474224002087,0.2153846153846154,2.302585092994046,0.5038461538461538,0.005791374637304738,0.004946454191368668,0.003012077542545663,0.007647958956586283,0.0003352161417463465,5.455237678393614e-05,0.000330747486573262,0.0,0.0007684438758315367,4.283935034770645e-06,0.0007684319346588949,0.0,0.001914878085816118,0.0019415040045440272,0.07775954681071745,0.08265458886444353,0.0041289844627924056,6.0847821577330965,2.302585092994046,0.0,0.0,0.6126802067841363,0.387319793050945,0.09189303200775926,0.1356300348942376,0.02265004869615725,5.6050867758446,2.302585092994046,0.0,0.0,0.655124566595986,0.34487543329237386,0.122479149564799,0.18059550274031738,0.03614983595619208,5.725576173122326,2.302585092994046,0.0,0.0,0.573791782787094,0.4262082171515864,0.002372141531866329,0.0012323864476805392,0.0003562003080240016,0.006118367165269026,-0.9131652588269619,-0.00026980179130625366,0.0023454384373834823,01,Tribolium
16,0.6078954496320105,0.3384615384615385,2.302585092994046,0.5038461538461538,0.0035512125286613645,0.0026560083692594924,0.002357271720897906,0.005407923640438553,0.0027289174063683287,-0.0004812439551473828,0.002686148630737724,0.0,0.001189635652099404,0.0010728257948030495,0.0005140795646115294,0.0,0.0031300139127339293,0.0031305811407975493,0.08222894128964826,0.09444532609265702,0.014443393936708966,5.8180806321140235,2.302585092994046,0.0,0.0,0.8450251002958866,0.1549748995606456,0.09630117739594751,0.13037470945008162,0.022123450357710003,5.684123100844441,2.302585092994046,0.0,0.0,0.5941805858324343,0.4058194140651421,0.12956455305057837,0.18170945329238988,0.03885463552055585,5.713277648979298,2.302585092994046,0.0,0.0,0.5938307535126205,0.40616924643272473,0.002876281451044939,0.0015315862177749898,0.0010130064318830503,0.002604800959649103,0.9523964888749302,0.00030954327935971056,0.0025576538748012067,01,Tribolium
17,0.5633185107191917,0.3,2.302585092994046,0.5038461538461538,0.0010021216505299237,0.000762257587124436,0.0006505468263945735,0.002418496975429747,0.0025712643875641502,0.0025137184992851226,0.0005409434879055253,0.0,0.0008164218574763757,-0.0007945761072464349,0.0001875991981813289,0.0,0.002220778107745456,0.002549319652195428,0.08907508219891308,0.10433228887129348,0.012985422380081602,5.618961064533527,2.302585092994046,0.0,0.0,0.6243093023834881,0.3756906974931006,0.10253480594011388,0.124499751780602,0.019343725675119643,5.776341025988718,2.302585092994046,0.0,0.0,0.547248672033293,0.45275132787485906,0.13551753039646236,0.18439354342277434,0.037405897713784636,5.683951057862585,2.302585092994046,0.0,0.0,0.583120667661397,0.4168793322880066,0.0030472555574095977,0.001505054686848039,0.0008544413059219959,0.0012092484877148737,0.15885228029380927,0.0005342603457506231,0.0029194068710360226,01,Tribolium
18,0.49137889756933084,0.26153846153846155,2.302585092994046,0.5038461538461538,0.0031992033896003375,0.0031778454718645287,0.0003690534988052547,0.004836993950859494,0.003312859103854037,0.002770559457951999,0.0018163247870194635,0.0,0.0012425432758618484,5.665034836570652e-05,0.0012412511955359952,0.0,0.0018339749563336017,0.0018871854221592162,0.06608233453196628,0.07259520635528705,0.009182112052747457,6.344325063469556,2.302585092994046,0.0,0.0,0.5942723261089897,0.4057276736663511,0.0813630474290954,0.11801174883717176,0.021822377089408044,5.883380098474834,2.302585092994046,0.0,0.0,0.6313197888482864,0.3686802110107923,0.1091780524047355,0.16694637794835773,0.03373915062834797,5.882750309469165,2.302585092994046,0.0,0.0,0.6906857803606555,0.309314219562764,0.002800150939205289,0.0015966917354669947,0.0005208445042036668,0.002830778133238824,0.7480331218426436,0.00034435380294594193,0.0027023722530350315,01,Tribolium
19,0.5715201101749668,0.3230769230769231,2.302585092994046,0.5038461538461538,0.0010021216505299237,0.0008855644857595278,0.00046906646013361646,0.002418496975429747,0.0021156570499304074,0.0007752457920929095,0.0019685016420522674,0.0,0.001840214387711588,0.00011994147258723375,0.001836301455615156,0.0,0.002817018766650763,0.003080354655886548,0.06804973533417186,0.07371458172662497,0.004815537082409283,6.313721582269774,2.302585092994046,0.0,0.0,0.6313036615051683,0.36869633827996084,0.08135513444311575,0.11459184747295753,0.01870809307237283,5.942195144780993,2.302585092994046,0.0,0.0,0.6238716264959856,0.3761283733605145,0.11181588001626067,0.15866519869580997,0.03428401837503869,5.984503023712003,2.302585092994046,0.0,0.0,0.7693805619074884,0.23061943801940246,0.003131190538858083,0.0014053766041866385,0.0013549614887341712,0.001710135611605529,-0.031077153843920926,0.000486587667709707,0.0026509731093749354,01,Tribolium
21,0.7228697653260728,0.4076923076923077,2.302585092994046,0.5038461538461538,0.0018632897029761677,-0.0013229318122728818,0.0013121356398228818,0.0,0.0023046896565361327,-0.0022318529499609175,0.0005748276460778373,0.0,0.003967334940047863,0.0026726059605900257,0.002932051143132269,0.0,0.0025857731329788796,0.003319993380816054,0.08705639496598498,0.09749272989697541,0.011753005391300201,5.754567226398597,2.302585092994046,0.0,0.0,0.6296283971172374,0.37037160275317765,0.10383517901718038,0.14129073772762238,0.023781572311056546,5.523308996076701,2.302585092994046,0.0,0.0,0.5660206056282697,0.43397939428360355,0.14089806120422327,0.20849632244490593,0.042906652940434324,5.4382528450766685,2.302585092994046,0.0,0.0,0.6274158889632835,0.37258411099061933,0.0035252710085695504,0.0017050146005236399,0.0014744739151620779,0.0029122560068160406,-0.5160045927648242,-0.0004735499612262278,0.003156070045995485,01,Tribolium
22,0.8358129224924045,0.47692307692307695,2.302585092994046,0.5038461538461538,0.004422323990015296,0.004353433734525739,0.000777537260687926,0.005407923640438553,0.003312859103854037,0.0033024351387077027,0.0002625977848672924,0.0,0.00205210038428526,0.0006415717505466547,0.001949231047383612,0.0,0.0019030392163696195,0.0021631694561754216,0.09140670441072392,0.0984776806907534,0.008099904480813784,5.734462985469288,2.302585092994046,0.0,0.0,0.6546715406051649,0.3453284592760814,0.10732174366101103,0.1344823505205925,0.020582086553230818,5.622082535270895,2.302585092994046,0.0,0.0,0.704573344652238,0.29542665526402107,0.15083307892514328,0.23057042511922465,0.05084170127657822,5.236982955455766,2.302585092994046,0.0,0.0,0.8241066498768747,0.175893350083655,0.003263506133788325,0.0021663973431695874,0.0006978291900978836,0.004498664420221118,-0.031442778873343735,6.313862498932582e-06,0.0033572835456580274,01,Tribolium
23,0.4805841714392825,0.23846153846153847,2.302585092994046,0.5038461538461538,0.001838601614856239,0.000920002961557668,0.0015918701105545924,0.003420271223211058,0.0037344371597134132,0.0028940925248790083,0.0023601375716868355,0.0,0.001073322990454713,-0.0006676319201823576,0.0008404105312240358,0.0,0.0015763399142547433,0.001620372919541735,0.08431673342607737,0.09794166272361854,0.009639205049327403,5.7453788003451525,2.302585092994046,0.0,0.0,0.6334769599508602,0.3665230399102937,0.09958534907010887,0.1258548274616471,0.02024791289847107,5.754690310938202,2.302585092994046,0.0,0.0,0.5126184515950769,0.4873815483080916,0.13128957793877455,0.18059550274031738,0.03627526186057018,5.725576173122326,2.302585092994046,0.0,0.0,0.5898528428777292,0.41014715706837074,0.0026798057391632982,0.001514920720743456,2.751081835628307e-05,0.0018418724222091071,-0.11151597817834459,2.4143143845905147e-05,0.00279069064382599,01,Tribolium
24,0.40727194099568376,0.19230769230769232,2.302585092994046,0.5038461538461538,0.004199726714001624,-0.004179889439779882,0.00040771159355051977,0.002418496975429747,0.003556151678716387,-0.0020747230271402238,0.0028882069044117117,0.0,0.0007253727224546256,0.0006946669721024385,0.00020881423407245297,0.0,0.0020661808695046774,0.002120690745214001,0.07136362152096597,0.07788161106518576,0.00461744221851904,6.2037431128732505,2.302585092994046,0.0,0.0,0.6635599592772612,0.3364400405272004,0.0779790793026666,0.09029775137015865,0.008985222656560205,6.418723353590389,2.302585092994046,0.0,0.0,0.5709371207520766,0.4290628790856244,0.10160328410231667,0.13979247254041985,0.026023584973330773,6.237777683185418,2.302585092994046,0.0,0.0,0.6992979705427652,0.30070202936632945,0.0025273412256813913,0.001378689911080853,0.0006711248251455538,0.00475159263971866,-0.7964262075713068,0.0005848188828849593,0.00242631006996766,01,Tribolium
25,0.2723112433243904,0.07692307692307693,2.302585092994046,0.5038461538461538,0.004177908476040229,0.002804342073530317,0.0030968669278476388,0.005407923640438553,0.0037344371597134132,0.003618002282299395,0.000925246121377849,0.0,0.001206721541237772,-0.00047737305184350715,0.0011082832884515043,0.0,0.002001609258489569,0.0025998061305860113,0.06913110908310216,0.07178496662507729,0.0018778820587855153,6.3667726951374055,2.302585092994046,0.0,0.0,0.6587495713327384,0.3412504284581719,0.07052474932865603,0.07275617153374252,0.0022443623621944226,6.850721001144663,2.302585092994046,0.0,0.0,0.5771313977508865,0.42286860204826093,0.10267693604681391,0.17381238206221397,0.035993002021032484,5.802142744006507,2.302585092994046,0.0,0.0,0.7742518298035274,0.22574817011199919,0.002546938210110474,0.0009224218435984928,0.0015381800370990316,0.0029122560068160406,0.8822766551712242,0.001134686247102784,0.0012676200727478313,01,Tribolium
26,0.38210435352222893,0.16923076923076924,2.302585092994046,0.5038461538461538,0.001838601614856239,0.0012973959273518438,0.0013027738506136892,0.003420271223211058,0.0037344371597134132,0.003402475592713725,0.0015392143258285277,0.0,0.00036643421773954103,-0.00035379412358475977,9.541359466701323e-05,0.0,0.0026552842613373085,0.002759866657574207,0.0707732922676562,0.0738335082600831,0.003412082780846482,6.3104975063986135,2.302585092994046,0.0,0.0,0.8221118103537769,0.17788818944703974,0.0826185811115094,0.1233433457469171,0.02069439850894178,5.795004679519119,2.302585092994046,0.0,0.0,0.7486157695125663,0.2513842303495803,0.11451136773847748,0.16452891121658103,0.036120095924603385,5.911923037242838,2.302585092994046,0.0,0.0,0.6168260017681174,0.3831739981625225,0.002712128946100482,0.0011026845608651528,0.0012460351186267121,0.0010815847280877106,0.8213216965625942,0.0001443316605288112,0.0020114065048060527,01,Tribolium
27,0.3214945370521866,0.12307692307692308,2.302585092994046,0.5038461538461538,0.0018632897029761677,-0.0017169388537583241,0.0007238573683206292,0.0,0.004712650443702316,-0.004703654117293662,0.0002910535163745985,0.0,0.00029577189685478186,0.00019424240971367863,0.000223049100508608,0.0,0.0030617602332700567,0.0031013812116254475,0.07849966884509224,0.09029775137015865,0.008767636666620972,5.907897729824532,2.302585092994046,0.0,0.0,0.6419844015491856,0.3580155982905341,0.09568256465747896,0.12381665272671034,0.022163666026627993,5.7873447416448665,2.302585092994046,0.0,0.0,0.5761784107092485,0.4238215891870857,0.12300211501221417,0.16799416884905763,0.032282313218668826,5.870237111784827,2.302585092994046,0.0,0.0,0.5206007354785043,0.4793992644596593,0.002887411089422437,0.001528543129984509,0.0010112004382286568,0.0022297440384802937,-0.12668345436139933,9.349730046237384e-06,0.0025831556220236255,01,Tribolium
28,0.5045766151315758,0.27692307692307694,2.302585092994046,0.5038461538461538,0.0018632897029761677,-0.0014836551267034192,0.0011272160317453244,0.0,0.007127749240569305,-0.0069696030369926455,0.0014931318572648535,0.0,0.0022032975344699977,-0.0003645430107192417,0.002172930836160535,0.0,0.0020003532287665607,0.002102222839892925,0.07477954443144459,0.0780691423048164,0.002373787505535425,6.198933098790257,2.302585092994046,0.0,0.0,0.7581006325002367,0.24189936732111564,0.08462324965165685,0.10433228887129348,0.012589834084098453,6.129786688299384,2.302585092994046,0.0,0.0,0.6187696137471842,0.38123038611619614,0.1113863684806351,0.16717395661148307,0.03379343332722163,5.88002579767181,2.302585092994046,0.0,0.0,0.7472385505934216,0.2527614493327717,0.0031950694382833723,0.001582142088827854,0.0011928227017368176,0.0030303680244576974,-0.9647497342220285,0.0005534615870383166,0.0028734777601996594,01,Tribolium
29,0.4432838881847476,0.23076923076923078,2.302585092994046,0.5038461538461538,0.0010021216505299237,0.0007425981650416927,0.0006729010088694544,0.002418496975429747,0.0027289174063683287,-3.622661854693376e-05,0.0027286769400001716,0.0,0.00036643421773954103,-0.00027567257645217714,0.00024140974819300055,0.0,0.0016394067794274225,0.0016833233142906445,0.0680665471148612,0.08265458886444353,0.012069897660436852,6.0847821577330965,2.302585092994046,0.0,0.0,0.7157933459587713,0.2842066538319682,0.07911183478575073,0.09794166272361854,0.016506165439189747,6.25620442411101,2.302585092994046,0.0,0.0,0.6834100212424736,0.31658997860441357,0.1027773897688294,0.1447263832471575,0.027708088676153167,6.168405755547171,2.302585092994046,0.0,0.0,0.6624791629585363,0.3375208369532098,0.002765922544407923,0.0014397139089423446,0.00026840843503393665,0.0012092484877148735,-0.7175143551560743,-0.00023622148190802363,0.0027953589301092335,01,Tribolium
30,0.5405303657170378,0.2923076923076923,2.302585092994046,0.5038461538461538,0.0035512125286613645,0.002148808959700451,0.0028273186022152704,0.005407923640438553,0.0027289174063683287,-0.0009927002198280306,0.0025419552482947895,0.0,0.002373279165813251,0.0008004287281360957,0.0022342264545156722,0.0,0.002566962271497873,0.0027457012946278383,0.07991972693020215,0.09444532609265702,0.010819757900387134,5.8180806321140235,2.302585092994046,0.0,0.0,0.8006289866661037,0.1993710131801501,0.09825524163870691,0.13037470945008162,0.024146441794357765,5.684123100844441,2.302585092994046,0.0,0.0,0.646014173193637,0.35398582670867945,0.12985356607000273,0.18371027834157666,0.03882314606037,5.691375766061571,2.302585092994046,0.0,0.0,0.5852654132719752,0.41473458667358576,0.0028762814510449384,0.0015315862177749898,0.0010130064318830503,0.002604800959649103,0.9523964888749303,0.00036026322031561443,0.002598330396312018,01,Tribolium
32,1.0394529932881744,0.5923076923076923,2.302585092994046,0.5038461538461538,0.0035512125286613645,0.0006347098122160548,0.0034940311787386934,0.005407923640438553,0.005669506753611146,0.0010012534020639023,0.005580394112793276,0.0,0.0007646285782541548,0.00036821660515070064,0.0006701293862936195,0.0,0.0006362195985012533,0.0016833233142906445,0.0645904942118845,0.07727845301367152,0.009797015411678423,6.219292502935533,2.302585092994046,0.0,0.0,0.7950660420687203,0.20493395769697303,0.07580932284001848,0.100593194515741,0.016483291288010727,6.202779257442852,2.302585092994046,0.0,0.0,0.5951885493188607,0.4048114505149918,0.10936779623945189,0.17955609553099983,0.0408092852475891,5.737120312868836,2.302585092994046,0.0,0.0,0.7163558640026505,0.28364413592396415,0.0037685530629205993,0.0016721136177889756,0.0007876539864608271,0.004326338912350842,-0.9805953996766307,-0.00033143735147516084,0.0030896363684140386,01,Tribolium
33,1.0018950045767827,0.5692307692307692,2.302585092994046,0.5038461538461538,0.001838601614856239,-0.0007756601903324743,0.0016669754549138867,0.003420271223211058,0.0037344371597134132,-0.0002719172972605086,0.0037245243835017277,0.0,0.00137015111091404,0.001334605674000528,0.00031006735020729646,0.0,-0.00014596059316971554,0.0008061656584765824,0.08452348195675824,0.11117196886537568,0.019486118819346216,5.491966303570677,2.302585092994046,0.0,0.0,0.7801034383624654,0.21989656150462525,0.10071811252440524,0.1315137649556938,0.02526150558714591,5.666725425123208,2.302585092994046,0.0,0.0,0.7727130603865733,0.22728693952068196,0.13002197481096905,0.18628707461986208,0.03663071802296141,5.663517859305888,2.302585092994046,0.0,0.0,0.7302394499020328,0.2697605500431653,0.0032624053597563743,0.0017479684949187014,0.0010869910227076416,0.002922281014111706,-0.9951549826116358,0.00039680993568568174,0.002809040675743937,01,Tribolium
35,1.1614293891121243,0.6846153846153846,2.302585092994046,0.5038461538461538,0.005165808141979168,-0.0018829425419838004,0.004810415901283989,0.006840542446422116,0.0025712643875641502,0.0010720807373947954,0.0023371015046982184,0.0,0.0027532187520060776,0.001848418976334245,0.0020404805277986276,0.0,5.322302077970778e-05,0.00022801808154740386,0.07416258487035632,0.09391743422392658,0.01681512748930338,5.829290772586368,2.302585092994046,0.0,0.0,0.5406659103132876,0.45933408951378685,0.09059477111138822,0.11899889902185751,0.02408976512562601,5.866719988024824,2.302585092994046,0.0,0.0,0.6498121433894132,0.35018785649679174,0.11819167401682247,0.17669930174290227,0.03494992897598052,5.769196795596849,2.302585092994046,0.0,0.0,0.7500237401799369,0.24997625975423368,0.003904383683261055,0.0012822141201259472,0.0032060522118614217,0.007788161106518572,-0.7152313295251176,-0.0010804432280432424,0.0017604994692154176,01,Tribolium
36,1.1381307731003196,0.6615384615384615,2.302585092994046,0.5038461538461538,0.0018632897029761677,-0.0004889286129708317,0.0017979981447808653,0.0,0.0003352161417463465,-0.0001599179121474628,0.0002946118175866389,0.0,0.001206721541237772,0.0010589686460801607,0.0005785864539603527,0.0,0.00011316343753047278,0.0009401426347706474,0.08185415084255247,0.100593194515741,0.0181273186123508,5.691953633676995,2.302585092994046,0.0,0.0,0.7250698368048135,0.2749301630529127,0.09735672397588922,0.1299703064820203,0.024345353418648397,5.690336444961585,2.302585092994046,0.0,0.0,0.6288761286569718,0.37112387124373336,0.1304435995132333,0.19991770564052772,0.04043507976599544,5.522284030787547,2.302585092994046,0.0,0.0,0.5822249795766,0.41777502036978215,0.0038529362805864733,0.0013905020211520504,0.0010502151356036851,0.001744002970893305,0.3917648339072772,-0.0009631039668625312,0.002689091408516869,01,Tribolium
37,1.17669595990974,0.6923076923076923,2.302585092994046,0.5038461538461538,0.004473691156974297,-0.003722810950625677,0.002480844854861257,0.003420271223211058,0.0003352161417463465,-0.00017957022368781183,0.00028306253099273995,0.0,0.0017321508507662621,0.00028481238072845203,0.0017085749844809495,0.0,-0.0009388399982548542,0.0009401426347706475,0.08163339653549655,0.10444435366071106,0.021498272503702204,5.616813989098057,2.302585092994046,0.0,0.0,0.8257590990966501,0.1742409007630223,0.0955824340084592,0.12856762677509517,0.025047198098676695,5.712038381728531,2.302585092994046,0.0,0.0,0.5401792058807073,0.459820794016869,0.13064944995812186,0.19148937581704328,0.0408747013185409,5.608430994292106,2.302585092994046,0.0,0.0,0.712716181326123,0.2872838186205152,0.003809488827042863,0.001268219962173257,0.0017373949253564646,0.0028204279043119417,0.969926510943035,-0.0009563182945852178,0.0014862577280555763,01,Tribolium
39,1.3258903253241265,0.8,2.302585092994046,0.5038461538461538,0.005192278075848153,0.0015664343247233576,0.00495035707027906,0.003420271223211058,0.004712650443702316,-0.0018670433509302886,0.0043270340107601,0.0,0.0018449759823915195,0.0013180879284292362,0.0012909611103866286,0.0,0.0010736096822964254,0.0010815847280877108,0.08055555011418651,0.09193470188745544,0.011658268749628352,5.8719657206027955,2.302585092994046,0.0,0.0,0.7813752100166085,0.21862478983245065,0.09120060797814429,0.1128171161724777,0.01625697231097342,5.9734123369790995,2.302585092994046,0.0,0.0,0.6797306537642922,0.3202693461191826,0.11994638181497348,0.15766671299196935,0.03174538369220275,5.997128863634657,2.302585092994046,0.0,0.0,0.7154319009492058,0.2845680989858375,0.0034455427194361303,0.002065696223594561,0.003306530196094878,0.00188890652185314,0.9996527700464617,0.0009177490233599139,0.0011678723705309476,01,Tribolium
40,1.2572543728472902,0.7538461538461538,2.302585092994046,0.5038461538461538,0.0018632897029761677,-2.967492376927803e-05,0.0018630533852029851,0.0,0.0003352161417463465,-0.0002277319098886784,0.0002459838183819446,0.0,0.0016997685563120682,0.0014189178074339767,0.0009358874936518644,0.0,0.0009054358776755718,0.0011737949165347417,0.0696466865369809,0.08050362354043711,0.015045990453302202,6.1375184538061145,2.302585092994046,0.0,0.0,0.6502022187571117,0.34979778104592324,0.07896386204298692,0.10206515708854808,0.017301845811994843,6.173725661647847,2.302585092994046,0.0,0.0,0.5798041214676085,0.4201958783793609,0.11311477470796408,0.18074118998891603,0.04087205965193377,5.723963414059434,2.302585092994046,0.0,0.0,0.5799650457146703,0.4200349542161995,0.00432838123031868,0.0019379805132347648,0.004043398143082346,0.0022297440384802946,0.9854735184683899,0.0006983818563367127,0.0014838468854855844,01,Tribolium
42,1.4675936343404374,0.8692307692307693,2.302585092994046,0.5038461538461538,0.0018632897029761677,0.000185468354741843,0.0018540361395092515,0.0,0.0023046896565361327,-0.0009597525331413896,0.0020953447181963456,0.0,0.0018795257867997108,0.00016895665070474088,0.0018719163532133877,0.0,0.00023505386072095308,0.0008061656584765824,0.07582500142815009,0.08226445560829035,0.004863961299368386,6.094244593926205,2.302585092994046,0.0,0.0,0.8070312364681534,0.1929687633586291,0.09076695346376727,0.11699127587637063,0.018838748855737403,5.90074973660869,2.302585092994046,0.0,0.0,0.6630213165111282,0.3369786833725053,0.12140817374159527,0.16397694859305248,0.0338222754119945,5.918643929749927,2.302585092994046,0.0,0.0,0.6571865456974932,0.34281345423954995,0.0026864286065405125,0.0012798340213124992,0.0024352227762705217,0.0007647958956586282,0.9715918598854778,0.0008615975168388773,0.0010020796891649939,01,Tribolium
43,1.5784875276425447,0.9307692307692308,2.302585092994046,0.5038461538461538,0.0018632897029761677,0.00030670604101983934,0.0018378737501849663,0.0,0.0003352161417463465,-0.00026834912826940505,0.00020089451720830273,0.0,0.002870233501592878,0.0003061253155132355,0.0028538618825843754,-0.052472852893498165,0.0003507499517149398,0.0003605282426959035,0.07041482633755151,0.08272532451184779,0.008933130583361606,6.083071293329716,2.302585092994046,0.0,0.0,0.6834944911064196,0.3165055086950908,0.08217009730115794,0.10283590198590382,0.01608848889875661,6.158679403986818,2.302585092994046,0.0,0.0,0.6713029127271003,0.3286970871302619,0.12869233788859455,0.23479358555981622,0.058190609247292975,5.2006821132589955,2.302585092994046,0.0,0.0,0.8384637829611767,0.16153621698869264,0.0023535297692533147,0.0009833519692434274,0.002097712450961252,0.0004836993950859493,0.9771006277378077,0.0007229086390651057,0.001002276325467448,01,Tribolium
44,1.6169936743941864,0.9384615384615385,2.302585092994046,0.5038461538461538,0.0010021216505299237,0.0008884585550511252,0.0004635614289576789,0.002418496975429747,0.0027289174063683287,-0.002572318565440204,0.000911135230726865,0.0,0.0014429253388324281,0.0003166164699901405,0.0014077597608880784,0.0,0.0006177878269279198,0.0006449325267812658,0.0844098067304117,0.10469606086279058,0.01434890744988293,5.611999858378047,2.302585092994046,0.0,0.0,0.6339264102519935,0.3660735896115977,0.10872771081481161,0.14887022722088172,0.03187397373569994,5.41879853396978,2.302585092994046,0.0,0.0,0.6909910107040065,0.30900898921809766,0.15635802349034122,0.26410385622031685,0.06070669252770317,4.965410809822468,2.302585092994046,0.0,0.0,0.8135001776249392,0.18649982233951562,0.002439646574497939,0.0008949682302699794,0.0023001220916750035,0.0027039618202192757,-0.22052042066109517,0.0006647333876619771,0.0010078468412960263,01,Tribolium
45,1.6699877194306716,0.9769230769230769,2.302585092994046,0.5038461538461538,0.0018632897029761677,0.0002534534662622976,0.0018459712504956954,0.0,0.0003352161417463465,-0.0002624300691711802,0.0002085673044417946,0.0,0.0017321508507662621,0.0008291007408225595,0.001520834813968226,0.0,0.00015585035671403976,0.00016123313169531646,0.09320030338093778,0.10283590198590382,0.013085578926223461,5.64785378022096,2.302585092994046,0.0,0.0,0.7186771240429101,0.2813228758441915,0.11546465561268196,0.1695192142438728,0.03189033054121963,5.1590159128300535,2.302585092994046,0.0,0.0,0.7946998286505554,0.20530017127975367,0.18371688476353665,0.3173396134054865,0.0793910082796315,4.598150578806943,2.302585092994046,0.0,0.0,0.9231828069757531,0.07681719299928118,0.0023535297692533147,0.0009833519692434274,0.002097712450961252,0.0004836993950859493,0.9771006277378077,0.0007282338965408598,0.000999906554914097,01,Tribolium
46,1.2130765165647415,0.7230769230769231,2.302585092994046,0.5038461538461538,0.005192278075848153,0.0011389265653846874,0.0050658264770513444,0.003420271223211058,0.007427546305992931,-0.0010306406994795288,0.0073556932967766935,0.0,0.0027276059894189193,0.0026852043690484347,0.00047907403389993864,0.0,-0.0015210555766279187,0.0015295917913172568,0.054637642137937016,0.05929018215284766,0.004602136283338621,6.74923538644797,2.302585092994046,0.0,0.0,0.5848654494053492,0.41513455026203266,0.06578709228708943,0.09713208970943973,0.016872478468511632,6.272804866802301,2.302585092994046,0.0,0.0,0.6454485130093773,0.35455148677382603,0.10138549493426427,0.15628805757894604,0.039514180472710034,6.014693995989934,2.302585092994046,0.0,0.0,0.7159050992562682,0.284094900659275,0.004325734236931781,0.0019368164782367575,0.0030500323954946516,0.0022297440384802933,0.9879222330709237,0.00037073266730082704,0.0016649191817929775,01,Tribolium
50,1.2274973098995272,0.7384615384615385,2.302585092994046,0.5038461538461538,0.002418275545281837,-0.002298279841235342,0.0007523073735378498,0.002418496975429747,0.0003352161417463465,-0.00021177190492353048,0.00025985096107647134,0.0,0.0021779317254264127,0.0017873394288495561,0.0012445096892747013,0.0,-0.001220992870240059,0.0012999030652930056,0.07574394139691347,0.08412754852244896,0.011635268467225405,6.0494546825355675,2.302585092994046,0.0,0.0,0.6415363215465174,0.35846367828319803,0.08591957832856598,0.11148720192401465,0.01670369470298962,5.99712886359453,2.302585092994046,0.0,0.0,0.619068990960483,0.38093100890898896,0.12235382581209202,0.18598855003908976,0.04073323024299924,5.666725425152016,2.302585092994046,0.0,0.0,0.7082326306810717,0.2917673692587949,0.004531275798101028,0.0018295791854919263,0.003265086818581307,0.003368576492098094,0.32685028266851,0.00018552878042792643,0.0019018529126756424,01,Tribolium
51,1.40288757844317,0.8384615384615385,2.302585092994046,0.5038461538461538,0.0018632897029761677,0.00014923487412717292,0.001857303817247265,0.0,0.003556151678716387,-0.0032996824448230217,0.0013260130185500226,0.0,0.002094418729812384,0.0012020974209102078,0.001715095217890233,0.0,4.353013943914966e-05,0.0011737949165347417,0.07606111518351848,0.08519840008252552,0.006510574162733195,6.024157535925272,2.302585092994046,0.0,0.0,0.7511911659822011,0.24880883384620384,0.09479890311824468,0.12879489869859684,0.023789981017806952,5.708506057321198,2.302585092994046,0.0,0.0,0.7341166146375084,0.2658833852578101,0.1247803403691995,0.19361575069612394,0.03718054920068659,5.586344594062444,2.302585092994046,0.0,0.0,0.6931523675170408,0.3068476324239712,0.00294390199699475,0.0011693073155409225,0.0027738398508244957,0.0010815847280877106,0.9670382013652781,0.0009667042521456706,0.001129552329195132,01,Tribolium
53,1.5457680425377578,0.9076923076923077,2.302585092994046,0.5038461538461538,0.0035768555550722944,0.0025420431963870207,0.0025163290821261816,0.002418496975429747,0.004531875426849113,0.004391877275205078,0.0011177248695524535,0.0,0.0018795257867997108,0.00020076793062254438,0.0018687721694413725,0.0,0.00017752409472839936,0.0006449325267812658,0.07799319164451972,0.08226445560829035,0.003442824031356051,6.094244593926205,2.302585092994046,0.0,0.0,0.8451747338981629,0.15482526593776239,0.08559640904413002,0.1112771457752432,0.013241821791990063,6.000900673817878,2.302585092994046,0.0,0.0,0.5980994037263077,0.4019005961403962,0.11971835135574116,0.19203840669284536,0.03844097170940726,5.602704877167211,2.302585092994046,0.0,0.0,0.7292482107163958,0.27075178922035403,0.0021821731840437016,0.0009011098437779973,0.0019691703191612986,0.002176647277886772,0.8471526534882127,0.0004993749235283875,0.000800617210100159,01,Tribolium
54,1.3537543346676073,0.8153846153846154,2.302585092994046,0.5038461538461538,0.004199726714001624,-0.00043985083869014737,0.00417662970731216,0.002418496975429747,0.0023046896565361327,-0.0009194808119462178,0.0021133266310268657,0.0,0.0024160243098092604,0.0011353390815782157,0.0021326459235959556,0.0,0.0007525479536121616,0.0008061656584765824,0.07461571466076972,0.07877768976679089,0.0029433750838945144,6.180863182492527,2.302585092994046,0.0,0.0,0.7441455942368509,0.2558544055838144,0.07952371608796005,0.09193470188745544,0.007178278730936543,6.382791344368653,2.302585092994046,0.0,0.0,0.6225607039140009,0.3774392959291498,0.11451539835182604,0.19203840669284536,0.04030949413734823,5.602704877167211,2.302585092994046,0.0,0.0,0.8099636100114189,0.19003638992073213,0.002710258295892204,0.001127720240186587,0.0025859313324071995,0.0023819432805081545,0.8586896708242603,0.001042044586680303,0.0010531636574649837,01,Tribolium
55,1.338114022782707,0.8076923076923077,2.302585092994046,0.5038461538461538,0.0035768555550722944,0.0026760674516168644,0.0023733012148162637,0.002418496975429747,0.0021156570499304074,0.002088464437876117,0.00033811395216262557,0.0,0.0024160243098092604,0.0012460536636549236,0.002069909112227263,0.0,0.0004218764575380518,0.0005813343236311017,0.07812337443321547,0.09126421933656068,0.009330868046790322,5.886605229175665,2.302585092994046,0.0,0.0,0.6286533212832981,0.3713466785551594,0.10512042268090713,0.15035583876899952,0.03397773429202129,5.398938983967744,2.302585092994046,0.0,0.0,0.6756074222855262,0.32439257763253887,0.14003659526661605,0.19038656428999667,0.043271560053550456,5.619982542603652,2.302585092994046,0.0,0.0,0.5778566683165225,0.4221433316369283,0.0026011888265755245,0.0011845867742208407,0.0025095235202540313,0.0019943436969867374,0.8419036944893041,0.0005109830584367629,0.0007765221676334909,01,Tribolium
56,1.2750287859338687,0.7769230769230769,2.302585092994046,0.5038461538461538,0.0018632897029761677,0.0002249478592210909,0.001849661314362406,0.0,0.0021156570499304074,0.0020687363375720574,0.0004430967372134279,0.0,0.002523775758466687,0.0005432671472288356,0.0024646104937222726,0.0,0.0012808670986277277,0.0016123313169531645,0.08804866541528972,0.09410408714251757,0.0066572994722645705,5.825319887157326,2.302585092994046,0.0,0.0,0.7412779661908404,0.25872203368090324,0.0931759600247938,0.10151927337568421,0.008136076583560243,6.184451138440348,2.302585092994046,0.0,0.0,0.6485000304352163,0.3514999694504712,0.1266681233039764,0.19476034662311523,0.03711331389226313,5.574556028816439,2.302585092994046,0.0,0.0,0.6132528295241843,0.3867471704184178,0.0034455427194361303,0.002065696223594561,0.0033065301960948784,0.0015485936601532253,0.9744198999770617,0.0009683154288763322,0.0011782774334191367,01,Tribolium
58,1.4077385354696246,0.8461538461538461,2.302585092994046,0.5038461538461538,0.0018632897029761677,0.0003031041550466027,0.0018384712095680204,0.0,0.0003352161417463465,-0.000267954962083834,0.00020141995924425598,0.0,0.0018795257867997108,0.0002877640331371428,0.0018573661578907153,0.0,0.0006933130033908142,0.0010815847280877108,0.07748348236603815,0.08183673457003564,0.004981046839071705,6.104670405129986,2.302585092994046,0.0,0.0,0.7716120265229384,0.22838797331118288,0.09176704111964021,0.1170162713420711,0.018076654360301512,5.900322477469558,2.302585092994046,0.0,0.0,0.6302831174609668,0.3697168824247207,0.12181190762920895,0.17101356116055305,0.0354033071274851,5.8346099341429145,2.302585092994046,0.0,0.0,0.6623582250279909,0.3376417749098645,0.0027725454117851376,0.0011893804232510838,0.002633905205614563,0.0008720014854466522,0.9830330529214214,0.0007834828672253979,0.001026180058730959,01,Tribolium
59,1.6236793992580065,0.9461538461538461,2.302585092994046,0.5038461538461538,0.0035768555550722944,0.002723397218618205,0.0023188366159508,0.002418496975429747,0.005073176464084032,0.003973589826449015,0.003153997990943724,0.0,0.002523775758466687,0.0007159380949917708,0.002420098494517042,0.0,9.260361037918706e-05,0.0003605282426959035,0.08882507940667929,0.1026081366963319,0.019109527719271643,5.6522883772884045,2.302585092994046,0.0,0.0,0.6042253551418152,0.39577464473704715,0.11000961771566845,0.1420339436963631,0.029871490270929824,5.512816332047089,2.302585092994046,0.0,0.0,0.7279654406170967,0.2720345593059473,0.16995634724630718,0.2871093094118595,0.07224910628054945,4.798369626389704,2.302585092994046,0.0,0.0,0.8555819065684541,0.14441809340222475,0.0021198860681507685,0.0007717389019147431,0.0019045251296918057,0.0019498545979395085,0.926217504223551,0.0007928313503359702,0.0009290197123875677,01,Tribolium
60,1.4850526950126652,0.8769230769230769,2.302585092994046,0.5038461538461538,0.0018632897029761677,0.0002764312048483069,0.0018426704279938745,0.0,0.0003352161417463465,-0.00026500806822252285,0.00020528172218751801,0.0,0.002773327770239388,0.001667995435167341,0.0022156574982252755,0.0,0.0005477958262367508,0.0005813343236311017,0.07366229553258931,0.0778816110651857,0.003937589723120273,6.203743112873252,2.302585092994046,0.0,0.0,0.6842383891713151,0.31576161064491653,0.07957200140505588,0.09677010550723136,0.00945879980803781,6.280272231930001,2.302585092994046,0.0,0.0,0.6260323070889425,0.37396769275532254,0.11176481737803363,0.15372207253825929,0.03352073922078419,6.047803154595833,2.302585092994046,0.0,0.0,0.7615988426486254,0.2384011572779261,0.002524886354462927,0.0010311338815531413,0.002245026917516397,0.000725549092628924,0.9544960734163438,0.0009681975212177155,0.0011407118680885468,01,Tribolium
62,0.3139603341465739,0.1076923076923077,2.302585092994046,0.5038461538461538,0.0031992033896003375,0.0017900695249758382,0.0026515190785251887,0.004836993950859494,0.0025712643875641502,0.0020763050181666952,0.0015166931206712334,0.0,0.001206721541237772,-0.0006709558382001669,0.001002993091338308,0.0,0.001516904899267642,0.0018026412134795177,0.07233792916945446,0.0822288971646114,0.006999017394036972,6.095109271887427,2.302585092994046,0.0,0.0,0.69248522336854,0.3075147764421291,0.08563053561936636,0.11872825091187199,0.019070749648366966,5.87127391847786,2.302585092994046,0.0,0.0,0.6032094407896916,0.3967905590803754,0.11766456308637614,0.18689834174655603,0.037262830912912354,5.656965966905638,2.302585092994046,0.0,0.0,0.6904423878753111,0.30955761205904386,0.0026947520909842487,0.0011120943008263598,0.001877946774713288,0.0029122560068160406,0.43944820652252553,0.0012883415748600297,0.0011584836476910808,01,Tribolium
63,1.1173096709210917,0.6384615384615384,2.302585092994046,0.5038461538461538,0.001838601614856239,0.0009067852640038958,0.0015994362704207239,0.003420271223211058,0.0031105030628786664,-0.00025206318849946003,0.0031002731255779787,0.0,0.001840214387711588,0.0009286359578394952,0.0015887178007903914,0.0,-0.0006243246421131479,0.000822130884752094,0.10386814331914108,0.1186050248787615,0.012687620280383513,5.362525138656694,2.302585092994046,0.0,0.0,0.7592067278238317,0.24079327208484055,0.1108634045599938,0.12222385995334914,0.013049406552102629,5.813239908374075,2.302585092994046,0.0,0.0,0.5697453358643377,0.4302546640554117,0.1467925888458918,0.20558646887209445,0.04011504731279339,5.4663622138621015,2.302585092994046,0.0,0.0,0.707907421789335,0.2920925781674822,0.0030644069086754712,0.0013964824799399989,0.00047687581235363806,0.002294387686975885,-0.9445583022996579,-0.00031403170944458347,0.0020395523679062086,01,Tribolium
64,1.2221042902118686,0.7307692307692307,2.302585092994046,0.5038461538461538,0.001838601614856239,0.0009217225610558256,0.0015908750480765797,0.003420271223211058,0.0025712643875641502,-0.0013129318251731477,0.002210794104660846,0.0,0.00038964268091526525,0.0003830182516259949,7.154325762922224e-05,0.0,-0.0012090699875546532,0.0017808781475064683,0.09456563881034141,0.10021453050241556,0.004031595375876814,5.6994964602705975,2.302585092994046,0.0,0.0,0.596758345878185,0.4032416540101942,0.10429230836880472,0.13240028503605278,0.014991952447069901,5.653288877659793,2.302585092994046,0.0,0.0,0.6997391149952416,0.3002608849146817,0.1385933897907115,0.19595796188562734,0.03887463279855774,5.562295338830409,2.302585092994046,0.0,0.0,0.5979467745837521,0.4020532253679839,0.002872116183018943,0.0015482628152428412,2.75108183562832e-05,0.0018418724222091073,-0.11151597817834553,-2.1881868821173974e-05,0.0021672583329712483,01,Tribolium
67,0.87006295593885,0.5076923076923077,2.302585092994046,0.5038461538461538,0.0018632897029761677,0.0006656234287038153,0.0017403430605422575,0.0,0.0023046896565361327,0.0017974536326179995,0.0014424821841301871,0.0,0.002067717676813127,0.00043874138718080064,0.0020206341544624406,0.0,-0.0018956318019954686,0.002584763731632694,0.07540715071460392,0.08468193704869795,0.008441143794057991,6.036318204632036,2.302585092994046,0.0,0.0,0.5290327120701938,0.47096728775611935,0.08432998092532099,0.09959980142448162,0.012790592288613244,6.222628128580848,2.302585092994046,0.0,0.0,0.5717328781544395,0.4282671217081061,0.10575278017816023,0.14609403371107998,0.026302724037755548,6.149594689110047,2.302585092994046,0.0,0.0,0.6698821939250704,0.3301178059907223,0.004325247579850584,0.0038560096745520835,0.0009984670214561997,0.0025708975496475943,-0.5753308322855571,0.000633730769999324,0.003301587609705797,01,Tribolium
68,0.7177534931496581,0.4,2.302585092994046,0.5038461538461538,0.0035512125286613645,-0.00023538939316431517,0.0035434026383276257,0.005407923640438553,0.0037344371597134132,0.0009327194615456187,0.0036160828676763527,0.0,0.0016650016794657419,-0.0006619881695932367,0.0015277441722822368,0.0,-0.0014561519069929809,0.00324074583908347,0.07647873133783023,0.1006803762693713,0.017830700317551497,5.690221031453386,2.302585092994046,0.0,0.0,0.7559261589017295,0.24407384093611514,0.09595989824436006,0.13700310410024485,0.02856453823129517,5.584941303870369,2.302585092994046,0.0,0.0,0.7719480176040724,0.22805198229616935,0.12585739396498397,0.1667360296355708,0.03666153869683055,5.8852718489433675,2.302585092994046,0.0,0.0,0.6057945822598567,0.3942054176819503,0.0037568234761407014,0.0037693207624346138,0.0028017057251668374,0.0007647958956586281,0.9988365031344731,-0.0004290457512634521,0.002215237107146481,01,Tribolium
70,1.4982788598644918,0.8846153846153846,2.302585092994046,0.5038461538461538,0.001838601614856239,0.0009836173279731048,0.001553368227518195,0.003420271223211058,0.0021156570499304074,-0.001800643806795176,0.0011107144700463803,0.0,0.0018934781043958256,0.0016133454712241684,0.0009911486882939792,0.0,9.87205676387777e-05,0.0012592710145687604,0.09622096472760278,0.0986853458603207,0.002558143316421484,5.730249918750419,2.302585092994046,0.0,0.0,0.655848554328011,0.344151445564056,0.09760184785572255,0.09971718484933684,0.00260528126884046,6.220272414888627,2.302585092994046,0.0,0.0,0.5398301008133133,0.46016989908178685,0.13512020621540566,0.18834797322054606,0.03973992052491403,5.641513304187009,2.302585092994046,0.0,0.0,0.7501655530619695,0.24983444688761905,0.002514139400186474,0.001144253364035485,0.000510207686409523,0.0020804697640005483,-0.3664905752546251,0.00034561914945886155,0.0016855940609545623,01,Tribolium
71,1.6640289859496622,0.9615384615384616,2.302585092994046,0.5038461538461538,0.0010021216505299237,-0.0009749927430673834,0.00023159653155165744,0.002418496975429747,0.0021156570499304074,-0.0018811476394701475,0.0009681365148759376,0.0,0.0024413121770090027,0.0023621812407706735,0.0006165265049967906,0.0,-0.0001354371759366064,0.0018026412134795177,0.09470968795802492,0.0986853458603207,0.005289895642704156,5.730249918750419,2.302585092994046,0.0,0.0,0.7299136474160768,0.2700863524727861,0.1014572765250938,0.1167159724603246,0.009779648206549769,5.9054616750757525,2.302585092994046,0.0,0.0,0.6258036192758687,0.3741963806278777,0.16376262422554405,0.27689414014221114,0.06994471664617742,4.8708251157615985,2.302585092994046,0.0,0.0,0.8274556791658861,0.17254432080257853,0.0026568490706637576,0.0011291983294313263,0.0010112004382286568,0.0019498545979395087,-0.8758899148609185,0.0009998746755956155,0.0018021349353037942,01,Tribolium
72,1.5021688191178282,0.8923076923076924,2.302585092994046,0.5038461538461538,0.004199726714001624,0.0020475063099389583,0.00366680001950734,0.002418496975429747,0.0031105030628786664,-0.00020219388038879093,0.00310392444155957,0.0,0.001073322990454713,0.0010650488642545562,0.00013301563287346316,0.0,-0.000436341929001822,0.0013775764810740586,0.08857102566830195,0.09728251893029634,0.00630852154189025,5.758884223543542,2.302585092994046,0.0,0.0,0.5153731760398484,0.48462682383332234,0.10564801979959457,0.14641397722859925,0.023518688528202113,5.452072330666102,2.302585092994046,0.0,0.0,0.7639962501795904,0.23600374973504618,0.1427965559929261,0.19662841495896852,0.041712142838833205,5.555464192721751,2.302585092994046,0.0,0.0,0.6402135202840401,0.35978647967077393,0.002278026890271936,0.001007512438861085,0.00025080635177535387,0.004223723386006314,-0.06609159113576725,0.0002392302512622761,0.0016065400454217933,01,Tribolium
73,1.42444597188784,0.8615384615384616,2.302585092994046,0.5038461538461538,0.0035768555550722944,-0.0014168594440339484,0.0032842662769183837,0.002418496975429747,0.005073176464084032,-0.0021687065614888336,0.004586265505385776,0.0,0.0008056036658957863,0.00029931108776437007,0.0007479372562227658,0.0,-0.000312306439626705,0.001227914948139405,0.08641359754133808,0.09432138204176013,0.005592116684440601,5.820707028895948,2.302585092994046,0.0,0.0,0.5581540448925721,0.44184595497406914,0.09162335420354725,0.09962916024646759,0.007712977808516739,6.222038679698531,2.302585092994046,0.0,0.0,0.6615064382256742,0.33849356165604316,0.1254818200090628,0.1916573021166232,0.038969192073813705,5.606677866103879,2.302585092994046,0.0,0.0,0.7904567141799081,0.20954328576216874,0.0019672367393832714,0.0009675538056290905,0.0003562003080240015,0.003244754184263132,0.9388539743748541,1.8380772592157808e-05,0.0012619576595529944,01,Tribolium
74,1.4122538954152406,0.8538461538461538,2.302585092994046,0.5038461538461538,0.0010021216505299237,-0.0010012977942469214,4.062671162016983e-05,0.002418496975429747,0.0031105030628786664,-4.542187389753289e-05,0.003110171403242786,0.0,0.0007253727224546256,-0.00025887955416357977,0.0006776038392138148,0.0,0.0005385161782578576,0.0008061656584765824,0.0906812067312729,0.0995998014244817,0.012364040514060287,5.7118025048149885,2.302585092994046,0.0,0.0,0.5148975790819162,0.4851024207986942,0.10707746479895823,0.14723065903650465,0.024327108509469956,5.440947538142064,2.302585092994046,0.0,0.0,0.7097176589367523,0.290282340980311,0.1460574833911441,0.20144787769715938,0.04344051532806752,5.507034298039011,2.302585092994046,0.0,0.0,0.6493660734031693,0.35063392655376424,0.0024871964699504185,0.001205489803544274,0.0007876539864608271,0.0015295917913172566,-0.4529213827599236,0.00028157162708061524,0.0017846748626258904,01,Tribolium
75,1.2564464735649954,0.7461538461538462,2.302585092994046,0.5038461538461538,0.004463465015985337,0.004101254347185029,0.0017613156243617672,0.004836993950859494,0.003556151678716387,0.003537092030746908,0.00036768835725936474,0.0,0.0017556293334563793,0.0010947706978697202,0.001372483688638352,0.0,-0.0006111016255996186,0.0026834541180145704,0.09687177160156311,0.10283590198590371,0.005390354053613434,5.647853780220963,2.302585092994046,0.0,0.0,0.7981519640929947,0.20184803580077137,0.11011678439105141,0.1402102632882746,0.01795570094998329,5.5386621172575285,2.302585092994046,0.0,0.0,0.6463867673656177,0.3536132325540488,0.1486368718429017,0.21288269258213932,0.04178958925682911,5.3966131010443945,2.302585092994046,0.0,0.0,0.578485424573631,0.4215145753844215,0.0026235653701015375,0.0016131917432533898,0.00035620030802400163,0.00458877537395177,-0.3168339748167354,9.603354068496266e-07,0.0017769185594629334,01,Tribolium
76,1.357420810228698,0.823076923076923,2.302585092994046,0.5038461538461538,0.0018632897029761677,0.0005522774584319029,0.0017795612173018979,0.0,0.003312859103854037,-0.0032573750956973913,0.0006037739046356543,0.0,0.0023272379072491116,0.002180107978241312,0.0008143497284003993,0.0,-0.0013851582009735228,0.0018026412134795177,0.07888361107597501,0.0823710388388352,0.004055288537371996,6.091655037019848,2.302585092994046,0.0,0.0,0.6907632694146305,0.3092367304250891,0.08553089613889041,0.09655832137386998,0.008751759368271873,6.2846540855760855,2.302585092994046,0.0,0.0,0.5780498446386924,0.4219501552260285,0.11870337770076933,0.16981224681218599,0.034416637001365234,5.848708858521933,2.302585092994046,0.0,0.0,0.6993233252447086,0.30067667468982484,0.0024871964699504185,0.001205489803544274,0.0007876539864608271,0.0010815847280877106,0.9956278657756312,0.0002808787765497362,0.0017838154509177409,01,Tribolium
77,1.0050496882767206,0.5769230769230769,2.302585092994046,0.5038461538461538,0.0018632897029761677,0.0005604930496400953,0.0017769907311300643,0.0,0.0021156570499304074,-0.0017000365809027055,0.0012593174248428684,0.0,0.0017355243660203492,0.0014946966302047994,0.0008820015922348172,0.0,-0.0007360687454720856,0.0022457176613987296,0.09140288007499471,0.10388282080883453,0.012949612217104573,5.627595764700353,2.302585092994046,0.0,0.0,0.5614820991236228,0.43851790075903624,0.10610388168565991,0.13770574332455388,0.021477392555749045,5.574710242685145,2.302585092994046,0.0,0.0,0.6999928266582235,0.3000071732564473,0.1349461251763065,0.18182208146746193,0.033619468894244234,5.7120383817586795,2.302585092994046,0.0,0.0,0.6119104984346034,0.38808950151369237,0.0035942916690839322,0.0013153833001926733,0.000510207686409523,0.0014102139521559713,0.9169673373945278,0.0004567414935091623,0.0024359520659457197,01,Tribolium
78,1.3178687407207836,0.7923076923076923,2.302585092994046,0.5038461538461538,0.0031992033896003375,-0.0024218050167675604,0.0020903977585114667,0.004836993950859494,0.0021156570499304074,-0.0017825349817964203,0.0011395498197061286,0.0,0.0025410983832442084,0.0023051469412532105,0.001069335575279013,0.0,-0.00011208928749471039,0.0015210703222760132,0.09729407725585888,0.10021453050241556,0.002355813486103741,5.6994964602705975,2.302585092994046,0.0,0.0,0.6758779341711074,0.3241220657233147,0.10606894993367291,0.1243822437300868,0.011377194634742186,5.778229600676463,2.302585092994046,0.0,0.0,0.6152910318121981,0.3847089680999288,0.1390986893196718,0.19662841495896852,0.035690669368303125,5.555464192721751,2.302585092994046,0.0,0.0,0.5747565962469239,0.42524340370458485,0.002091118761175091,0.0009675032232948662,0.0011020212458525565,0.004118551941941757,-0.7818715136636337,0.0002665233221484901,0.0010239943538630986,01,Tribolium
79,1.7316448139662528,0.9923076923076923,2.302585092994046,0.5038461538461538,0.004177908476040229,0.003288632052297361,0.0025767845192742134,0.005407923640438553,0.0037344371597134132,0.00118043866109284,0.0035429628091818476,0.0,0.0017355243660203492,0.0016427267001523948,0.0005599051827378982,0.0,0.0005315303198655007,0.0014864960256535291,0.12102152990132768,0.16643758112004384,0.032115432919161475,4.684882144667704,2.302585092994046,0.0,0.0,0.9123238125778538,0.08767618735836108,0.15355693078566993,0.21108920912827464,0.04729850417888165,4.72038679797251,2.302585092994046,0.0,0.0,0.8677715205388407,0.13222847942242513,0.23615499581991123,0.3755217940339892,0.09499136453450639,4.261462631836955,2.302585092994046,0.0,0.0,0.9131152692740513,0.08688473071051463,0.002339270388112727,0.0011030334353978146,0.0005597495889494552,0.003754516954894788,0.7850570142495117,0.0005735121960591408,0.0017123301259613813,01,Tribolium
80,1.402489830327968,0.8307692307692308,2.302585092994046,0.5038461538461538,0.0018632897029761677,0.0003730522630102281,0.0018255630710221882,0.0,0.0031105030628786664,-0.0004616658390947991,0.003076051683114323,0.0,0.001073322990454713,0.0010501505880058048,0.00022182421948405557,0.0,3.2042512157156904e-05,0.0013869798426670323,0.09708698068786702,0.09971718484933684,0.002204906760600965,5.70944679112277,2.302585092994046,0.0,0.0,0.5949901497533032,0.4050098501406606,0.11857423556494806,0.1573696487375168,0.026696579887158872,5.307753493298312,2.302585092994046,0.0,0.0,0.6373142252422701,0.3626857746900367,0.154719954069668,0.21300629791065595,0.04246364982257693,5.395452185080435,2.302585092994046,0.0,0.0,0.5904722112829062,0.4095277886782461,0.0022222413210255154,0.001018650966094864,0.00035620030802400147,0.0015295917913172566,0.948521806414007,3.174587990288992e-05,0.0013278886704961473,01,Tribolium
82,0.8505393568173345,0.49230769230769234,2.302585092994046,0.5038461538461538,0.0035512125286613645,-0.0005234158146234772,0.0035124274097443615,0.005407923640438553,0.005669506753611146,-0.000823509592431971,0.00560937953613543,0.0,0.0007131747356859954,-0.000586810584849873,0.0004053042574769472,0.0,-0.0007494584724863568,0.002193007685784905,0.08935273551587035,0.09959980142448162,0.009681626891995102,5.71180250481499,2.302585092994046,0.0,0.0,0.6489615429478041,0.3510384569283975,0.10594372770424945,0.1423424675781759,0.022850484610590954,5.508476675301821,2.302585092994046,0.0,0.0,0.714497398958666,0.28550260095620006,0.13233627751862018,0.16335152341861664,0.031225506150027907,5.926286722711537,2.302585092994046,0.0,0.0,0.5707939240458777,0.42920607590003307,0.0043285039230717415,0.003937994050829683,0.0015381800370990316,0.0022297440384802933,0.9158375480671468,0.00032984774108229517,0.0033627257824275776,01,Tribolium
83,0.9656545837392688,0.5538461538461539,2.302585092994046,0.5038461538461538,0.0032134552971988476,-0.002688965220152717,0.001759477476952855,0.003420271223211058,0.0031105030628786664,0.00016355117791125672,0.003106200302038071,0.0,0.0009792859798717483,-0.000978680937672606,3.441878280298335e-05,0.0,-0.0009393324780906582,0.0022457176613987296,0.08421545194263051,0.10169197427746149,0.01259865841642238,5.670226077973355,2.302585092994046,0.0,0.0,0.6490839442919479,0.35091605557013933,0.09188438823321761,0.10388282080883453,0.01354815903447742,6.13842138846621,2.302585092994046,0.0,0.0,0.6114064837875255,0.38859351609654974,0.1274336041755959,0.17903412903268567,0.04129425084336933,5.742942745620088,2.302585092994046,0.0,0.0,0.7559761530414025,0.24402384690287024,0.0035900367067421626,0.0019231031686560028,0.0017702247955207135,0.004652071817438171,-0.7191462082557327,0.0018094337280657887,0.002429842150507547,01,Tribolium
84,0.9316417444038082,0.5307692307692308,2.302585092994046,0.5038461538461538,0.001838601614856239,0.0008562814478590558,0.0016270334908060034,0.003420271223211058,0.0027289174063683287,0.0020049740024628082,0.0018512345773100483,0.0,0.002959035002843017,0.0028616081005057433,0.0007530519418805621,0.0,-0.0006649719216933838,0.002884225941567228,0.08344375735602383,0.09209362111045544,0.007618543936418783,5.868511485735115,2.302585092994046,0.0,0.0,0.7669577490630012,0.23304225079456703,0.09536558509354982,0.12360388887031566,0.017056241059453768,5.790784454571725,2.302585092994046,0.0,0.0,0.6081427985523523,0.39185720134110036,0.13063295427395988,0.18661646725423114,0.0397823456259011,5.65998458398891,2.302585092994046,0.0,0.0,0.624252577058451,0.3757474228879229,0.004647476895009747,0.003694593438591515,0.000893140797060474,0.0015485936601532249,0.5419832583610208,0.0009506732990294371,0.0032903765682115124,01,Tribolium
85,1.265850071440756,0.7692307692307693,2.302585092994046,0.5038461538461538,0.0018632897029761677,0.0005937089081419274,0.0017661705041161614,0.0,0.0003352161417463465,0.00014233454897410704,0.00030349750881291293,0.0,0.001073322990454713,0.0010694062958543724,9.161013167591447e-05,0.0,-0.00021436071719920408,0.001968101189137797,0.07002191863954013,0.09107174625201223,0.014988866658747341,5.890827614055003,2.302585092994046,0.0,0.0,0.8064103301993253,0.19358966960565674,0.08189199585567881,0.10283590198590371,0.0187106540702864,6.15867940398682,2.302585092994046,0.0,0.0,0.5442362866076423,0.455763713250642,0.11364116208194004,0.16223770921315658,0.0360100922883274,5.939970449796943,2.302585092994046,0.0,0.0,0.6913760434995952,0.30862395643003687,0.002783530568962326,0.001625492956642119,0.0005208445042036666,0.002381943280508154,-0.9946201461751991,-0.0001265155092554991,0.0021948878042652056,01,Tribolium
86,1.631204315393412,0.9538461538461539,2.302585092994046,0.5038461538461538,0.002418275545281837,0.002372029254475101,0.00047067380299148126,0.002418496975429747,0.003556151678716387,0.003537500979891247,0.00036373284056549586,0.0,0.002130414779781841,0.0019925134606135625,0.0007540273490972824,0.0,0.0002979114981212553,0.002169169937761112,0.08351945407162602,0.08793490043125796,0.003210744346518916,5.960929300726691,2.302585092994046,0.0,0.0,0.8044435848259401,0.1955564150309123,0.09161132718873562,0.10928823633114654,0.010801647676689338,6.036970946225163,2.302585092994046,0.0,0.0,0.5974785861119901,0.40252141377049144,0.1341778137661273,0.22873663143964632,0.04987547578378508,5.252953129631414,2.302585092994046,0.0,0.0,0.7736419172360253,0.22635808271517352,0.002515233681188566,0.001234161455988336,0.0007335839728545688,0.0019498545979395085,0.7283701200771998,0.0006651724758413669,0.0018268535999958367,01,Tribolium
87,1.7190540426990546,0.9846153846153847,2.302585092994046,0.5038461538461538,0.001838601614856239,0.0010198966004327282,0.0015297930652796586,0.003420271223211058,0.0025712643875641502,-0.0011713730622542008,0.0022889486013846754,0.0,0.0022401552622008944,0.0014585949036581473,0.0017002342502693087,0.0,-0.00022929541524322898,0.001227914948139405,0.08519417452827982,0.09116803358771867,0.006301919326799828,5.8887141930502285,2.302585092994046,0.0,0.0,0.7823940860088683,0.2176059138541033,0.10524650251005081,0.16420864267434487,0.03099481168997459,5.222672809005721,2.302585092994046,0.0,0.0,0.6838104239429135,0.3161895759740128,0.16639088194420643,0.31393916671824135,0.07566677737107161,4.619697189802693,2.302585092994046,0.0,0.0,0.8352470791274381,0.16475292084263193,0.002744557659440739,0.0012230793148348478,0.0005597495889494552,0.001548593660153225,0.6294636328555275,0.0006213945705411865,0.002009771859268827,01,Tribolium
90,1.5776276682666528,0.9230769230769231,2.302585092994046,0.5038461538461538,0.0010021216505299237,-0.000995195663977817,0.00011761544482154633,0.002418496975429747,0.003312859103854037,-0.0032291046500116313,0.0007402152398200355,0.0,0.0018795257867997108,0.0004986931400924499,0.0018121595777606905,0.0,-0.0004907175187834186,0.0008061656584765824,0.09341448939033964,0.0986853458603207,0.00546600579270539,5.730249918750419,2.302585092994046,0.0,0.0,0.7880058527600219,0.21199414712577244,0.1045142045340379,0.13303931816802406,0.016097926414436286,5.643659050628702,2.302585092994046,0.0,0.0,0.5889413864834714,0.4110586134271021,0.14526594248643213,0.2061405155724682,0.044512785876658176,5.4609795495654305,2.302585092994046,0.0,0.0,0.6787661626155972,0.321233837341082,0.0023756104139000716,0.001136707500261929,0.0007082290572993142,0.001710135611605529,-0.9994816817962794,0.0007349435902240538,0.0014143237667673498,01,Tribolium
91,1.5589619468564087,0.9153846153846154,2.302585092994046,0.5038461538461538,0.001838601614856239,0.0010537841525134276,0.0015066502109194182,0.003420271223211058,0.0031105030628786664,-0.0005437283387659373,0.0030626114343482095,0.0,0.0012773608365266632,0.0004907927339832763,0.001179310476066976,0.0,-0.00037644053679485365,0.0015295917913172566,0.0972132996723758,0.1167159724603246,0.014437235777822228,5.394636051309895,2.302585092994046,0.0,0.0,0.8014912448015941,0.19850875509487406,0.11595677952975951,0.15510468046364612,0.026471217259744363,5.336747976761509,2.302585092994046,0.0,0.0,0.6119441384057426,0.3880558615235696,0.14673749399148095,0.191809834812567,0.037176138974993105,5.60508677587168,2.302585092994046,0.0,0.0,0.6700508808664226,0.32994911908993585,0.002513095782134333,0.0011465436208427295,0.0005102076864095231,0.0020804697640005483,-0.36649057525462514,0.0003264478364044033,0.00180114560039336,01,Tribolium
92,1.3153383790988573,0.7846153846153846,2.302585092994046,0.5038461538461538,0.0010021216505299237,-0.001001840219095672,2.374821810482282e-05,0.002418496975429747,0.0003352161417463465,0.00013362655970609817,0.0003074309747381015,0.0,0.0021235398502999756,0.0021096240276553117,0.00024270961610826962,0.0,-0.0006329320617363276,0.0015295917913172566,0.0775068859629714,0.08977804776549993,0.011754405468051756,5.919441869569972,2.302585092994046,0.0,0.0,0.7842257156645858,0.21577428417269315,0.08790383084336617,0.10739869490343498,0.015846974378819944,6.071852409784224,2.302585092994046,0.0,0.0,0.7446044904612739,0.2553955094133848,0.12719321532140387,0.18935456770724637,0.042285533865556904,5.6308530966352,2.302585092994046,0.0,0.0,0.6547790878603927,0.3452209120839472,0.0030434727682285556,0.0015217251188495427,0.00023578044144003746,0.0008720014854466526,0.6336819876531536,-0.00019932506733552358,0.0022016384639945547,01,Tribolium
93,0.8014954159117768,0.46153846153846156,2.302585092994046,0.5038461538461538,0.0010021216505299237,-0.001000667408190871,5.3967959433196736e-05,0.002418496975429747,0.0003352161417463465,0.00014284244813760608,0.00030325879492170045,0.0,0.0007333920109475263,-0.0006599940010816179,0.0003197995626293663,0.0,-0.0018943883064962347,0.0030676695450737672,0.06874235233835474,0.07636478401267398,0.005461661851659795,6.2430795511343256,2.302585092994046,0.0,0.0,0.7983653246495893,0.20163467514012068,0.07422811494609019,0.08763506470171513,0.008588607439943935,6.478586070600496,2.302585092994046,0.0,0.0,0.6127758160275529,0.3872241837933502,0.1019956208338106,0.1427118158156744,0.02902457740003474,6.196441005216113,2.302585092994046,0.0,0.0,0.6717368738746295,0.32826312603644636,0.0046389115951154525,0.0037579980895173447,0.0020714068610583995,0.002466392654256282,-0.1898347401627159,0.0005633499583176251,0.0034029411663543878,01,Tribolium
95,0.3834302877827803,0.17692307692307693,2.302585092994046,0.5038461538461538,0.0010021216505299237,-0.000819502909055065,0.0005767692645340114,0.002418496975429747,0.0025712643875641502,-0.0001004232834524197,0.0025693025736367213,0.0,0.0016632442589721201,-0.0013596883109292068,0.0009579296227417742,0.0,-0.001713286723518108,0.0022915533589180095,0.08308760165941682,0.10289276452936198,0.014184174271955306,5.646748196913316,2.302585092994046,0.0,0.0,0.6445512402919771,0.35544875956727184,0.09767164851037984,0.12210416169727822,0.021032600263274852,5.8151995405903145,2.302585092994046,0.0,0.0,0.5191938478228467,0.48080615207697414,0.1254967556273187,0.1807250083164731,0.033493104284534836,5.724142481120522,2.302585092994046,0.0,0.0,0.5676070123725183,0.43239298756820915,0.003206922714863638,0.0011770357463743914,0.0026769270030813507,0.0017606923748021124,0.9450041090601463,-0.0018188358945080171,0.0013947723485874238,01,Tribolium
96,0.23592925017586094,0.05384615384615385,2.302585092994046,0.5038461538461538,0.0031992033896003375,-0.000752118927659244,0.0031095368540486855,0.004836993950859494,0.0025712643875641502,0.00027911136785127105,0.002556070694462858,0.0,0.001225956728048987,-0.0011878572233150317,0.000303257507849156,0.0,-0.0016193033269153321,0.001736533973099402,0.06597487559538034,0.07371458172662498,0.008778103886607526,6.313721582269774,2.302585092994046,0.0,0.0,0.8704106213150479,0.12958937845920504,0.07317127982682498,0.09065331933431221,0.011908153526448858,6.410863363143972,2.302585092994046,0.0,0.0,0.6368674137650003,0.3631325860530439,0.10428612417698953,0.1529782978342729,0.0341382252469096,6.057503516693381,2.302585092994046,0.0,0.0,0.7870161697890248,0.2129838301279257,0.0036599915621108314,0.0018541605081017125,0.0023547044650257527,0.0009971718484933687,0.9813376742901119,-0.0007049488695903221,0.001799030192594013,01,Tribolium
97,0.221550021907407,0.046153846153846156,2.302585092994046,0.5038461538461538,0.0035512125286613645,0.0034388724470456235,0.0008861527614761958,0.005407923640438553,0.0025712643875641502,0.002074889415631023,0.001518629139605189,0.0,0.0020377989868930525,-0.00029533253081933845,0.0020162845551216714,0.0,0.001398193491905356,0.001644261769504188,0.06390472527920754,0.06789044531219628,0.003539086083965697,6.4783322311928035,2.302585092994046,0.0,0.0,0.7280627994328305,0.2719372003230491,0.07350382726126133,0.09241063967659643,0.01240397585862494,6.372464230214019,2.302585092994046,0.0,0.0,0.5311066433861276,0.46889335643390845,0.10542691968030485,0.17232533454941182,0.03562215047033663,5.8193273106122785,2.302585092994046,0.0,0.0,0.8074718897344481,0.19252811018480104,0.003289123159018373,0.0019290317599259157,0.0022632717948871525,0.0013024004798245512,0.9976699015549902,0.0011163341195082864,0.0009357197702793394,01,Tribolium
98,0.2599516386045466,0.06153846153846154,2.302585092994046,0.5038461538461538,0.001838601614856239,0.0017971821263859185,0.00038806224082092597,0.003420271223211058,0.003556151678716387,0.0009505336878592157,0.003426762388944138,0.0,0.00029577189685478186,-7.461405029869127e-05,0.0002862057974030227,0.0,0.0010882439872362864,0.0014864960256535291,0.06731218904492864,0.07051069760779856,0.0024581558167509586,6.402593971582146,2.302585092994046,0.0,0.0,0.601030676129223,0.3989693236503657,0.0781378412349398,0.10652374187530168,0.015441553806918253,6.088212692888001,2.302585092994046,0.0,0.0,0.7305981901750082,0.26940180966736166,0.11057813867930613,0.16447557643386787,0.036822606080019624,5.912571475609855,2.302585092994046,0.0,0.0,0.7499778230783446,0.25002217684803624,0.0035964444278732952,0.0017926495080627955,0.0025831024054177305,0.0018418724222091073,0.7011965098836336,0.0010783790011905897,0.0013091872183244103,01,Tribolium
100,0.2730606750919228,0.08461538461538462,2.302585092994046,0.5038461538461538,0.004422323990015296,-0.0038732964766204966,0.002134133050412756,0.005407923640438553,0.0025712643875641502,-0.0004072414633067274,0.0025388097489413104,0.0,0.0007131747356859954,-0.000401420267303023,0.000589474318880101,0.0,-0.0017281163619057367,0.002193007685784905,0.06862781384525281,0.07727845301367164,0.007944262387043797,6.219292502935529,2.302585092994046,0.0,0.0,0.9014111795473595,0.09858882024312365,0.08020191340542603,0.11127714577524321,0.01772108583592888,6.000900673817878,2.302585092994046,0.0,0.0,0.6259856398372118,0.3740143600145606,0.10489296600678917,0.14551234306748503,0.029217244366446304,6.157573820726302,2.302585092994046,0.0,0.0,0.7730650802446899,0.2269349196709659,0.003317971328162294,0.00199229654494481,0.0020389441287599927,0.002703961820219276,0.9095634247504361,-0.0009328266248298711,0.0012712829462832441,01,Tribolium
101,0.7390480702189166,0.4153846153846154,2.302585092994046,0.5038461538461538,0.0010021216505299237,-0.0009995844405573432,7.126533979770125e-05,0.002418496975429747,0.0003352161417463465,0.00014806561600188778,0.00030074313798537146,0.0,0.0016632442589721201,-0.00165897625371955,0.00011907667529102463,0.0,-0.0015481879924906668,0.0036766810894154553,0.06293360384852596,0.06605640926239842,0.002994904259010603,6.533104720834706,2.302585092994046,0.0,0.0,0.8078882272213759,0.19211177252671,0.0731834369905883,0.09734262552789404,0.013922529808015997,6.268474516701536,2.302585092994046,0.0,0.0,0.6573323395418614,0.34266766027794704,0.09604030476073896,0.13356586106298513,0.026366844326474008,6.328906255935835,2.302585092994046,0.0,0.0,0.6615259456287826,0.33847405427040017,0.004602162316514726,0.0037362404948967976,0.0027229627437192422,0.0029222810141117054,-0.022162687335778322,0.00029082514867389533,0.003251362159091199,01,Tribolium
102,0.6135546322196858,0.34615384615384615,2.302585092994046,0.5038461538461538,0.002418275545281837,0.0023881702252842156,0.00038039399045477373,0.002418496975429747,0.0031105030628786664,-0.000351202287119719,0.003090612602332981,0.0,0.002373279165813251,0.00040677443463541505,0.0023381592243066508,0.0,-0.0030428790666746446,0.0036232639969951165,0.07302655212638061,0.0771269264894278,0.003053835448808522,6.223217925050977,2.302585092994046,0.0,0.0,0.5519236745012674,0.4480763253115438,0.07672834309220503,0.08272532451184776,0.00512146368819477,6.593896917095575,2.302585092994046,0.0,0.0,0.5758809531926458,0.4241190466382487,0.09921373693335153,0.13356586106298513,0.024654728459804,6.328906255935835,2.302585092994046,0.0,0.0,0.6653129585166231,0.33468704138769434,0.003299491321587969,0.0017093012467786946,0.00258310240541773,0.004174973090701932,-0.39300449066133786,-0.0006334135820111362,0.0020311801692959675,01,Tribolium
103,0.6603272674366578,0.36923076923076925,2.302585092994046,0.5038461538461538,0.0035512125286613645,-0.00018527377181600134,0.0035463761860804496,0.005407923640438553,0.003312859103854037,-0.0031360057028681403,0.001067943665914581,0.0,0.00036643421773954103,-3.8462972369415054e-05,0.0003644099829682208,0.0,-0.0022494852640850245,0.004034051666182627,0.06830272859999541,0.07686103626912964,0.007673504654342543,6.230124711263066,2.302585092994046,0.0,0.0,0.5562791585751922,0.4437208412131294,0.08568100278477114,0.12143167103532133,0.02293125401967913,5.826245017777765,2.302585092994046,0.0,0.0,0.5955157710352629,0.40448422883762497,0.11814387841905061,0.17527012940343029,0.03870088908052192,5.785438890138108,2.302585092994046,0.0,0.0,0.5048707647741189,0.4951292351611802,0.003323682991484277,0.0016672623157153938,0.0019705621794324866,0.0017101356116055292,0.9695544955748462,-0.0007708188508481796,0.0023188775399768046,01,Tribolium
104,0.5344562378093832,0.2846153846153846,2.302585092994046,0.5038461538461538,0.005582455740435873,-0.0036794345408512337,0.004198282214610673,0.007255490926289241,0.003312859103854037,-0.003175369079375262,0.0009444928013151153,0.0,0.0007253727224546256,-0.00016118618858621943,0.0007072373004093342,0.0,-0.002238623986292313,0.0024611169420027707,0.06719096846780233,0.06925521387255637,0.0016881908456161856,6.438525980800851,2.302585092994046,0.0,0.0,0.676074035257156,0.32392596452148137,0.07599483317895246,0.09567593597950759,0.011607923049181266,6.303014841950005,2.302585092994046,0.0,0.0,0.6150708850109615,0.3849291148198324,0.10422142386995885,0.14226025996659578,0.029978921134353503,6.202779257492165,2.302585092994046,0.0,0.0,0.7063898697740705,0.2936101301409015,0.003247098537265205,0.0013661616855513512,0.002205600152286966,0.0035953542301920497,0.9381361245215198,-0.0007590331652707869,0.0018755449806769431,01,Tribolium
105,0.35403228537124126,0.14615384615384616,2.302585092994046,0.5038461538461538,0.001838601614856239,0.0010411861126659605,0.0015153835741961556,0.003420271223211058,0.0027289174063683287,0.0022082454520545858,0.0016033222490380043,0.0,0.0007333920109475263,-0.000698036137976526,0.00022496531243832457,0.0,-0.0019670949812955834,0.001968101189137797,0.06743972164711771,0.06814842133468162,0.000745334447913383,6.470746859805187,2.302585092994046,0.0,0.0,0.739237030013225,0.26076296976693036,0.08083869097171743,0.12075543531065569,0.02065763141061864,5.837413861441365,2.302585092994046,0.0,0.0,0.6746904265189035,0.325309573337452,0.11397691381596164,0.17615226942893422,0.03838711774657647,5.775398074513036,2.302585092994046,0.0,0.0,0.5566016932012746,0.4433983067295896,0.002987214540956596,0.0013502778532924287,0.002463209065155508,0.0032447541842631315,-0.11929877277356023,-0.0020047966485525264,0.0013179077244719762,01,Tribolium
107,0.4181397326418898,0.2076923076923077,2.302585092994046,0.5038461538461538,0.0010021216505299237,-0.0008979182357512631,0.0004449613964898053,0.002418496975429747,0.0003352161417463465,0.00025104318339171794,0.000222142255682837,0.0,0.00137015111091404,-0.0013414696904173182,0.00027887835418089016,0.0,-0.0015640739365066357,0.0023085071290852126,0.0668421363483978,0.07042769499208452,0.0025906442841055117,6.40494968527413,2.302585092994046,0.0,0.0,0.5574688685138667,0.4425311312626486,0.07861114777845367,0.11030043268246364,0.017046771494281385,6.018532772255943,2.302585092994046,0.0,0.0,0.7185502757779461,0.2814497240675017,0.1089623834999566,0.16089822512023158,0.03400192282682121,5.956551604943724,2.302585092994046,0.0,0.0,0.609261907935822,0.3907380919874257,0.003206922714863638,0.0011770357463743914,0.0026769270030813507,0.0017606923748021124,0.9450041090601463,-0.001979472231525091,0.0013634717090021502,01,Tribolium
109,0.28928945906743386,0.09230769230769231,2.302585092994046,0.5038461538461538,0.0031992033896003375,-0.0008236340287044219,0.003091363665890898,0.004836993950859494,0.0003352161417463465,0.00030236210007155166,0.0001447308610063093,0.0,0.0007131747356859954,-0.0002466186357448802,0.0006691766972363305,0.0,-0.001193799085092477,0.002239922251320768,0.075700936529626,0.10289276452936198,0.020415713000742196,5.646748196913316,2.302585092994046,0.0,0.0,0.7141986148195179,0.2858013850178126,0.0901519571797786,0.11946493792405084,0.024220960863969833,5.858902626676185,2.302585092994046,0.0,0.0,0.8127177806870376,0.18728221919820484,0.11344356769677359,0.16089822512023158,0.031100695273333513,5.956551604943724,2.302585092994046,0.0,0.0,0.6412670729465173,0.3587329269812112,0.0033566353917711587,0.0020989907120113,0.0022551811833876442,0.0013024004798245512,0.9442069808541288,-0.0011558905308629382,0.001448172238855683,01,Tribolium
110,0.4992820778368323,0.2692307692307692,2.302585092994046,0.5038461538461538,0.005582455740435873,-0.0025288125610309718,0.004976838265917168,0.007255490926289241,0.0021156570499304074,-0.002034663431720467,0.0005797839878262652,0.0,0.0009792859798717483,-0.0008932058518614151,0.00040147769125306826,0.0,-0.0021226817034445014,0.0026834541180145704,0.08815108331985072,0.10172072925450372,0.009621005157586229,5.669660627011214,2.302585092994046,0.0,0.0,0.6975510652157038,0.3024489346571212,0.10150593188742556,0.13328090854445182,0.019447947233749024,5.6400304799314585,2.302585092994046,0.0,0.0,0.6194251072980194,0.38057489260836236,0.1301113475885295,0.17615226942893422,0.03330408228006028,5.775398074513036,2.302585092994046,0.0,0.0,0.6215809545180657,0.37841904542649624,0.002592782125966281,0.0013119023750360376,0.001733181556445829,0.003877145597449042,0.9888714661590159,-0.0013062270795779437,0.0017591895029578054,01,Tribolium
111,0.40468791290542644,0.18461538461538463,2.302585092994046,0.5038461538461538,0.0031992033896003375,-0.0020403245941910545,0.0024641383642907307,0.004836993950859494,0.0025712643875641502,-0.0008708155087346846,0.002419314138449738,0.0,0.002347258468694941,-0.002234612542015289,0.0007184212593792636,0.0,-0.0021643081959655296,0.0022801808154740387,0.06595802633079911,0.067066975031719,0.001135654853712499,6.502739351539678,2.302585092994046,0.0,0.0,0.5743633127369566,0.4256366870332508,0.07097240496704603,0.08423177430909028,0.007187403059192351,6.557804035948506,2.302585092994046,0.0,0.0,0.5591345518081485,0.44086544799533917,0.09685829496486201,0.14226025996659578,0.0279208738804262,6.202779257492165,2.302585092994046,0.0,0.0,0.6687950998805985,0.331204900020987,0.002967167538524244,0.0015549467554423677,0.0022669031494449475,0.0009673987901718984,0.995403056524717,-0.001677259384289899,0.0015775256041337044,01,Tribolium
112,0.29652962504841823,0.1,2.302585092994046,0.5038461538461538,0.0031992033896003375,-0.002041747058585371,0.0024629598609778995,0.004836993950859494,0.0037344371597134132,0.0012886154354317576,0.0035050664985725173,0.0,0.0009792859798717483,-0.0009361936699601865,0.00028730200608392484,0.0,-0.002308777380114709,0.002396902820128033,0.06501061369183037,0.06878912882652122,0.004897568586886465,6.452031403997823,2.302585092994046,0.0,0.0,0.6143821848115616,0.3856178149531643,0.08577647458194451,0.12569205902546038,0.026305243567796902,5.757278591177589,2.302585092994046,0.0,0.0,0.6353642624380419,0.3646357374377277,0.10950033162042498,0.1356300348942376,0.030194090143141197,6.298233956404445,2.302585092994046,0.0,0.0,0.5994940638579974,0.4005059360644952,0.0029467715837379733,0.0012781599737369447,0.0018637801290920328,0.001760692374802112,0.8895884539527422,-0.0014822837586764216,0.0013476049417628102,01,Tribolium
113,0.21771344368213794,0.038461538461538464,2.302585092994046,0.5038461538461538,0.004463465015985337,-0.0001138954705011332,0.0044620116282596475,0.004836993950859494,0.0027289174063683287,0.001110696578937179,0.0024926578827262464,0.0,0.0018065318465827311,2.5856110780538044e-05,0.001806346803427547,0.0,0.0030065317185385336,0.0032246626339063294,0.08498476934392069,0.09880381570593197,0.01069320926810624,5.727850397503373,2.302585092994046,0.0,0.0,0.5980669898438055,0.4019330100198945,0.10456444380338485,0.13749320153508057,0.02546997458842896,5.577799525339618,2.302585092994046,0.0,0.0,0.5535936765818473,0.4464063233318151,0.12625098691110687,0.16452891121658103,0.028893191119613283,5.911923037242838,2.302585092994046,0.0,0.0,0.5398504627316942,0.4601495372086902,0.0025183825561159627,0.0008653008339552177,0.0016969455930216286,0.00410432546785327,0.3932172173230294,0.001426510001505929,0.0012824113897334725,01,Tribolium
114,0.1860121835643811,0.023076923076923078,2.302585092994046,0.5038461538461538,0.0010021216505299237,-0.0005238309769214392,0.0008543119512674216,0.002418496975429747,0.0031105030628786664,-0.0026086354993114023,0.0016941812582807999,0.0,0.0009792859798717483,-0.0005189702511707213,0.0008304642730263407,0.0,-0.0005432543528661669,0.0012592710145687604,0.0638880076514551,0.07371458172662498,0.007053813675544481,6.313721582269774,2.302585092994046,0.0,0.0,0.8125277801447406,0.18747221961321248,0.07600687344497907,0.10707142539220796,0.01779259238572548,6.077956192721711,2.302585092994046,0.0,0.0,0.7153587194351925,0.28464128040070147,0.10770596044182872,0.18689834174655603,0.03862788306749047,5.656965966905638,2.302585092994046,0.0,0.0,0.7988264186877122,0.2011735812359093,0.0040113459678081135,0.001617436750512823,0.0023920566043884504,0.0018418724222091073,0.6953494803623954,0.00041936075716913926,0.0020306509511533247,01,Tribolium
115,0.1935633873991317,0.03076923076923077,2.302585092994046,0.5038461538461538,0.0031992033896003375,0.0010663284425790917,0.0030162635794268935,0.004836993950859494,0.004531875426849113,-0.003750978314685779,0.002543237418574181,0.0,0.0007131747356859954,0.00017443718079649577,0.0006915127428880542,0.0,0.0008025785874358663,0.0023085071290852126,0.06221497589766673,0.0668923211544088,0.003341826541600845,6.507954487217624,2.302585092994046,0.0,0.0,0.7455329293210414,0.2544670704213508,0.07780731076102354,0.113695083625282,0.020829660305010423,5.957908150444343,2.302585092994046,0.0,0.0,0.6773285763589628,0.322671423486903,0.10802516219821781,0.16951921424387267,0.03544786960942203,5.8521630933899,2.302585092994046,0.0,0.0,0.7762050184566825,0.22379498146595392,0.0035964444278732952,0.0017926495080627953,0.0025831024054177305,0.0018418724222091073,0.8177056507712909,0.0009186826947037406,0.0014435220850051323,01,Tribolium
116,0.4872595019570961,0.24615384615384617,2.302585092994046,0.5038461538461538,0.0032134552971988476,-0.0030852705360322045,0.0008985547654911679,0.003420271223211058,0.0025712643875641502,-0.0009608516579685706,0.0023849873463259075,0.0,0.0007684438758315367,0.0005584610996796811,0.0005278514852186697,0.0,-0.0023872772188717295,0.003113928995351719,0.07533940405022438,0.0805036235404371,0.007226330099239016,6.1375184538061145,2.302585092994046,0.0,0.0,0.5489999319970389,0.45100006782838753,0.08056374565746587,0.09256874182756594,0.008900731914064397,6.369045423465633,2.302585092994046,0.0,0.0,0.5543601762777053,0.44563982357008153,0.10357535803529531,0.1477066214602696,0.028235903927964486,6.12763961290965,2.302585092994046,0.0,0.0,0.7303651822658991,0.26963481764733394,0.0029712975597651755,0.0014775420134184628,0.0019083602355629806,0.003368576492098093,0.21368576739199793,-0.0009298139686438926,0.0020315511177385476,01,Tribolium
117,0.567040860052516,0.3076923076923077,2.302585092994046,0.5038461538461538,0.001838601614856239,0.0011800880216942646,0.001409910691925445,0.003420271223211058,0.0027289174063683287,0.0023502290084037336,0.0013868719547375848,0.0,0.0018049122375055286,-0.00010672738168971903,0.0018017539929454495,0.0,-0.0019136983422205665,0.0027027597922335738,0.08233856619808438,0.09942346643562172,0.013227745719406745,5.715346513249361,2.302585092994046,0.0,0.0,0.5709092490350305,0.42909075082118,0.090160316987461,0.10206515708854819,0.014027312474609217,6.173725661647845,2.302585092994046,0.0,0.0,0.7486181692004679,0.25138183067942144,0.12223491778406617,0.16311861188754873,0.03440203333507321,5.929140417985759,2.302585092994046,0.0,0.0,0.6526685190237047,0.34733148091427934,0.004031070276287235,0.0013981456069149987,0.003127554146208771,0.0028204279043119425,0.45277756237028455,-0.0014989537446035007,0.001992887322228503,01,Tribolium
118,0.689043177828959,0.38461538461538464,2.302585092994046,0.5038461538461538,0.005582455740435873,-0.003950794511752798,0.003943987172878406,0.007255490926289241,0.0025712643875641502,-0.001316599093573596,0.0022086120930477652,0.0,0.001005804741962727,0.00017500492907671731,0.0009904627472820777,0.0,-0.0029441528462136003,0.004219874890094646,0.06606469213258775,0.07051069760779856,0.005118748573818217,6.402593971582146,2.302585092994046,0.0,0.0,0.7129448817866437,0.2870551179856044,0.07043640783126415,0.0771269264894278,0.00666302252458935,6.734043548816834,2.302585092994046,0.0,0.0,0.5425103432428361,0.4574896565573908,0.09762928574934471,0.1597856128129525,0.031426003184841005,5.970429657280477,2.302585092994046,0.0,0.0,0.6793986841622897,0.3206013157426447,0.004152100778385551,0.003754666056559374,0.003224528056935785,0.0034373300383770144,0.8262460560485985,-0.0007445793053887152,0.002193450254773545,01,Tribolium
120,0.6953935501991869,0.3923076923076923,2.302585092994046,0.5038461538461538,0.002418275545281837,0.002418263628426,7.591860120155595e-06,0.002418496975429747,0.004712650443702316,0.0035692196377070436,0.0030772951405957203,0.0,0.0031754747862055748,-0.002703718841552334,0.0016653962122156534,0.0,-0.0007018086537761817,0.0021631694561754216,0.06957955340166584,0.07977374787946954,0.007242641596427762,6.1557338936946175,2.302585092994046,0.0,0.0,0.6215635714774749,0.37843642831818364,0.08063092955184464,0.09959980142448159,0.01472960230707194,6.222628128580848,2.302585092994046,0.0,0.0,0.5787559696014043,0.4212440302497486,0.111427743170607,0.16764563285359513,0.035227633077222924,5.874390804153373,2.302585092994046,0.0,0.0,0.6508489846781397,0.3491510152486384,0.004684563137903872,0.003847436721479883,0.002934893058667795,0.00411144485823057,-0.17205820352552345,-0.00025208146795400045,0.00327453013318772,01,Tribolium
121,0.4176255022309069,0.2,2.302585092994046,0.5038461538461538,0.0031992033896003375,-0.0024368976245261816,0.0020727837069045435,0.004836993950859494,0.0025712643875641502,-0.0012773476098653397,0.0022315428820273535,0.0,0.00032408085076030273,9.311216044045225e-05,0.0003104166931845533,0.0,-0.0022859777644094665,0.0024611169420027707,0.07188217893434941,0.07512927627401411,0.0030708786192692556,6.275702219751491,2.302585092994046,0.0,0.0,0.8127733711094134,0.18722662869740497,0.08555702743544388,0.11909716402540775,0.018816229539000227,5.865069141591416,2.302585092994046,0.0,0.0,0.7213937924335199,0.2786062074361708,0.1148956862936572,0.16259783775664427,0.03363181051912766,5.935535852729245,2.302585092994046,0.0,0.0,0.6098401974295863,0.39015980250064025,0.003446092837201726,0.0016124403896067931,0.0026765855725989413,0.000540792364043855,0.9988714743611794,-0.001809115181542789,0.0015577587041873185,01,Tribolium
1,1.4838401520861775,0.8516746411483254,2.302585092994046,0.5023923444976076,0.0008904408147515513,-2.875100953889589e-05,0.0008899765300421697,0.0,0.0001415681108921962,0.00012832667230857129,5.9781227787606766e-05,0.0,0.002399775840315895,-0.0010829828643705692,0.002141511662177812,0.0,-0.001110733648986629,0.0011168216130854635,0.1048929385061026,0.12926456355200547,0.020345061796734107,5.190400477721123,2.302585092994046,0.0,0.0,0.7354253274220078,0.26457467249039923,0.12324672686159348,0.15169874755627147,0.027458783472835757,5.381155209826749,2.302585092994046,0.0,0.0,0.6291905217186488,0.3708094782186308,0.15768653599749385,0.2140629789496051,0.041944104298229444,5.385555119170889,2.302585092994046,0.0,0.0,0.6334566832498072,0.36654331671263324,0.003177432986098499,0.0029220680752976335,0.00047387151181237737,0.0013401859357025563,-0.9226815015163018,-0.00014756988147504441,0.0040299223363940385,02,Tribolium
2,1.4908392247399607,0.8660287081339713,2.302585092994046,0.5023923444976076,0.0019638943736363344,-0.0017996066842641374,0.0007863185695074787,0.0023691364079652896,0.0024073925556093675,0.0017905653709602422,0.0016091657991398561,0.0,0.003980755832883035,-0.0039806969097326995,2.1659036840168073e-05,0.0,-0.00022336273167062714,0.0002233643226170927,0.08028977829280637,0.09288102524274389,0.008909291697525613,5.851484095142235,2.302585092994046,0.0,0.0,0.6655338366472237,0.33446616319953903,0.09155360358835321,0.12257848585468184,0.0178266378008872,5.807445418975698,2.302585092994046,0.0,0.0,0.6907821678187781,0.3092178320662775,0.11794358382529783,0.15091975385190765,0.02955411162817918,6.084599122692785,2.302585092994046,0.0,0.0,0.5872906920600037,0.41270930787235616,0.0030848395704282166,0.0030796720107529904,0.00029232550730788766,0.001724757339268263,0.8426698038170455,-0.00031031570890669444,0.004133952601223616,02,Tribolium
4,1.3649076091295542,0.8086124401913876,2.302585092994046,0.5023923444976076,0.0019638943736363344,-0.0019052134756405035,0.00047649000308325743,0.0023691364079652896,0.0024073925556093675,0.0014984188584157361,0.0018842186289142466,0.0,0.000451566172231215,-0.00023292793078184918,0.00038685473625798796,0.0,-0.0018899865229133406,0.0019018786751049523,0.0868356722944521,0.10939152254756078,0.01690237724084295,5.524256053427445,2.302585092994046,0.0,0.0,0.6936809516133168,0.306319048258906,0.10378556362631411,0.13883220208339023,0.025286242571934257,5.558416421053299,2.302585092994046,0.0,0.0,0.7218556832338285,0.27814431667853545,0.12960367343258605,0.1663970507771209,0.03189634750702319,5.8893420418525935,2.302585092994046,0.0,0.0,0.58330993475947,0.416690065184396,0.0021658009384034173,0.0008935944721105421,0.0013359460896588743,0.003299825177175383,-0.9999807743010146,0.0013049868575325313,0.0014967331778269525,02,Tribolium
5,1.5029754318799606,0.8708133971291866,2.302585092994046,0.5023923444976076,0.0008904408147515513,-7.465984055948487e-05,0.000887305332331007,0.0,0.0001415681108921962,0.00012506918873015927,6.632667677462036e-05,0.0,0.0035741261183260217,-0.0032349474709526334,0.0015197014081316756,0.0,0.00031689337426027024,0.00047382728159305797,0.0890347761182567,0.1132486853131821,0.01724651560405666,5.45495053539047,2.302585092994046,0.0,0.0,0.6221584120769664,0.3778415878014476,0.10424940020094695,0.13462449567153897,0.02342034683135028,5.6199696917491515,2.302585092994046,0.0,0.0,0.5631082319822295,0.4368917679301777,0.1430106268776991,0.19779096798701476,0.04317965380321028,5.543674139342318,2.302585092994046,0.0,0.0,0.6492676424431564,0.35073235751203385,0.003299530282205173,0.0029540673721415306,0.0006882885751528611,0.0012758190007475733,-0.29458293158328175,-0.0006523704335295123,0.0041753150936574834,02,Tribolium
6,1.2000032117980475,0.69377990430622,2.302585092994046,0.5023923444976076,0.001744543142096585,0.0014145426704827212,0.0010210287988200123,0.0023691364079652896,0.004774583850209206,0.002930772631436766,0.00376924697061625,0.0,0.0014659277769898634,-0.0011818205835802396,0.0008673202151319341,0.0,-0.00010230142004643781,0.0006700929678512781,0.05968891306571397,0.06700929678512779,0.007825359396705407,6.5044601109061135,2.302585092994046,0.0,0.0,0.6903126793341485,0.3096873203899135,0.06597993143676577,0.07735148739770135,0.009879516789813095,6.728228857669681,2.302585092994046,0.0,0.0,0.6855502225719811,0.31444977720334805,0.09118680668869761,0.13522768299088425,0.029860578229004647,6.304175853905772,2.302585092994046,0.0,0.0,0.7965446788428133,0.20345532104857,0.002740741058071004,0.0011679932095481837,0.0007160913201696329,0.0021322227671687604,-0.3962996318972023,0.00013952943480313268,0.0022433089202107924,02,Tribolium
7,1.2453659105758825,0.7272727272727273,2.302585092994046,0.5023923444976076,0.002992407595472868,0.00195974893295626,0.002261390575999757,0.0023691364079652896,0.00250671281133329,0.002063733494776208,0.001422889026256519,0.0,0.000630320382705705,-0.0006202940777988723,0.00011197786344591905,0.0,-0.0010470237214680953,0.0010595100112360124,0.059199380609151996,0.0711135668836232,0.0091590473552801,6.385566580990669,2.302585092994046,0.0,0.0,0.7829109788678995,0.21708902085342902,0.0706434093465094,0.09643869414549758,0.01663030680907914,6.28713344502852,2.302585092994046,0.0,0.0,0.691603557670537,0.30839644213960365,0.09288650067290673,0.126121750477843,0.026030198766404593,6.443600222808955,2.302585092994046,0.0,0.0,0.5421128263505987,0.4578871735419376,0.0024578666031952173,0.0013085105967989344,0.000716091320169633,0.0023809526229520276,0.8862910283113389,0.00012028223852230949,0.0021990615394745757,02,Tribolium
8,1.0611807625555325,0.6124401913875598,2.302585092994046,0.5023923444976076,0.0031253725463707424,-0.000592054273502801,0.003068782379191299,0.0023691364079652896,0.0032298925420121342,-0.0029161842302274053,0.001388551536068648,0.0,0.0004416111773401789,-0.0004038217829958518,0.00017874115231202384,0.0,-0.00028877227744707917,0.0014900258781341933,0.0755017057454483,0.08436254904390443,0.006286762414057438,6.043875703659067,2.302585092994046,0.0,0.0,0.7657355409897322,0.23426445883605268,0.08975411436193964,0.1129509231362435,0.018158554196482463,5.971041638631678,2.302585092994046,0.0,0.0,0.6946658700123363,0.30533412986841074,0.11671941204979305,0.1709065513399673,0.03184680610981876,5.835861803455818,2.302585092994046,0.0,0.0,0.6623699497254569,0.33763005020622605,0.0024852605389938205,0.0009071884935580081,0.000810579199360656,0.0033252414077036495,-0.12478244983687956,0.0008487892967570861,0.001619363422523072,02,Tribolium
9,1.1830580853043502,0.6842105263157895,2.302585092994046,0.5023923444976076,0.0035821711042094266,-0.0030318164282487577,0.0019078886144725342,0.0033504648392563906,0.0001415681108921962,0.00013791857282419574,3.19373964455805e-05,0.0,0.001746200536154361,0.0015307053543740779,0.0008403317383963944,0.0,0.00042190406758398015,0.00047382728159305797,0.08662366688369964,0.09523810491808116,0.006750272617614915,5.801362599605454,2.302585092994046,0.0,0.0,0.5151182277250523,0.48488177214248374,0.09563867730075823,0.11470144008257883,0.012709172392317416,5.94028331178969,2.302585092994046,0.0,0.0,0.7275089132541994,0.27249108663836924,0.11627261376405151,0.17247573392682636,0.026172710445280148,5.817582543548618,2.302585092994046,0.0,0.0,0.5898626104661291,0.4101373894634698,0.0021993994813709738,0.0008321773990731669,0.00029232550730788766,0.003291309485102409,0.995399902876414,-0.00025906437105112677,0.0015173798171804484,02,Tribolium
10,1.134317376238979,0.6555023923444976,2.302585092994046,0.5023923444976076,0.0024713209101331355,-0.0010361693689546138,0.002243608718048106,0.0033504648392563906,0.0001415681108921962,0.00013982890867512575,2.2122529699573367e-05,0.0,0.0007099314729432197,0.000660814022758432,0.0002594754778416411,0.0,0.00026891901974892093,0.00035317000374533746,0.07943169310897033,0.0921530112067647,0.012880793485885332,5.867222124890637,2.302585092994046,0.0,0.0,0.571935966327259,0.4280640335183082,0.09321556886081743,0.13254466005909504,0.02288492202866561,5.651109178971485,2.302585092994046,0.0,0.0,0.6548002065756187,0.3451997933158374,0.1242444427568373,0.17019899698934882,0.03562693012233418,5.844159004939201,2.302585092994046,0.0,0.0,0.6495693984006001,0.350430601539541,0.002712226315282977,0.0009189854844420074,0.0012999420814999582,0.003700709372497912,-0.9179513554403269,2.0375834601475035e-05,0.0017446755119169663,02,Tribolium
11,1.1047531434111912,0.6411483253588517,2.302585092994046,0.5023923444976076,0.0024713209101331355,-0.0008582198943575749,0.0023175171312829904,0.0033504648392563906,0.003279875907319649,-0.0008701013997441982,0.0031623582215775424,0.0,0.0007099314729432197,0.000679021178068653,0.00020720264479390252,0.0,0.00030313428257779064,0.0013024266202049737,0.06128837252753661,0.06414193452981998,0.0024874148820307885,6.591926136667033,2.302585092994046,0.0,0.0,0.7120240700604318,0.28797592967378416,0.06673859062982047,0.07875374332753383,0.007359847811274927,6.692296848449515,2.302585092994046,0.0,0.0,0.5278394916346563,0.472160508143526,0.09059632607677506,0.1331994141769664,0.026454317558977484,6.334400930850468,2.302585092994046,0.0,0.0,0.6133111903773303,0.3866888095104049,0.0023603960548774306,0.0007942669854647881,0.0007303384060407326,0.002891899532508788,-0.4771070779265328,-0.0004579111544511298,0.0016081193146740601,02,Tribolium
13,1.5112437610234817,0.8803827751196173,2.302585092994046,0.5023923444976076,0.0008904408147515513,-0.00023155047410140924,0.0008598076660037518,0.0,0.0001415681108921962,0.00011125123165458681,8.754823514453403e-05,0.0,0.0025124539173407116,-0.0021613672062327565,0.0012809826254021933,0.0,-0.0010797869090407428,0.0011389390396649899,0.07157913639556694,0.07558993220858516,0.00348510118217889,6.263476641511267,2.302585092994046,0.0,0.0,0.6996962699092257,0.3003037298960595,0.09159043903586236,0.1318653748182424,0.025496203337280077,5.6613854415282825,2.302585092994046,0.0,0.0,0.6040771529096796,0.39592284697968705,0.13953595744377012,0.21745781583373996,0.05453632266346539,5.354085887880738,2.302585092994046,0.0,0.0,0.5960985340455435,0.40390146590990234,0.001998060846100374,0.0011181283641355441,0.0013485717327900277,0.0012758190007475733,0.40964246369511825,-0.0013152242346597765,0.001687073807341402,02,Tribolium
14,1.3789421866906506,0.8133971291866029,2.302585092994046,0.5023923444976076,0.0035821711042094266,-0.003514589455538249,0.0006925393698933921,0.0033504648392563906,0.0032298925420121342,-0.0032282691028987097,0.00010239351647036607,0.0,0.0028646693289950623,-0.0017605721287562296,0.0022598044481617827,0.0,-0.0005757596018754239,0.0006512133101024869,0.07200382556449532,0.09458760419503921,0.01600407237210707,5.815069979334814,2.302585092994046,0.0,0.0,0.8023525273915268,0.19764747242467248,0.08341767775327066,0.10640034005361843,0.019048278291440738,6.090530924520061,2.302585092994046,0.0,0.0,0.7319104694663144,0.26808953039709865,0.105878493320365,0.1431319206758064,0.028135574342744003,6.190562196497101,2.302585092994046,0.0,0.0,0.7204119619760901,0.27958803794058956,0.0035230234553670927,0.002845914040545969,0.0008009888151829219,0.00286263841351613,0.9198886264495232,-0.0008106283517769613,0.004179956815109769,02,Tribolium
15,1.2629990483947358,0.7464114832535885,2.302585092994046,0.5023923444976076,0.0019638943736363344,-0.0017980526245325746,0.0007898657292299561,0.0023691364079652896,0.002338837057670568,-0.0015506855746657362,0.0017508663657905803,0.0,4.0356597986747004e-05,3.9819396361441735e-05,6.562825189985866e-06,0.0,-0.00033524723236540464,0.00035317000374533746,0.05252430533008682,0.0693554314589095,0.015918666540109237,6.435633919991075,2.302585092994046,0.0,0.0,0.6555587548925291,0.3444412447754882,0.0628080223331426,0.07875374332753383,0.017629034014368192,6.692296848449515,2.302585092994046,0.0,0.0,0.7274054620796641,0.27259453768535297,0.09171345890335587,0.13753239860800903,0.03442992028662511,6.270376619723174,2.302585092994046,0.0,0.0,0.6347534148857249,0.3652465850100734,0.004255918439126587,0.0025496235855796646,0.0002923255073078878,0.0017247573392682627,0.8426698038170451,-0.0002698216057616128,0.0044403481061838605,02,Tribolium
16,1.3006598788488408,0.7703349282296651,2.302585092994046,0.5023923444976076,0.0031253725463707424,-0.0017053944759313478,0.0026190806087386435,0.0023691364079652896,0.0001415681108921962,0.0001238848521995041,6.851330832102759e-05,0.0,0.0035741261183260217,-0.0032611422318832763,0.0014626444725659063,0.0,-0.00021535472861417392,0.00031588485439537194,0.05490011347861412,0.057056360253148565,0.0019485743963775662,6.826043734949102,2.302585092994046,0.0,0.0,0.6720843535995212,0.3279156460691136,0.05883231504852835,0.06637811194847397,0.005153365346742325,7.034213744553234,2.302585092994046,0.0,0.0,0.7005178719674907,0.29948212774579547,0.07819885861819904,0.11611185633496315,0.021637934649758314,6.608987640408346,2.302585092994046,0.0,0.0,0.6640886576422533,0.33591134220584623,0.003956007825641862,0.0027190927022265558,0.000505435774833815,0.0036240818323734383,-0.984553805477069,0.00022201756075969025,0.00433143982461224,02,Tribolium
17,1.4407525076929601,0.8421052631578947,2.302585092994046,0.5023923444976076,0.0035821711042094266,-0.00351214810346888,0.0007048159469910791,0.0033504648392563906,0.0001415681108921962,0.00011754128786459503,7.890231725822486e-05,0.0,0.0031429200822507956,-0.003023118528784301,0.0008594771691769304,0.0,-0.0007524321638587775,0.0009607262781024387,0.07264132582845538,0.09432019720866507,0.015330184919922331,5.82073215237296,2.302585092994046,0.0,0.0,0.6392052845381958,0.3607947152803744,0.08255473044942856,0.09899475531526156,0.017011995341651546,6.234814726061013,2.302585092994046,0.0,0.0,0.7155817374268872,0.2844182624323607,0.10361561974932199,0.14428410289494326,0.026349296958756215,6.174527065584824,2.302585092994046,0.0,0.0,0.7112099679250581,0.2887900319874565,0.0031067746935821913,0.0030708160000281377,0.0006255489817920762,0.0029685194106975755,0.9842707117864264,-0.0006733604355798565,0.00410241210240425,02,Tribolium
18,1.1338255767249432,0.6507177033492823,2.302585092994046,0.5023923444976076,0.0019638943736363344,-0.0019011667582118808,0.0004923881276702131,0.0023691364079652896,0.0022320592690683806,-0.0017923334830339645,0.0013302741319853627,0.0,0.0006778973495423701,0.00014862884738475285,0.0006614032674863726,0.0,-3.6090804778461884e-05,0.0002233643226170927,0.0736758488485748,0.09785422467705014,0.017660697850453724,5.747165110640689,2.302585092994046,0.0,0.0,0.8222476051026362,0.1777523947231486,0.08664949311670454,0.10900602320734538,0.021046809532278075,6.042142191343578,2.302585092994046,0.0,0.0,0.6487522907835724,0.35124770909065883,0.11173403086409832,0.1612579806132389,0.03251963355775992,5.952084757667345,2.302585092994046,0.0,0.0,0.6318971961770916,0.3681028037490642,0.0027842110985407897,0.0011869060035939521,0.0012357828887072356,0.0028429636895583475,-0.5559252040121657,0.00038285172496299244,0.0022053956801579098,02,Tribolium
19,1.1601060371268628,0.6746411483253588,2.302585092994046,0.5023923444976076,0.0019638943736363344,-0.0019206912340588255,0.0004096660764696491,0.0023691364079652896,0.0024073925556093675,0.0014317047834897965,0.0019353966853686189,0.0,0.000630320382705705,-0.0006156601420399564,0.00013515315148973455,0.0,-0.0001777226525905554,0.00035317000374533746,0.055804188226980744,0.06177951907624198,0.005032176837858162,6.666979040364586,2.302585092994046,0.0,0.0,0.5972052394201617,0.4027947602613092,0.06727938741587991,0.09550294180947176,0.01616195138333406,6.306634367689126,2.302585092994046,0.0,0.0,0.739330355971628,0.26066964381950436,0.09245090476325417,0.13605527751566612,0.029742085135745625,6.291973139948883,2.302585092994046,0.0,0.0,0.7223402818264749,0.2776597180675003,0.002542883362396623,0.0008342332899154749,0.00038235039861808174,0.0021842358438627163,-0.5112648698818631,0.00012475730139275247,0.002153206549112902,02,Tribolium
20,1.0489653938298036,0.6076555023923444,2.302585092994046,0.5023923444976076,0.001744543142096585,0.0012615505058362563,0.0012049568854778628,0.0023691364079652896,0.0024073925556093675,0.0012623494839068725,0.0020498811422332403,0.0,0.0009247810261731005,-0.00041003177313310283,0.0008289112687079942,0.0,-0.0004059475979671444,0.0007063400074906749,0.05412615699533113,0.05808009296693276,0.003386763109404866,6.790476903965092,2.302585092994046,0.0,0.0,0.6598730993262162,0.3401269003337761,0.062200241042019086,0.0773514873977013,0.010409864597846399,6.7282288576696825,2.302585092994046,0.0,0.0,0.5333914048781423,0.4666085948704267,0.08876031479415672,0.1363849091981136,0.030009972444924947,6.287133445082179,2.302585092994046,0.0,0.0,0.672720721163869,0.32727927872222257,0.00231243198070282,0.0008795697136024358,0.0004770082399076859,0.0021842358438627163,-0.9012184951919993,-0.0001685289834882663,0.0016842370284420277,02,Tribolium
21,0.8492817315544673,0.4880382775119617,2.302585092994046,0.5023923444976076,0.0019638943736363344,-0.001954062379333476,0.00019626851116275512,0.0023691364079652896,0.0022320592690683806,-0.0019744666297928596,0.0010409467366145591,0.0,0.000630320382705705,-0.0005970948943816375,0.0002019442298201352,0.0,0.00035967104045102745,0.0011168216130854637,0.0687598604864331,0.08614018386583988,0.01594940594099099,6.002170818250346,2.302585092994046,0.0,0.0,0.6020266547603692,0.3979733450389203,0.0777901111672128,0.09620560934754521,0.016865215886461768,6.291973139894959,2.302585092994046,0.0,0.0,0.6733687506749702,0.3266312491671949,0.09890066997191377,0.12629963737933556,0.02493984454414977,6.440781334402713,2.302585092994046,0.0,0.0,0.5396515232297698,0.4603484766741071,0.001985767837184341,0.001094924078988303,0.00030100839581671834,0.002247560141040058,-0.9338085593767868,0.00024209963557988347,0.0017621096946918633,02,Tribolium
22,1.0759136476315923,0.6220095693779905,2.302585092994046,0.5023923444976076,0.0031253725463707424,-0.0011199651397791677,0.0029178128177262106,0.0023691364079652896,0.002338837057670568,-0.0010815094122309224,0.002073763769957669,0.0,0.0013474086793395477,0.000366501041147719,0.0012966060064634832,0.0,-0.0008130692250737081,0.0009476545631861159,0.060625986389871676,0.0710740922389587,0.007425342145682636,6.386677075274474,2.302585092994046,0.0,0.0,0.621530800395612,0.37846919933633794,0.06988707436735395,0.09550294180947176,0.014721281478728641,6.306634367689126,2.302585092994046,0.0,0.0,0.7199410930191621,0.2800589067847947,0.09687188644501402,0.13570416653674497,0.029654967224857262,6.297141110107047,2.302585092994046,0.0,0.0,0.6364901218552536,0.3635098780473146,0.0020207550644420706,0.0007938919538753249,0.00047272572307725975,0.002996746854720078,0.34212175004081097,-0.00045187363466307854,0.0016611143167882913,02,Tribolium
23,0.990757184172494,0.5741626794258373,2.302585092994046,0.5023923444976076,0.004234332524315519,0.0016165140583245814,0.003913624180438795,0.0033504648392563906,0.006774853540099083,0.0028752268940851022,0.006134469072162872,0.0,0.0038602703345954935,0.003813884494205949,0.0005966339925058203,0.0,-0.0002086517141646765,0.0021190200224720248,0.0626352615001219,0.07043948942517445,0.006131480134365021,6.404614775957559,2.302585092994046,0.0,0.0,0.7748127174006029,0.2251872823469209,0.07113155720615887,0.08456190942204682,0.011446649227774391,6.54998062629065,2.302585092994046,0.0,0.0,0.6870799742484683,0.31292002555888015,0.09897016369746023,0.1426605738831729,0.029879999926015727,6.197159251758517,2.302585092994046,0.0,0.0,0.6740326404468995,0.32596735945953675,0.0019947134125424975,0.000998924158989713,0.0010506636108208165,0.0031873470548999653,0.9973663475170492,0.00042581768319942547,0.0016813327187420396,02,Tribolium
24,1.3434237852130726,0.7990430622009569,2.302585092994046,0.5023923444976076,0.0008904408147515513,8.238166334295108e-05,0.0008866217379019394,0.0,0.0024073925556093675,0.001385173819179141,0.001968967345453975,0.0,0.0009151157273625167,-0.0007646429023295687,0.0005027504613456278,0.0,-0.00046759205980171584,0.0006512133101024869,0.10189858977369348,0.126121750477843,0.0181564214363391,5.239627418483253,2.302585092994046,0.0,0.0,0.6628795632660687,0.33712043664058666,0.11798091843489025,0.14751560587911522,0.02444315316270186,5.437080524845721,2.302585092994046,0.0,0.0,0.5760339129643646,0.4239660869667505,0.1488902457468168,0.19703753000203883,0.03723441846816036,5.551307214496107,2.302585092994046,0.0,0.0,0.6880626521658736,0.311937347791672,0.002478844213657155,0.00084328685187941,0.0005873200656031618,0.0004738272815930579,0.8731962146706448,0.0003226071341779704,0.002246048662753075,02,Tribolium
25,1.540210996472566,0.8899521531100478,2.302585092994046,0.5023923444976076,0.0008904408147515513,-0.0001497699929387583,0.0008777549736632261,0.0,0.00250671281133329,0.0017393350677425642,0.0018050824470431858,0.0,0.006140550177176897,-0.006031335859251408,0.0011529719126393745,0.0,-0.00032407054586758305,0.00047382728159305797,0.0781749587941986,0.08794571329141253,0.006913492810529032,5.960683387093848,2.302585092994046,0.0,0.0,0.6347796824200148,0.36522031741762423,0.09135728067213003,0.11904763114760138,0.01773158092935252,5.865901120782584,2.302585092994046,0.0,0.0,0.7240205972787893,0.2759794026057446,0.11948386698296894,0.16125798061323904,0.03156921804566356,5.952084757667343,2.302585092994046,0.0,0.0,0.5628741740273568,0.43712582590716825,0.002577651992731976,0.002749487150579202,0.00024432548286587537,0.0006700929678512782,0.9274684150639735,-0.00015056904177978276,0.003586193311997053,02,Tribolium
26,1.5818850101335198,0.9138755980861244,2.302585092994046,0.5023923444976076,0.0008904408147515513,-0.00018334591183103354,0.0008713605001319795,0.0,0.0001415681108921962,0.00011595065057771763,8.122177449544667e-05,0.0,0.004699819498572878,-0.00468700586240591,0.00034681315565943485,0.0,-0.0012580260900434544,0.0017445311283292577,0.08163191182133489,0.09562041164699886,0.009983175469134955,5.793350230085332,2.302585092994046,0.0,0.0,0.5583818393207516,0.44161816053139447,0.09095705476181266,0.11134941117436858,0.014375099562358724,5.999602259061833,2.302585092994046,0.0,0.0,0.73588549956357,0.26411450031850303,0.12397760998975178,0.20437835519463976,0.0388307238129524,5.478149734191941,2.302585092994046,0.0,0.0,0.7711566707408968,0.22884332919985553,0.001998060846100374,0.0011181283641355441,0.0013485717327900275,0.001275819000747573,0.40964246369511825,-0.0013200446908868142,0.0016838986973041125,02,Tribolium
27,1.6592531208957568,0.9521531100478469,2.302585092994046,0.5023923444976076,0.0035821711042094266,-0.0034990435892504794,0.0007672312430800144,0.0033504648392563906,0.0001415681108921962,0.00011892736215319694,7.679721709064401e-05,0.0,0.004631930324670606,-0.00436887929559004,0.0015387242225843511,0.0,-0.0008561665720336796,0.0014302295079272765,0.10319612494214114,0.11904763114760138,0.011522267909363905,5.355075497016726,2.302585092994046,0.0,0.0,0.7153658152393371,0.2846341846679174,0.12977889660733363,0.17804812759700575,0.034173295456311856,5.06084068335798,2.302585092994046,0.0,0.0,0.664687119637502,0.33531288030697454,0.17262700941813494,0.2547234826512067,0.05168839139617856,5.037738500880668,2.302585092994046,0.0,0.0,0.7764327613858966,0.22356723858330743,0.001459714788208799,0.00083897432942659,0.0007303384060407325,0.002891899532508788,0.9560176171831166,-0.0006444819616469931,0.0013065336900764538,02,Tribolium
28,1.7136802821062498,0.9808612440191388,2.302585092994046,0.5023923444976076,0.001744543142096585,0.0016102117037063973,0.0006713039876860311,0.0023691364079652896,0.0024073925556093675,0.0019144961848534992,0.0014595352941894888,0.0,0.00272590175220865,-0.002684774515034131,0.00047172679181644656,0.0,-0.0013702995695777569,0.0017658500187266873,0.12565188977807826,0.15274959910702068,0.02522989789841462,4.8565228995012495,2.302585092994046,0.0,0.0,0.810512247710068,0.18948775222904907,0.1564945562912618,0.21745781583373996,0.04353459613215676,4.660938707320893,2.302585092994046,0.0,0.0,0.8516319621162056,0.1483680378458953,0.2119299784983147,0.29615152738967315,0.06560358464349873,4.736353170554358,2.302585092994046,0.0,0.0,0.8627187870030409,0.1372812129766414,0.001643477584420083,0.0010547409740693018,0.0012523474617905607,0.002996746854720078,-0.9998028216367048,-0.0011554074909426808,0.0013238101234462867,02,Tribolium
29,1.5773410536279897,0.9090909090909091,2.302585092994046,0.5023923444976076,0.0019638943736363344,-0.0016899139350381748,0.0010005358579102707,0.0023691364079652896,0.0001415681108921962,0.00011190114389068764,8.671599631867689e-05,0.0,0.002993679061019122,-0.0029156803879965966,0.0006789125094121837,0.0,-0.0009583225629151,0.0010595100112360124,0.08425886894353479,0.10939152254756078,0.018163946698414514,5.524256053427445,2.302585092994046,0.0,0.0,0.7158481886931757,0.28415181117222543,0.10593511970446956,0.13995962826907582,0.03006092723700217,5.5422404473150815,2.302585092994046,0.0,0.0,0.6810516400413738,0.3189483598761581,0.14414747698902258,0.2200747926509719,0.047537709258129876,5.330160740593493,2.302585092994046,0.0,0.0,0.6789534856105648,0.32104651434602927,0.0018907154902118959,0.0011667276853893787,0.001252347461790561,0.001498373427360039,0.6465055135092093,-0.0011693878885661,0.0017112409054106804,02,Tribolium
30,1.254579665960843,0.7416267942583732,2.302585092994046,0.5023923444976076,0.0054743617803113655,-0.0031554776713347363,0.004473432414538274,0.004738272815930579,0.0032298925420121342,-0.0032152668122775447,0.0003070263161558016,0.0,0.002640572703255618,-0.0026331175883262986,0.0001982825439250242,0.0,-0.0003260562537317547,0.00035317000374533746,0.04767474588456493,0.04997698727612813,0.0020118252421437947,7.090997556230136,2.302585092994046,0.0,0.0,0.610076922051726,0.38992307750908595,0.056095288368225506,0.0710740922389588,0.010535273662820414,6.897502699040329,2.302585092994046,0.0,0.0,0.6221638154470384,0.3778361842459941,0.08346167074633185,0.11958859916482396,0.0294036903760474,6.549980626360471,2.302585092994046,0.0,0.0,0.8659117264901594,0.13408827338213378,0.002938154821134382,0.0015583920672148362,6.410279718071122e-05,0.005469576127378042,0.08047810166609591,0.00010099645278328082,0.0027900730895862405,02,Tribolium
31,1.2490012748454633,0.7368421052631579,2.302585092994046,0.5023923444976076,0.003347394381829624,0.003346752804413486,6.553482780168763e-05,0.0033504648392563906,0.0024073925556093675,0.0013501259343446706,0.00199316303352569,0.0,0.0030320447383127285,-0.00037245062065170513,0.0030090822239191243,0.0,-0.000595107207514413,0.0007063400074906749,0.08368953233340552,0.0985970703289649,0.020077273316969884,5.7320397495714985,2.302585092994046,0.0,0.0,0.5189210095905241,0.481078990274469,0.09133450823452254,0.1036209457701134,0.018160256448011818,6.143469493029218,2.302585092994046,0.0,0.0,0.5469924753914333,0.45300752449325016,0.11577965411519194,0.15311660972522376,0.029753640592915062,6.055696078582619,2.302585092994046,0.0,0.0,0.5334042044383382,0.46659579549168373,0.0020947988561300186,0.0008316164191063627,0.0007303384060407325,0.0038856726173959323,-0.6871939690643898,-0.0005302819000166597,0.0017436889047053913,02,Tribolium
33,1.2263078160843561,0.7177033492822966,2.302585092994046,0.5023923444976076,0.003347394381829624,0.003304211257738748,0.0005359450641036371,0.0033504648392563906,0.0001415681108921962,0.0001284110957092545,5.959966879382674e-05,0.0,0.0016707365471147425,-0.0015901588976513644,0.000512596615366401,0.0,-0.000689945448852506,0.0007063400074906749,0.055265598807659334,0.06321644415432764,0.005723426786595052,6.620993927134542,2.302585092994046,0.0,0.0,0.6991948898285948,0.3008051098474708,0.06340629560805087,0.07918021075959342,0.01114175040187733,6.681495663333901,2.302585092994046,0.0,0.0,0.8137284317401864,0.18627156801852957,0.08970015706050141,0.13456194266157714,0.03028157578306429,6.314046384382067,2.302585092994046,0.0,0.0,0.6873944938395741,0.31260550604885723,0.0026436639832863153,0.0010733562431696005,0.0007124850361186171,0.003700709372497912,-0.4156377459012211,-0.0003948756641600687,0.0018241820587009327,02,Tribolium
34,1.207614374234586,0.7033492822966507,2.302585092994046,0.5023923444976076,0.0008904408147515513,7.15730682133864e-05,0.0008875596546046516,0.0,0.00250671281133329,0.0021311448706335147,0.0013197843228629845,0.0,0.0010412386984392553,-0.0005034962503413715,0.0009114107487953241,0.0,-0.0008243220504925944,0.000920954695144813,0.058630211245864455,0.0711135668836232,0.009143273724124115,6.385566580990669,2.302585092994046,0.0,0.0,0.5059406692970652,0.49405933041893274,0.06804504949375814,0.08698312633349595,0.013870662866154201,6.493520170958182,2.302585092994046,0.0,0.0,0.6060620118961301,0.39393798789650947,0.09558401943661708,0.1366932169742556,0.03097501822451458,6.282617405493903,2.302585092994046,0.0,0.0,0.6166650895787127,0.3833349103222357,0.002456642030111267,0.000822801146471843,0.0007707994631800868,0.00023691364079652912,0.9695389080872115,-0.00012423909281051614,0.002046515588342056,02,Tribolium
35,1.1316170722043428,0.645933014354067,2.302585092994046,0.5023923444976076,0.0019638943736363344,-0.001938087499279696,0.0003173294123402757,0.0023691364079652896,0.0024073925556093675,0.0013374949874593012,0.002001660829242718,0.0,0.0010240174428790202,-0.0008488345078731493,0.0005727928958744478,0.0,-0.0005203494346043623,0.0008505460004983821,0.060745061051172194,0.06414193452981998,0.003278493136153248,6.591926136667033,2.302585092994046,0.0,0.0,0.7555325426300307,0.24446745709975098,0.07101949237849929,0.08698312633349595,0.012841997307257005,6.493520170958182,2.302585092994046,0.0,0.0,0.5968998686775647,0.4031001311304482,0.09192884740244303,0.1257652218480233,0.024649477647096754,6.449261950600601,2.302585092994046,0.0,0.0,0.6764903977176888,0.3235096021719177,0.0021724015603511873,0.00090030481658537,0.00029232550730788756,0.001724757339268263,0.8426698038170455,-0.0002665397314992132,0.0017966681682837582,02,Tribolium
36,1.4870359767733803,0.8564593301435407,2.302585092994046,0.5023923444976076,0.0008904408147515513,-0.00019022659239914384,0.0008698842958230805,0.0,0.0001415681108921962,0.00011530512966773023,8.213560186601838e-05,0.0,0.00403786244968149,-0.004021572849707141,0.00036233268834896565,0.0,-0.0003602997654356886,0.00047382728159305797,0.07021023582086888,0.07558993220858516,0.006152825674174576,6.263476641511267,2.302585092994046,0.0,0.0,0.6753283530268626,0.3246716467718221,0.07883936648020361,0.09562041164699886,0.011844716191399391,6.30417585385119,2.302585092994046,0.0,0.0,0.6286928720930831,0.37130712774958363,0.10686273246323744,0.17087370680207595,0.034121407076997616,5.8362461970796025,2.302585092994046,0.0,0.0,0.7294026955009479,0.27059730441958546,0.0028468250216777636,0.0027024920314980437,0.0005032853282035938,0.0007491867136800196,0.5410072310132286,-0.0004900698762147743,0.003724709865970273,02,Tribolium
37,1.3321749270300955,0.784688995215311,2.302585092994046,0.5023923444976076,0.0035821711042094266,-0.003494578918082019,0.0007873169661131948,0.0033504648392563906,0.0022320592690683806,-0.0015096554818528226,0.0016440890811466986,0.0,0.0037673045900226223,-0.002712710861836287,0.0026141506563472864,0.0,-0.000211124272715704,0.000499457809120013,0.052229176680199225,0.05941763882884316,0.005111806083251779,6.744940581813058,2.302585092994046,0.0,0.0,0.7680429669554599,0.23195703268143428,0.06425100876875364,0.08581377047563665,0.015409393412491984,6.520589492922771,2.302585092994046,0.0,0.0,0.6205445265339503,0.37945547323698825,0.0951609407339529,0.14500198694853061,0.0363504268339039,6.1646007600708534,2.302585092994046,0.0,0.0,0.6743884922817992,0.32561150762183344,0.0037445865744857787,0.002676594134052168,0.0006890760213027193,0.0035219744712587215,0.18280580873383737,-0.00031661110956635654,0.004261609579063672,02,Tribolium
38,1.44042119130002,0.8373205741626795,2.302585092994046,0.5023923444976076,0.0008904408147515513,-0.00022380978557530598,0.0008618549903876766,0.0,0.0001415681108921962,0.00011203396126678162,8.654433282693003e-05,0.0,0.0019230968142410648,-0.0017426089276902658,0.0008133974932825364,0.0,-0.00034581557929255107,0.00035317000374533746,0.0804508729837073,0.09585491944651513,0.010907051163369845,5.788451261316776,2.302585092994046,0.0,0.0,0.6581108318227369,0.34188916802554803,0.09726824536331527,0.1369393634226676,0.0240640432418783,5.585872020152521,2.302585092994046,0.0,0.0,0.632194269857329,0.3678057300430714,0.13438407648566617,0.18865527083345823,0.04178170190544028,5.63825287939432,2.302585092994046,0.0,0.0,0.6182511879964724,0.3817488119530348,0.0028468250216777636,0.0027024920314980437,0.0005032853282035938,0.0007491867136800195,0.5410072310132287,-0.0004867115568971582,0.00372496355193522,02,Tribolium
39,1.2224719982302317,0.7129186602870813,2.302585092994046,0.5023923444976076,0.0024713209101331355,-0.00023747861268316343,0.002459884336585635,0.0033504648392563906,0.0022320592690683806,-0.0016275629179101304,0.0015274578648453564,0.0,0.0020834389166612447,-0.0019364228565335196,0.0007687549935793234,0.0,-0.0005840837892020156,0.00078971213598843,0.062161932215629045,0.07205447085768295,0.012131796277642857,6.35927810109171,2.302585092994046,0.0,0.0,0.8026060307385894,0.19739396901211387,0.07092168626048531,0.08851824116015382,0.014538015440973039,6.458531179112662,2.302585092994046,0.0,0.0,0.5754289711888552,0.42457102862035023,0.09683277200386478,0.14500198694853061,0.030017090946150293,6.1646007600708534,2.302585092994046,0.0,0.0,0.6958977634624138,0.30410223644028717,0.003297435259025861,0.0017210827833002626,0.0009621581987813492,0.003088975953812096,-0.5275034139156665,-0.0007362362381857044,0.0030132831343933322,02,Tribolium
40,1.2882267349610865,0.7607655502392344,2.302585092994046,0.5023923444976076,0.001744543142096585,0.001563660207552302,0.0007735615876927429,0.0023691364079652896,0.0024073925556093675,0.0018165749319579878,0.0015797450532871542,0.0,0.0010539699971928954,-0.00030790090965962145,0.0010079929487915923,0.0,-0.0006532376964646338,0.001498373427360039,0.04612029684153554,0.05922841019913225,0.01153293688757445,6.751320188775282,2.302585092994046,0.0,0.0,0.7714853184534705,0.22851468110406933,0.06021209893092997,0.09961648127171781,0.022608452774079787,6.222293219264245,2.302585092994046,0.0,0.0,0.6982897645379768,0.30171023522028106,0.090348465797491,0.14942472190757677,0.035716264034600195,6.104510183663745,2.302585092994046,0.0,0.0,0.5668350984661102,0.4331649014279406,0.004117568438307257,0.0026313942199577985,0.0008009888151829219,0.002439175220995711,-0.8103003665278895,-0.0007867679789163746,0.00428735877980619,02,Tribolium
41,1.0066362885193734,0.5885167464114832,2.302585092994046,0.5023923444976076,0.001744543142096585,0.0012919184402426637,0.0011723384828611523,0.0023691364079652896,0.00250671281133329,0.002191702239133089,0.0012165732256964436,0.0,0.000630320382705705,-0.0006065522452398487,0.00017145891242150346,0.0,-7.689808317578044e-05,0.0011389390396649899,0.06384703454497383,0.07205447085768295,0.009974208016461527,6.35927810109171,2.302585092994046,0.0,0.0,0.8811736747198478,0.11882632504068438,0.07374001911898412,0.10448401904845678,0.017540785404873714,6.1268802064184555,2.302585092994046,0.0,0.0,0.7634613798241794,0.23653862000176434,0.09868536176056267,0.13389289218861494,0.028645659085628144,6.324015314291711,2.302585092994046,0.0,0.0,0.6706344623578535,0.3293655375474439,0.001992516298107352,0.0008496483141327186,0.0005603871400073269,0.0021453442618909148,-0.6367699433131753,5.656313572326055e-05,0.0014884719077030509,02,Tribolium
42,0.9438746364165714,0.5550239234449761,2.302585092994046,0.5023923444976076,0.0008904408147515513,0.00014121303847257333,0.0008791721801449077,0.0,0.002338837057670568,-0.0009763244832141863,0.0021253115738191592,0.0,0.0009151157273625167,-0.0007964105860844732,0.0004507404717116201,0.0,-0.00032578993371869437,0.0011168216130854635,0.06450809009045695,0.06700929678512783,0.0022978859323966334,6.504460110906113,2.302585092994046,0.0,0.0,0.6365842204550085,0.3634157793049861,0.06745095145190691,0.07405209484678407,0.00425108749375764,6.815410810337462,2.302585092994046,0.0,0.0,0.6123578381317389,0.3876421616493326,0.09039856523739757,0.1290037739853214,0.024525059107031427,6.398412331630534,2.302585092994046,0.0,0.0,0.6146405895006347,0.3853594103853841,0.0023837752316944604,0.0009311376741770047,0.0008099098949807517,0.0005297550056180062,0.8099251620652276,0.0006445242571449498,0.001874308490470296,02,Tribolium
44,0.8938421772534022,0.5263157894736842,2.302585092994046,0.5023923444976076,0.0008904408147515513,0.0001752664497060201,0.0008730214866673407,0.0,0.0001415681108921962,0.00013858825932447642,2.8893327932185932e-05,0.0,0.0006646515362300952,-0.00018045357533768997,0.0006396859946574336,0.0,-0.0003624134689299485,0.0007897121359884299,0.050486722196160315,0.06146071367999983,0.00804910908258209,6.677326508887286,2.302585092994046,0.0,0.0,0.652934738712186,0.34706526090521433,0.057849610539083406,0.07614479602107894,0.011883645435752332,6.759674993270491,2.302585092994046,0.0,0.0,0.6326304534220346,0.3673695462912516,0.08442307008303226,0.12594361232328896,0.029626525899823196,6.4464270798149315,2.302585092994046,0.0,0.0,0.5987972822806261,0.4012027175944517,0.0023203001221139318,0.0010108904527396394,0.0008904408147515513,1.0842021724855044e-19,0.9999999999999999,0.0002180589261830429,0.0019866784734806236,02,Tribolium
45,0.9655517374820577,0.5645933014354066,2.302585092994046,0.5023923444976076,0.002992407595472868,0.0023596335637882672,0.001840280593302987,0.0023691364079652896,0.0034254527249422055,0.0013272816355698943,0.003157855258033985,0.0,0.0014545105147544732,0.001335796390143791,0.000575542215315384,0.0,-0.00030241803413317485,0.0005694695198324949,0.04907424247619433,0.062006233669603464,0.009554523450132588,6.659653000274429,2.302585092994046,0.0,0.0,0.5456832169064408,0.45431678269349035,0.05524765157666286,0.06700929678512783,0.010697798135686314,7.01528573467197,2.302585092994046,0.0,0.0,0.6804910484292025,0.31950895125501594,0.0784336695891078,0.1129509231362435,0.026110388475370155,6.664188819191523,2.302585092994046,0.0,0.0,0.5822956241661603,0.41770437568750374,0.0022897263708957696,0.0010399520551112667,0.0009076320605564336,0.0021453442618909148,0.9528327517329381,0.000558883015196448,0.0016475792896108895,02,Tribolium
47,0.9203257404269545,0.5406698564593302,2.302585092994046,0.5023923444976076,0.0019638943736363344,-0.0019619631203877156,8.707367592417613e-05,0.0023691364079652896,0.0022320592690683806,-0.0020294052475866267,0.0009293023844271227,0.0,0.002866608594563366,0.00118324759249861,0.0026110093774766112,0.0,0.00015559610071632943,0.0011498382261788422,0.04513557455763253,0.04702601496939102,0.0019926961369468366,7.21272092904662,2.302585092994046,0.0,0.0,0.6832475800684826,0.3167524194416073,0.0536231760432621,0.07405209484678407,0.011581980649882454,6.815410810337462,2.302585092994046,0.0,0.0,0.6328696736101947,0.3671303260575338,0.07601622793057158,0.13389289218861494,0.027535585985256333,6.324015314291711,2.302585092994046,0.0,0.0,0.6759257366458052,0.32407426320121174,0.0021910196430714787,0.0011033496397598016,0.0011167189808848422,0.0028528180126574285,-0.6918524332471797,0.0007571897024160258,0.00167962643093256,02,Tribolium
51,0.8240230578846359,0.48325358851674644,2.302585092994046,0.5023923444976076,0.0024713209101331355,-0.0012876522538388003,0.002109355046938549,0.0033504648392563906,0.0022320592690683806,-0.0021311400017101616,0.0006635743166706239,0.0,0.0016945160941787005,-0.0010576436568728582,0.0013239239738396032,0.0,-0.0009442672879559214,0.0015794242719768597,0.05140745987588624,0.06114024594993127,0.007674915347043236,6.687782167988843,2.302585092994046,0.0,0.0,0.7869142905945776,0.21308570903527566,0.062185526063669415,0.08322382010170283,0.014801489006673309,6.581881257952891,2.302585092994046,0.0,0.0,0.5762925491236218,0.4237074506316474,0.08208497894220199,0.11056533969546084,0.02326598471542391,6.706882339547742,2.302585092994046,0.0,0.0,0.6249402688569053,0.37505973100571777,0.00212641475727335,0.0009312569591496341,0.0006272804233498471,0.0018503546862489557,0.9924761388560727,-0.00028284436007522276,0.0017638896201825904,02,Tribolium
52,0.7232624570487056,0.41148325358851673,2.302585092994046,0.5023923444976076,0.0019638943736363344,-0.0019631224712293193,5.505700459469437e-05,0.0023691364079652896,0.0022320592690683806,-0.002091303724672005,0.0007800880154233055,0.0,0.0010953394517227572,0.000802743336169131,0.0007452326151855968,0.0,-0.00027775555071928666,0.0011389390396649899,0.04153566840521272,0.059417638828843204,0.013253640846399696,6.744940581813057,2.302585092994046,0.0,0.0,0.8238248804437664,0.17617511903015884,0.05036376810967498,0.0646648393878951,0.014924709045205228,7.086513243943898,2.302585092994046,0.0,0.0,0.7360697412874868,0.26393025835009665,0.061745093536018494,0.08412936484931027,0.016165363489736476,7.2533843070162405,2.302585092994046,0.0,0.0,0.564233983465451,0.4357660162890764,0.0021517248370516917,0.0015260794927951162,0.00047272572307725975,0.001498373427360039,0.9883997367407834,-0.0004905816988893593,0.0015676352278729756,02,Tribolium
53,0.7951457330716997,0.45933014354066987,2.302585092994046,0.5023923444976076,0.0040644300146257155,0.0018432612565290293,0.003622427264137876,0.004738272815930579,0.0001415681108921962,0.00014095655289363894,1.3144588921983542e-05,0.0,0.0030088624052770708,8.734035851003503e-05,0.0030075944932229574,0.0,0.00023376359647997886,0.0021072148051442564,0.05234195993557323,0.05941763882884327,0.005237674926850584,6.744940581813054,2.302585092994046,0.0,0.0,0.7555881543310501,0.24441184530756252,0.05547174186727116,0.06067949902250854,0.005590934427784473,7.213736673346924,2.302585092994046,0.0,0.0,0.7476497347723682,0.25235026490592016,0.07190511949645897,0.11033666242956937,0.019338688178058068,6.711023132213433,2.302585092994046,0.0,0.0,0.6313881813951001,0.3686118184245355,0.001635998257381781,0.0006363187032976252,0.000914477371236668,0.004495120282080116,-0.3834244100174674,-0.0009616669649894431,0.000999786317156513,02,Tribolium
54,0.690671979165681,0.3923444976076555,2.302585092994046,0.5023923444976076,0.0008904408147515513,0.00033643417323955794,0.0008244373182068008,0.0,0.00250671281133329,0.0024303313658341525,0.0006140835209848488,0.0,0.001445311769022866,0.0004048559699713281,0.0013874500903652647,0.0,0.0003670729710360459,0.0014214818447791737,0.05433633992484368,0.05860919790922382,0.004921481352678205,6.772339555993302,2.302585092994046,0.0,0.0,0.5902014156288685,0.4097985840351844,0.05763788511950803,0.0655270753158815,0.005859434788382644,7.060021628503173,2.302585092994046,0.0,0.0,0.5166150397770186,0.4833849599250484,0.07468073623506047,0.10647943832254321,0.01932578473368451,6.782191852638998,2.302585092994046,0.0,0.0,0.6271441770925771,0.37285582273937534,0.0020445225951364067,0.0014220608067368118,0.0007303384060407324,0.000710740922389587,0.6313218315519789,-0.0003805907576137874,0.001692938035438789,02,Tribolium
55,0.7463852272328922,0.430622009569378,2.302585092994046,0.5023923444976076,0.0024713209101331355,-0.001401611196694723,0.002035414722890953,0.0033504648392563906,0.003279875907319649,-0.0016208203083508041,0.002851407984742537,0.0,0.0004983672216973248,0.00014605767988040894,0.00047648404150638925,0.0,-0.000523762907405307,0.00197901294046505,0.0601202681743964,0.06072573102847068,0.00044862949827139336,6.701387820040957,2.302585092994046,0.0,0.0,0.7404922546682869,0.2595077450550609,0.06738206682806104,0.08295361218032778,0.009379658078891082,6.588385345921125,2.302585092994046,0.0,0.0,0.5456676396667622,0.4543323601171766,0.0818868750168384,0.11020941447761626,0.017300960515848233,6.713331003073745,2.302585092994046,0.0,0.0,0.6155430379679181,0.38445696188932227,0.0021517248370516917,0.0015260794927951162,0.0004727257230772598,0.0023691364079652896,0.3073336400207483,-0.00046310193008452583,0.0015572927972717988,02,Tribolium
56,0.6776541319251492,0.3875598086124402,2.302585092994046,0.5023923444976076,0.0008904408147515513,0.00039063270212261875,0.0008001818147194973,0.0,0.005206528375448509,-0.0030988528753216477,0.0041839035100562786,0.0,0.00171018544290997,-0.0006183008690056192,0.0015945025194486417,0.0,-0.0003451257986560472,0.0015555525063405428,0.060530877086570456,0.07035976162438413,0.00963597175589493,6.406879782587956,2.302585092994046,0.0,0.0,0.5711471967025206,0.4288528030312982,0.06563435887017896,0.07359591743678824,0.00973740197141788,6.82776936103899,2.302585092994046,0.0,0.0,0.5860438734420459,0.41395612633082,0.0857949385723096,0.11460353017136601,0.022208777490336656,6.635138434694564,2.302585092994046,0.0,0.0,0.6349637429527588,0.36503625691991753,0.0023769357682293935,0.0015197232181915915,0.0014373359456560093,0.0019100588361894348,-0.30843361557013,-0.0014996511734051469,0.0014568876944520482,02,Tribolium
57,0.5351773586503733,0.31100478468899523,2.302585092994046,0.5023923444976076,0.003347394381829624,0.0028250449074665603,0.0017955975101068126,0.0033504648392563906,0.0001415681108921962,0.0001355575195239586,4.0812852413140014e-05,0.0,0.0009247810261731005,7.665145997480687e-05,0.0009215988824068221,0.0,-0.0017653846977594369,0.001848668713519596,0.07556135063012609,0.0985401271706899,0.016713698002160996,5.7331951512019375,2.302585092994046,0.0,0.0,0.7378328630043506,0.2621671368286728,0.0880473558123503,0.10939152254756081,0.020104594778771533,6.035081677193302,2.302585092994046,0.0,0.0,0.6268425092599393,0.37315749061745945,0.10971866366686434,0.14009991861687401,0.02637405560419265,6.233383906008125,2.302585092994046,0.0,0.0,0.6319775518237286,0.3680224480977401,0.003594685560992282,0.0015516049978842145,0.0009509613770446828,0.0029304598954611907,0.5531751334632629,5.9709275954482335e-05,0.002714757237328921,02,Tribolium
59,0.5849622542588347,0.3349282296650718,2.302585092994046,0.5023923444976076,0.0024713209101331355,-0.0014131610540849822,0.0020274128528937293,0.0033504648392563906,0.003279875907319649,-0.0016370060170017584,0.002842146595043248,0.0,0.0027663748411030607,-0.0008176941292711656,0.0026427648537929844,0.0,-0.0008424704857676159,0.0021482492656074207,0.046115783324091685,0.0521748172012144,0.005853660942597956,7.004922947491914,2.302585092994046,0.0,0.0,0.7534790066299616,0.24652099290727492,0.052499343269171286,0.06709300612043283,0.009579007790147295,7.012788854473938,2.302585092994046,0.0,0.0,0.5830319131375734,0.41696808651129547,0.06925638223852315,0.09594271209454394,0.019077960289894384,6.990593122195568,2.302585092994046,0.0,0.0,0.6475837540251207,0.3524162457810964,0.0033312100049049213,0.0018802729767521838,0.0007748343468229066,0.003088975953812096,-0.7399942395465104,0.0008289362043715545,0.0024185971646004368,02,Tribolium
60,0.4450437365714241,0.24880382775119617,2.302585092994046,0.5023923444976076,0.003347394381829624,0.0030763547717479064,0.0013195038711002016,0.0033504648392563906,0.002338837057670568,-0.000128061344669498,0.0023353284724711766,0.0,0.001531195258054643,0.0006671071263400107,0.0013782332894961568,0.0,-4.544274726285484e-05,0.002390102625575534,0.050075776860344194,0.05454161603179481,0.0052473368955054224,6.91619483191442,2.302585092994046,0.0,0.0,0.801625024396618,0.1983749752089231,0.05532099883602424,0.06569816457658005,0.007765819818445257,7.054806492825276,2.302585092994046,0.0,0.0,0.6174018280499239,0.3825981716296372,0.07095040503554964,0.1039184357215206,0.01877900982108481,6.830883011804196,2.302585092994046,0.0,0.0,0.6484576204586882,0.3515423793556663,0.0031247534866308195,0.0018161340982623725,0.0010522109220343257,0.002333328759510814,0.9749364397457927,0.0007776578784322424,0.0021256187748802725,02,Tribolium
62,0.34204317299546744,0.18660287081339713,2.302585092994046,0.5023923444976076,0.0019638943736363344,-0.0019564805400272217,0.00017048462480599545,0.0023691364079652896,0.0032298925420121342,-0.002794603303922919,0.001619382044685167,0.0,0.0014749979576954193,-0.0011947475278757211,0.0008649839997598284,0.0,-0.0013106936328516365,0.003135067664626069,0.05057968023197893,0.057056360253148544,0.00664587150998541,6.826043734949103,2.302585092994046,0.0,0.0,0.7128684882557281,0.28713151136002185,0.06069082144809497,0.08103693333209003,0.013805209303251128,6.635138434618526,2.302585092994046,0.0,0.0,0.7395744949479002,0.26042550479396603,0.08393714195270893,0.12230344028927351,0.026461865047369627,6.50508530645565,2.302585092994046,0.0,0.0,0.664132738164722,0.3358672617061737,0.0023745731703576386,0.0010189428515846365,0.001478714448614207,0.0021190200224720248,0.26742610606686973,-0.0005708789591121531,0.0018214587240039564,02,Tribolium
63,0.3128598388046201,0.16267942583732056,2.302585092994046,0.5023923444976076,0.0024713209101331355,-0.0015692715274020215,0.0019091395742969123,0.0033504648392563906,0.0001415681108921962,0.0001408827468766362,1.3913362428932091e-05,0.0,0.0013341453614027427,-0.0007632130083482447,0.00109428047101302,0.0,-0.0008348803688738444,0.0031111050126810856,0.0520485639179521,0.05360743742810226,0.0019503500180946501,6.950747213409261,2.302585092994046,0.0,0.0,0.6969771557790057,0.3030228438523793,0.05464835128439026,0.05979429958241193,0.003611361718746072,7.243127806710749,2.302585092994046,0.0,0.0,0.56722061129372,0.43277938837288926,0.07216754352404153,0.11023487581894648,0.020571223721663937,6.712869002603566,2.302585092994046,0.0,0.0,0.6507883939009018,0.34921160592152023,0.0023238305167079584,0.0010254752131516871,0.0012964958393905483,0.0011845682039826448,0.996412691620603,-0.0006413113047350517,0.0017843204947501027,02,Tribolium
64,0.2714589193817725,0.1291866028708134,2.302585092994046,0.5023923444976076,0.0024713209101331355,-0.0012702184459121991,0.002119899087344883,0.0033504648392563906,0.002338837057670568,-0.0005467667721686855,0.002274028337375187,0.0,0.001445311769022866,0.0004511329721222232,0.0013731005611899573,0.0,0.0001753837996407213,0.0027583459072919743,0.04803716831706631,0.05103276002990296,0.0037764738310999586,7.049187286186515,2.302585092994046,0.0,0.0,0.6828588651133265,0.31714113445597913,0.05491678754921177,0.07067813321244797,0.00956015571922228,6.908675999636234,2.302585092994046,0.0,0.0,0.7191478274211804,0.28085217225699155,0.07437981739597815,0.1097501002630392,0.022777408442231008,6.721683719848784,2.302585092994046,0.0,0.0,0.5940804787392185,0.405919521095524,0.0024968480966121105,0.000975886299364103,0.0012545107282504243,0.0014983734273600387,0.8767060839898968,-0.00019244018834263643,0.0020759374655905105,02,Tribolium
65,0.24000416860195709,0.10526315789473684,2.302585092994046,0.5023923444976076,0.001744543142096585,0.0008285827269400684,0.0015352138089701987,0.0023691364079652896,0.002338837057670568,-0.0002862724617784233,0.0023212511410789743,0.0,0.001968789698261135,-8.746975799214247e-05,0.0019668456770717845,0.0,-0.0004760359717969191,0.002698921379043141,0.04966675371184969,0.058848127550163366,0.006773501244570121,6.7642028146026005,2.302585092994046,0.0,0.0,0.6915613435605386,0.30843865604147797,0.054084826726799165,0.06200623366960351,0.007581380318861067,7.1704786240402845,2.302585092994046,0.0,0.0,0.5285050940488993,0.47149490561582785,0.0700593485090424,0.10608335720409252,0.01982382909027351,6.789645303292919,2.302585092994046,0.0,0.0,0.7056432507463405,0.2943567490650264,0.002886924793403182,0.0008551841910489697,0.0017810746974403061,0.001184568203982645,0.7744135269224766,-0.00029483189986888347,0.002135545421273842,02,Tribolium
66,0.14815908306909786,0.04784688995215311,2.302585092994046,0.5023923444976076,0.0040644300146257155,0.0015061044180389297,0.003775081565443853,0.004738272815930579,0.0001415681108921962,0.00014156785730934184,2.679522849129309e-07,0.0,0.001445311769022866,0.00038494558277106083,0.0013931055265058187,0.0,0.00012072015800292156,0.0030666872169377362,0.05343000812565185,0.06254699594484162,0.006859709607440297,6.642286427780606,2.302585092994046,0.0,0.0,0.8135559321803292,0.18644406747505976,0.06484601592311022,0.09080316047591112,0.015966556141244852,6.407560286267444,2.302585092994046,0.0,0.0,0.6245211166245259,0.3754788831512554,0.08526026964359441,0.1236725513028849,0.025113994556094008,6.482820935959722,2.302585092994046,0.0,0.0,0.6908482270115001,0.3091517728619181,0.0027944681934784954,0.0014034767806163622,0.0017445431420965852,0.002369136407965289,0.9837155472730572,0.0005995698703968778,0.0020032079951429692,02,Tribolium
67,0.281129067021586,0.13875598086124402,2.302585092994046,0.5023923444976076,0.004516307999481398,-0.004167657355182504,0.0017400201481514057,0.005297550056180062,0.0046010596899344735,-0.004599420112765847,0.00012282058713798444,0.0,0.0009716664581466683,5.151122797896047e-05,0.0009703001078426152,0.0,-0.0013574256820487495,0.003608561067981015,0.05010931241219934,0.058848127550163366,0.006828324209987853,6.7642028146026005,2.302585092994046,0.0,0.0,0.5415251394329759,0.45847486017602784,0.05863636622976518,0.07647578196375396,0.012134161326406894,6.751000240078309,2.302585092994046,0.0,0.0,0.5624371229027951,0.43756287681830075,0.07569719307121855,0.10079276386913635,0.019494537932384353,6.891962518764144,2.302585092994046,0.0,0.0,0.5977503174406964,0.40224968239564013,0.0023387600870739523,0.0010887385004321912,0.0009644100794142967,0.004089763539894341,0.5281691962482694,-6.549321669125227e-05,0.00212139007291246,02,Tribolium
69,0.2785616022147952,0.1339712918660287,2.302585092994046,0.5023923444976076,0.004516307999481398,-0.004499840314601478,0.00038532465437204254,0.005297550056180062,0.005190881202370338,-0.00509692886669469,0.000983139758618332,0.0,0.0009716664581466683,-0.0002470208877240186,0.0009397427237895109,0.0,-0.0035542569730779737,0.003823381336085959,0.06747586829280483,0.07248163664746875,0.004207528017284269,6.347456362128808,2.302585092994046,0.0,0.0,0.6881832643777637,0.3118167354034511,0.07847568205274595,0.10348544035609579,0.0148688979333735,6.146086610460994,2.302585092994046,0.0,0.0,0.580778748301826,0.4192212515414223,0.10133495701804698,0.13506155555348345,0.026154515662002904,6.306634367743846,2.302585092994046,0.0,0.0,0.5415227662655595,0.4584772336431399,0.002828146436944315,0.0016610957810466818,0.0012233230911578093,0.004526228752100955,0.12731539319001162,0.00021531160509657607,0.0024321953948325623,02,Tribolium
70,0.17508912607860297,0.06220095693779904,2.302585092994046,0.5023923444976076,0.006638406640800212,0.0038593573616125657,0.005401277949151223,0.006700929678512781,0.004875734954453191,0.004650253993644985,0.0014655815025666516,0.0,0.001968789698261135,-0.0009853712424390476,0.001704457799581233,0.0,-0.0018687665745043345,0.0038720061977955177,0.06560501104613413,0.0821376551777265,0.01172962280600794,6.09732972355337,2.302585092994046,0.0,0.0,0.7340405537026391,0.26595944607221683,0.07477121211554533,0.09080316047591112,0.014514251074567063,6.407560286267444,2.302585092994046,0.0,0.0,0.6073025247698688,0.3926974750577588,0.08796540355520313,0.1045914024468382,0.016932761207970166,6.817972943523475,2.302585092994046,0.0,0.0,0.6068217056685742,0.3931782942068095,0.0026561590070613692,0.0010828851491925448,0.0014330850866691952,0.006040136387289064,0.5065973490282554,-0.00010961626498760368,0.0023396880131747112,02,Tribolium
71,0.24876799005286077,0.11961722488038277,2.302585092994046,0.5023923444976076,0.003347394381829624,0.002759240328144121,0.0018951627790371082,0.0033504648392563906,0.00250671281133329,0.002494973779194192,0.00024231169933764616,0.0,0.0010665493344604393,-0.0005200897561825457,0.000931146673919843,0.0,-0.0006557710948711843,0.0022613914109160206,0.054020175454545794,0.06218701024464563,0.008570119321133536,6.653830567524504,2.302585092994046,0.0,0.0,0.6439897115831389,0.3560102880825948,0.06267053062665875,0.08623786696341314,0.014183992922712626,6.510729724007818,2.302585092994046,0.0,0.0,0.5413142849123516,0.4586857148454462,0.07971519093796713,0.10348544035609579,0.020207916098530104,6.839233791020839,2.302585092994046,0.0,0.0,0.5406019493116668,0.45939805054046695,0.0030304480314439957,0.0016487236470078047,0.0014804554274512145,0.0033252414077036495,0.23604960173895237,-0.00041536928490757145,0.0026035588045502617,02,Tribolium
72,0.2440074892831801,0.11004784688995216,2.302585092994046,0.5023923444976076,0.0008904408147515513,0.0008176071287592985,0.00035270870073955137,0.0,0.00250671281133329,0.002164606957821452,0.0012641541981314643,0.0,0.0010196666844458121,-0.0005744330367974842,0.0008424647373061591,0.0,-0.0032467054693622924,0.003478321146747627,0.07545746504259351,0.0821376551777265,0.005914077005733838,6.09732972355337,2.302585092994046,0.0,0.0,0.6114991214904327,0.38850087833501074,0.09039902304814482,0.11996348597518194,0.019399025223205565,5.850573644452556,2.302585092994046,0.0,0.0,0.7237203687184887,0.276279631164529,0.11820469934007047,0.1651782563787268,0.031990410587493155,5.904045186040341,2.302585092994046,0.0,0.0,0.6935733815012578,0.3064266184320565,0.003363483674929539,0.0014413523577363006,0.0009644100794142967,0.001804280533990508,-0.8922599281644342,-0.00010061548052533553,0.0029944762970301043,02,Tribolium
73,0.3701496864838323,0.20574162679425836,2.302585092994046,0.5023923444976076,0.0008904408147515513,0.0004312203604491333,0.0007790595903456462,0.0,0.002338837057670568,-0.0001970460291989666,0.0023305217537517298,0.0,0.0009151157273625167,-0.0009021183578932425,0.00015368559730250404,0.0,-0.0011803483635565216,0.0031151115887297644,0.05048953573751197,0.057056360253148544,0.004831507956741964,6.826043734949103,2.302585092994046,0.0,0.0,0.5584143080041098,0.4415856916071688,0.05647325794700142,0.07359591743678817,0.009708934997529086,6.827769361038992,2.302585092994046,0.0,0.0,0.6207477855443317,0.3792522141511145,0.07616663299474853,0.1097501002630392,0.022263255602959307,6.721683719848784,2.302585092994046,0.0,0.0,0.7208972280449321,0.2791027717962623,0.00271390721349903,0.00098263197395241,0.0018108924242272572,0.0027012311110696688,-0.9998289131291203,-0.000923873916487073,0.0018369126023943727,02,Tribolium
74,0.7531302049809894,0.44019138755980863,2.302585092994046,0.5023923444976076,0.0019638943736363344,-0.001960515121665703,0.00011515888381086127,0.0023691364079652896,0.003279875907319649,-0.0013892057570700116,0.0029711434384659765,0.0,0.0006646515362300952,-0.00026765073874504926,0.0006083787855129853,0.0,0.0004833398732308335,0.00157942427197686,0.043455383895885526,0.04690650774958948,0.0042559562185133905,7.2178099985517825,2.302585092994046,0.0,0.0,0.5626934851767894,0.4373065142986848,0.05248047310658609,0.0720544708576829,0.012149951716551251,6.870103724857568,2.302585092994046,0.0,0.0,0.664303640379118,0.33569635927627084,0.06903438403546562,0.09585491944651515,0.019452293674741203,6.992424065642478,2.302585092994046,0.0,0.0,0.5897093574796657,0.41029064232593815,0.0022244026138553467,0.0015222585295576222,0.0006882885751528612,0.001275819000747573,0.9997987870620015,-0.0007320796930977438,0.0014840950818735465,02,Tribolium
77,0.7067314511816752,0.40669856459330145,2.302585092994046,0.5023923444976076,0.0008904408147515513,0.0001965772535577917,0.0008684712015715214,0.0,0.0001415681108921962,0.00013925379402559903,2.5493349545738415e-05,0.0,0.000451566172231215,-0.0001562217680766072,0.000423682389393954,0.0,0.0001427114304077013,0.0018486687135195958,0.048486296169441334,0.0529755005618006,0.003474329474642348,6.974463740018227,2.302585092994046,0.0,0.0,0.6716347206795691,0.32836527889723854,0.055855426255913276,0.0712712468264008,0.009813763389774528,6.891962518665809,2.302585092994046,0.0,0.0,0.665752267877675,0.334247731811393,0.07897727264717735,0.11616018593386553,0.026394176777868573,6.608155347393239,2.302585092994046,0.0,0.0,0.5432603980243568,0.45673960183142753,0.0023111788614741434,0.0014860679349446846,0.0005032853282035939,0.0007491867136800196,0.5410072310132286,-0.0003164762465541589,0.0018459778771295478,02,Tribolium
78,0.6668592320036814,0.37799043062200954,2.302585092994046,0.5023923444976076,0.001744543142096585,0.0011247203386814295,0.0013335797442944894,0.0023691364079652896,0.0024073925556093675,0.001034693692983625,0.002173694522812097,0.0,0.0009716664581466683,0.00039708739526439263,0.0008868242815853833,0.0,0.0006829834234303172,0.0014302295079272765,0.049043780740177456,0.0646648393878951,0.012340047514069813,6.575687620178041,2.302585092994046,0.0,0.0,0.6345600622889808,0.365439937320023,0.05755584265811513,0.07529233289480505,0.014488714562092405,6.7821918525508975,2.302585092994046,0.0,0.0,0.7791923475302077,0.22080765218591086,0.07650541944315847,0.10992895050433255,0.022437136297063395,6.718427145675334,2.302585092994046,0.0,0.0,0.6298463752277701,0.37015362461491075,0.002011221030935877,0.0014889501568063489,0.0012211045750130278,0.0028528180126574276,-0.845912516209412,-0.00010552149186561582,0.0018242769534324728,02,Tribolium
79,0.8630497134669708,0.507177033492823,2.302585092994046,0.5023923444976076,0.003347394381829624,0.003209465327798388,0.0009509897250572773,0.0033504648392563906,0.004875734954453191,0.004754341016496697,0.0010812182226238186,0.0,0.0004983672216973248,0.00014565699573792078,0.0004766066798261579,0.0,-0.0002632832024435687,0.0023479829808391484,0.07159802449123681,0.07963964007382089,0.007743181013858738,6.1590989269326935,2.302585092994046,0.0,0.0,0.6121486943768056,0.38785130543037616,0.08865755306371123,0.11666643797554072,0.021791217365765524,5.906310659117549,2.302585092994046,0.0,0.0,0.6947578245481337,0.30524217533189046,0.11721477704195493,0.16499125885876922,0.033958175804333045,5.906310659154184,2.302585092994046,0.0,0.0,0.5682887713643261,0.43171122856852584,0.00217715741092303,0.0009348365873154053,0.0008213789598714543,0.0034495146785365255,-0.0035350282696117704,-0.00018514285126705246,0.0017367857803170567,02,Tribolium
80,0.7975521623691589,0.46411483253588515,2.302585092994046,0.5023923444976076,0.001744543142096585,0.000840291663533598,0.0015288363858935868,0.0023691364079652896,0.0024073925556093675,0.0005866990546414065,0.0023348068734022264,0.0,0.002585705102430362,0.0014127758253734085,0.0021656258550301097,0.0,0.00029022511412093744,0.0023743953187823994,0.07265457952671057,0.08322382010170283,0.009234984326479763,6.071055634187034,2.302585092994046,0.0,0.0,0.6599974190103217,0.3400025808032492,0.08155332973050886,0.1043496344024288,0.014340844864411615,6.1294542104133924,2.302585092994046,0.0,0.0,0.5799959708830615,0.42000402897109357,0.10268419865345566,0.13753239860800912,0.023965920933435168,6.270376619723173,2.302585092994046,0.0,0.0,0.597311863617715,0.40268813629234407,0.0019844018223000486,0.0010698733686489471,0.0005054357748338152,0.0013814320427172192,0.7885083575988564,-1.0003689404109892e-05,0.0015989082361953172,02,Tribolium
81,0.5702102343456631,0.3253588516746411,2.302585092994046,0.5023923444976076,0.0019638943736363344,-0.0019079117653845023,0.0004655682617058877,0.0023691364079652896,0.0001415681108921962,0.00014063891451555395,1.6193385855708867e-05,0.0,0.0019190469246551675,0.00028194903041299193,0.0018982217581930804,0.0,-0.0020205878068781393,0.003463947857384019,0.05312989735247297,0.05695790226735863,0.0028177707749909146,6.829497969816127,2.302585092994046,0.0,0.0,0.6123094828162498,0.38769051683048394,0.05611759736807749,0.06414193452981996,0.004813934216638542,7.102751760432891,2.302585092994046,0.0,0.0,0.5870747202158318,0.41292527946894525,0.07796669112665428,0.11460353017136601,0.023088570704720413,6.635138434694564,2.302585092994046,0.0,0.0,0.6526990082565928,0.3473009915921644,0.003381360864099619,0.001828249115959941,0.0011176897973791031,0.0030798773303548762,-0.997604438574825,0.0010124809760555756,0.0023529492515183704,02,Tribolium
82,0.7294727627414442,0.41626794258373206,2.302585092994046,0.5023923444976076,0.0008904408147515513,0.0004480418900111259,0.0007695084855741779,0.0,0.002338837057670568,-0.00014637429300863914,0.002334252203314659,0.0,0.001078982025194731,0.0009187476967325768,0.0005657781194442821,0.0,-0.00041675558092301406,0.0018486687135195958,0.08046337783490223,0.0854532756699837,0.0053867963558298275,6.0181833601472965,2.302585092994046,0.0,0.0,0.6555623374725448,0.3444376623736889,0.09141627280407713,0.10921179219313577,0.01407501271983754,6.038370381120245,2.302585092994046,0.0,0.0,0.5728312648688824,0.42716873501422736,0.12136883431991134,0.15936735274499822,0.03231719399037978,5.975671786949049,2.302585092994046,0.0,0.0,0.5751665067718899,0.4248334931647178,0.00211499985352012,0.0011054657344969489,0.0008023417494715084,0.0016752324196281955,-0.9586324053940509,-0.0005392647217454103,0.00187514671940428,02,Tribolium
84,0.632071199022252,0.36363636363636365,2.302585092994046,0.5023923444976076,0.0008904408147515513,0.00033519437073967293,0.0008249421667000913,0.0,0.0001415681108921962,0.0001415458928911355,2.5080325429237e-06,0.0,0.0009716664581466683,0.0002838956538206134,0.0009292679719160978,0.0,6.408912903803544e-05,0.001456157229241811,0.05481358860046306,0.05695790226735863,0.001983740914586346,6.829497969816127,2.302585092994046,0.0,0.0,0.6526218737882122,0.34737812587939226,0.05645567478194905,0.059228410199132275,0.002538532989121984,7.262145812541139,2.302585092994046,0.0,0.0,0.6619151939368698,0.3380848057500125,0.07164628160275385,0.10065345106742114,0.017941509589951096,6.894728772256762,2.302585092994046,0.0,0.0,0.6753417216424363,0.32465827817424836,0.002720157313865177,0.001445480240618193,0.0004770082399076858,0.0005297550056180063,0.8708481571872277,-0.0001166999789606128,0.002348928913172469,02,Tribolium
85,0.5750804283326765,0.33014354066985646,2.302585092994046,0.5023923444976076,0.002992407595472868,0.002583597765804996,0.0015098098562306263,0.0023691364079652896,0.004875734954453191,0.004682601470152973,0.0013586886390184747,0.0,0.0019800481700549687,0.0017193982413876861,0.0009819676385965893,0.0,0.0006472509078013011,0.0017445311283292577,0.04467646600477845,0.05025697258884577,0.004962259602305884,7.079824255636464,2.302585092994046,0.0,0.0,0.5472131433735614,0.4527868561315386,0.0498843666594028,0.059228410199132275,0.007509780401098537,7.262145812541139,2.302585092994046,0.0,0.0,0.627146736449963,0.372853263157086,0.07346135361277753,0.10472547685446085,0.02439469899372677,6.81541081042854,2.302585092994046,0.0,0.0,0.65214695889921,0.3478530409338915,0.003180848948858536,0.0014164914372900594,0.0006272804233498468,0.0035219744712587215,-0.8141161646086063,-0.000341608757115941,0.002209984905174192,02,Tribolium
87,0.23381064091795695,0.10047846889952153,2.302585092994046,0.5023923444976076,0.0024713209101331355,-0.0009691204684297645,0.002273374707022963,0.0033504648392563906,0.002338837057670568,-0.00085190313546565,0.002178168916800741,0.0,0.0009716664581466683,0.00043604594507595784,0.0008683315263596652,0.0,0.0005493074293984103,0.0027583459072919743,0.0559010557096896,0.05941763882884324,0.0035540487009568206,6.744940581813055,2.302585092994046,0.0,0.0,0.6746488191051454,0.3253511805761355,0.06854565802013474,0.09227474575284565,0.016014963886395277,6.375407483096626,2.302585092994046,0.0,0.0,0.7131076611737639,0.28689233862441904,0.09091812814228108,0.12367255130288488,0.02561274077983756,6.482820935959722,2.302585092994046,0.0,0.0,0.6035405137582853,0.39645948612963355,0.002814247016599527,0.0009161271016208631,0.0017093728453544124,0.0014214818447791737,0.829556533147528,-0.00011506158033190023,0.0021468526762544477,02,Tribolium
88,0.3153344439164044,0.1674641148325359,2.302585092994046,0.5023923444976076,0.0024713209101331355,-0.0010866016460310335,0.0022196224687328963,0.0033504648392563906,0.0022320592690683806,-0.0020604621896057143,0.0008582448053086596,0.0,0.0010953394517227572,0.0008302225826184266,0.0007144921117903962,0.0,-0.00044428440950588236,0.0036051029348742863,0.05493157928992356,0.07298324565439519,0.013274372359433816,6.333663039999079,2.302585092994046,0.0,0.0,0.7355804685024818,0.2644195311844006,0.06808522806625476,0.09288102524274394,0.019378237640645914,6.362309718908091,2.302585092994046,0.0,0.0,0.7006054326885295,0.29939456711191403,0.09192595001031872,0.12616624571665103,0.028444119774683353,6.442894755407608,2.302585092994046,0.0,0.0,0.5257500086187947,0.4742499912732074,0.0021635453927346545,0.0009770860655344002,0.001468225223787518,0.0010051394517769173,0.9994344203296509,-0.0008741692592712225,0.0015103560818660487,02,Tribolium
89,0.5374127784560566,0.32057416267942584,2.302585092994046,0.5023923444976076,0.002992407595472868,0.0026894055575529606,0.001312097924869543,0.0023691364079652896,0.00250671281133329,0.002456350619561088,0.0004999507498587278,0.0,0.0010412386984392553,-0.0007880062912219605,0.0006806056950408844,0.0,-0.0010863491199981407,0.002010278903553834,0.04621764202732701,0.047971356047272026,0.002480126151529993,7.172914678663844,2.302585092994046,0.0,0.0,0.9236539346383787,0.07634606489481621,0.05035497068657722,0.05695790226735863,0.0054249306158493,7.340323593581984,2.302585092994046,0.0,0.0,0.6614958218396089,0.3385041777705357,0.06633103809862191,0.09873928455307222,0.019102500315988525,6.933129876778774,2.302585092994046,0.0,0.0,0.6048370095993374,0.3951629901907862,0.0035247966930787565,0.0017218314810047183,0.0007176043336819722,0.002648775028090031,0.5712700071321769,0.0006872517501702889,0.0025440088789087387,02,Tribolium
91,0.41333973235728366,0.23923444976076555,2.302585092994046,0.5023923444976076,0.0024713209101331355,-0.0015039841139130269,0.001960984147299135,0.0033504648392563906,0.0046010596899344735,-0.004520214152307873,0.0008587282967362466,0.0,0.000451566172231215,-4.844433220887074e-05,0.00044896008127715307,0.0,-0.0008182755568647596,0.0026850212623606615,0.047173727283469864,0.05323971916127161,0.0044454900746129225,6.964513409168586,2.302585092994046,0.0,0.0,0.7992885077947549,0.20071149175983524,0.059945596686910275,0.08103693333209003,0.01606343115661222,6.635138434618526,2.302585092994046,0.0,0.0,0.8596229617573563,0.14037703798300513,0.07631735316389912,0.10120955171411779,0.020409362181622624,6.883709377008232,2.302585092994046,0.0,0.0,0.6954057315056895,0.30459426833407666,0.0025106314054753032,0.0010528005631121541,0.0014804554274512145,0.001441089417153658,0.8503662294214683,-0.00026897794983618404,0.0016050100611938885,02,Tribolium
92,0.47300801882696725,0.27751196172248804,2.302585092994046,0.5023923444976076,0.0040644300146257155,0.0005839375137828805,0.004022264079319937,0.004738272815930579,0.004774583850209206,0.00019188913562818503,0.004770726307629315,0.0,0.0007099314729432197,0.0005123182688752833,0.0004914597518128645,0.0,-0.0009277323744768467,0.00197901294046505,0.05982273026916903,0.06569816457658005,0.00457398849417543,6.543980869059419,2.302585092994046,0.0,0.0,0.6858484251198954,0.31415157460230214,0.06323561677306569,0.06886815073034076,0.0054890677988685575,6.9605608349945856,2.302585092994046,0.0,0.0,0.6974199565522635,0.30258004319952797,0.07954028472312424,0.11285149448745196,0.018475881624046477,6.665950158264086,2.302585092994046,0.0,0.0,0.6393866703663533,0.3606133294836769,0.0031082866107057156,0.0017003586533805134,0.0007729072478531948,0.003325241407703649,0.9644893442166884,0.00030230059595158585,0.0024514722952396163,02,Tribolium
93,0.1982867872495898,0.07655502392344497,2.302585092994046,0.5023923444976076,0.0024713209101331355,-0.0024671314118308945,0.00014383892942651584,0.0033504648392563906,0.0001415681108921962,7.172906646030811e-05,0.00012205110014382444,0.0,0.003839484169654344,-0.003030352842553887,0.002357668411514199,0.0,-0.003360484092550852,0.003531700037453375,0.08478157779960904,0.094409417027329,0.0073808159303179275,5.818841196877471,2.302585092994046,0.0,0.0,0.8574462789494527,0.14255372091247134,0.09269963758928228,0.11435838864964719,0.012845300005696994,5.946273915926391,2.302585092994046,0.0,0.0,0.6300925743775477,0.3699074255082739,0.11748306449167412,0.15636300292570912,0.027366631754198283,6.0137351590286965,2.302585092994046,0.0,0.0,0.5525365478360623,0.4474634520952149,0.003426559469599161,0.002146498771137464,0.0013870299066564395,0.0029304598954611907,-0.08114779792202038,-1.367280197326706e-05,0.0025813794208211305,02,Tribolium
94,0.19413218185666437,0.07177033492822966,2.302585092994046,0.5023923444976076,0.001744543142096585,0.0009133306641534017,0.0014863572493022436,0.0023691364079652896,0.0001415681108921962,0.00014156419794758825,1.052559281567102e-06,0.0,0.0010953394517227572,0.0007209570077428983,0.0008246147630783218,0.0,-6.137522718819893e-05,0.0031030763411993567,0.04702042677035173,0.047619052459040564,0.0007249484363600531,7.1876569603945955,2.302585092994046,0.0,0.0,0.6478291737184451,0.35217082582936204,0.05534928391824097,0.07843237100982706,0.012215878169270904,6.700474994892083,2.302585092994046,0.0,0.0,0.7572093429269937,0.24279065676174838,0.07708128011651802,0.10721487485620451,0.023754604178673165,6.7684256568760555,2.302585092994046,0.0,0.0,0.6174280443979131,0.3825719554483779,0.0032309555896662344,0.0014547517599728154,0.0019201929956792745,0.0003350464839256392,0.9878497479088411,0.0004754512334317629,0.002341369832734152,02,Tribolium
95,0.43944939166799396,0.24401913875598086,2.302585092994046,0.5023923444976076,0.0024713209101331355,-0.0019813607335578323,0.001477036453299795,0.0033504648392563906,0.00250671281133329,0.0024917374425006546,0.00027359392563202777,0.0,0.0010412386984392553,-0.000958132129598182,0.00040762832256741787,0.0,-0.0024877263836767544,0.003727575128976834,0.052734245041871776,0.059228410199132234,0.0057434138567482385,6.751320188775282,2.302585092994046,0.0,0.0,0.7632995510880957,0.23670044855652406,0.0698521193217506,0.0985401271706899,0.021516306211904465,6.244020774967795,2.302585092994046,0.0,0.0,0.6558839893090941,0.3441160105037195,0.0914325250469902,0.12135899804501717,0.027091765956855484,6.520589492990571,2.302585092994046,0.0,0.0,0.5131233230777996,0.48687667681223623,0.002950198601167557,0.001821411320503642,0.0007176043336819723,0.002648775028090031,-0.11097872393652243,0.0005198644314988211,0.002297383533098421,02,Tribolium
96,0.4102331788225137,0.23444976076555024,2.302585092994046,0.5023923444976076,0.0024713209101331355,-0.0021267666532222202,0.0012586860782590813,0.0033504648392563906,0.0032298925420121342,-0.0017183533390804947,0.002734861538545694,0.0,0.00171018544290997,-0.0011859463560068193,0.00123217916303406,0.0,-0.0034185778719258274,0.004249796073199954,0.06446315023285674,0.07359591743678816,0.00819782301153329,6.316943737273134,2.302585092994046,0.0,0.0,0.594461685039619,0.4055383147235656,0.08229486938491305,0.11285149448745196,0.02287097345691412,5.972802977704241,2.302585092994046,0.0,0.0,0.6440473273145982,0.35595267254833135,0.11184413292527515,0.1492743951875214,0.033865175898708196,6.106523269396335,2.302585092994046,0.0,0.0,0.5127749053826097,0.48722509454416213,0.0028479252600653463,0.0012757149973113063,0.001350580882702864,0.001275819000747573,0.9443248610055562,-0.0006739356311083756,0.0024797918925554257,02,Tribolium
97,0.19342649053168443,0.06698564593301436,2.302585092994046,0.5023923444976076,0.003347394381829624,0.002892355573959457,0.0016850306766614644,0.0033504648392563906,0.004875734954453191,0.004875123843759535,7.71936142690261e-05,0.0,0.0004416111773401789,-0.00044117692764584647,1.9579337699484906e-05,0.0,-0.00017876248237771685,0.0023743953187823994,0.053825106379875504,0.05769224159703953,0.0044324703705917986,6.803877439498575,2.302585092994046,0.0,0.0,0.5806254440116778,0.4193745556454793,0.05720570975081433,0.06254699594484162,0.0053814530809941094,7.153112051546464,2.302585092994046,0.0,0.0,0.5180603331706406,0.48193966652646253,0.07673222802390706,0.10434963440242881,0.020667237302288283,6.8226013909732375,2.302585092994046,0.0,0.0,0.6494107720713898,0.35058922777025625,0.003070670465692931,0.0015199334720223182,0.001897536364581712,0.0028528180126574285,0.5248213180173122,0.0002775487424511575,0.002208591967331216,02,Tribolium
98,0.11682074437583803,0.028708133971291867,2.302585092994046,0.5023923444976076,0.0019638943736363344,-0.0015862450015299255,0.0011578894186932433,0.0023691364079652896,0.002338837057670568,0.0007348778690497909,0.0022203858448283167,0.0,0.0015107342210417824,-0.0007987411709571788,0.0012823144811023057,0.0,-0.0009162364996781709,0.002390102625575534,0.0538051112935553,0.05851335287712945,0.004668925902091111,6.775612881337317,2.302585092994046,0.0,0.0,0.792534045345143,0.20746595431201426,0.06399453132364492,0.08542042797487424,0.013561130524016595,6.529777918975926,2.302585092994046,0.0,0.0,0.6450909737384688,0.3549090260278428,0.08788382081408389,0.12882962098795261,0.026933118965905285,6.4011141232097195,2.302585092994046,0.0,0.0,0.6793961464650706,0.3206038534165715,0.0032940313843358568,0.00215939381935642,0.0024090387637496742,0.004218127452195222,-0.8594464633023197,0.0005348488607931795,0.0019661695549935817,02,Tribolium
99,0.07112689064961612,0.009569377990430622,2.302585092994046,0.5023923444976076,0.0024713209101331355,-0.0023336972316458267,0.0008131938710233091,0.0033504648392563906,0.0001415681108921962,0.00011304730900664482,8.521640656552776e-05,0.0,0.0015107342210417824,-0.0009699717968339404,0.0011582195819331747,0.0,-0.0010479642593060005,0.002685021262360662,0.054657364960921294,0.05922841019913224,0.005162362455815991,6.751320188775282,2.302585092994046,0.0,0.0,0.8310059864602224,0.16899401320800117,0.06634056931916348,0.10101526472239655,0.01839519945622985,6.194405187727179,2.302585092994046,0.0,0.0,0.8411759993745156,0.15882400041448966,0.09196267492116708,0.13537287726247046,0.030186141164433435,6.30202960135735,2.302585092994046,0.0,0.0,0.6200918521274498,0.3799081477658076,0.0032432887306861773,0.00218395239061255,0.0022273312207869633,0.003316790971151406,0.006115875242261428,0.0003438273409578299,0.0019903581613870823,02,Tribolium
100,0.020670918973529826,0.004784688995215311,2.302585092994046,0.5023923444976076,0.0008904408147515513,0.0006868720325507623,0.0005666494996688792,0.0,0.004705942060176474,0.004694308626451349,0.0003306919916817635,0.0,0.000630320382705705,0.00046812667229185524,0.00042209146348063043,0.0,-0.003149679732081729,0.0031627946398632384,0.06436609520369552,0.06671548699065694,0.0017318953780803307,6.513248616937227,2.302585092994046,0.0,0.0,0.5649474686539117,0.4350525311048915,0.08121999067923935,0.10908323206358964,0.020749647662953462,6.040726094812506,2.302585092994046,0.0,0.0,0.7952340311840821,0.20476596867361438,0.1079619918190911,0.15542690469583728,0.03287538124447871,6.025744541239433,2.302585092994046,0.0,0.0,0.6941079051248192,0.3058920947966666,0.00314300486408284,0.0018470825464936614,0.0022697186820985595,0.0028528180126574285,-0.5428026786315904,-0.0012334863784322764,0.0016465455249163573,02,Tribolium
101,0.09645561953286008,0.023923444976076555,2.302585092994046,0.5023923444976076,0.001744543142096585,0.0009021131966768803,0.00149319206903119,0.0023691364079652896,0.003279875907319649,-0.0016250465731734469,0.0028490015097281233,0.0,0.00198453367510896,0.0009307844529044416,0.0017527162376930428,0.0,0.00041262402999467986,0.003174603497269371,0.054834848889772934,0.05730176508568305,0.002312129334433934,6.8174599912603355,2.302585092994046,0.0,0.0,0.6585250871021504,0.34147491256586704,0.07289435910237449,0.1022852523271806,0.022238377308629636,6.169417467221485,2.302585092994046,0.0,0.0,0.7778444895693505,0.22215551025847707,0.09729378791701293,0.1437384560347415,0.0315180150506744,6.182104909695027,2.302585092994046,0.0,0.0,0.7780868069241386,0.22191319298025416,0.0027080837472199465,0.0015636757899690744,0.001744543142096585,1.0842021724855044e-19,1.0000000000000002,0.0004455081662833645,0.001903684735967041,02,Tribolium
102,0.08089174496848714,0.014354066985645933,2.302585092994046,0.5023923444976076,0.001744543142096585,-0.0013424584128160226,0.0011141077975203794,0.0023691364079652896,0.002338837057670568,0.0022197377307473874,0.000736833216562309,0.0,0.0009716664581466683,-0.0008899458491726099,0.0003900411406861249,0.0,-0.0031385120722087186,0.0031469805675776335,0.05883867335198787,0.06259184858305096,0.003235322735722288,6.6408527357791245,2.302585092994046,0.0,0.0,0.5254661685945735,0.4745338311174459,0.06471268466101736,0.08152032793324168,0.009144113633302477,6.623243646968176,2.302585092994046,0.0,0.0,0.6846088439785012,0.3153911557873806,0.09222724559391604,0.139437314069476,0.030159898022026576,6.24286537338869,2.302585092994046,0.0,0.0,0.7047868865592819,0.29521311333450995,0.003155681383516528,0.0021955597532568117,0.001943631981132853,0.000473827281593058,0.9727381942801732,-0.0006766529912422567,0.002044174503312755,02,Tribolium
103,0.08356670965418664,0.019138755980861243,2.302585092994046,0.5023923444976076,0.001744543142096585,-0.0017443367643159948,2.683332427842245e-05,0.0023691364079652896,0.0001415681108921962,-7.315511509905008e-05,0.0001212017291808574,0.0,0.0004416111773401789,0.00010708503083155104,0.0004284311241303375,0.0,-0.0026366618095616185,0.0031030763411993567,0.060164314993587535,0.06379095003737867,0.00393489626870165,6.6029001836963275,2.302585092994046,0.0,0.0,0.7050590478330173,0.2949409518918968,0.06751629013163102,0.09071039372891855,0.012230018254163616,6.409604579994475,2.302585092994046,0.0,0.0,0.620874753171633,0.3791252466159636,0.09392825796699684,0.13710321554639707,0.030325435195928473,6.2766275702750445,2.302585092994046,0.0,0.0,0.5794318784395812,0.420568121457772,0.002902023384418229,0.0019920430250060708,0.0014164327008454102,0.0005297550056180063,0.9649975824829933,-0.00076327259063756,0.0020574415476754767,02,Tribolium
104,0.12257208494869842,0.03349282296650718,2.302585092994046,0.5023923444976076,0.0040644300146257155,-0.0031022340439792457,0.002625973206292587,0.004738272815930579,0.003279875907319649,4.1867142198531315e-05,0.003279608682422343,0.0,0.0009716664581466683,-0.0006760040371586379,0.0006979643598583771,0.0,-0.00131112330095585,0.0031469805675776335,0.06444706021448042,0.06637811194847394,0.0019482601782204927,6.523388120787377,2.302585092994046,0.0,0.0,0.6733257641193281,0.32667423564012643,0.07558103077309589,0.0943499465225128,0.013781725745044271,6.330927060255474,2.302585092994046,0.0,0.0,0.6778450140627458,0.3221549857678324,0.10014413458286153,0.13489522352540997,0.027190497443040917,6.3090989407718725,2.302585092994046,0.0,0.0,0.663204630834127,0.3367953690730067,0.0024754681050306146,0.0013612979013209396,0.0010906775226954934,0.003079877330354876,0.927538571081774,-0.0010525788279592604,0.002414662374464753,02,Tribolium
105,0.14595228421525952,0.0430622009569378,2.302585092994046,0.5023923444976076,0.007823370744795442,0.000731642417232542,0.007789083975913169,0.0074918671368001954,0.009613948185761412,0.002876321964479276,0.009173590991272677,0.0,0.001445311769022866,-0.0013672651272583008,0.00046852127108526113,0.0,-0.0026547342812385435,0.002703538869808464,0.07086353112553763,0.08542042797487424,0.0104146937778132,6.0189522952100685,2.302585092994046,0.0,0.0,0.7845520163461879,0.21544798345888438,0.07829395837851086,0.09071039372891855,0.012187795086434632,6.409604579994475,2.302585092994046,0.0,0.0,0.6752204148006185,0.3247795850401074,0.09880499983143134,0.13286187948382444,0.024321136294971995,6.339475473931258,2.302585092994046,0.0,0.0,0.6171805461424881,0.38281945376093024,0.0020628590900275633,0.0008266694820743014,0.0004097363009151938,0.008224009253432139,-0.9766459930395649,-0.0003254225154379026,0.0020790001545949693,02,Tribolium
106,0.29223886038883434,0.14832535885167464,2.302585092994046,0.5023923444976076,0.0024713209101331355,-0.0012476303952226172,0.002133271065237122,0.0033504648392563906,0.0024073925556093675,-0.0023803687854338585,0.00035969898823257654,0.0,0.0030320447383127285,-0.001958600739635473,0.002314557935725369,0.0,-0.0019769247107418644,0.002059317302541397,0.07857298520273476,0.09251773431244782,0.011460346938680624,5.8593221496384045,2.302585092994046,0.0,0.0,0.7683286822194655,0.23167131762193163,0.09233205412795227,0.1326081646511245,0.02273816994180909,5.650151171553544,2.302585092994046,0.0,0.0,0.6676008114487079,0.33239918844069993,0.12537914002239925,0.1801167019101221,0.03804475936064087,5.730885681425201,2.302585092994046,0.0,0.0,0.5839337314016055,0.41606626854014434,0.003178332379246254,0.0017840890656025542,0.0008099098949807517,0.003222373898411131,-0.9043784618159733,0.0005385444229160913,0.0020786479918188387,02,Tribolium
107,0.22925565433032408,0.09569377990430622,2.302585092994046,0.5023923444976076,0.0031253725463707424,0.003037420926490148,0.0007362252840861075,0.0023691364079652896,0.004705942060176474,0.004367469451785226,0.0017524557801727421,0.0,0.0004983672216973248,-0.0004428025790989642,0.00022868267010339022,0.0,-0.0027840822846299383,0.0029123144584836226,0.08713256556502207,0.0925177343124478,0.0038911273194359476,5.859322149638405,2.302585092994046,0.0,0.0,0.5722533772671703,0.42774662260137564,0.10773065764357952,0.1484259705348788,0.026151640685839677,5.424775832300702,2.302585092994046,0.0,0.0,0.7540670131370728,0.24593298678155878,0.13703926615217316,0.17590738117731394,0.03528529731234409,5.778180424500448,2.302585092994046,0.0,0.0,0.5591497221235878,0.4408502778264741,0.003000110136586421,0.0022589783119204713,0.0013870299066564397,0.004055308304712696,-0.5482971360882095,0.00011024006321376048,0.002101305634408813,02,Tribolium
108,0.2149242953494884,0.0861244019138756,2.302585092994046,0.5023923444976076,0.0008904408147515513,0.0007074630294899416,0.0005407225781122151,0.0,0.002338837057670568,0.002334239554994873,0.00014657585827978494,0.0,0.000451566172231215,0.0004502370597937263,3.462077254845487e-05,0.0,-0.003313641184786002,0.0034095084109060196,0.07751091327256296,0.08816880478702285,0.007952666699261552,5.955616420046669,2.302585092994046,0.0,0.0,0.6479289447873778,0.3520710550479097,0.0835136416885169,0.09251773431244782,0.00959145803469303,6.370147773404262,2.302585092994046,0.0,0.0,0.6841413244696991,0.31585867538878853,0.11152126168636574,0.15067782055619966,0.029946506644285182,6.087807813585811,2.302585092994046,0.0,0.0,0.6235629084760291,0.3764370914489734,0.0031764023252030217,0.0017242087122873431,0.0010522109220343259,0.001441089417153658,-0.09430039957307872,-0.00033546917263920265,0.0020976450986331116,02,Tribolium
109,0.14254951805418184,0.03827751196172249,2.302585092994046,0.5023923444976076,0.001744543142096585,-0.0017128704671934287,0.0003309162088094064,0.0023691364079652896,0.0024073925556093675,-0.0024022257659737497,0.00015763973514070807,0.0,0.0010993907815022293,-0.0006134675272643794,0.0009123144652170163,0.0,-0.0037235282984265663,0.003803757350209905,0.06631388555008856,0.07529233289480505,0.0063504517349549745,6.27136622878504,2.302585092994046,0.0,0.0,0.7217493858501413,0.2782506139245248,0.0717358747631471,0.08152032793324168,0.008329755896113978,6.623243646968176,2.302585092994046,0.0,0.0,0.5729834504369217,0.42701654937133904,0.09289197164987387,0.1407394650788478,0.026618562316490308,6.224274819396693,2.302585092994046,0.0,0.0,0.5919716591298698,0.4080283407630346,0.003040106324845645,0.0019545283187296747,0.0010522109220343259,0.0009768199651537302,0.8706563884317802,-0.00035114517953621513,0.002345511717612716,02,Tribolium
111,0.24755746967504752,0.11483253588516747,2.302585092994046,0.5023923444976076,0.00553102903260019,-0.005418511906470052,0.0011099598546382083,0.005297550056180062,0.005435833766117068,-0.0054293653503750955,0.0002651049320642462,0.0,0.0024456519545016328,-0.0016042778341820551,0.0018459431500752646,0.0,-0.0011803712967243991,0.0030174858347339698,0.0637071987937499,0.07193753087660178,0.0111716252483283,6.3625266150469155,2.302585092994046,0.0,0.0,0.7109367326523891,0.2890632671085714,0.07499386147191786,0.09667121695233392,0.016582558137222085,6.282317060041054,2.302585092994046,0.0,0.0,0.5602253475391713,0.43977465229131013,0.09641429550530685,0.13116117731406104,0.025177391668427303,6.3652417946940085,2.302585092994046,0.0,0.0,0.6307833860412532,0.36921661385803806,0.0023996763705609035,0.000988963405491614,0.000821378959871454,0.005764357668614632,-0.21580928748350992,-4.17708035316927e-05,0.0020574132303209773,02,Tribolium
112,0.3017938864862022,0.15789473684210525,2.302585092994046,0.5023923444976076,0.0019638943736363344,0.0018723855040158194,0.0005924977933730015,0.0023691364079652896,0.0051594444974872485,0.005049771785307624,0.0010581457550651963,0.0,0.001445311769022866,-0.0009298545290599491,0.0011064794008307187,0.0,-0.0018779620681349234,0.0030009061167560335,0.05865413884499774,0.0687049558309934,0.007638186447219543,6.45448017861195,2.302585092994046,0.0,0.0,0.8277006043347003,0.1722993953794751,0.06472720336179429,0.07640235344757741,0.0096416352230854,6.752921470255873,2.302585092994046,0.0,0.0,0.6516391760487854,0.34836082371770993,0.08726529676202227,0.12437402048929123,0.02482964349086271,6.471509010924254,2.302585092994046,0.0,0.0,0.632008993818003,0.36799100606051605,0.0025510501494015476,0.0013330062175040396,0.00038235039861808174,0.0021842358438627163,-0.5112648698818631,-0.00017691398054440842,0.0025606085130010126,02,Tribolium
113,0.21160615754214515,0.08133971291866028,2.302585092994046,0.5023923444976076,0.001744543142096585,-0.0014278448087468463,0.0010023422453288632,0.0023691364079652896,0.0022320592690683806,0.001762401757045819,0.0013696819438818208,0.0,0.0021547694312427554,-0.001937335488127468,0.0009432722344371923,0.0,-0.0009499002677072004,0.00157942427197686,0.06266443166875808,0.07170307876726602,0.010518954423267977,6.369055473928113,2.302585092994046,0.0,0.0,0.7846192925197706,0.21538070723255,0.07069993092012095,0.09021402669952538,0.013620154486034132,6.420578627025112,2.302585092994046,0.0,0.0,0.6024671732375013,0.397532826569597,0.09144120384774275,0.12802108175248442,0.024879669414006284,6.4137057477991055,2.302585092994046,0.0,0.0,0.5214508886181649,0.4785491112704825,0.003047497988557051,0.0011866098544085163,0.000505435774833815,0.0013814320427172194,0.7885083575988563,-0.00027678389492778423,0.002820113140954732,02,Tribolium
114,0.3183158247707186,0.1722488038277512,2.302585092994046,0.5023923444976076,0.0019638943736363344,0.0019557881624686665,0.0001782519967570821,0.0023691364079652896,0.0032298925420121342,0.0030369677312826002,0.0010995602903405629,0.0,0.0005072094869125408,-0.00046429653883037827,0.00020418175149658678,0.0,-0.0011231912840634405,0.0025270788351629755,0.06735697605538171,0.06935543145890956,0.0023811413148271438,6.435633919991073,2.302585092994046,0.0,0.0,0.6392567399447027,0.3607432598351605,0.06939834093942843,0.0729832456543952,0.003124421258582803,6.8444886637649365,2.302585092994046,0.0,0.0,0.639470822118563,0.3605291776742213,0.09393473352424879,0.13288300052035945,0.026095857001614493,6.339157559447593,2.302585092994046,0.0,0.0,0.7291236579911861,0.2708763419036031,0.0023326197741054397,0.0013655751629253865,0.0005882426879346076,0.002551638001495146,-0.9988975987555787,-0.0004028038558131379,0.002288124531316935,02,Tribolium
115,0.3847058257991859,0.21052631578947367,2.302585092994046,0.5023923444976076,0.0008904408147515513,-0.0002163366228150134,0.0008637611418699044,0.0,0.005330052369556876,-0.0004596592578922249,0.005310195065047312,0.0,0.0005072094869125408,-0.00047523518669386584,0.00017723707552916055,0.0,-0.0011775350042236984,0.0030009061167560335,0.06744658911106083,0.06935543145890956,0.00258577357524815,6.435633919991073,2.302585092994046,0.0,0.0,0.7604512951637729,0.23954870461672323,0.0691079709913812,0.07348143058898556,0.0030931967444556047,6.830883011711695,2.302585092994046,0.0,0.0,0.536524900613217,0.46347509917781754,0.09274714630888417,0.12437402048929123,0.02557435047509237,6.471509010924254,2.302585092994046,0.0,0.0,0.622003098191827,0.3779969017001359,0.0020698120550345514,0.001011638407303581,0.0007325626175852871,0.0015892650168540185,-0.9169276096287791,-8.842298043065482e-05,0.0017002475818702044,02,Tribolium
116,0.5073464347526717,0.291866028708134,2.302585092994046,0.5023923444976076,0.0040644300146257155,-0.0021409170087815037,0.0034548611701920025,0.004738272815930579,0.004774583850209206,-0.0020802086138494305,0.0042976020133959816,0.0,0.0010993907815022293,-0.0010981588946734559,5.20301114899453e-05,0.0,-0.0004381715379834334,0.0014302295079272765,0.07387343706666083,0.08402923067593633,0.008982493227244127,6.051793401394735,2.302585092994046,0.0,0.0,0.6601486764664164,0.3398513233530119,0.08177025659304785,0.09434994652251276,0.01192336033455328,6.330927060255475,2.302585092994046,0.0,0.0,0.607853083707174,0.39214691614638186,0.10302212906254442,0.13260816465112446,0.023290700971662748,6.34329835211339,2.302585092994046,0.0,0.0,0.6763220326393748,0.3236779672709874,0.001537722423270179,0.0008703298547698239,0.00038376611076518463,0.0037980145880755845,0.7186711809987449,-0.00035616971700821727,0.0012563970916749424,02,Tribolium
117,0.9069666532362237,0.5311004784688995,2.302585092994046,0.5023923444976076,0.0008904408147515513,-0.00031652389021093934,0.0008322844895233479,0.0,0.00250671281133329,-0.00241487161244345,0.0006723125864634828,0.0,0.0024456519545016328,-0.0011594127729433537,0.0021533637650182234,0.0,-0.0006244827992417549,0.000920954695144813,0.07313561523022574,0.09242668846361449,0.01454657701295912,5.8612913002580544,2.302585092994046,0.0,0.0,0.5884618873134285,0.4115381125067289,0.08565168990661806,0.11076821204898551,0.019443003783507717,6.010068793744618,2.302585092994046,0.0,0.0,0.5963299776492178,0.4036700222211517,0.12072975157170554,0.18260801813016536,0.03910441314493213,5.7034118947367185,2.302585092994046,0.0,0.0,0.5564390559162578,0.44356094402164925,0.0018684455936434266,0.0010971080259698839,0.0007729072478531948,0.001441089417153658,-0.49872141991823,-0.0005511981303116979,0.0008689179552848667,02,Tribolium
118,1.0083041400041195,0.5933014354066986,2.302585092994046,0.5023923444976076,0.0024713209101331355,0.0011903166556251881,0.0021657731414445364,0.0033504648392563906,0.003279875907319649,0.0013265475569139826,0.0029996429031905504,0.0,0.0006778973495423701,-0.0003322076012327057,0.0005909170214165284,0.0,0.0004015929093851857,0.0004467286452341854,0.09256680440194905,0.10448401904845678,0.011124492123954272,5.616054582652598,2.302585092994046,0.0,0.0,0.6268244966465198,0.3731755032384367,0.10093059368984277,0.1161843431943812,0.013495017582292863,5.914592279948661,2.302585092994046,0.0,0.0,0.6601605503957264,0.3398394495078333,0.12638553407041675,0.16172718419946444,0.02809529920754841,5.946273915964524,2.302585092994046,0.0,0.0,0.559314279865033,0.44068572007531065,0.0013788033141811681,0.0006815107594894834,0.0005873200656031618,0.003033974951125429,-0.9482310944253047,-0.0004359280007280563,0.001039049600597134,02,Tribolium
120,0.2976180545788562,0.15311004784688995,2.302585092994046,0.5023923444976076,0.0031253725463707424,0.0019974420762950613,0.002403784246860357,0.0023691364079652896,0.00250671281133329,-0.0016494640178233728,0.0018875586275420486,0.0,0.0013341453614027427,-0.00014745902574882236,0.001325971221813529,0.0,-0.001034958286921068,0.0019978312364800524,0.05090009833038774,0.057056360253148565,0.005510082411829936,6.826043734949102,2.302585092994046,0.0,0.0,0.7653290800757236,0.23467091954276886,0.06950065632615833,0.1022852523271806,0.023382219363416834,6.169417467221485,2.302585092994046,0.0,0.0,0.5485335709194297,0.4514664288945955,0.09201857851292924,0.1257429052438466,0.028617667945691386,6.44961687518283,2.302585092994046,0.0,0.0,0.6044192063635015,0.39558079352881387,0.0026685766824382185,0.0012454740426247521,0.0005032853282035939,0.002701231111069669,0.8660774262442854,0.0004747468483122869,0.002536755018751765,02,Tribolium
121,0.8194577920962482,0.4784688995215311,2.302585092994046,0.5023923444976076,0.001744543142096585,-0.0010322742628365855,0.001406357216684797,0.0023691364079652896,0.0024073925556093675,-0.0008858255064125844,0.0022384932631107674,0.0,0.0014545105147544732,-0.0013879878023894344,0.0004348456024262762,0.0,-0.0007973179046542949,0.0012028536893270055,0.06272744290309043,0.06582618970204815,0.0030332353531600884,6.540087288541188,2.302585092994046,0.0,0.0,0.5821491631711517,0.4178508365752941,0.07262433085144286,0.09242668846361449,0.01273859246907106,6.372116924023912,2.302585092994046,0.0,0.0,0.6983387687083444,0.30166123110771575,0.09839292329408976,0.13871086291781912,0.029606134731009103,6.253312363352805,2.302585092994046,0.0,0.0,0.5870377725750309,0.41296222733025134,0.0019338507572671873,0.0011493514940804077,0.0005882426879346078,0.0014214818447791737,0.6669411072795229,-0.0005851110501058825,0.0007830548017443785,02,Tribolium
122,0.16419776788472606,0.05263157894736842,2.302585092994046,0.5023923444976076,0.001744543142096585,-0.0011153194816458678,0.0013414519106167832,0.0023691364079652896,0.0001415681108921962,-0.00014027656741099256,1.907916814157318e-05,0.0,0.0010665493344604393,4.9153935251467724e-05,0.0010654160565184386,0.0,-0.0003510566936923178,0.0026048532404099474,0.07357914706849739,0.08717649402600565,0.009702784802359784,5.978253385192942,2.302585092994046,0.0,0.0,0.7164586501296702,0.28354134968877676,0.09012179636450506,0.12932967877579024,0.023448861992307814,5.700218883003367,2.302585092994046,0.0,0.0,0.6625715390890139,0.3374284607956695,0.12099906450386082,0.1572399956836781,0.035429620360351986,6.002549104711723,2.302585092994046,0.0,0.0,0.6244266929030555,0.37557330703403574,0.002567564242380193,0.001385692027848853,0.0012233230911578093,0.0005297550056180062,0.997898445074326,-0.0010842828909047686,0.0024347858834372813,02,Tribolium
124,0.34952989218171104,0.20095693779904306,2.302585092994046,0.5023923444976076,0.0008904408147515513,-1.8103708705559088e-05,0.0008902567608878412,0.0,0.0022320592690683806,0.00178539002410696,0.0013395786809491342,0.0,0.0005072094869125408,-0.00042369202090276117,0.0002788306565595273,0.0,-0.0008235198703133797,0.0021072148051442564,0.05837398315709496,0.06401054087624221,0.005916072432829785,6.596027304410248,2.302585092994046,0.0,0.0,0.6541074749503623,0.3458925247591531,0.07143961078195389,0.09251773431244781,0.016671582687444213,6.370147773404262,2.302585092994046,0.0,0.0,0.758697864879147,0.24130213493503314,0.0930554040090685,0.1258990384014104,0.026181189641082014,6.4471350444462265,2.302585092994046,0.0,0.0,0.6488171544947714,0.35118284539821676,0.0025003074957518673,0.0013446822205811413,0.0005603871400073268,0.0003350464839256392,0.9966725709393509,7.923759858719182e-05,0.0026258861134693294,02,Tribolium
125,0.40806211125301717,0.22966507177033493,2.302585092994046,0.5023923444976076,0.0024713209101331355,0.0013869974302372675,0.0020454009800957088,0.0033504648392563906,0.003279875907319649,0.0016003567046682314,0.0028629433080728873,0.0,0.0010665493344604393,0.0001989178436464665,0.0010478354710149137,0.0,-0.00017845684086739268,0.002077408285213493,0.06881547923482628,0.0701600457471518,0.0012803106570623286,6.412564846221411,2.302585092994046,0.0,0.0,0.7858704080507823,0.21412959173812288,0.07162996197396469,0.07814559721229841,0.00386914695621186,6.707801034982962,2.302585092994046,0.0,0.0,0.5930795576051942,0.40692044220047324,0.10314767137551535,0.15750748665506764,0.03283069371935861,5.999149668010396,2.302585092994046,0.0,0.0,0.596287578988429,0.40371242092622706,0.0019844018223000486,0.0010698733686489471,0.0005054357748338151,0.002038008198331042,0.8844069975969414,2.0420899317689814e-05,0.0016414333371233992,02,Tribolium
126,0.33795289301011167,0.18181818181818182,2.302585092994046,0.5023923444976076,0.0024713209101331355,0.001372254882358413,0.002055320797030178,0.0033504648392563906,0.003279875907319649,0.0015797304075765505,0.0028743760726101784,0.0,0.0013800093871699072,-0.0011873606993355185,0.0007032783789869638,0.0,-0.0003086539284374529,0.0025467451149192464,0.07220824066351085,0.07348143058898556,0.0014625033034293166,6.3200573879458375,2.302585092994046,0.0,0.0,0.5416949174060862,0.4583050824022022,0.0913105724496637,0.12230344028927351,0.023469576693004802,5.811938125895805,2.302585092994046,0.0,0.0,0.6387604952629296,0.36123950462456467,0.11376051108067035,0.14827463124440513,0.02860669960924101,6.1199633094111325,2.302585092994046,0.0,0.0,0.5708219904632461,0.4291780094640784,0.0020803190704478157,0.0013917495000842041,0.0003010083958167184,0.0027012311110696688,-0.7384283078013308,-0.00024677552174500903,0.0023025906840586155,02,Tribolium
127,0.4479592817463182,0.2535885167464115,2.302585092994046,0.5023923444976076,0.0008904408147515513,-0.0002334868195003751,0.0008592838586258942,0.0,0.002338837057670568,0.0007458580185746705,0.002216721587944906,0.0,0.0010412386984392553,0.0006624354673432542,0.0008033413214401452,0.0,-0.0005907156582507971,0.00157942427197686,0.06651191174502351,0.07355777495304625,0.0050250238456684285,6.317980544001382,2.302585092994046,0.0,0.0,0.821099173078691,0.1789008266965436,0.07334551585920833,0.09005835095506105,0.010094698193403473,6.424032861892774,2.302585092994046,0.0,0.0,0.6036507706011421,0.39634922921642496,0.0945391548374053,0.13288300052035945,0.02398948370700728,6.339157559447593,2.302585092994046,0.0,0.0,0.5392339889277595,0.46076601096712283,0.00222790006457271,0.0009356547077867887,0.0010334903039274216,0.0019100588361894353,-0.9711026888506336,4.605781689159202e-05,0.0017522967130060346,02,Tribolium
128,0.4064712537246663,0.22009569377990432,2.302585092994046,0.5023923444976076,0.003347394381829624,-0.003342834584800095,0.00017465991574745453,0.0033504648392563906,0.00250671281133329,-0.002127510958424942,0.001325634278481147,0.0,0.0009807746213023846,-0.0008376661573567117,0.0005101316169480937,0.0,-0.0006352890446363715,0.0014302295079272765,0.06587942065468574,0.06971865703473798,0.003683677292869664,6.425186930028579,2.302585092994046,0.0,0.0,0.6807492201075848,0.31925077966272364,0.07687356597429044,0.09667121695233394,0.01392198023527795,6.282317060041054,2.302585092994046,0.0,0.0,0.5977604409217405,0.40223955891441543,0.09610849184143277,0.13470785450037576,0.023070520922515752,6.311878865341908,2.302585092994046,0.0,0.0,0.5929351963688347,0.4070648035288016,0.0019352017177343736,0.0010925952450840473,0.0004097363009151938,0.0037082850393260433,-0.8670652537620345,0.0004849965016683531,0.001606491589785134,02,Tribolium
129,0.3283282783929497,0.17703349282296652,2.302585092994046,0.5023923444976076,0.002992407595472868,-0.00041826449319112797,0.002963031898441068,0.0023691364079652896,0.0034254527249422055,0.001239669744354732,0.003193265616221966,0.0,0.0030088624052770708,-0.0023232942328985273,0.0019119510666515927,0.0,-0.0015847573923144355,0.001953639930307461,0.0772347529043606,0.10565923413776167,0.02013279045457531,5.593684559853199,2.302585092994046,0.0,0.0,0.8002477263962902,0.19975227344673718,0.09101773057026244,0.11314951831928394,0.0230000603258188,5.967528240200107,2.302585092994046,0.0,0.0,0.720033230990106,0.27996676889642824,0.12671538075938682,0.1838944373826156,0.04012585946753965,5.689371884734022,2.302585092994046,0.0,0.0,0.6394681010153973,0.3605318989279996,0.0025859559293802386,0.0009404624273532265,0.000914477371236668,0.0038201176723788696,-0.8774979353940021,0.0006450953244792655,0.0022016671218391603,02,Tribolium
130,0.2875423705680161,0.14354066985645933,2.302585092994046,0.5023923444976076,0.0024713209101331355,-0.00050607078900707,0.002418950060951038,0.0033504648392563906,0.003279875907319649,-0.000945419264703663,0.0031406636848511933,0.0,0.0020500971421389437,-0.001981922273492175,0.0005242922792125325,0.0,-0.0011796015900851651,0.0018486687135195958,0.05509982821530191,0.061597546607097535,0.0045954307767581675,6.6728787624902255,2.302585092994046,0.0,0.0,0.8758053591807167,0.12419464049217695,0.0688958205382757,0.09333315038043258,0.017428997059091164,6.352597761704643,2.302585092994046,0.0,0.0,0.6862214691336344,0.3137785306683617,0.09720169590090313,0.14387506175320358,0.03229130649188792,6.180205058397655,2.302585092994046,0.0,0.0,0.609658569304916,0.39034143059976323,0.002638064597914212,0.0009470799548348112,0.0006255489817920763,0.0025626128392462273,-0.022072763248953145,0.0005813192802413098,0.0022062230445645033,02,Tribolium
131,0.4591431867252603,0.2631578947368421,2.302585092994046,0.5023923444976076,0.0008904408147515513,0.00011932976354488676,0.0008824087783492002,0.0,0.0001415681108921962,-0.00012156370695854752,7.255201700905046e-05,0.0,0.0004983672216973248,-0.00037408470820283183,0.0003292878964540188,0.0,-0.0005555354429616346,0.0013494606895215705,0.08313684269744014,0.10555293709461687,0.019379376224374734,5.595697645585701,2.302585092994046,0.0,0.0,0.754120954039396,0.24587904582337874,0.10752167592919837,0.16229881315226105,0.03535195371559787,5.246070146730222,2.302585092994046,0.0,0.0,0.8121895229037305,0.1878104770182096,0.14153647189201152,0.18042805339905077,0.04241464929090634,5.72743144655722,2.302585092994046,0.0,0.0,0.588547944638541,0.4114520553156538,0.0022970448917156217,0.001137839399001093,6.41027971807113e-05,0.0008542042797487423,0.589780659857881,4.5132634110640306e-05,0.0019418646174009047,02,Tribolium
132,0.4042319207773044,0.215311004784689,2.302585092994046,0.5023923444976076,0.0035821711042094266,0.003506527098923522,0.0007322687514485182,0.0033504648392563906,0.0032298925420121342,0.003229221137759042,6.585344634720866e-05,0.0,0.0006646515362300952,-6.825275758902458e-05,0.0006611378265494415,0.0,-0.0016292312952023056,0.002211193980767604,0.08507814014504034,0.1040803445743964,0.01949770596400757,5.623796556805502,2.302585092994046,0.0,0.0,0.7736494786693764,0.2263505211993632,0.09560859568802944,0.11538448319407908,0.020019212616690662,5.928408702369875,2.302585092994046,0.0,0.0,0.7045920575300683,0.2954079423651294,0.11951214898309218,0.15681106104779086,0.029338740162319004,6.008012355267883,2.302585092994046,0.0,0.0,0.6129081308430694,0.38709186909089743,0.002135360332631506,0.0008146863969555694,0.0002443254828658755,0.0034168171189949696,0.6952603557997815,0.00019782584253297042,0.001653867878739904,02,Tribolium
133,0.47216070028475143,0.2727272727272727,2.302585092994046,0.5023923444976076,0.001744543142096585,-0.0013822187827041792,0.0010643786973516534,0.0023691364079652896,0.0001415681108921962,-0.00013268391585551272,4.936100176082719e-05,0.0,0.0007099314729432197,-0.0006990983816831886,0.00012354816471027067,0.0,-0.000405718072252,0.0009607262781024388,0.08231459456245449,0.09434994652251276,0.01139874821348072,5.820101436489618,2.302585092994046,0.0,0.0,0.7849667743228759,0.21503322553231452,0.09398147335561004,0.12010376684865037,0.017659794758552724,5.848236284604012,2.302585092994046,0.0,0.0,0.768768059912977,0.23123193997766625,0.11731675300447923,0.1631954985017938,0.029159639943897427,5.928197932040872,2.302585092994046,0.0,0.0,0.6654634231796132,0.3345365767519569,0.0019881414858191992,0.0012230395336747266,6.410279718071134e-05,0.001724757339268263,0.3252794506958528,-1.2640844112463568e-05,0.0017940923875936527,02,Tribolium
134,0.44920422961469286,0.2583732057416268,2.302585092994046,0.5023923444976076,0.0019638943736363344,0.0019004422070142536,0.0004951772698733685,0.0023691364079652896,0.0046010596899344735,0.0045667179686212705,0.0005611036137929697,0.0,0.001445311769022866,-0.00019812777817913247,0.0014316673821770918,0.0,0.0001509882375371072,0.001456157229241811,0.08542279170164803,0.12010376684865033,0.024536452316343674,5.337410660838156,2.302585092994046,0.0,0.0,0.8707754624070897,0.12922453746631346,0.10030786461043191,0.1228757571271915,0.026336166824551366,5.802600989900487,2.302585092994046,0.0,0.0,0.5764427098685948,0.4235572900384274,0.13446631440047702,0.19789026420841718,0.04177907211892985,5.5426703391576755,2.302585092994046,0.0,0.0,0.6501102189617187,0.34988978098784435,0.0020351444759497284,0.0010796856821822663,0.0007325626175852871,0.0021842358438627163,-0.13114739741911585,-6.1008252723364875e-05,0.001591334879921522,02,Tribolium
135,0.7615028116307132,0.4449760765550239,2.302585092994046,0.5023923444976076,0.001744543142096585,-0.0009844309003625216,0.0014402522616013005,0.0023691364079652896,0.0024073925556093675,-0.0008101011042889418,0.002266996938161417,0.0,0.0013800093871699072,-0.0012147138812323526,0.0006549015921636601,0.0,-0.0003566148281835954,0.0012635394175814878,0.0718138758134606,0.07640235344757738,0.005722156538959183,6.242095846490017,2.302585092994046,0.0,0.0,0.5702031076556363,0.42979689215168443,0.08884405481094103,0.11702670575425889,0.021388516890426274,5.900144144202337,2.302585092994046,0.0,0.0,0.616772390898518,0.383227608981732,0.11933388344665694,0.16611008633701765,0.03507142820596569,5.892794172400282,2.302585092994046,0.0,0.0,0.5603170207893395,0.43968297914602167,0.0015803613641891124,0.0008271488924988439,0.0008099098949807518,0.001910058836189435,0.018068947792804428,-0.0005967592944292833,0.0007820261268751043,02,Tribolium
136,0.8665984707733952,0.5167464114832536,2.302585092994046,0.5023923444976076,0.0008904408147515513,-0.0003543596048230958,0.0008168929642523713,0.0,0.00250671281133329,-0.0024431632417829053,0.0005608587099290615,0.0,0.0007099314729432197,-0.0006101148410219967,0.00036299115283989114,0.0,0.0002694359525980837,0.00035317000374533746,0.08385544767669205,0.11175194086006447,0.022249460902539948,5.481559644116332,2.302585092994046,0.0,0.0,0.7969218848779491,0.20307811498919182,0.09753420292164681,0.1197996173453023,0.024060482559249426,5.853307487201739,2.302585092994046,0.0,0.0,0.6843669519271347,0.31563304797377517,0.1376483481018147,0.19555064885617615,0.04546120971215399,5.566456812322629,2.302585092994046,0.0,0.0,0.6014437416392167,0.3985562583131955,0.0017436591483057985,0.001031154928854933,0.0009509613770446828,0.001724757339268263,-0.75437734973313,-0.00041958696944355495,0.0006635165476284075,02,Tribolium
137,0.5372940820864693,0.3157894736842105,2.302585092994046,0.5023923444976076,0.0024713209101331355,0.001281497364833114,0.0021130999845693655,0.0033504648392563906,0.003472622424808701,-0.003088122732348984,0.0015882709136774207,0.0,0.0009807746213023846,-0.000946417748148495,0.0002573175154947049,0.0,-0.0004379638416725948,0.0005694695198324949,0.06274109295763301,0.07540407027940058,0.008969635416442061,6.268400334372185,2.302585092994046,0.0,0.0,0.6317725305665025,0.36822746918454924,0.0796718790980531,0.10962217143967468,0.022057784867598174,6.030869173889705,2.302585092994046,0.0,0.0,0.5245558178173872,0.4754441820362888,0.11049303881544865,0.1694056782544261,0.03732781310922415,5.853503048007605,2.302585092994046,0.0,0.0,0.6222513073088511,0.37774869261763055,0.001558683332900108,0.000999484968117825,0.00024653507260848925,0.0023691364079652896,0.455792787135851,-0.00017408347518824417,0.0011013302090097606,02,Tribolium
138,0.4862063987538037,0.2822966507177033,2.302585092994046,0.5023923444976076,0.0008904408147515513,-0.000354094878895003,0.0008170077486264985,0.0,0.0001415681108921962,-0.00014156611956999315,7.508738106792395e-07,0.0,0.001536991239465134,-0.0015307985341817944,0.00013783293488654457,0.0,-6.807879355810354e-05,0.0016107030366104174,0.06775381849830653,0.07713349310591007,0.008249251731052688,6.2230476515225535,2.302585092994046,0.0,0.0,0.5928267013291821,0.40717329845616246,0.0748576155899924,0.09288102524274397,0.011757519979875702,6.36230971890809,2.302585092994046,0.0,0.0,0.6018047812642959,0.39819521856154577,0.10789063789641969,0.16686862231189858,0.03726419038658089,5.8836820307854865,2.302585092994046,0.0,0.0,0.5824875320153136,0.41751246790793456,0.0020351444759497284,0.0010796856821822663,0.0007325626175852871,0.0015892650168540187,-0.9169276096287791,-4.7657751443094985e-05,0.0015819756657204874,02,Tribolium
139,0.5929136532064304,0.3444976076555024,2.302585092994046,0.5023923444976076,0.0008904408147515513,-0.0003189504523391194,0.0008313575966622772,0.0,0.002338837057670568,0.000518512011988265,0.002280636769798514,0.0,0.000451566172231215,9.392227960761806e-05,0.0004416906307551245,0.0,-0.00017599506371919558,0.0006317697087907439,0.08307187976631701,0.10608335720409248,0.02076680252691082,5.585672498967217,2.302585092994046,0.0,0.0,0.7794087403574818,0.2205912595061335,0.09463480473096585,0.11482371006728165,0.021506845787592623,5.938152477827843,2.302585092994046,0.0,0.0,0.5612221191012873,0.4387778807925364,0.12721245520865748,0.18609411909462104,0.038955620938546404,5.665590526194139,2.302585092994046,0.0,0.0,0.8201446855425717,0.1798553144009328,0.0018021815751727694,0.0009680466499588441,0.0007325626175852871,0.0015892650168540185,-0.9169276096287791,-6.0816148387278175e-05,0.0011881974745716914,02,Tribolium
140,0.7059817006790932,0.4019138755980861,2.302585092994046,0.5023923444976076,0.001744543142096585,-0.0010818990543192439,0.0013685485782022322,0.0023691364079652896,0.0024073925556093675,-0.0009652972940475402,0.0022053888661430886,0.0,0.0019230968142410648,0.0010649244208345298,0.0016013236196516848,0.0,-0.0007527683063701637,0.0017445311283292577,0.07442688084349343,0.0752923328948051,0.0006929879515570098,6.271366228785039,2.302585092994046,0.0,0.0,0.8198866530603526,0.18011334675913673,0.08458494902852695,0.11669049043182672,0.01639772419190949,5.905898372985168,2.302585092994046,0.0,0.0,0.7351349867344358,0.2648650131308568,0.11024227152119674,0.14745852147612162,0.029094064732326293,6.131001799109518,2.302585092994046,0.0,0.0,0.6661479963923129,0.33385200353076283,0.0015803613641891124,0.0008271488924988441,0.0008099098949807518,0.001910058836189435,0.018068947792804366,-0.0005533223938410615,0.0007914556808606245,02,Tribolium
141,0.6394840822356057,0.3684210526315789,2.302585092994046,0.5023923444976076,0.0008904408147515513,-0.0002170259134608785,0.0008635882105852753,0.0,0.0001415681108921962,-0.0001398168448137009,2.2198646984143967e-05,0.0,4.0356597986747004e-05,-3.940304507671655e-05,8.720954061692787e-06,0.0,0.0,0.0,0.07456385508562892,0.08736943375450863,0.010083807039939826,5.973831859935646,2.302585092994046,0.0,0.0,0.5697595494140144,0.4302404504093523,0.08864213016783218,0.11061609266563235,0.0189367397843853,6.012817306697741,2.302585092994046,0.0,0.0,0.7393249517104369,0.26067504816784975,0.11080622354323758,0.1465229947730596,0.02665667350306541,6.143730896815232,2.302585092994046,0.0,0.0,0.6569614864228032,0.3430385135002062,0.0019310618483770587,0.0009827182173927833,0.0007729072478531948,0.001441089417153658,-0.49872141991823,-0.0005117393723864308,0.000989704416363137,02,Tribolium
142,0.8522631305612958,0.49282296650717705,2.302585092994046,0.5023923444976076,0.0008904408147515513,-0.00023818109260684983,0.0008579945289452688,0.0,0.0001415681108921962,-0.00014032010757035858,1.8756263834467607e-05,0.0,0.0027792017503416627,-0.0017167578931376786,0.0021855673646565188,0.0,2.251975559779732e-06,0.0008505460004983821,0.06360987812096959,0.07491867136800194,0.008014318381293616,6.281316559636445,2.302585092994046,0.0,0.0,0.8009740251855691,0.19902597457114818,0.07374814853286904,0.0972212298117885,0.014833843990714,6.270970267654534,2.302585092994046,0.0,0.0,0.5548516629010459,0.44514833692223915,0.0965760015368988,0.13338890209819917,0.026559512986925212,6.331557776194919,2.302585092994046,0.0,0.0,0.5600339112873334,0.43996608861298886,0.0020411961131556657,0.0010957671571043034,0.00038376611076518474,0.0009768199651537302,-0.020507916741237878,-0.00036122060827959557,0.0010906710871571932,02,Tribolium
143,0.7057407332734311,0.39712918660287083,2.302585092994046,0.5023923444976076,0.0008904408147515513,-0.00010152148794611521,0.0008846345189176224,0.0,0.0001415681108921962,-0.00013568093039603173,4.0400682524585575e-05,0.0,0.0009807746213023846,-0.0008557441361828313,0.00047918767845128886,0.0,-0.00026628460068514105,0.0008053515183052087,0.0762436952358832,0.11061609266563235,0.024732415609590754,5.501991682931884,2.302585092994046,0.0,0.0,0.6733994199896539,0.3266005798546989,0.09139680137985667,0.1157002396588651,0.026691404610151605,5.92294305916546,2.302585092994046,0.0,0.0,0.6687003849961028,0.3312996148935925,0.11134432663935805,0.15179121860878214,0.028557847190794565,6.073083621192519,2.302585092994046,0.0,0.0,0.5905955995258401,0.4094044003984774,0.0020473527796236934,0.0008025457065418734,0.0005379210783087521,0.000710740922389587,0.6024082208680862,-0.0004920606859005253,0.001065408392617032,02,Tribolium
144,0.58849018731545,0.3397129186602871,2.302585092994046,0.5023923444976076,0.0008904408147515513,-0.0001652439106378907,0.0008749738822230658,0.0,0.0034254527249422055,-0.0012030408630438545,0.00320724477591915,0.0,0.0007099314729432197,-0.0006752050622137972,0.00021931899196419747,0.0,-0.0007051646999076856,0.0009989156182400262,0.08427960064853958,0.10608335720409248,0.017701364902657186,5.585672498967217,2.302585092994046,0.0,0.0,0.589197488699831,0.4108025111653325,0.09501768649604056,0.11262745909490941,0.01902277315592383,5.976777370217437,2.302585092994046,0.0,0.0,0.7804911961488907,0.21950880374461545,0.11515361964115774,0.14621622030456569,0.02468708267234824,6.14792267659707,2.302585092994046,0.0,0.0,0.6016521307904547,0.3983478691374462,0.0017802464520187944,0.0009666179611650184,0.0009509613770446828,0.001724757339268263,-0.75437734973313,-0.0005155303637426527,0.000943708070641588,02,Tribolium
145,0.7410652887561309,0.42105263157894735,2.302585092994046,0.5023923444976076,0.0031253725463707424,0.0008831981063227709,0.002997985099795496,0.0023691364079652896,0.0032298925420121342,0.003035749740974224,0.0011029185568846587,0.0,0.001991242987557468,-0.001948708826063025,0.0004093684730421452,0.0,-0.0002101287842034455,0.00047382728159305797,0.07004489162456821,0.07713349310591006,0.0052317101586406385,6.223047651522554,2.302585092994046,0.0,0.0,0.6678505941291456,0.3321494056681649,0.08039825599413483,0.1089029929166418,0.015638022298991344,6.044033444862228,2.302585092994046,0.0,0.0,0.6593785681659189,0.3406214316850148,0.10414267159046875,0.1341023290320774,0.02651822570797332,6.320889334878592,2.302585092994046,0.0,0.0,0.649167283966041,0.3508327159473708,0.0017511818296581192,0.0007517903412994494,0.000810579199360656,0.0033252414077036495,-0.12478244983687956,-0.0007083054710994286,0.00090210672798652,02,Tribolium
146,0.7774737066266374,0.45454545454545453,2.302585092994046,0.5023923444976076,0.001744543142096585,-0.001119475708246847,0.001337985393523205,0.0023691364079652896,0.002338837057670568,0.0007457178536918974,0.002216768744145015,0.0,0.001536991239465134,-0.0015347682257237374,8.263512268630102e-05,0.0,-0.0006473410876039681,0.0009989156182400262,0.06951830809361152,0.074392392198887,0.003595621273670268,6.295415484013416,2.302585092994046,0.0,0.0,0.7087618043899777,0.2912381954036547,0.07197518981928278,0.07640235344757738,0.004126939347559339,6.752921470255874,2.302585092994046,0.0,0.0,0.5831499815873652,0.41685001822023315,0.09818985350840778,0.13865015351396973,0.02912950853512985,6.254187892374104,2.302585092994046,0.0,0.0,0.6691640091369266,0.3308359907677424,0.0019338507572671869,0.0011493514940804077,0.0005882426879346077,0.0014214818447791737,0.666941107279523,-0.0005411572962021521,0.0007918837346457393,02,Tribolium
147,1.1453542594504453,0.6650717703349283,2.302585092994046,0.5023923444976076,0.0008904408147515513,-0.00028437970318301287,0.0008438086447725859,0.0,0.0001415681108921962,-0.00014113103889451512,1.1115749283787594e-05,0.0,0.000451566172231215,0.00011206507098243383,0.00043743962757076936,0.0,0.0003487982867903139,0.0005694695198324949,0.07716995114050286,0.10520672998504448,0.02083373001624303,5.602268303543817,2.302585092994046,0.0,0.0,0.6669700774343736,0.3330299224091133,0.09576080448845796,0.12926456355200552,0.028133232207742803,5.701226101486979,2.302585092994046,0.0,0.0,0.5648637091997032,0.43513629069991133,0.12448564805635443,0.1819305492856182,0.03679801030942428,5.710845617091731,2.302585092994046,0.0,0.0,0.6102020235414375,0.38979797639921815,0.0018544333576799362,0.0007620026902568936,0.0003010083958167184,0.0007491867136800195,0.6010707256014945,-0.0002710618020623331,0.0015039141555793839,02,Tribolium
148,1.0041150149702536,0.583732057416268,2.302585092994046,0.5023923444976076,0.001744543142096585,-0.0012532217126119195,0.0012136169550868482,0.0023691364079652896,0.003279875907319649,0.0008443916070732556,0.0031693199241036134,0.0,0.000451566172231215,0.00018215445653377388,0.00041319700128199965,0.0,-0.0001481057665376826,0.00031588485439537194,0.06530233291395683,0.07221009624601574,0.005592302854918964,6.354963099791128,2.302585092994046,0.0,0.0,0.7178627849593314,0.28213721480787585,0.07060240685057087,0.08275037721875919,0.008243136294055854,6.5932913246892655,2.302585092994046,0.0,0.0,0.6548117973280894,0.34518820247399457,0.09515355032304366,0.1465229947730596,0.027050534607464375,6.143730896815232,2.302585092994046,0.0,0.0,0.6751493025053671,0.3248506973924453,0.0018396380631477214,0.0010801653550644517,0.00024653507260848925,0.001498373427360039,0.9987273026074507,-0.0001630102402928345,0.001272123313120682,02,Tribolium
149,1.1468746091096582,0.6698564593301436,2.302585092994046,0.5023923444976076,0.0019638943736363344,0.001956369592759081,0.00017175309990832163,0.0023691364079652896,0.003279875907319649,0.0009414277972572126,0.003141862452426478,0.0,0.0006778973495423701,-0.00025578535079555213,0.0006277887151223464,0.0,7.198789024687337e-05,0.0002233643226170927,0.07364209242394344,0.08179527079788693,0.008582046669225254,6.105683991021982,2.302585092994046,0.0,0.0,0.7827946795004236,0.21720532031765255,0.0771494708562869,0.08241053850480212,0.007914762802583433,6.601521823824574,2.302585092994046,0.0,0.0,0.5755178269479275,0.42448217288581264,0.09398891876891677,0.12321787126619956,0.020048880092514345,6.490187451776004,2.302585092994046,0.0,0.0,0.613319551969173,0.3866804479225535,0.001691851314436953,0.0009105595380237452,0.0012707245312087872,0.003116112427820239,-0.8492121696568268,-0.0010059643014391337,0.0009492443429910147,02,Tribolium
150,1.1386735909303687,0.6602870813397129,2.302585092994046,0.5023923444976076,0.0008904408147515513,-0.00023163591905368903,0.0008597846507001386,0.0,0.0001415681108921962,-0.0001401731031345777,1.9825013977503407e-05,0.0,0.0006778973495423701,-0.0003001460277898018,0.0006078298927484348,0.0,-6.361641898832407e-05,0.0009989156182400262,0.07163549205676377,0.08158915051023856,0.007878704470862877,6.110730259088852,2.302585092994046,0.0,0.0,0.6146099400302023,0.3853900597772574,0.07986000261547525,0.10198299840228284,0.013304749904560436,6.175336236181091,2.302585092994046,0.0,0.0,0.6001204825438102,0.399879517303626,0.10085152632173075,0.1424046096357914,0.0242982532776349,6.200750911925497,2.302585092994046,0.0,0.0,0.6485709449145336,0.35142905499254196,0.0018544333576799362,0.0007620026902568936,0.0003010083958167185,0.0007491867136800195,0.6010707256014945,-0.0002700767216072375,0.0015042387675943624,02,Tribolium
151,1.239591687786121,0.722488038277512,2.302585092994046,0.5023923444976076,0.002992407595472868,-0.002405076732637145,0.0017804800272879075,0.0023691364079652896,0.003472622424808701,-0.00324190845138302,0.0012446429601036648,0.0,0.0009807746213023846,-0.0009130010859878933,0.00035825671630237906,0.0,-0.0003059651067284729,0.00078971213598843,0.06120021097650086,0.06582618970204807,0.0038878117917477435,6.540087288541191,2.302585092994046,0.0,0.0,0.6132373717967052,0.3867626279373783,0.07370744870242263,0.10198299840228284,0.01673102793059489,6.175336236181091,2.302585092994046,0.0,0.0,0.7213180141238033,0.2786819857011485,0.0967484689323486,0.12926456355200552,0.026713298867207542,6.394373282046824,2.302585092994046,0.0,0.0,0.5966824738363726,0.4033175260643606,0.0015080837932236212,0.0006920862860598279,0.00047700823990768596,0.0028528180126574285,0.365513245527162,0.0001356025725751988,0.0013383267514716266,02,Tribolium
152,1.317293283803367,0.7799043062200957,2.302585092994046,0.5023923444976076,0.0019638943736363344,0.001963865363651123,1.0674467288456646e-05,0.0023691364079652896,0.002338837057670568,0.0007276424408380746,0.0022227674778582504,0.0,0.0019800481700549687,-0.001629063990519169,0.0011254960108911054,0.0,-0.00011573511943398037,0.00031588485439537194,0.078497896536052,0.0829536121803277,0.0037468956070056806,6.07755972215527,2.302585092994046,0.0,0.0,0.6679318628696819,0.3320681369683999,0.10034581123677122,0.13636433056213096,0.02699327487686833,5.594288060208931,2.302585092994046,0.0,0.0,0.64279273285926,0.3572072670481296,0.13290746263815661,0.18322172518074564,0.039397649612876326,5.6967015860481025,2.302585092994046,0.0,0.0,0.6080766350995719,0.3919233648483897,0.0015625661103924524,0.0009501550134949475,0.0007707994631800868,0.002132222767168761,-0.03149787803462586,1.53740991420327e-05,0.0014386070340038754,02,Tribolium
153,1.2004642539544712,0.6985645933014354,2.302585092994046,0.5023923444976076,0.001744543142096585,-0.0011821171729695956,0.0012829769148377521,0.0023691364079652896,0.0024073925556093675,-0.0011290169443430428,0.00212623132706432,0.0,0.0005072094869125408,-0.00047012084464548943,0.00019038869463257124,0.0,0.00020948763196708588,0.0002233643226170927,0.06656079971131172,0.08158915051023856,0.010858397966396136,6.110730259088852,2.302585092994046,0.0,0.0,0.6126201416232574,0.3873798581568774,0.07409483390110802,0.08804139315284575,0.012597018518641095,6.469334309024301,2.302585092994046,0.0,0.0,0.6900087331727722,0.3099912666501968,0.09468192263508643,0.13636433056213096,0.024600203372138803,6.287435240768776,2.302585092994046,0.0,0.0,0.6195693058327418,0.3804306940627631,0.0016109351154072749,0.0008172823375969341,0.0007160913201696329,0.0021322227671687604,-0.3962996318972023,-0.00028106132363370917,0.001383194660890256,02,Tribolium
154,1.102691851997539,0.6363636363636364,2.302585092994046,0.5023923444976076,0.0008904408147515513,-9.340125449666824e-05,0.0008855286840265848,0.0,0.0001415681108921962,-0.00013530456956304892,4.1643768764885085e-05,0.0,0.001078982025194731,-0.0006062566377779495,0.0008925553763456358,0.0,-0.00024216679414051315,0.0005694695198324949,0.07663823747150295,0.09067945039057024,0.01221158511967669,5.899461317223963,2.302585092994046,0.0,0.0,0.6975153936489946,0.30248460618496237,0.0902258761888626,0.11460353017136612,0.01930796230161117,5.9419912541347175,2.302585092994046,0.0,0.0,0.5775344485238194,0.42246555135872005,0.11987281181559414,0.16835877453732762,0.03417429164433795,5.865901120817763,2.302585092994046,0.0,0.0,0.5332017896907746,0.4667982102448644,0.0018671658136107847,0.0006722484428405766,0.0005882426879346077,0.0009476545631861158,0.22992296239655963,-0.0005861738490772001,0.0014429360905267342,02,Tribolium
155,1.1608825026986602,0.6794258373205742,2.302585092994046,0.5023923444976076,0.0008904408147515513,-0.00010747526645274956,0.0008839309428209407,0.0,0.0001415681108921962,-0.00013594986537544313,3.9486252366919444e-05,0.0,0.000630320382705705,0.0006077734566559284,0.0001670784553399113,0.0,7.952449554542973e-05,0.00015794242719768597,0.07068887917473497,0.08241053850480212,0.00888431841297314,6.090696200058717,2.302585092994046,0.0,0.0,0.6231872085010574,0.3768127913019311,0.08799942201856192,0.12066325947405895,0.02268890509434106,5.838941097617531,2.302585092994046,0.0,0.0,0.5908810903268115,0.4091189095521038,0.11890994569516133,0.16482107700960422,0.03637509724238431,5.9083746433749615,2.302585092994046,0.0,0.0,0.5682628642843724,0.43173713565095584,0.001549623779650175,0.0006436853439777666,0.0005882426879346077,0.0009476545631861158,0.22992296239655963,-0.0005822238510389999,0.001075338202585656,02,Tribolium
156,1.2928041706043538,0.7655502392344498,2.302585092994046,0.5023923444976076,0.0008904408147515513,-0.00019447676558882976,0.0008689439753065292,0.0,0.0001415681108921962,-0.00013919174550482187,2.5829982673359723e-05,0.0,0.001078982025194731,-0.0007047460832176678,0.0008170282546415879,0.0,0.00015608899840959691,0.0004467286452341854,0.06863414715895866,0.07298324565439519,0.003118461078986289,6.333663039999079,2.302585092994046,0.0,0.0,0.7354250821819723,0.26457491760617985,0.07441701909756335,0.09239631991064616,0.009520002556422578,6.372774170186177,2.302585092994046,0.0,0.0,0.5440002623146383,0.4559997375076951,0.10361744922682456,0.16271328196032941,0.033229543136222804,5.9341163598004165,2.302585092994046,0.0,0.0,0.6758547369813728,0.3241452629341733,0.0018801081443530622,0.0009654854884788279,0.0007707994631800868,0.00023691364079652907,0.9695389080872115,3.776815293194613e-05,0.0017123167248863937,02,Tribolium
157,1.219600773752637,0.7081339712918661,2.302585092994046,0.5023923444976076,0.002992407595472868,-0.0022158137147532974,0.002011137190485747,0.0023691364079652896,0.00250671281133329,-0.0022189060804191202,0.0011662182149072713,0.0,0.0006646515362300952,0.0001501460000345403,0.0006474703416270535,0.0,0.00013878875384916412,0.00015794242719768597,0.06866210182572406,0.08275037721875922,0.011537346366866229,6.082465700923407,2.302585092994046,0.0,0.0,0.6278794112904679,0.3721205885032442,0.08130301969037727,0.11354566664121833,0.019751260166498898,5.9605382597959435,2.302585092994046,0.0,0.0,0.6289368779660263,0.3710631218911225,0.10902845624760475,0.15488427448822065,0.03258131695401991,6.03273920720167,2.302585092994046,0.0,0.0,0.5840199397664754,0.415980060156297,0.0012933930814466648,0.0006838386054886963,0.000716091320169633,0.002380952622952028,0.8862910283113387,-0.00027173183041193755,0.001022396625512535,02,Tribolium
158,1.2677497244338742,0.7511961722488039,2.302585092994046,0.5023923444976076,0.0008904408147515513,-0.00015201452673554584,0.0008773690376556347,0.0,0.002338837057670568,0.0009501133060948493,0.002137157806039281,0.0,0.001487005473766908,0.00019186870990702914,0.0014745750835991225,0.0,0.0004209186704071402,0.00047382728159305797,0.06428479677667838,0.07127124682640079,0.0071328319913350376,6.381136894899953,2.302585092994046,0.0,0.0,0.7873332900402628,0.21266670972069782,0.07682193586266675,0.1032138958304529,0.01700931050255399,6.151341483298861,2.302585092994046,0.0,0.0,0.6339949048833098,0.36600509495516353,0.10562587189546932,0.16271328196032941,0.0331387792143903,5.9341163598004165,2.302585092994046,0.0,0.0,0.5331101984486367,0.46688980146976394,0.0018801081443530622,0.0009654854884788279,0.0007707994631800868,0.0002369136407965289,0.9695389080872117,4.593799430671173e-05,0.001711316906178538,02,Tribolium
159,1.5868012466299333,0.9186602870813397,2.302585092994046,0.5023923444976076,0.0024713209101331355,0.0004011089165526692,0.0024385525784619065,0.0033504648392563906,0.003279875907319649,0.0002518621388775908,0.003270191344618216,0.0,0.0018721403740086951,0.001138902031665237,0.0014858707017308783,0.0,0.0011349699472034095,0.0011389390396649899,0.07521178701197663,0.08740154896741267,0.00942501214363608,5.9730968360143715,2.302585092994046,0.0,0.0,0.6205097566822287,0.3794902431437262,0.09308109484144611,0.12128960377761916,0.02308800244557568,5.828586259171221,2.302585092994046,0.0,0.0,0.5371030889458697,0.4628969109454008,0.12656141690886255,0.18792494154472345,0.04007320117816521,5.646010378915963,2.302585092994046,0.0,0.0,0.6695005510694798,0.3304994488737784,0.003119357634213559,0.0027671067294627832,0.0018008323789589667,0.002882178834307316,0.11723230787000873,0.0017493713849406408,0.0032589728013557016,02,Tribolium
160,1.464707780380309,0.84688995215311,2.302585092994046,0.5023923444976076,0.0008904408147515513,-0.00016184075818760505,0.0008756097381623092,0.0,0.0001415681108921962,-0.0001381282710838448,3.101791013226147e-05,0.0,0.000451566172231215,0.0001729679726705173,0.00041712598616461494,0.0,0.001413462480575046,0.0014561572292418113,0.07202843874263803,0.08851824116015393,0.019584451609241087,5.947705555346802,2.302585092994046,0.0,0.0,0.9544394661307101,0.045560533689809675,0.08206861207660847,0.10198299840228262,0.019767728365080547,6.175336236181096,2.302585092994046,0.0,0.0,0.6345306529481165,0.3654693469115527,0.1142783792908307,0.1597894254843475,0.03621441546716361,5.970381935513278,2.302585092994046,0.0,0.0,0.7304101638328853,0.2695898360975302,0.0019596409026174624,0.0011398371259139194,0.0012211045750130285,0.0005297550056180064,0.9212275914538964,0.0003171423675920247,0.0016105085297061514,02,Tribolium
161,1.576436688853926,0.9043062200956937,2.302585092994046,0.5023923444976076,0.0008904408147515513,-9.560499516873998e-05,0.0008852934708186838,0.0,0.0024073925556093675,-0.001355633418048684,0.001989421260737163,0.0,0.0014659277769898634,0.0010980508496312065,0.0009711995567207741,0.0,0.001895346259536836,0.002211193980767604,0.0663840098227765,0.07043948942517449,0.00573531425563867,6.404614775957558,2.302585092994046,0.0,0.0,0.5920659662889105,0.40793403348585056,0.07021316621342844,0.07843237100982711,0.006646889262484927,6.700474994892082,2.302585092994046,0.0,0.0,0.6415372817854669,0.35846271801349033,0.08913147675123247,0.13710321554639707,0.023090344899715183,6.2766275702750445,2.302585092994046,0.0,0.0,0.6377542720630417,0.36224572781900016,0.002073985078988856,0.0014002030198739081,0.0012211045750130283,0.0005297550056180062,0.9212275914538964,0.00035553524794891534,0.0012277648800888075,02,Tribolium
162,1.5419763488391807,0.8947368421052632,2.302585092994046,0.5023923444976076,0.0008904408147515513,-0.00013236563533481653,0.0008805476609234829,0.0,0.0001415681108921962,-0.00013700956386516864,3.56357886269048e-05,0.0,0.0006778973495423701,-0.00022908165129164042,0.0006380175652425766,0.0,0.0017394446278616949,0.0019018786751049523,0.0641705879973627,0.06967839214137962,0.007111999628987718,6.426342331658897,2.302585092994046,0.0,0.0,0.5834612236516542,0.41653877610844814,0.0684791096057302,0.07640235344757733,0.007684174642918507,6.752921470255875,2.302585092994046,0.0,0.0,0.5817081606082534,0.4182918391811508,0.0901782800256169,0.12945981096914355,0.02409644400640326,6.391354664963646,2.302585092994046,0.0,0.0,0.5431819106582959,0.4568180892269299,0.0018612883391406821,0.0009598070367987597,0.0007160913201696327,0.00023691364079652917,0.9798236854092341,-0.00023969885871737005,0.0014294044232652117,02,Tribolium
163,1.5091133194846011,0.8755980861244019,2.302585092994046,0.5023923444976076,0.0019638943736363344,0.001939447599124929,0.0003089079491515206,0.0023691364079652896,0.005190881202370338,0.00276508399060782,0.004393126242438984,0.0,0.0023306991799751345,0.002142247733439759,0.0009181139995169338,0.0,0.0010004019072811547,0.0010113249837084763,0.06126543854800728,0.07043948942517446,0.006812972541662026,6.404614775957559,2.302585092994046,0.0,0.0,0.6136200508550483,0.3863799488817848,0.07250571670074023,0.09021402669952537,0.01475307782118115,6.420578627025112,2.302585092994046,0.0,0.0,0.680475168399848,0.31952483141749455,0.09366964704764133,0.12928627227053133,0.02477859448483832,6.39403742981867,2.302585092994046,0.0,0.0,0.569758496500538,0.43024150339294287,0.0021269248470736817,0.0014993116788371073,0.0014145170885436747,0.002648775028090031,-0.2084746626555538,-6.430278935601447e-05,0.0014883447389227615,02,Tribolium
164,1.5516443903476496,0.8995215311004785,2.302585092994046,0.5023923444976076,0.0008904408147515513,-0.0001715062493492853,0.0008737679617664792,0.0,0.0001415681108921962,-0.00013846258192951172,2.9489717309571148e-05,0.0,0.0013474086793395477,-0.00047481276377073873,0.0012609769976172987,0.0,0.002903984316216058,0.003038083246780055,0.07247501450022192,0.08851824116015393,0.01211993872082389,5.947705555346802,2.302585092994046,0.0,0.0,0.6542580470119261,0.3457419528028722,0.08826659670250035,0.11923607231208055,0.021986551731316542,5.862737812490593,2.302585092994046,0.0,0.0,0.6254398062631585,0.3745601936159866,0.1185591821262244,0.1783630900360008,0.03725481115272736,5.750453042280445,2.302585092994046,0.0,0.0,0.6062208532232083,0.39377914671204245,0.0020450511353519657,0.0010873093339178158,0.0009932200282831405,0.000335046483925639,0.942507824613003,0.00020693798398458053,0.0016761936683369423,02,Tribolium
165,1.533977329261815,0.8851674641148325,2.302585092994046,0.5023923444976076,0.001744543142096585,-0.0013632111263803643,0.0010886166448980119,0.0023691364079652896,0.003279875907319649,0.000538406348220366,0.003235383218663888,0.0,0.0006778973495423701,-0.00017471753176180816,0.0006549951149524948,0.0,0.0014473457825207006,0.001498373427360039,0.06379168963293698,0.07843237100982711,0.010412488429330988,6.189649371126225,2.302585092994046,0.0,0.0,0.6307721119720031,0.3692278877886363,0.07702000800880185,0.10520672998504439,0.01885166108543984,6.113093927309676,2.302585092994046,0.0,0.0,0.7258109749036511,0.2741890249373023,0.1064039332029981,0.14711554990609244,0.03277328125395377,6.135658987345808,2.302585092994046,0.0,0.0,0.6032453877829191,0.39675461213640884,0.003288178159179913,0.002759286325307447,0.002407687721145841,0.00413751886093796,-0.9854821823985679,0.0020522643958073286,0.0030059059832384383,02,Tribolium
166,1.6659846483397547,0.9617224880382775,2.302585092994046,0.5023923444976076,0.0035821711042094266,0.0032719864836832425,0.0014580995406443112,0.0033504648392563906,0.005330052369556876,0.0006667390025646511,0.005288186585652776,0.0,0.001487005473766908,0.00039276683545283697,0.0014341964621282228,0.0,0.0020640545965408576,0.0025270788351629755,0.0716772374126989,0.08614018386583994,0.010504688508458733,6.002170818250345,2.302585092994046,0.0,0.0,0.7581735993596461,0.241826400449804,0.07824506467969906,0.08930733005233014,0.011467334856392062,6.440781334340123,2.302585092994046,0.0,0.0,0.6560498880256845,0.34395011181441243,0.10262689590262611,0.1493307854414453,0.0279545336466518,6.105767887263005,2.302585092994046,0.0,0.0,0.5733511715819768,0.4266488283296349,0.003564003719830261,0.0031381279962638888,0.0021421919646357054,0.001498373427360039,0.9888200576868711,0.0020466845844645237,0.003491723352240381,02,Tribolium
167,1.7307570191332933,0.9856459330143541,2.302585092994046,0.5023923444976076,0.0008904408147515513,1.755644350073973e-05,0.0008902677214563111,0.0,0.0001415681108921962,-0.0001290683293982799,5.816267160234544e-05,0.0,0.000630320382705705,0.0006251988830041303,8.018816337000224e-05,0.0,0.00255743434867644,0.003663447276308727,0.06792236152310414,0.08291977427878527,0.010955378189536685,6.078375715672475,2.302585092994046,0.0,0.0,0.6128117527472672,0.3871882470414711,0.082095177756965,0.10931453143710997,0.01968564257048012,6.036489797585436,2.302585092994046,0.0,0.0,0.7089862799021547,0.2910137199575366,0.10563253199122628,0.14405050732421626,0.029419789684079028,6.177767684137624,2.302585092994046,0.0,0.0,0.5862338125505712,0.4137661873662601,0.0035548077849122004,0.002968575751649549,0.002508888323177827,0.0027012311110696688,-0.04683135661551665,0.002482053409210341,0.0032868752434625937,02,Tribolium
169,1.6738008353852507,0.9665071770334929,2.302585092994046,0.5023923444976076,0.0019638943736363344,0.0018780904557936825,0.0005741579492240161,0.0023691364079652896,0.002338837057670568,0.0013352752135071036,0.0019202080320961784,0.0,0.0021256879447589714,-0.00046695999531762186,0.002073764114181405,0.0,0.0012415345011005635,0.00157942427197686,0.07105153383579257,0.08482699442782834,0.011338378366258393,6.032895201177159,2.302585092994046,0.0,0.0,0.7350590983281517,0.26494090147868166,0.07733926686812606,0.08740154896741267,0.011687505234508134,6.483922459780229,2.302585092994046,0.0,0.0,0.6129476661968297,0.387052333639717,0.09800768288580443,0.1377363014606817,0.02591417174917172,6.267413654592672,2.302585092994046,0.0,0.0,0.6191566360263688,0.38084336387632695,0.003447462429023722,0.003042647458185293,0.002317479705715976,0.0007107409223895871,0.9582392618742627,0.002296000007981047,0.003367466466420638,02,Tribolium
170,1.654061172693402,0.9473684210526315,2.302585092994046,0.5023923444976076,0.0008904408147515513,-7.603673539344047e-05,0.0008871884013252848,0.0,0.002338837057670568,0.0011302985087228996,0.002047580050574802,0.0,0.0019800481700549687,-0.0013899735831126284,0.0014101645981895415,0.0,0.0038588811024496705,0.0042906885237818295,0.07394527905235725,0.08542042797487422,0.008481540559449769,6.018952295210069,2.302585092994046,0.0,0.0,0.8037892639193105,0.1962107359001789,0.08119444199074292,0.09725009168857449,0.011520777755547272,6.270376619670406,2.302585092994046,0.0,0.0,0.7310053619687812,0.26899463788252576,0.10645349439313315,0.15542690469583728,0.02981577081130233,6.025744541239433,2.302585092994046,0.0,0.0,0.643380345537859,0.3566196543803167,0.003162827674683345,0.0027692057381639274,0.001672734265573641,0.0015892650168540185,0.35756371640551365,0.0015006642361435223,0.0033719590013547413,02,Tribolium
172,1.6389193553968606,0.9425837320574163,2.302585092994046,0.5023923444976076,0.0019638943736363344,0.0018552264644782703,0.0006442172586169261,0.0023691364079652896,0.0001415681108921962,-0.000126920037288802,6.27123126363099e-05,0.0,0.0010196666844458121,0.0009888626677863712,0.00024873835978219436,0.0,0.0010654444181096084,0.0012733725574596234,0.06360440165156227,0.07378633410029456,0.012662689629790023,6.31177576711564,2.302585092994046,0.0,0.0,0.6315440423646429,0.36845595739759374,0.08403293913392858,0.11972931927528124,0.02706306310150393,5.854481425900358,2.302585092994046,0.0,0.0,0.6693939423990609,0.3306060574726342,0.12031339172190843,0.19847085873895592,0.04506474828170575,5.5368110869539,2.302585092994046,0.0,0.0,0.5866801561708604,0.4133198437685561,0.0038204442928452,0.0030396425402188106,0.0028097773184949672,0.0014214818447791742,0.8817445052615206,0.0026907178555682565,0.003138008077373497,02,Tribolium
173,0.8154252638093485,0.47368421052631576,2.302585092994046,0.5023923444976076,0.002992407595472868,-0.0022393183162965776,0.001984932415913039,0.0023691364079652896,0.0034254527249422055,-0.0011262049884050217,0.0032350253005047156,0.0,4.0356597986747004e-05,-3.9992594067544505e-05,5.408088461972152e-06,0.0,-0.00042683414541101793,0.0004467286452341854,0.07310708200602113,0.07713349310591011,0.005694205185152513,6.223047651522553,2.302585092994046,0.0,0.0,0.8046016141940001,0.19539838562002484,0.0808227771678712,0.09476545631861162,0.010535531988850124,6.322138554223377,2.302585092994046,0.0,0.0,0.628924705641638,0.3710752942078347,0.10165579562028837,0.1356834846549612,0.02436542195882488,6.297445941689942,2.302585092994046,0.0,0.0,0.5601545154001261,0.4398454845083622,0.002054492608245453,0.0011079676851025312,6.410279718071134e-05,0.0029304598954611907,0.9670886886324187,1.0247438621636528e-05,0.0010215266326972945,02,Tribolium
174,1.0322316032862184,0.6028708133971292,2.302585092994046,0.5023923444976076,0.002992407595472868,-0.002360174948388516,0.0018395862117451785,0.0023691364079652896,0.0034254527249422055,-0.0013282107498793223,0.0031574645801210484,0.0,0.0014598496824834051,0.00145118015262688,0.00015886239350055217,0.0,0.00027361525744528883,0.00035317000374533746,0.05723561308771619,0.06907160213586097,0.00865624423422851,6.443835489102779,2.302585092994046,0.0,0.0,0.7592242681102457,0.24077573159132235,0.06788397546372722,0.09550294180947176,0.016410223518469835,6.306634367689126,2.302585092994046,0.0,0.0,0.7139600740983078,0.2860399256966704,0.09596462651703522,0.142660573883173,0.03196585114642845,6.197159251758516,2.302585092994046,0.0,0.0,0.5527851011886625,0.44721489871359554,0.0015194502342701767,0.0005509746655187997,0.00029417478252094243,0.003222373898411131,-0.7626181253257729,4.975087395868402e-05,0.0011799174245182746,02,Tribolium
175,0.6679305644786483,0.3827751196172249,2.302585092994046,0.5023923444976076,0.001744543142096585,-0.0013696506723869513,0.0010805034984978984,0.0023691364079652896,0.005268652388731966,-0.0007977556600913901,0.005207905903535816,0.0,0.0010953394517227572,-0.0009609910829568789,0.0005256088402773257,0.0,-4.3496018777349215e-05,0.0002233643226170927,0.07738636953511334,0.11262745909490941,0.02544718054426148,5.46595174645158,2.302585092994046,0.0,0.0,0.6373894782706435,0.36261052157866797,0.09489631056115459,0.12529573844617406,0.02924500198085999,5.763594769296945,2.302585092994046,0.0,0.0,0.6682514613224345,0.3317485385761515,0.13158397598982233,0.18777554574915292,0.04391589549404293,5.6476009629954955,2.302585092994046,0.0,0.0,0.5714020569171412,0.42859794303089177,0.002193931234142103,0.0010700281393901294,0.000537921078308752,0.0016583954855757027,0.31036754453961823,-0.00044726114067192757,0.001128945665651965,02,Tribolium
176,0.6259237754371644,0.3588516746411483,2.302585092994046,0.5023923444976076,0.0024713209101331355,0.00040886918917872587,0.0024372634299561465,0.0033504648392563906,0.0022320592690683806,0.0017303659803790952,0.0014099369328380493,0.0,0.0013474086793395477,-0.0001968461832966423,0.0013329522606909405,0.0,-0.00036540278253927407,0.0008053515183052087,0.10536528991431258,0.13049619690820352,0.028137064370546416,5.171434678829545,2.302585092994046,0.0,0.0,0.7488402460726375,0.2511597538432831,0.1284824776195393,0.1682754079689394,0.035876137900216855,5.1737445297395785,2.302585092994046,0.0,0.0,0.6288314735398136,0.3711685264039903,0.15933901595992866,0.22204256234987474,0.04154502223997055,5.312357479352854,2.302585092994046,0.0,0.0,0.5970419971173007,0.4029580028458193,0.0019110567792663164,0.0010879315243809752,0.0005379210783087521,0.002891899532508788,-0.7395565127418073,-0.00041552262629008206,0.0010190575466129082,02,Tribolium
177,0.8893956107530709,0.5215311004784688,2.302585092994046,0.5023923444976076,0.004425334745532301,-0.00014838683270093313,0.004422846250763915,0.005297550056180062,0.005268652388731966,-0.00011985376464843366,0.005267288967618034,0.0,0.0010953394517227572,-0.0008852295430855994,0.000645086948053339,0.0,-0.000423309452874642,0.0004467286452341854,0.07274157848948289,0.0806898784896479,0.008845814145198227,6.1328965545427465,2.302585092994046,0.0,0.0,0.7072549901334514,0.29274500968031436,0.07786400395111996,0.09005835095506103,0.009718359853528794,6.4240328618927744,2.302585092994046,0.0,0.0,0.6274529759125429,0.37254702392504685,0.0988912055758825,0.13871086291781912,0.023803722227184018,6.253312363352805,2.302585092994046,0.0,0.0,0.656090398741958,0.3439096011613871,0.001549623779650175,0.0006436853439777666,0.0005882426879346077,0.004470077634402579,-0.009983399388917298,-0.0005789092734612957,0.0010618184070408717,02,Tribolium
178,0.9457381956748925,0.5598086124401914,2.302585092994046,0.5023923444976076,0.0019638943736363344,0.00195109853417336,0.00022382051011249284,0.0023691364079652896,0.0032298925420121342,0.00306178780087177,0.0010284266115666294,0.0,0.0010539699971928954,-1.8525739480312094e-05,0.0010538071701974225,0.0,7.152100571762309e-06,0.00035317000374533746,0.06646521465784534,0.08048092722351595,0.009940533031404016,6.1380823915743115,2.302585092994046,0.0,0.0,0.5232312755971738,0.47676872418141275,0.07719705037851707,0.10176261349122093,0.016147089037294726,6.179662905991409,2.302585092994046,0.0,0.0,0.6129376832832325,0.38706231655599876,0.09682037489138243,0.13032403826212666,0.023792788168042176,6.378047748715269,2.302585092994046,0.0,0.0,0.6303393922389152,0.369660607660484,0.0019205542621773997,0.0011361839202979154,0.0009088262530576335,0.0028626384135161304,-0.9838010262806376,-0.0009347979122091667,0.0008433144977608654,02,Tribolium
179,1.0139219903247223,0.5980861244019139,2.302585092994046,0.5023923444976076,0.001744543142096585,-0.0013384703236242336,0.0011188958697812164,0.0023691364079652896,0.00250671281133329,-0.0021404787664209275,0.0013045918016772874,0.0,0.0005072094869125408,-0.0004414707256185406,0.00024972997824835154,0.0,0.0003858454100296485,0.0004994578091200131,0.08362685878261168,0.09067945039057024,0.006846882840960971,5.899461317223963,2.302585092994046,0.0,0.0,0.7347304226238912,0.26526957723406996,0.09087564432967592,0.10176261349122093,0.010341435911836219,6.179662905991409,2.302585092994046,0.0,0.0,0.5517454794306428,0.448254520449816,0.12194088513730858,0.1573113710825804,0.03216069140838288,6.001641457724101,2.302585092994046,0.0,0.0,0.590207868489289,0.40979213144783333,0.001732292707259243,0.0011152523245514221,0.00038376611076518463,0.001441089417153658,0.8319449266004961,-0.00037682352611323277,0.0010671432129837131,02,Tribolium
180,1.0685668098036503,0.6172248803827751,2.302585092994046,0.5023923444976076,0.0008904408147515513,-0.00015068681228195063,0.0008775980453372209,0.0,0.0001415681108921962,-0.00013772243270573036,3.277287828678979e-05,0.0,0.001487005473766908,0.00019409965864899576,0.0014742830805259519,0.0,0.00021821367369091624,0.00047382728159305797,0.06831109498901142,0.07067813321244795,0.002306713471212286,6.397850375870377,2.302585092994046,0.0,0.0,0.5934607467597148,0.40653925302623145,0.07301070192893366,0.08179527079788693,0.006125873346621204,6.616509614787839,2.302585092994046,0.0,0.0,0.5389593298455426,0.4610406699681712,0.09317672497351405,0.12432888384454967,0.02155756783923885,6.472234963769157,2.302585092994046,0.0,0.0,0.5586161880296401,0.4413838118610301,0.0015715589028041498,0.000653614817107529,0.0003010083958167185,0.0007491867136800195,0.6010707256014945,-0.0002851439365279745,0.0013123072348462665,02,Tribolium
181,0.9283234252041112,0.5454545454545454,2.302585092994046,0.5023923444976076,0.0008904408147515513,-7.192229078407474e-05,0.00088753142404299,0.0,0.0001415681108921962,-0.00013425606082871028,4.490924350668586e-05,0.0,0.0006778973495423701,-0.00018497536583427619,0.0006521724699426111,0.0,1.1513771602229896e-05,0.0005694695198324949,0.0800379096629502,0.08584646766504021,0.004933484489966103,6.009001964358256,2.302585092994046,0.0,0.0,0.6540131582161504,0.3459868416283384,0.09067394068333637,0.10804924444278685,0.013605119777929723,6.059774289781582,2.302585092994046,0.0,0.0,0.5541842656238141,0.4458157342572354,0.12191631663533634,0.175907381177314,0.03553263919077742,5.778180424500447,2.302585092994046,0.0,0.0,0.6970164397051365,0.30298356023285244,0.0022513927912277973,0.0010557365068257242,0.0005882426879346076,0.0009476545631861158,0.22992296239655977,-0.0005772502391851361,0.0013397092596374842,02,Tribolium
182,0.8059981689431048,0.4688995215311005,2.302585092994046,0.5023923444976076,0.0031253725463707424,0.0013007226974682843,0.0028418434189622006,0.0023691364079652896,0.002338837057670568,0.0012094165279897724,0.0020018667398601447,0.0,0.0006778973495423701,-0.00016241306322416362,0.000658154095490345,0.0,-0.0002684093779970089,0.00047382728159305797,0.09234559829537274,0.11255268153276866,0.01757043346674463,5.467280061900272,2.302585092994046,0.0,0.0,0.5794574557769697,0.42054254410986236,0.10617383986353084,0.12793336603012567,0.02173652054761017,5.721929369372956,2.302585092994046,0.0,0.0,0.6165944336017833,0.3834055663130766,0.13506802332818552,0.18609411909462104,0.03520290557745492,5.665590526194139,2.302585092994046,0.0,0.0,0.6090696369856186,0.3909303629630537,0.002199284122693824,0.0010304323375388055,0.000479276602638485,0.0035851539383633005,-0.9532128154947631,-0.0003127892755313287,0.0011705259066692754,02,Tribolium
183,0.8572897284908432,0.5023923444976076,2.302585092994046,0.5023923444976076,0.001744543142096585,-0.0013207832766266448,0.0011397202774451323,0.0023691364079652896,0.0022320592690683806,0.0018901923650136876,0.0011871231628934025,0.0,0.0013474086793395477,-0.0003588049084296438,0.0012987567851011747,0.0,-5.30935501334528e-05,0.0002233643226170927,0.06951975031375855,0.07378633410029443,0.0035676279030513094,6.311775767115644,2.302585092994046,0.0,0.0,0.6826842451824705,0.31731575461116185,0.07878916373515894,0.10434963440242889,0.013815499346658886,6.129454210413391,2.302585092994046,0.0,0.0,0.6994149644769898,0.3005850353667259,0.11343963989454309,0.15618341976903274,0.036440659350865226,6.016033482265077,2.302585092994046,0.0,0.0,0.6113340164847593,0.38866598344480063,0.0021792790535830812,0.0011359499634497306,0.00038235039861808184,0.001910058836189435,-0.3438408916053412,-0.00010370081032289017,0.0011875912890214962,02,Tribolium
184,1.0856293937445716,0.631578947368421,2.302585092994046,0.5023923444976076,0.001744543142096585,-0.0011612466666221788,0.0013018974436932826,0.0023691364079652896,0.0001415681108921962,-0.00013952911390318224,2.394068493126209e-05,0.0,0.000630320382705705,0.0005851179134595424,0.00023439456521646962,0.0,-0.00020820888657696208,0.0002233643226170927,0.06234166799674867,0.07067813321244795,0.006798781259328367,6.397850375870377,2.302585092994046,0.0,0.0,0.7964042491550658,0.20359575059065618,0.07280422815179807,0.09964464937104282,0.01554446237543521,6.221727768302104,2.302585092994046,0.0,0.0,0.7030294405881853,0.2969705592313772,0.09678849605448107,0.1416933723997649,0.02744086715317621,6.210764903813622,2.302585092994046,0.0,0.0,0.5202046095967569,0.47979539030443874,0.0015368913237193266,0.0007314196970288318,0.00030100839581671845,0.0016752324196281953,0.3119590175819435,-0.0002622212675563314,0.001153536888506252,02,Tribolium
185,1.246195312931715,0.7320574162679426,2.302585092994046,0.5023923444976076,0.0008904408147515513,-0.00026310860090386016,0.0008506813202990999,0.0,0.002338837057670568,0.000668632869912299,0.0022412248587783336,0.0,0.001078982025194731,-0.0007676174878908059,0.000758264863340991,0.0,-0.0004182514626228093,0.0008053515183052087,0.07255823716356342,0.07875374332753379,0.007864881815124621,6.1814712246836585,2.302585092994046,0.0,0.0,0.8105504068072541,0.18944959300500722,0.0866995068282734,0.11061609266563228,0.018439175730916243,6.012817306697742,2.302585092994046,0.0,0.0,0.5790909859089224,0.4209090139637994,0.11652370525635092,0.17807964890868005,0.03780461669694601,5.753633818950427,2.302585092994046,0.0,0.0,0.636630541170931,0.36336945876243326,0.0015934940259581247,0.0006626700060947994,0.0002443254828658755,0.0006700929678512781,0.9274684150639736,2.686246421498221e-05,0.0014227326154395408,02,Tribolium
186,1.338665035439881,0.7894736842105263,2.302585092994046,0.5023923444976076,0.0008904408147515513,-0.00015680344666228258,0.0008765258260258138,0.0,0.0001415681108921962,-0.00013794763900100746,3.181161604874684e-05,0.0,0.0006778973495423701,-0.0002467370204979243,0.0006313997618247707,0.0,-5.6332500709524244e-06,0.0007063400074906749,0.06672270647181618,0.07298324565439519,0.007675062880407365,6.333663039999079,2.302585092994046,0.0,0.0,0.8333147891730162,0.16668521060529487,0.08521705220341826,0.1236044559221311,0.02436676298151676,5.7907752792857385,2.302585092994046,0.0,0.0,0.86433529609179,0.13566470378091364,0.11506467084599259,0.18366538048983408,0.03743915993812946,5.691864615563551,2.302585092994046,0.0,0.0,0.7755596523045822,0.22444034762711898,0.002018458145172391,0.0010618909467471481,0.0009076320605564336,0.000335046483925639,0.9307339592720014,-0.0004892602751359952,0.001851894797981841,02,Tribolium
187,1.4376651101097147,0.8325358851674641,2.302585092994046,0.5023923444976076,0.003347394381829624,-0.0033460365298598697,9.533461253842679e-05,0.0033504648392563906,0.0001415681108921962,-0.00013733160103949482,3.437384728997017e-05,0.0,0.0006778973495423701,-0.00023494146426276895,0.0006358831063069976,0.0,0.0013753748676691513,0.0018486687135195958,0.06116985433956365,0.09021402669952537,0.020611232058112834,5.9097530032592545,2.302585092994046,0.0,0.0,0.7838741219137463,0.2161258778462483,0.0782057957366494,0.10520672998504443,0.026288138586512282,6.113093927309675,2.302585092994046,0.0,0.0,0.9017579903122168,0.09824200954088005,0.11303789384549971,0.16862527058784355,0.042240997440939225,5.862737812525659,2.302585092994046,0.0,0.0,0.8128509582885319,0.1871490416427955,0.0015758626054822394,0.0009707777713131522,0.0009486775736977234,0.0038566746552955032,-0.43596530914473536,0.0003919807493895965,0.0012262713365293301,02,Tribolium
188,1.1942932357836986,0.6889952153110048,2.302585092994046,0.5023923444976076,0.0019638943736363344,0.001959337172529615,0.0001337122101533899,0.0023691364079652896,0.0022320592690683806,0.0021208954472950953,0.0006956228017230396,0.0,0.0009807746213023846,-0.0009432191899166622,0.0002688055385660636,0.0,-9.381689477318741e-05,0.00031588485439537194,0.08177366078291386,0.11255268153276872,0.023568215463826158,5.467280061900271,2.302585092994046,0.0,0.0,0.7118546038750257,0.28814539598689826,0.10493286613606564,0.15375677035477364,0.03488775760685852,5.354204589266438,2.302585092994046,0.0,0.0,0.7255459697768987,0.27445403014132225,0.14113620389926004,0.1889674050384244,0.04481838445226962,5.634946570785355,2.302585092994046,0.0,0.0,0.6187320165791186,0.3812679833752779,0.0016442366796078048,0.0007070325891925329,6.410279718071134e-05,0.0020241910342823554,-0.9387439668503359,-6.114899489229191e-05,0.0013354951957592863,02,Tribolium
189,1.3888887831180439,0.8181818181818182,2.302585092994046,0.5023923444976076,0.0035821711042094266,0.003064016686624673,0.0018557347773640884,0.0033504648392563906,0.005206528375448509,0.004181882486565679,0.0031015796931411817,0.0,0.0029851277625357634,0.00046076599774945133,0.0029493528873262564,0.0,0.0007712030071006193,0.0008053515183052087,0.06258405817435848,0.08305504316850874,0.014764949074115557,6.075115729085747,2.302585092994046,0.0,0.0,0.8719930387998649,0.12800696095828348,0.08726646076045473,0.12629963737933564,0.032345773786824905,5.747634153842866,2.302585092994046,0.0,0.0,0.8637258071666156,0.13627419271793334,0.1207923158402098,0.17057782137350092,0.041877336931554335,5.839712405055969,2.302585092994046,0.0,0.0,0.8170552716320434,0.18294472830677405,0.001784516734470366,0.000987962175742894,0.0008904408147515513,0.003350464839256391,0.3760873253220669,-0.00012638862295279092,0.001584762791953405,02,Tribolium
190,1.6046104904309055,0.9282296650717703,2.302585092994046,0.5023923444976076,0.0008904408147515513,-0.0001568045206097862,0.000876525633904532,0.0,0.0001415681108921962,-0.00013794767797753495,3.1811447030769956e-05,0.0,0.000451566172231215,0.0001753630209094562,0.0004161247635037609,0.0,0.0040831240708461575,0.004433655210271534,0.06537668814539949,0.07435465829222465,0.006491338526881768,6.296430197443777,2.302585092994046,0.0,0.0,0.8322966087200442,0.16770339104827306,0.07729949666184857,0.11396506542546707,0.01948353825709294,5.9531645547319885,2.302585092994046,0.0,0.0,0.663811835261705,0.33618816458093415,0.11630379613543702,0.18070781107943995,0.04343035694030005,5.7243328040366785,2.302585092994046,0.0,0.0,0.5840985594793303,0.4159014404557884,0.002010777029800241,0.0014619895032262447,0.001088686849704477,0.00023691364079652896,0.9913212356499825,2.797336584448042e-05,0.0015574796365249804,02,Tribolium
191,1.4870684208079634,0.861244019138756,2.302585092994046,0.5023923444976076,0.0031253725463707424,0.0011921521848182856,0.002889070217533822,0.0023691364079652896,0.0001415681108921962,-0.00013441022587914027,4.44457107120997e-05,0.0,0.000630320382705705,0.0006134922431875054,0.0001446756800676228,0.0,0.0,0.0,0.07017957559516182,0.09620560934754513,0.018480026265969663,5.781147516129104,2.302585092994046,0.0,0.0,0.7550948809204163,0.24490511888971084,0.08646064010227797,0.11255268153276858,0.024568935037152913,5.97810568566613,2.302585092994046,0.0,0.0,0.6545586865178974,0.345441313358326,0.11495426163254856,0.15859063528118122,0.03462956726716952,5.985443128296546,2.302585092994046,0.0,0.0,0.6321830579475674,0.3678169419830541,0.003237702565922146,0.002789331220727431,0.0017789420661514163,0.001850354686248956,0.8551277923880829,0.0013926361380609364,0.0035107427784625113,02,Tribolium
192,1.5917946290852008,0.9234449760765551,2.302585092994046,0.5023923444976076,0.0054743617803113655,0.002557261154174897,0.0048403566285018605,0.004738272815930579,0.002338837057670568,0.0011736949743118615,0.002023017273680133,0.0,0.001487005473766908,0.0003488042145476576,0.0014455175194118327,0.0,0.0024136154047736465,0.002703538869808464,0.06650311321294076,0.07123185956347207,0.0061357001436848245,6.382242478207483,2.302585092994046,0.0,0.0,0.5908057658254934,0.40919423395030696,0.07344980814019589,0.08930733005233014,0.01033438042594081,6.440781334340123,2.302585092994046,0.0,0.0,0.6369535894664361,0.3630464103518009,0.09689117327014862,0.13838677167378843,0.0255399740708391,6.257990734458662,2.302585092994046,0.0,0.0,0.629403327693792,0.37059667220660825,0.0030006065280929377,0.002637171036432571,0.001629710791676601,0.0045755624027991465,0.655083627544688,0.001536748398247106,0.0032561743967368484,02,Tribolium
193,1.6084423607002574,0.937799043062201,2.302585092994046,0.5023923444976076,0.0031253725463707424,0.0010349285823371395,0.0029490466905543523,0.0023691364079652896,0.002338837057670568,0.0010209518245496564,0.002104237665826236,0.0,0.0010196666844458121,0.0010182343957843738,5.402649914945962e-05,0.0,0.0034010508108129273,0.003663447276308727,0.05886096496772406,0.06254699594484162,0.0028006424431854834,6.642286427780606,2.302585092994046,0.0,0.0,0.7381179035487998,0.26188209616321956,0.06850758848454801,0.09725009168857449,0.015025799642033386,6.270376619670406,2.302585092994046,0.0,0.0,0.6401849948084051,0.3598150049883041,0.09534728551907888,0.14719183487357615,0.031393759330882676,6.134622180617418,2.302585092994046,0.0,0.0,0.6643754377249435,0.3356245621758174,0.001850491905826937,0.0013928946264158534,0.0009932200282831405,0.0021453442618909148,0.9909110305754631,0.0002424818901983275,0.0012119491576364546,02,Tribolium
194,1.6052235311439702,0.9330143540669856,2.302585092994046,0.5023923444976076,0.010467965886512724,0.010429766403279122,0.0008934666049854319,0.010595100112360124,0.009339267506985311,0.007510516075502312,0.005551041870374694,0.0,0.0025177568219778503,0.0021249487871235827,0.0013504414340200094,0.0,0.0010357555365789538,0.002546745114919247,0.07008833962369508,0.07843237100982701,0.006020778094280063,6.189649371126227,2.302585092994046,0.0,0.0,0.7448569758524777,0.2551430239454459,0.08067710914399308,0.10520672998504439,0.014826917239965464,6.113093927309676,2.302585092994046,0.0,0.0,0.7363502586294642,0.26364974122191703,0.10602232527522767,0.1487093165844491,0.02845986398949472,6.11410864078525,2.302585092994046,0.0,0.0,0.665626992482728,0.3343730074342892,0.002161605127037442,0.001355061799870474,0.0008193958715872457,0.009756700883982844,0.8776839810505938,0.0007079323730859174,0.0015200718595231983,02,Tribolium
195,1.783330242826301,1.0,2.302585092994046,0.5023923444976076,0.0019638943736363344,0.0018546078522723366,0.0006459959946394724,0.0023691364079652896,0.0022320592690683806,0.00167771492588623,0.0014721960494759642,0.0,0.0007099314729432197,-0.0007081331866728476,5.0498378269874926e-05,0.0,0.0019787886981271715,0.003038083246780055,0.08158865994107589,0.10608335720409255,0.020564813024703858,5.585672498967216,2.302585092994046,0.0,0.0,0.7007435827821819,0.2992564170765676,0.09798466550795959,0.12813064196231141,0.025871222595768253,5.718847702835735,2.302585092994046,0.0,0.0,0.6778582374650438,0.32214176243758813,0.14684844469138236,0.21966634818775216,0.05559598010912937,5.333876058927281,2.302585092994046,0.0,0.0,0.8242483448342367,0.17575165512520421,0.003447462429023722,0.003042647458185293,0.002317479705715976,0.0007107409223895871,0.9582392618742627,0.0022983482683331816,0.0033671660226382728,02,Tribolium
196,1.6618530678173207,0.9569377990430622,2.302585092994046,0.5023923444976076,0.001744543142096585,-0.0012685127738984044,0.0011976251989219335,0.0023691364079652896,0.0024073925556093675,-0.0012742085866602525,0.0020425306348950275,0.0,0.002964204057641303,0.002155958512768302,0.002034293141747043,0.0,0.00555530858364919,0.006167848954163187,0.07798496441877334,0.1038373866237453,0.0197935115584165,5.628470675935444,2.302585092994046,0.0,0.0,0.677597099328341,0.3224029005171815,0.09228055907898697,0.11989328398771576,0.02359746103683309,5.851744376293508,2.302585092994046,0.0,0.0,0.6583559999591012,0.34164399993067607,0.12413211820094203,0.18389443738261568,0.03780314681154791,5.689371884734021,2.302585092994046,0.0,0.0,0.6473876958759187,0.3526123040646915,0.001850491905826937,0.0013928946264158539,0.0009932200282831405,0.0026167966924938862,-0.8130903880287816,0.00021690547430187508,0.001213064834178837,02,Tribolium
197,1.6793022469557806,0.9712918660287081,2.302585092994046,0.5023923444976076,0.0024713209101331355,0.0002901276366520415,0.002454231650702918,0.0033504648392563906,0.0024073925556093675,-0.0016826853632625816,0.0017216587597620135,0.0,0.0006778973495423701,-8.605284905640859e-05,0.0006724133577538783,0.0,0.0017860115886697628,0.0023691364079652896,0.06831242558268148,0.08482699442782834,0.016513114552127315,6.032895201177159,2.302585092994046,0.0,0.0,0.7182807670845742,0.2817192327129667,0.08168298134610792,0.10608335720409255,0.020959900578891782,6.096498122733073,2.302585092994046,0.0,0.0,0.6087951267244956,0.39120487313488556,0.12366071803809828,0.22115606024373313,0.050252585699353966,5.320358436424615,2.302585092994046,0.0,0.0,0.7596311335311572,0.24036886641271765,0.003396719775374042,0.0030626689225099735,0.0024697843706935757,0.0033167909711514054,0.09880674122886281,0.002454796289895211,0.0033060137001671027,02,Tribolium
198,1.7500616784140968,0.9904306220095693,2.302585092994046,0.5023923444976076,0.0008904408147515513,7.25360107523858e-05,0.0008874814768317907,0.0,0.0001415681108921962,-0.0001252275722673062,6.602715475940009e-05,0.0,0.0020173062863457266,-0.00015103313654636123,0.0020116445124810085,0.0,0.0007676678938816534,0.0019084256090107533,0.07981067935656148,0.10931453143710997,0.02220017740191613,5.525664173819579,2.302585092994046,0.0,0.0,0.7170792858905368,0.2829207139637457,0.09847215430438643,0.13319941417696643,0.028917625118851233,5.641253750290622,2.302585092994046,0.0,0.0,0.8013522770151926,0.19864772288986757,0.15266371437605797,0.25113963416742086,0.06170558022934017,5.0660774591986915,2.302585092994046,0.0,0.0,0.861648000720225,0.13835199924289351,0.0035548077849122004,0.0029685757516495492,0.002508888323177827,0.0027012311110696688,-0.04683135661551665,0.002476555452485177,0.0032909445085888577,02,Tribolium
199,0.7412309553933388,0.4258373205741627,2.302585092994046,0.5023923444976076,0.0008904408147515513,0.0002444943021310204,0.0008562169005578387,0.0,0.00250671281133329,0.0023488424864324545,0.0008755273224932793,0.0,0.0006646515362300952,-0.00023101214480198304,0.0006232134895579629,0.0,-1.703339995593032e-05,0.0017010920009967643,0.03898767382382324,0.04600030825406607,0.008040142392552057,7.2568266508761505,2.302585092994046,0.0,0.0,0.8944146739954938,0.10558532537346514,0.04352329450777818,0.0529755005618006,0.008511787118952207,7.4852893637840845,2.302585092994046,0.0,0.0,0.6911691495040478,0.3088308499874933,0.06298868563138522,0.10343118848324216,0.022996639452741097,6.840282558814826,2.302585092994046,0.0,0.0,0.5983697579778677,0.401630241799733,0.00225907019294017,0.0014703196532409868,0.0006882885751528612,0.0012758190007475733,-0.29458293158328136,-0.0007113433762253931,0.001603604829557732,02,Tribolium
200,0.663996537151231,0.37320574162679426,2.302585092994046,0.5023923444976076,0.005747402297382607,-0.003522885441678386,0.004541135467343971,0.005297550056180062,0.002338837057670568,-0.0006390802472776266,0.002249830042441581,0.0,0.0019161489057713697,-0.0019069054309757206,0.0001879848568478821,0.0,0.000603419569948824,0.0006700929678512781,0.0492555928667262,0.05695790226735863,0.010440524125216422,6.829497969816127,2.302585092994046,0.0,0.0,0.6896280484373876,0.3103719511681534,0.05282846393927608,0.059417638828843204,0.009227993733868796,7.255766205578914,2.302585092994046,0.0,0.0,0.5881613703299701,0.4118386293223251,0.07001409024166964,0.09550294180947173,0.01918050989816781,6.999781548248972,2.302585092994046,0.0,0.0,0.6406297548400369,0.35937024497020476,0.0016109351154072744,0.000817282337596934,0.0007160913201696329,0.005510470723880812,0.3863449073629147,0.0003787156364826455,0.0014465635313015907,02,Tribolium
201,0.6078812506254045,0.3492822966507177,2.302585092994046,0.5023923444976076,0.002992407595472868,0.0024991430514443897,0.0016458393681829757,0.0023691364079652896,0.0032298925420121342,-0.0028869573535089937,0.0014483380378785729,0.0,0.0014545105147544732,0.0013775157987990453,0.00046695937895105047,0.0,0.0013704742912604914,0.0017084085594974848,0.05239767486065722,0.056313729547454665,0.004844441506153495,6.852246107334971,2.302585092994046,0.0,0.0,0.5860976264387155,0.41390237320014134,0.05920599866923908,0.07348143058898556,0.009498109837207573,6.830883011711695,2.302585092994046,0.0,0.0,0.6778217949526495,0.32217820476923,0.08027168485358592,0.11538448319407901,0.023984831953959965,6.621555882929722,2.302585092994046,0.0,0.0,0.7514994414517568,0.24850055840576887,0.002500863310398135,0.0015286741869976967,0.0002443254828658756,0.002882178834307316,0.4836702197469211,-6.409714315191821e-06,0.0018407575788066592,02,Tribolium
202,1.2716092682299132,0.7559808612440191,2.302585092994046,0.5023923444976076,0.002992407595472868,0.0018659100602777482,0.002339419343426484,0.0023691364079652896,0.0001415681108921962,0.00012965769636835695,5.683671167507951e-05,0.0,0.002640572703255618,-0.002618359596821195,0.00034178534625263073,0.0,0.0006930266325930431,0.0007063400074906749,0.060308358297038865,0.07067813321244805,0.007615777803408013,6.397850375870374,2.302585092994046,0.0,0.0,0.7514224870658426,0.24857751266352868,0.06609346223460197,0.0784681440429344,0.009511486975816597,6.699563002124963,2.302585092994046,0.0,0.0,0.6605023890784236,0.33949761069730133,0.08870109793961711,0.12848060681202733,0.025770984279793394,6.406539704507875,2.302585092994046,0.0,0.0,0.6201501213488144,0.37984987853398006,0.0025718173060335124,0.0012022743414240068,0.0005603871400073268,0.0026167966924938867,0.7218386046646678,-6.448764688223488e-05,0.0019752925773104417,02,Tribolium
203,1.3565986740421607,0.8038277511961722,2.302585092994046,0.5023923444976076,0.0019638943736363344,-0.0018789463143545583,0.000571350906688588,0.0023691364079652896,0.002338837057670568,-0.0013324043855831198,0.001922201169392004,0.0,0.0009716664581466683,0.0006249861438271633,0.0007439946410501513,0.0,-0.00010741697565789181,0.0008934572904683708,0.07596824946848126,0.08044604924691648,0.005182184267885055,6.138949318373165,2.302585092994046,0.0,0.0,0.7633131673717145,0.23668683245581298,0.08659401761774776,0.11961206401331134,0.0173826271179924,5.856441058116591,2.302585092994046,0.0,0.0,0.6824610763944337,0.3175389234773724,0.10949537934175721,0.14751560587911522,0.026567075453563963,6.130227705405566,2.302585092994046,0.0,0.0,0.5719945397189324,0.42800546020229663,0.0025165806186790074,0.00130569438552248,0.0012357828887072353,0.0028429636895583475,-0.5559252040121658,0.00034014337918770755,0.001950337338596905,02,Tribolium
204,0.4067366691837595,0.22488038277511962,2.302585092994046,0.5023923444976076,0.0024713209101331355,-0.0018667239285454177,0.0016194964697266961,0.0033504648392563906,0.0024073925556093675,8.526266077022017e-05,0.002405882207316431,0.0,0.0013341453614027427,-0.0009356296251324317,0.0009510736301291295,0.0,-0.0013350671282494437,0.0035493146107514403,0.05820346277590377,0.06784174232748062,0.009509286158263455,6.4797674983211735,2.302585092994046,0.0,0.0,0.8633566509127187,0.13664334879976536,0.0634555815800721,0.07359591743678816,0.00988331850836108,6.827769361038992,2.302585092994046,0.0,0.0,0.5679934473895868,0.43200655236794705,0.07944535233840325,0.12010376684865033,0.02140193682665685,6.541383465163858,2.302585092994046,0.0,0.0,0.5948953818696837,0.40510461798259717,0.0025558192039608716,0.0011256962009138652,0.0014787144486142073,0.0010595100112360122,0.9812151508645262,-0.0008397859269940689,0.001910936538668768,02,Tribolium
205,0.3474999006809706,0.19617224880382775,2.302585092994046,0.5023923444976076,0.0008904408147515513,0.0005219061066119087,0.0007214560696650944,0.0,0.0001415681108921962,0.0001380751908065197,3.1253347106003507e-05,0.0,0.0015107342210417824,-0.0004085431025246951,0.001454445055684888,0.0,-0.0010240296270351153,0.0037971934844905765,0.0546515980550033,0.06150635847922113,0.005223060465945589,6.675841727620101,2.302585092994046,0.0,0.0,0.693625997821529,0.3063740018466945,0.060877000192053596,0.07405209484678407,0.008966084172195533,6.815410810337462,2.302585092994046,0.0,0.0,0.5414544275061317,0.4585455722297652,0.07932617611350504,0.1039184357215206,0.02011366393505361,6.830883011804196,2.302585092994046,0.0,0.0,0.622095269769741,0.37790473008094283,0.002591460996569741,0.0009266493675273172,0.0012964958393905485,0.0021842358438627168,-0.9948868816908468,-0.0008440900377541776,0.0021502019620862236,02,Tribolium
206,0.9955898091775761,0.5789473684210527,2.302585092994046,0.5023923444976076,0.002992407595472868,0.0023115361322753603,0.0019003431076069343,0.0023691364079652896,0.003472622424808701,0.0033009430738190795,0.001078369755088722,0.0,0.0004983672216973248,0.0002452934980669877,0.00043382137737595544,0.0,0.0010488099250557672,0.0012733725574596234,0.05851389737918584,0.07127124682640075,0.013879577193104599,6.381136894899954,2.302585092994046,0.0,0.0,0.6479965594070194,0.35200344031647157,0.06609135151668424,0.08224009253432137,0.01452106972589328,6.605662616489995,2.302585092994046,0.0,0.0,0.6906927232816192,0.30930727649998885,0.08115923232973163,0.10931453143710981,0.019488341455084743,6.729636978145285,2.302585092994046,0.0,0.0,0.5510979597201564,0.44890204013630186,0.002182381015007291,0.0011203395062296514,0.0011167189808848422,0.0019100588361894348,0.9805311934936964,0.0007795171313283483,0.0014352401241242237,02,Tribolium
207,1.079856090384684,0.6267942583732058,2.302585092994046,0.5023923444976076,0.0008904408147515513,0.00019466732095828248,0.00086890130551538,0.0,0.00250671281133329,0.0022943928008063185,0.001009638942449519,0.0,0.004407663691299772,0.0040032247328423325,0.001844367358733549,0.0,0.00022485391133919596,0.0016489673507051317,0.065041895976455,0.07170307876726605,0.0047104968136282045,6.369055473928112,2.302585092994046,0.0,0.0,0.7136786260193757,0.28632137374547595,0.07187269128702693,0.08688628110806831,0.009612187269869605,6.495748170394201,2.302585092994046,0.0,0.0,0.6161182681092855,0.3838817317005308,0.09397074579158883,0.1208027277457812,0.023275837204096903,6.529777919044352,2.302585092994046,0.0,0.0,0.5340848296697194,0.4659151702235828,0.002848379201667161,0.0007331787063538458,0.0008904408147515513,1.5332934166833742e-19,1.0,0.0002202927595624214,0.001700188544330117,02,Tribolium
208,0.8534782838170505,0.49760765550239233,2.302585092994046,0.5023923444976076,0.0008904408147515513,0.0002850287996867266,0.000843589608710628,0.0,0.0001415681108921962,0.00014113954898262372,1.1007167417947434e-05,0.0,0.0025300870432216765,-0.0019075553610749946,0.0016620989713949806,0.0,0.0002510503361787778,0.0012733725574596232,0.05311183201408371,0.05965333050712756,0.007648755129771065,6.737022884078503,2.302585092994046,0.0,0.0,0.5969735233340948,0.40302647631860705,0.06588753735519892,0.09046255065992256,0.017077575437429462,6.415076549871801,2.302585092994046,0.0,0.0,0.6584110442920714,0.3415889554920768,0.08773020141151916,0.11855154797869524,0.025510366636410813,6.567399910831307,2.302585092994046,0.0,0.0,0.5647524154214884,0.4352475844587132,0.002286699881246654,0.0009879497630486446,0.0005054357748338152,0.0013814320427172197,-0.9554316009215599,-3.549539907236493e-05,0.0020439795701650615,02,Tribolium
209,0.9353048798500885,0.5502392344497608,2.302585092994046,0.5023923444976076,0.003347394381829624,0.0033084253298453557,0.0005092847772535318,0.0033504648392563906,0.003472622424808701,0.0032006068058039166,0.0013473019631567056,0.0,0.00516297883632897,0.004219852659228684,0.0029747594858713275,0.0,-0.0010102889630897282,0.0013494606895215705,0.05483077001486077,0.06200623366960347,0.006131815599389853,6.659653000274429,2.302585092994046,0.0,0.0,0.5999281225427407,0.4000718771287455,0.06472218906807437,0.08769005660722856,0.013991544599017624,6.477331443610385,2.302585092994046,0.0,0.0,0.6756697798342757,0.3243302199376597,0.08824385625445358,0.12629963737933556,0.02744939800370048,6.440781334402713,2.302585092994046,0.0,0.0,0.5567899403258092,0.44321005955710097,0.0021907525826795654,0.0010752609448839527,0.0012999420814999582,0.003700709372497912,-0.09196440632168672,4.175358601817224e-05,0.001597262484346279,02,Tribolium
210,1.3021088550584703,0.7751196172248804,2.302585092994046,0.5023923444976076,0.001744543142096585,0.0014875581517308446,0.000911373425032428,0.0023691364079652896,0.00250671281133329,0.001926946858512047,0.001603273190374304,0.0,0.005690369274776876,-0.005148245439768211,0.002424019673028777,0.0,0.00020534450014104296,0.00031588485439537194,0.05798584519751204,0.07067813321244805,0.00946140889357272,6.397850375870374,2.302585092994046,0.0,0.0,0.7367864368468919,0.26321356286341063,0.06728787770989517,0.08372810962940581,0.013637342125703786,6.56979895229438,2.302585092994046,0.0,0.0,0.5477922053609431,0.4522077944269063,0.08364463632506794,0.11769625510032665,0.020406112833472552,6.581881258024983,2.302585092994046,0.0,0.0,0.6100593628740586,0.3899406369910402,0.0032082853627722063,0.0017178483696707303,0.0008193958715872456,0.0025516380014951458,-0.9779894955983365,-0.0007389848854750304,0.002831229251866854,02,Tribolium
211,1.391845357312702,0.8229665071770335,2.302585092994046,0.5023923444976076,0.001744543142096585,0.0014964603582760078,0.000896681197943097,0.0023691364079652896,0.005390753057890839,0.005026538636181892,0.0019478521171100518,0.0,4.0356597986747004e-05,4.016586091118462e-05,3.91900731401256e-06,0.0,-0.0005972161991081325,0.0022778780793299798,0.08295663177458457,0.09071039372891854,0.005595080564594863,5.898778956228619,2.302585092994046,0.0,0.0,0.7058974829835954,0.2941025168717518,0.08909295486847278,0.10120955171411777,0.008868867265938224,6.190562196448387,2.302585092994046,0.0,0.0,0.60107575908667,0.39892424078858285,0.10799897433564062,0.14254249365280158,0.022404941588119776,6.198815338253414,2.302585092994046,0.0,0.0,0.613352103572003,0.3866478963457991,0.0037122425229772866,0.0029058295118662225,0.0008193958715872458,0.002551638001495146,-0.9779894955983365,-0.0007595983303402841,0.004160876080411556,02,Tribolium
212,0.8665983003305945,0.5119617224880383,2.302585092994046,0.5023923444976076,0.0019638943736363344,-0.0019635764088478144,3.533832787174102e-05,0.0023691364079652896,0.002338837057670568,-0.000755501373711891,0.0022134535135512933,0.0,0.004985113895005232,0.004963288703275879,0.0004659675891178222,0.0,-0.001954485346775858,0.0024519258317682075,0.059200638956056366,0.06164309008585716,0.001813538505612565,6.671400565621304,2.302585092994046,0.0,0.0,0.8676838252815403,0.13231617443339733,0.06431016813822978,0.07252034513441886,0.006422887297723383,6.857214180134039,2.302585092994046,0.0,0.0,0.5856349185777973,0.41436508118279936,0.08148007384000666,0.11961206401331125,0.019859668153093576,6.549588238676438,2.302585092994046,0.0,0.0,0.6923851692268473,0.30761483063097406,0.0021438558467225,0.001038012027891055,0.00024653507260848925,0.0021190200224720248,-0.5913073634042405,0.00010016450930017985,0.0018203552807361642,02,Tribolium
213,0.7772072553901888,0.44976076555023925,2.302585092994046,0.5023923444976076,0.0019638943736363344,-0.0019621597519934295,8.252404775296357e-05,0.0023691364079652896,0.0001415681108921962,0.00013960474423039122,2.3495646617026997e-05,0.0,0.00423167103256526,-0.003868604612971033,0.0017149163467502354,0.0,0.000713597812362387,0.0014302295079272765,0.04559569547457088,0.06067949902250854,0.013248024791446378,6.702911049581067,2.302585092994046,0.0,0.0,0.665406182321594,0.33459381723484427,0.05667013322898371,0.07529233289480505,0.01705543219054751,6.7821918525508975,2.302585092994046,0.0,0.0,0.6462332497258821,0.3537667499885986,0.07574413446057579,0.11056533969546084,0.02394379594351191,6.706882339547742,2.302585092994046,0.0,0.0,0.5629845909237312,0.4370154089178021,0.0017953091678310396,0.0009484056160300454,0.0006466493560769267,0.0013814320427172192,0.9318004993970924,-0.0006363699824010724,0.001288234441914473,02,Tribolium
214,0.9863412642851477,0.569377990430622,2.302585092994046,0.5023923444976076,0.0008904408147515513,-0.00021328140096223066,0.0008645206120035512,0.0,0.0001415681108921962,-0.00013971933110663645,2.28043534593563e-05,0.0,0.0064064748773661855,0.0055040097595540705,0.0032785357891988343,0.0,-0.000870330235215742,0.0009476545631861159,0.06969148149085738,0.08275037721875919,0.015047587957728916,6.082465700923408,2.302585092994046,0.0,0.0,0.8265014421936906,0.17349855760958804,0.0766165967836802,0.08918154501800044,0.01448067629014344,6.4436002227461895,2.302585092994046,0.0,0.0,0.6439027538737622,0.35609724596175846,0.09785603406943913,0.13963843535397105,0.026161199825927118,6.239982696270113,2.302585092994046,0.0,0.0,0.6854601959248591,0.31453980397767706,0.001890380716797401,0.001096604183937868,0.0004792766026384851,0.001275819000747573,-0.7089613070535804,-0.0002738739973439326,0.0011501333060382835,02,Tribolium
215,0.9078472648295483,0.5358851674641149,2.302585092994046,0.5023923444976076,0.0008904408147515513,-0.0002517332078145869,0.0008541166411321024,0.0,0.0001415681108921962,-0.00014059943498385675,1.6532661727786018e-05,0.0,0.0054411516047962,-0.0046511622932386126,0.0028236182653346743,0.0,-3.5827212138890656e-05,0.00035317000374533746,0.07205390074835438,0.08918154501800044,0.013122814052623643,5.932774598980332,2.302585092994046,0.0,0.0,0.6930885620158863,0.30691143779768454,0.08036809296942463,0.09562041164699894,0.014495078114424888,6.304175853851188,2.302585092994046,0.0,0.0,0.6236562159097225,0.37634378394033285,0.10107979814347894,0.13753239860800912,0.02453817019322591,6.270376619723173,2.302585092994046,0.0,0.0,0.6615039183150818,0.3384960815924903,0.0018903807167974015,0.001096604183937868,0.0004792766026384851,0.001275819000747573,-0.7089613070535804,-0.000264124255097745,0.0011298345345699332,02,Tribolium
